kind,energy,j,number,state,v,lambda,spin,sigma,omega,parity,name
vibrational,0,,,1,0,,,,,,X3Sig-
vibrational,1138.03431,,,1,1,,,,,,X3Sig-
vibrational,2263.363012,,,1,2,,,,,,X3Sig-
vibrational,3376.05407,,,1,3,,,,,,X3Sig-
vibrational,4476.144979,,,1,4,,,,,,X3Sig-
vibrational,5563.654595,,,1,5,,,,,,X3Sig-
vibrational,6638.586233,,,1,6,,,,,,X3Sig-
vibrational,7700.929454,,,1,7,,,,,,X3Sig-
vibrational,8750.661472,,,1,8,,,,,,X3Sig-
vibrational,9787.748023,,,1,9,,,,,,X3Sig-
vibrational,10812.144118,,,1,10,,,,,,X3Sig-
vibrational,11823.794688,,,1,11,,,,,,X3Sig-
vibrational,12822.635094,,,1,12,,,,,,X3Sig-
vibrational,13808.591602,,,1,13,,,,,,X3Sig-
vibrational,14781.581803,,,1,14,,,,,,X3Sig-
vibrational,15741.514974,,,1,15,,,,,,X3Sig-
vibrational,16688.292421,,,1,16,,,,,,X3Sig-
vibrational,17621.807773,,,1,17,,,,,,X3Sig-
vibrational,18541.947261,,,1,18,,,,,,X3Sig-
vibrational,19448.589957,,,1,19,,,,,,X3Sig-
vibrational,20341.607996,,,1,20,,,,,,X3Sig-
vibrational,21220.866774,,,1,21,,,,,,X3Sig-
vibrational,22086.225121,,,1,22,,,,,,X3Sig-
vibrational,22937.535458,,,1,23,,,,,,X3Sig-
vibrational,23774.643935,,,1,24,,,,,,X3Sig-
vibrational,24597.390549,,,1,25,,,,,,X3Sig-
vibrational,25405.609244,,,1,26,,,,,,X3Sig-
vibrational,26199.128004,,,1,27,,,,,,X3Sig-
vibrational,26977.768918,,,1,28,,,,,,X3Sig-
vibrational,27741.348246,,,1,29,,,,,,X3Sig-
vibrational,28489.67646,,,1,30,,,,,,X3Sig-
vibrational,29222.558283,,,1,31,,,,,,X3Sig-
vibrational,29939.792705,,,1,32,,,,,,X3Sig-
vibrational,30641.173005,,,1,33,,,,,,X3Sig-
vibrational,31326.486751,,,1,34,,,,,,X3Sig-
vibrational,31995.515794,,,1,35,,,,,,X3Sig-
vibrational,32648.036262,,,1,36,,,,,,X3Sig-
vibrational,33283.818539,,,1,37,,,,,,X3Sig-
vibrational,33902.627245,,,1,38,,,,,,X3Sig-
vibrational,34504.221213,,,1,39,,,,,,X3Sig-
vibrational,35088.353459,,,1,40,,,,,,X3Sig-
vibrational,35654.771156,,,1,41,,,,,,X3Sig-
vibrational,36203.215612,,,1,42,,,,,,X3Sig-
vibrational,36733.422248,,,1,43,,,,,,X3Sig-
vibrational,37245.120586,,,1,44,,,,,,X3Sig-
vibrational,37738.03425,,,1,45,,,,,,X3Sig-
vibrational,38211.880979,,,1,46,,,,,,X3Sig-
vibrational,38666.372661,,,1,47,,,,,,X3Sig-
vibrational,39101.215399,,,1,48,,,,,,X3Sig-
vibrational,39516.109606,,,1,49,,,,,,X3Sig-
vibrational,39910.750147,,,1,50,,,,,,X3Sig-
vibrational,40284.826543,,,1,51,,,,,,X3Sig-
vibrational,40638.02324,,,1,52,,,,,,X3Sig-
vibrational,40970.019977,,,1,53,,,,,,X3Sig-
vibrational,41280.492278,,,1,54,,,,,,X3Sig-
vibrational,41569.112088,,,1,55,,,,,,X3Sig-
vibrational,41835.548627,,,1,56,,,,,,X3Sig-
vibrational,42079.469499,,,1,57,,,,,,X3Sig-
vibrational,5865.28474,,,2,0,,,,,,a1Delta
vibrational,6966.620321,,,2,1,,,,,,a1Delta
vibrational,8054.349906,,,2,2,,,,,,a1Delta
vibrational,9128.537035,,,2,3,,,,,,a1Delta
vibrational,10189.225009,,,2,4,,,,,,a1Delta
vibrational,11236.437855,,,2,5,,,,,,a1Delta
vibrational,12270.181255,,,2,6,,,,,,a1Delta
vibrational,13290.443442,,,2,7,,,,,,a1Delta
vibrational,14297.196045,,,2,8,,,,,,a1Delta
vibrational,15290.394894,,,2,9,,,,,,a1Delta
vibrational,16269.980759,,,2,10,,,,,,a1Delta
vibrational,17235.880047,,,2,11,,,,,,a1Delta
vibrational,18188.005435,,,2,12,,,,,,a1Delta
vibrational,19126.25645,,,2,13,,,,,,a1Delta
vibrational,20050.520001,,,2,14,,,,,,a1Delta
vibrational,20960.670842,,,2,15,,,,,,a1Delta
vibrational,21856.572005,,,2,16,,,,,,a1Delta
vibrational,22738.075161,,,2,17,,,,,,a1Delta
vibrational,23605.020953,,,2,18,,,,,,a1Delta
vibrational,24457.239263,,,2,19,,,,,,a1Delta
vibrational,25294.549454,,,2,20,,,,,,a1Delta
vibrational,26116.760555,,,2,21,,,,,,a1Delta
vibrational,26923.671413,,,2,22,,,,,,a1Delta
vibrational,27715.070801,,,2,23,,,,,,a1Delta
vibrational,28490.737495,,,2,24,,,,,,a1Delta
vibrational,29250.440307,,,2,25,,,,,,a1Delta
vibrational,29993.938091,,,2,26,,,,,,a1Delta
vibrational,30720.979709,,,2,27,,,,,,a1Delta
vibrational,31431.303971,,,2,28,,,,,,a1Delta
vibrational,32124.639534,,,2,29,,,,,,a1Delta
vibrational,32800.704788,,,2,30,,,,,,a1Delta
vibrational,33459.207689,,,2,31,,,,,,a1Delta
vibrational,34099.845588,,,2,32,,,,,,a1Delta
vibrational,34722.305017,,,2,33,,,,,,a1Delta
vibrational,35326.261453,,,2,34,,,,,,a1Delta
vibrational,35911.379061,,,2,35,,,,,,a1Delta
vibrational,36477.310415,,,2,36,,,,,,a1Delta
vibrational,37023.696193,,,2,37,,,,,,a1Delta
vibrational,37550.164863,,,2,38,,,,,,a1Delta
vibrational,38056.332349,,,2,39,,,,,,a1Delta
vibrational,38541.8017,,,2,40,,,,,,a1Delta
vibrational,39006.162747,,,2,41,,,,,,a1Delta
vibrational,39448.991783,,,2,42,,,,,,a1Delta
vibrational,39869.851255,,,2,43,,,,,,a1Delta
vibrational,40268.289508,,,2,44,,,,,,a1Delta
vibrational,40643.84059,,,2,45,,,,,,a1Delta
vibrational,40996.024156,,,2,46,,,,,,a1Delta
vibrational,41324.345528,,,2,47,,,,,,a1Delta
vibrational,41628.295963,,,2,48,,,,,,a1Delta
vibrational,41907.35324,,,2,49,,,,,,a1Delta
vibrational,42160.982692,,,2,50,,,,,,a1Delta
vibrational,42388.63891,,,2,51,,,,,,a1Delta
vibrational,42589.768432,,,2,52,,,,,,a1Delta
vibrational,42763.813958,,,2,53,,,,,,a1Delta
vibrational,42910.220981,,,2,54,,,,,,a1Delta
vibrational,43028.448506,,,2,55,,,,,,a1Delta
vibrational,43117.987262,,,2,56,,,,,,a1Delta
vibrational,43178.393663,,,2,57,,,,,,a1Delta
vibrational,10458.141921,,,3,0,,,,,,b1Sig+
vibrational,11512.332455,,,3,1,,,,,,b1Sig+
vibrational,12552.106627,,,3,2,,,,,,b1Sig+
vibrational,13577.362517,,,3,3,,,,,,b1Sig+
vibrational,14587.99321,,,3,4,,,,,,b1Sig+
vibrational,15583.887059,,,3,5,,,,,,b1Sig+
vibrational,16564.927916,,,3,6,,,,,,b1Sig+
vibrational,17530.995356,,,3,7,,,,,,b1Sig+
vibrational,18481.964873,,,3,8,,,,,,b1Sig+
vibrational,19417.708054,,,3,9,,,,,,b1Sig+
vibrational,20338.092754,,,3,10,,,,,,b1Sig+
vibrational,21242.983236,,,3,11,,,,,,b1Sig+
vibrational,22132.240316,,,3,12,,,,,,b1Sig+
vibrational,23005.72148,,,3,13,,,,,,b1Sig+
vibrational,23863.281005,,,3,14,,,,,,b1Sig+
vibrational,24704.77006,,,3,15,,,,,,b1Sig+
vibrational,25530.0368,,,3,16,,,,,,b1Sig+
vibrational,26338.926459,,,3,17,,,,,,b1Sig+
vibrational,27131.281425,,,3,18,,,,,,b1Sig+
vibrational,27906.941316,,,3,19,,,,,,b1Sig+
vibrational,28665.743055,,,3,20,,,,,,b1Sig+
vibrational,29407.520927,,,3,21,,,,,,b1Sig+
vibrational,30132.106647,,,3,22,,,,,,b1Sig+
vibrational,30839.329414,,,3,23,,,,,,b1Sig+
vibrational,31529.015972,,,3,24,,,,,,b1Sig+
vibrational,32200.990662,,,3,25,,,,,,b1Sig+
vibrational,32855.075482,,,3,26,,,,,,b1Sig+
vibrational,33491.090135,,,3,27,,,,,,b1Sig+
vibrational,34108.852096,,,3,28,,,,,,b1Sig+
vibrational,34708.176664,,,3,29,,,,,,b1Sig+
vibrational,35288.877031,,,3,30,,,,,,b1Sig+
vibrational,35850.764348,,,3,31,,,,,,b1Sig+
vibrational,36393.6478,,,3,32,,,,,,b1Sig+
vibrational,36917.334692,,,3,33,,,,,,b1Sig+
vibrational,37421.630539,,,3,34,,,,,,b1Sig+
vibrational,37906.339171,,,3,35,,,,,,b1Sig+
vibrational,38371.262853,,,3,36,,,,,,b1Sig+
vibrational,38816.202419,,,3,37,,,,,,b1Sig+
vibrational,39240.957434,,,3,38,,,,,,b1Sig+
vibrational,39645.326369,,,3,39,,,,,,b1Sig+
vibrational,40029.106814,,,3,40,,,,,,b1Sig+
vibrational,40392.095728,,,3,41,,,,,,b1Sig+
vibrational,40734.089724,,,3,42,,,,,,b1Sig+
vibrational,41054.885418,,,3,43,,,,,,b1Sig+
vibrational,41354.279831,,,3,44,,,,,,b1Sig+
vibrational,41632.070885,,,3,45,,,,,,b1Sig+
vibrational,41888.057992,,,3,46,,,,,,b1Sig+
vibrational,42122.042784,,,3,47,,,,,,b1Sig+
vibrational,42333.830006,,,3,48,,,,,,b1Sig+
vibrational,42523.22865,,,3,49,,,,,,b1Sig+
vibrational,42690.053409,,,3,50,,,,,,b1Sig+
vibrational,42834.126593,,,3,51,,,,,,b1Sig+
vibrational,42955.28074,,,3,52,,,,,,b1Sig+
vibrational,43053.362358,,,3,53,,,,,,b1Sig+
vibrational,43128.237639,,,3,54,,,,,,b1Sig+
vibrational,43179.802238,,,3,55,,,,,,b1Sig+
vibrational,43208.224225,,,3,56,,,,,,b1Sig+
vibrational,43222.694229,,,3,57,,,,,,b1Sig+
vibrational,38089.513677,,,4,0,,,,,,A3Pi
vibrational,38506.513253,,,4,1,,,,,,A3Pi
vibrational,38914.272918,,,4,2,,,,,,A3Pi
vibrational,39318.404783,,,4,3,,,,,,A3Pi
vibrational,39718.904114,,,4,4,,,,,,A3Pi
vibrational,40115.510956,,,4,5,,,,,,A3Pi
vibrational,40507.335192,,,4,6,,,,,,A3Pi
vibrational,40892.674259,,,4,7,,,,,,A3Pi
vibrational,41269.453016,,,4,8,,,,,,A3Pi
vibrational,41635.16314,,,4,9,,,,,,A3Pi
vibrational,41986.776388,,,4,10,,,,,,A3Pi
vibrational,42320.650057,,,4,11,,,,,,A3Pi
vibrational,42632.20146,,,4,12,,,,,,A3Pi
vibrational,42915.291455,,,4,13,,,,,,A3Pi
vibrational,43160.960011,,,4,14,,,,,,A3Pi
vibrational,43213.450338,,,4,15,,,,,,A3Pi
vibrational,43220.117317,,,4,16,,,,,,A3Pi
vibrational,43232.499931,,,4,17,,,,,,A3Pi
vibrational,43250.134472,,,4,18,,,,,,A3Pi
vibrational,43271.876197,,,4,19,,,,,,A3Pi
vibrational,43296.949389,,,4,20,,,,,,A3Pi
vibrational,43325.448954,,,4,21,,,,,,A3Pi
vibrational,43354.658452,,,4,22,,,,,,A3Pi
vibrational,43356.925135,,,4,23,,,,,,A3Pi
vibrational,43390.18646,,,4,24,,,,,,A3Pi
vibrational,43424.661221,,,4,25,,,,,,A3Pi
vibrational,43457.03646,,,4,26,,,,,,A3Pi
vibrational,43476.696168,,,4,27,,,,,,A3Pi
vibrational,43502.493907,,,4,28,,,,,,A3Pi
vibrational,43535.841675,,,4,29,,,,,,A3Pi
vibrational,43570.103284,,,4,30,,,,,,A3Pi
vibrational,43606.070092,,,4,31,,,,,,A3Pi
vibrational,43644.423635,,,4,32,,,,,,A3Pi
vibrational,43684.935039,,,4,33,,,,,,A3Pi
vibrational,43727.496205,,,4,34,,,,,,A3Pi
vibrational,43772.016119,,,4,35,,,,,,A3Pi
vibrational,43818.44735,,,4,36,,,,,,A3Pi
vibrational,43866.756941,,,4,37,,,,,,A3Pi
vibrational,43916.900489,,,4,38,,,,,,A3Pi
vibrational,43968.885072,,,4,39,,,,,,A3Pi
vibrational,44022.675303,,,4,40,,,,,,A3Pi
vibrational,44078.258238,,,4,41,,,,,,A3Pi
vibrational,44135.596703,,,4,42,,,,,,A3Pi
vibrational,44194.672682,,,4,43,,,,,,A3Pi
vibrational,44255.476143,,,4,44,,,,,,A3Pi
vibrational,44317.993625,,,4,45,,,,,,A3Pi
vibrational,44382.213152,,,4,46,,,,,,A3Pi
vibrational,44448.109476,,,4,47,,,,,,A3Pi
vibrational,44515.671321,,,4,48,,,,,,A3Pi
vibrational,44584.886611,,,4,49,,,,,,A3Pi
vibrational,44655.749004,,,4,50,,,,,,A3Pi
vibrational,44728.243232,,,4,51,,,,,,A3Pi
vibrational,44802.354311,,,4,52,,,,,,A3Pi
vibrational,44878.071742,,,4,53,,,,,,A3Pi
vibrational,44955.388106,,,4,54,,,,,,A3Pi
vibrational,45034.295414,,,4,55,,,,,,A3Pi
vibrational,45114.779568,,,4,56,,,,,,A3Pi
vibrational,45196.830908,,,4,57,,,,,,A3Pi
vibrational,41371.459401,,,5,0,,,,,,B3Sigma-
vibrational,41991.958831,,,5,1,,,,,,B3Sigma-
vibrational,42602.638026,,,5,2,,,,,,B3Sigma-
vibrational,43203.590539,,,5,3,,,,,,B3Sigma-
vibrational,43795.17362,,,5,4,,,,,,B3Sigma-
vibrational,44378.11812,,,5,5,,,,,,B3Sigma-
vibrational,44952.799842,,,5,6,,,,,,B3Sigma-
vibrational,45518.650463,,,5,7,,,,,,B3Sigma-
vibrational,46074.917655,,,5,8,,,,,,B3Sigma-
vibrational,46621.064038,,,5,9,,,,,,B3Sigma-
vibrational,47156.244859,,,5,10,,,,,,B3Sigma-
vibrational,47679.777765,,,5,11,,,,,,B3Sigma-
vibrational,48191.043846,,,5,12,,,,,,B3Sigma-
vibrational,48689.514996,,,5,13,,,,,,B3Sigma-
vibrational,49173.202035,,,5,14,,,,,,B3Sigma-
vibrational,49634.316936,,,5,15,,,,,,B3Sigma-
vibrational,50048.956849,,,5,16,,,,,,B3Sigma-
vibrational,50369.152774,,,5,17,,,,,,B3Sigma-
vibrational,50585.911167,,,5,18,,,,,,B3Sigma-
vibrational,50788.984789,,,5,19,,,,,,B3Sigma-
vibrational,50989.997789,,,5,20,,,,,,B3Sigma-
vibrational,51183.237339,,,5,21,,,,,,B3Sigma-
vibrational,51367.418473,,,5,22,,,,,,B3Sigma-
vibrational,51541.001297,,,5,23,,,,,,B3Sigma-
vibrational,51701.341393,,,5,24,,,,,,B3Sigma-
vibrational,51847.600555,,,5,25,,,,,,B3Sigma-
vibrational,51979.514379,,,5,26,,,,,,B3Sigma-
vibrational,52096.499161,,,5,27,,,,,,B3Sigma-
vibrational,52197.783647,,,5,28,,,,,,B3Sigma-
vibrational,52282.048296,,,5,29,,,,,,B3Sigma-
vibrational,52347.820133,,,5,30,,,,,,B3Sigma-
vibrational,52394.789604,,,5,31,,,,,,B3Sigma-
vibrational,52425.032851,,,5,32,,,,,,B3Sigma-
vibrational,52442.742698,,,5,33,,,,,,B3Sigma-
vibrational,52460.40432,,,5,34,,,,,,B3Sigma-
vibrational,52483.417071,,,5,35,,,,,,B3Sigma-
vibrational,52510.868846,,,5,36,,,,,,B3Sigma-
vibrational,52542.177906,,,5,37,,,,,,B3Sigma-
vibrational,52576.979054,,,5,38,,,,,,B3Sigma-
vibrational,52615.020036,,,5,39,,,,,,B3Sigma-
vibrational,52656.107337,,,5,40,,,,,,B3Sigma-
vibrational,52700.094796,,,5,41,,,,,,B3Sigma-
vibrational,52746.855709,,,5,42,,,,,,B3Sigma-
vibrational,52796.285756,,,5,43,,,,,,B3Sigma-
vibrational,52848.295835,,,5,44,,,,,,B3Sigma-
vibrational,52902.813429,,,5,45,,,,,,B3Sigma-
vibrational,52959.766566,,,5,46,,,,,,B3Sigma-
vibrational,53019.096693,,,5,47,,,,,,B3Sigma-
vibrational,53080.758421,,,5,48,,,,,,B3Sigma-
vibrational,53144.700746,,,5,49,,,,,,B3Sigma-
vibrational,53210.882593,,,5,50,,,,,,B3Sigma-
vibrational,53279.26152,,,5,51,,,,,,B3Sigma-
vibrational,53349.802263,,,5,52,,,,,,B3Sigma-
vibrational,53422.472075,,,5,53,,,,,,B3Sigma-
vibrational,53497.23616,,,5,54,,,,,,B3Sigma-
vibrational,53574.073855,,,5,55,,,,,,B3Sigma-
vibrational,53652.954352,,,5,56,,,,,,B3Sigma-
vibrational,53733.859087,,,5,57,,,,,,B3Sigma-
vibrational,53816.762997,,,5,58,,,,,,B3Sigma-
vibrational,53901.645076,,,5,59,,,,,,B3Sigma-
vibrational,53988.480045,,,5,60,,,,,,B3Sigma-
vibrational,54077.248946,,,5,61,,,,,,B3Sigma-
vibrational,54167.93537,,,5,62,,,,,,B3Sigma-
vibrational,54260.523747,,,5,63,,,,,,B3Sigma-
vibrational,54355.000546,,,5,64,,,,,,B3Sigma-
vibrational,54451.348345,,,5,65,,,,,,B3Sigma-
vibrational,54549.551691,,,5,66,,,,,,B3Sigma-
vibrational,54649.598034,,,5,67,,,,,,B3Sigma-
vibrational,54751.468525,,,5,68,,,,,,B3Sigma-
vibrational,54855.153814,,,5,69,,,,,,B3Sigma-
vibrational,54960.642341,,,5,70,,,,,,B3Sigma-
vibrational,55067.923441,,,5,71,,,,,,B3Sigma-
vibrational,55176.984085,,,5,72,,,,,,B3Sigma-
vibrational,55287.813605,,,5,73,,,,,,B3Sigma-
vibrational,55400.404252,,,5,74,,,,,,B3Sigma-
vibrational,55514.742743,,,5,75,,,,,,B3Sigma-
vibrational,55630.818997,,,5,76,,,,,,B3Sigma-
vibrational,55748.622583,,,5,77,,,,,,B3Sigma-
vibrational,55868.143803,,,5,78,,,,,,B3Sigma-
vibrational,55989.380314,,,5,79,,,,,,B3Sigma-
vibrational,56112.32407,,,5,80,,,,,,B3Sigma-
vibrational,56236.961467,,,5,81,,,,,,B3Sigma-
vibrational,56363.286014,,,5,82,,,,,,B3Sigma-
vibrational,56491.282143,,,5,83,,,,,,B3Sigma-
vibrational,56620.953421,,,5,84,,,,,,B3Sigma-
vibrational,56752.288505,,,5,85,,,,,,B3Sigma-
vibrational,56885.286618,,,5,86,,,,,,B3Sigma-
vibrational,57019.935064,,,5,87,,,,,,B3Sigma-
vibrational,57156.223662,,,5,88,,,,,,B3Sigma-
vibrational,57294.149359,,,5,89,,,,,,B3Sigma-
vibrational,57433.70199,,,5,90,,,,,,B3Sigma-
vibrational,57574.882042,,,5,91,,,,,,B3Sigma-
vibrational,57717.685693,,,5,92,,,,,,B3Sigma-
vibrational,57862.099942,,,5,93,,,,,,B3Sigma-
vibrational,58008.121307,,,5,94,,,,,,B3Sigma-
vibrational,58155.742655,,,5,95,,,,,,B3Sigma-
vibrational,58304.955431,,,5,96,,,,,,B3Sigma-
vibrational,58455.763057,,,5,97,,,,,,B3Sigma-
vibrational,58608.158595,,,5,98,,,,,,B3Sigma-
vibrational,58762.133771,,,5,99,,,,,,B3Sigma-
vibrational,58917.68343,,,5,100,,,,,,B3Sigma-
vibrational,59074.797177,,,5,101,,,,,,B3Sigma-
vibrational,59233.480263,,,5,102,,,,,,B3Sigma-
vibrational,59393.726875,,,5,103,,,,,,B3Sigma-
vibrational,59555.532303,,,5,104,,,,,,B3Sigma-
vibrational,59718.884981,,,5,105,,,,,,B3Sigma-
vibrational,59883.783968,,,5,106,,,,,,B3Sigma-
vibrational,60050.225122,,,5,107,,,,,,B3Sigma-
vibrational,60218.206076,,,5,108,,,,,,B3Sigma-
vibrational,60387.723385,,,5,109,,,,,,B3Sigma-
vibrational,60558.772437,,,5,110,,,,,,B3Sigma-
vibrational,60731.342524,,,5,111,,,,,,B3Sigma-
vibrational,60905.436861,,,5,112,,,,,,B3Sigma-
vibrational,61081.046969,,,5,113,,,,,,B3Sigma-
vibrational,61258.177289,,,5,114,,,,,,B3Sigma-
vibrational,61436.817596,,,5,115,,,,,,B3Sigma-
vibrational,61616.961724,,,5,116,,,,,,B3Sigma-
vibrational,61798.612136,,,5,117,,,,,,B3Sigma-
vibrational,61981.762188,,,5,118,,,,,,B3Sigma-
vibrational,62166.405637,,,5,119,,,,,,B3Sigma-
vibrational,62352.547455,,,5,120,,,,,,B3Sigma-
vibrational,62540.175373,,,5,121,,,,,,B3Sigma-
vibrational,62729.28886,,,5,122,,,,,,B3Sigma-
vibrational,62919.887455,,,5,123,,,,,,B3Sigma-
vibrational,63111.964021,,,5,124,,,,,,B3Sigma-
vibrational,63305.517866,,,5,125,,,,,,B3Sigma-
vibrational,63500.547476,,,5,126,,,,,,B3Sigma-
vibrational,63697.042384,,,5,127,,,,,,B3Sigma-
vibrational,63895.005109,,,5,128,,,,,,B3Sigma-
vibrational,64094.436371,,,5,129,,,,,,B3Sigma-
vibrational,64295.326516,,,5,130,,,,,,B3Sigma-
vibrational,64497.672441,,,5,131,,,,,,B3Sigma-
vibrational,64701.4759,,,5,132,,,,,,B3Sigma-
vibrational,64906.733217,,,5,133,,,,,,B3Sigma-
vibrational,65113.439034,,,5,134,,,,,,B3Sigma-
vibrational,65321.591473,,,5,135,,,,,,B3Sigma-
vibrational,65531.188123,,,5,136,,,,,,B3Sigma-
vibrational,65742.226014,,,5,137,,,,,,B3Sigma-
vibrational,65954.700816,,,5,138,,,,,,B3Sigma-
vibrational,66168.615644,,,5,139,,,,,,B3Sigma-
vibrational,66383.960854,,,5,140,,,,,,B3Sigma-
vibrational,66600.73968,,,5,141,,,,,,B3Sigma-
vibrational,66818.942002,,,5,142,,,,,,B3Sigma-
vibrational,67038.576786,,,5,143,,,,,,B3Sigma-
vibrational,67259.629787,,,5,144,,,,,,B3Sigma-
vibrational,67482.105642,,,5,145,,,,,,B3Sigma-
vibrational,67705.998992,,,5,146,,,,,,B3Sigma-
vibrational,67931.309256,,,5,147,,,,,,B3Sigma-
vibrational,68158.035421,,,5,148,,,,,,B3Sigma-
vibrational,68386.170546,,,5,149,,,,,,B3Sigma-
vibrational,44150.318529,,,6,0,,,,,,C3Pi
vibrational,44842.980011,,,6,1,,,,,,C3Pi
vibrational,45521.276583,,,6,2,,,,,,C3Pi
vibrational,46182.692508,,,6,3,,,,,,C3Pi
vibrational,46826.767676,,,6,4,,,,,,C3Pi
vibrational,47452.202672,,,6,5,,,,,,C3Pi
vibrational,48056.159704,,,6,6,,,,,,C3Pi
vibrational,48635.878972,,,6,7,,,,,,C3Pi
vibrational,49188.745358,,,6,8,,,,,,C3Pi
vibrational,49712.662587,,,6,9,,,,,,C3Pi
vibrational,50206.603703,,,6,10,,,,,,C3Pi
vibrational,50670.622892,,,6,11,,,,,,C3Pi
vibrational,51105.221035,,,6,12,,,,,,C3Pi
vibrational,51510.048785,,,6,13,,,,,,C3Pi
vibrational,51881.863825,,,6,14,,,,,,C3Pi
vibrational,52210.527566,,,6,15,,,,,,C3Pi
vibrational,52462.023272,,,6,16,,,,,,C3Pi
vibrational,52502.248751,,,6,17,,,,,,C3Pi
vibrational,52506.681424,,,6,18,,,,,,C3Pi
vibrational,52513.972082,,,6,19,,,,,,C3Pi
vibrational,52524.013918,,,6,20,,,,,,C3Pi
vibrational,52536.699693,,,6,21,,,,,,C3Pi
vibrational,52551.928684,,,6,22,,,,,,C3Pi
vibrational,52569.608294,,,6,23,,,,,,C3Pi
vibrational,52589.656547,,,6,24,,,,,,C3Pi
vibrational,52612.006825,,,6,25,,,,,,C3Pi
vibrational,52636.61253,,,6,26,,,,,,C3Pi
vibrational,52663.447744,,,6,27,,,,,,C3Pi
vibrational,52692.501581,,,6,28,,,,,,C3Pi
vibrational,52723.768059,,,6,29,,,,,,C3Pi
vibrational,52757.236486,,,6,30,,,,,,C3Pi
vibrational,52792.88656,,,6,31,,,,,,C3Pi
vibrational,52830.688955,,,6,32,,,,,,C3Pi
vibrational,52870.609379,,,6,33,,,,,,C3Pi
vibrational,52912.613377,,,6,34,,,,,,C3Pi
vibrational,52956.669955,,,6,35,,,,,,C3Pi
vibrational,53002.753157,,,6,36,,,,,,C3Pi
vibrational,53050.841761,,,6,37,,,,,,C3Pi
vibrational,53100.917835,,,6,38,,,,,,C3Pi
vibrational,53152.965073,,,6,39,,,,,,C3Pi
vibrational,53206.967594,,,6,40,,,,,,C3Pi
vibrational,53262.909445,,,6,41,,,,,,C3Pi
vibrational,53320.774675,,,6,42,,,,,,C3Pi
vibrational,53380.547664,,,6,43,,,,,,C3Pi
vibrational,53442.213424,,,6,44,,,,,,C3Pi
vibrational,53505.75774,,,6,45,,,,,,C3Pi
vibrational,53571.167151,,,6,46,,,,,,C3Pi
vibrational,53638.428833,,,6,47,,,,,,C3Pi
vibrational,53707.530492,,,6,48,,,,,,C3Pi
vibrational,53778.460282,,,6,49,,,,,,C3Pi
vibrational,53851.206776,,,6,50,,,,,,C3Pi
vibrational,53925.758953,,,6,51,,,,,,C3Pi
vibrational,54002.106192,,,6,52,,,,,,C3Pi
vibrational,54080.238261,,,6,53,,,,,,C3Pi
vibrational,54160.14529,,,6,54,,,,,,C3Pi
vibrational,54241.817757,,,6,55,,,,,,C3Pi
vibrational,54325.246459,,,6,56,,,,,,C3Pi
vibrational,54410.422501,,,6,57,,,,,,C3Pi
vibrational,54497.337279,,,6,58,,,,,,C3Pi
vibrational,54585.982462,,,6,59,,,,,,C3Pi
vibrational,54676.349985,,,6,60,,,,,,C3Pi
vibrational,54768.432031,,,6,61,,,,,,C3Pi
vibrational,54862.221021,,,6,62,,,,,,C3Pi
vibrational,54957.709603,,,6,63,,,,,,C3Pi
vibrational,55054.890639,,,6,64,,,,,,C3Pi
vibrational,55153.7572,,,6,65,,,,,,C3Pi
vibrational,55254.30255,,,6,66,,,,,,C3Pi
vibrational,55356.520145,,,6,67,,,,,,C3Pi
vibrational,55460.403621,,,6,68,,,,,,C3Pi
vibrational,55565.946792,,,6,69,,,,,,C3Pi
vibrational,55673.143635,,,6,70,,,,,,C3Pi
vibrational,55781.988294,,,6,71,,,,,,C3Pi
vibrational,55892.475066,,,6,72,,,,,,C3Pi
vibrational,56004.598402,,,6,73,,,,,,C3Pi
vibrational,56118.352896,,,6,74,,,,,,C3Pi
vibrational,56233.733282,,,6,75,,,,,,C3Pi
vibrational,56350.734428,,,6,76,,,,,,C3Pi
vibrational,56469.351329,,,6,77,,,,,,C3Pi
vibrational,56589.579102,,,6,78,,,,,,C3Pi
vibrational,56711.412979,,,6,79,,,,,,C3Pi
vibrational,56834.848302,,,6,80,,,,,,C3Pi
vibrational,56959.880516,,,6,81,,,,,,C3Pi
vibrational,57086.505168,,,6,82,,,,,,C3Pi
vibrational,57214.717897,,,6,83,,,,,,C3Pi
vibrational,57344.514436,,,6,84,,,,,,C3Pi
vibrational,57475.890608,,,6,85,,,,,,C3Pi
vibrational,57608.842323,,,6,86,,,,,,C3Pi
vibrational,57743.365577,,,6,87,,,,,,C3Pi
vibrational,57879.456452,,,6,88,,,,,,C3Pi
vibrational,58017.111115,,,6,89,,,,,,C3Pi
vibrational,58156.325816,,,6,90,,,,,,C3Pi
vibrational,58297.096888,,,6,91,,,,,,C3Pi
vibrational,58439.420741,,,6,92,,,,,,C3Pi
vibrational,58583.293863,,,6,93,,,,,,C3Pi
vibrational,58728.712812,,,6,94,,,,,,C3Pi
vibrational,58875.674213,,,6,95,,,,,,C3Pi
vibrational,59024.174754,,,6,96,,,,,,C3Pi
vibrational,59174.211179,,,6,97,,,,,,C3Pi
vibrational,59325.780287,,,6,98,,,,,,C3Pi
vibrational,59478.87893,,,6,99,,,,,,C3Pi
vibrational,59633.504006,,,6,100,,,,,,C3Pi
vibrational,59789.652467,,,6,101,,,,,,C3Pi
vibrational,59947.321312,,,6,102,,,,,,C3Pi
vibrational,60106.507594,,,6,103,,,,,,C3Pi
vibrational,60267.20842,,,6,104,,,,,,C3Pi
vibrational,60429.420951,,,6,105,,,,,,C3Pi
vibrational,60593.142404,,,6,106,,,,,,C3Pi
vibrational,60758.370049,,,6,107,,,,,,C3Pi
vibrational,60925.101206,,,6,108,,,,,,C3Pi
vibrational,61093.333245,,,6,109,,,,,,C3Pi
vibrational,61263.063574,,,6,110,,,,,,C3Pi
vibrational,61434.289643,,,6,111,,,,,,C3Pi
vibrational,61607.00893,,,6,112,,,,,,C3Pi
vibrational,61781.21895,,,6,113,,,,,,C3Pi
vibrational,61956.91724,,,6,114,,,,,,C3Pi
vibrational,62134.101374,,,6,115,,,,,,C3Pi
vibrational,62312.768953,,,6,116,,,,,,C3Pi
vibrational,62492.917617,,,6,117,,,,,,C3Pi
vibrational,62674.545041,,,6,118,,,,,,C3Pi
vibrational,62857.648943,,,6,119,,,,,,C3Pi
vibrational,63042.227081,,,6,120,,,,,,C3Pi
vibrational,63228.277254,,,6,121,,,,,,C3Pi
vibrational,63415.797297,,,6,122,,,,,,C3Pi
vibrational,63604.785076,,,6,123,,,,,,C3Pi
vibrational,63795.238485,,,6,124,,,,,,C3Pi
vibrational,63987.15544,,,6,125,,,,,,C3Pi
vibrational,64180.533874,,,6,126,,,,,,C3Pi
vibrational,64375.371742,,,6,127,,,,,,C3Pi
vibrational,64571.667013,,,6,128,,,,,,C3Pi
vibrational,64769.417681,,,6,129,,,,,,C3Pi
vibrational,64968.621765,,,6,130,,,,,,C3Pi
vibrational,65169.277316,,,6,131,,,,,,C3Pi
vibrational,65371.382415,,,6,132,,,,,,C3Pi
vibrational,65574.935176,,,6,133,,,,,,C3Pi
vibrational,65779.933747,,,6,134,,,,,,C3Pi
vibrational,65986.3763,,,6,135,,,,,,C3Pi
vibrational,66194.26103,,,6,136,,,,,,C3Pi
vibrational,66403.586148,,,6,137,,,,,,C3Pi
vibrational,66614.349879,,,6,138,,,,,,C3Pi
vibrational,66826.550458,,,6,139,,,,,,C3Pi
vibrational,67040.18613,,,6,140,,,,,,C3Pi
vibrational,67255.255158,,,6,141,,,,,,C3Pi
vibrational,67471.755824,,,6,142,,,,,,C3Pi
vibrational,67689.686433,,,6,143,,,,,,C3Pi
vibrational,67909.045318,,,6,144,,,,,,C3Pi
vibrational,68129.83084,,,6,145,,,,,,C3Pi
vibrational,68352.041385,,,6,146,,,,,,C3Pi
vibrational,68575.675361,,,6,147,,,,,,C3Pi
vibrational,68800.73119,,,6,148,,,,,,C3Pi
vibrational,69027.207305,,,6,149,,,,,,C3Pi
vibrational,51167.728788,,,7,0,,,,,,e1Pi
vibrational,51920.326324,,,7,1,,,,,,e1Pi
vibrational,52665.88886,,,7,2,,,,,,e1Pi
vibrational,53401.550419,,,7,3,,,,,,e1Pi
vibrational,54125.701312,,,7,4,,,,,,e1Pi
vibrational,54837.264148,,,7,5,,,,,,e1Pi
vibrational,55535.272507,,,7,6,,,,,,e1Pi
vibrational,56218.812888,,,7,7,,,,,,e1Pi
vibrational,56887.403018,,,7,8,,,,,,e1Pi
vibrational,57540.620633,,,7,9,,,,,,e1Pi
vibrational,58177.375099,,,7,10,,,,,,e1Pi
vibrational,58796.912026,,,7,11,,,,,,e1Pi
vibrational,59398.565074,,,7,12,,,,,,e1Pi
vibrational,59981.289061,,,7,13,,,,,,e1Pi
vibrational,60544.360312,,,7,14,,,,,,e1Pi
vibrational,61086.698526,,,7,15,,,,,,e1Pi
vibrational,61607.439989,,,7,16,,,,,,e1Pi
vibrational,62105.504175,,,7,17,,,,,,e1Pi
vibrational,62579.877889,,,7,18,,,,,,e1Pi
vibrational,63029.516511,,,7,19,,,,,,e1Pi
vibrational,63453.319045,,,7,20,,,,,,e1Pi
vibrational,63850.257544,,,7,21,,,,,,e1Pi
vibrational,64219.298069,,,7,22,,,,,,e1Pi
vibrational,64559.433324,,,7,23,,,,,,e1Pi
vibrational,64869.758097,,,7,24,,,,,,e1Pi
vibrational,65149.486331,,,7,25,,,,,,e1Pi
vibrational,65398.141921,,,7,26,,,,,,e1Pi
vibrational,65616.608654,,,7,27,,,,,,e1Pi
vibrational,65808.055436,,,7,28,,,,,,e1Pi
vibrational,65960.454753,,,7,29,,,,,,e1Pi
vibrational,66027.16184,,,7,30,,,,,,e1Pi
vibrational,66094.565063,,,7,31,,,,,,e1Pi
vibrational,66141.601491,,,7,32,,,,,,e1Pi
vibrational,66182.879855,,,7,33,,,,,,e1Pi
vibrational,66213.278767,,,7,34,,,,,,e1Pi
vibrational,66234.268149,,,7,35,,,,,,e1Pi
vibrational,66251.209597,,,7,36,,,,,,e1Pi
vibrational,66270.986902,,,7,37,,,,,,e1Pi
vibrational,66294.806588,,,7,38,,,,,,e1Pi
vibrational,66322.641298,,,7,39,,,,,,e1Pi
vibrational,66354.418863,,,7,40,,,,,,e1Pi
vibrational,66389.534011,,,7,41,,,,,,e1Pi
vibrational,66427.018979,,,7,42,,,,,,e1Pi
vibrational,66466.487694,,,7,43,,,,,,e1Pi
vibrational,66508.848016,,,7,44,,,,,,e1Pi
vibrational,66554.764064,,,7,45,,,,,,e1Pi
vibrational,66603.305812,,,7,46,,,,,,e1Pi
vibrational,66653.233643,,,7,47,,,,,,e1Pi
vibrational,66705.171357,,,7,48,,,,,,e1Pi
vibrational,66760.553987,,,7,49,,,,,,e1Pi
vibrational,66818.67419,,,7,50,,,,,,e1Pi
vibrational,66878.00987,,,7,51,,,,,,e1Pi
vibrational,66939.236585,,,7,52,,,,,,e1Pi
vibrational,67003.678085,,,7,53,,,,,,e1Pi
vibrational,67070.276296,,,7,54,,,,,,e1Pi
vibrational,67138.077049,,,7,55,,,,,,e1Pi
vibrational,67208.399412,,,7,56,,,,,,e1Pi
vibrational,67281.499474,,,7,57,,,,,,e1Pi
vibrational,67355.921851,,,7,58,,,,,,e1Pi
vibrational,67432.067646,,,7,59,,,,,,e1Pi
vibrational,67511.049561,,,7,60,,,,,,e1Pi
vibrational,67591.889677,,,7,61,,,,,,e1Pi
vibrational,67674.120867,,,7,62,,,,,,e1Pi
vibrational,67758.738754,,,7,63,,,,,,e1Pi
vibrational,67845.452174,,,7,64,,,,,,e1Pi
vibrational,67933.682628,,,7,65,,,,,,e1Pi
vibrational,68024.038542,,,7,66,,,,,,e1Pi
vibrational,68116.433666,,,7,67,,,,,,e1Pi
vibrational,68210.39346,,,7,68,,,,,,e1Pi
vibrational,68306.358044,,,7,69,,,,,,e1Pi
vibrational,68404.349672,,,7,70,,,,,,e1Pi
vibrational,68503.955553,,,7,71,,,,,,e1Pi
vibrational,68605.412436,,,7,72,,,,,,e1Pi
vibrational,68708.821836,,,7,73,,,,,,e1Pi
vibrational,68813.950268,,,7,74,,,,,,e1Pi
vibrational,68920.871536,,,7,75,,,,,,e1Pi
vibrational,69029.61101,,,7,76,,,,,,e1Pi
vibrational,69140.090317,,,7,77,,,,,,e1Pi
vibrational,69252.378118,,,7,78,,,,,,e1Pi
vibrational,69366.421649,,,7,79,,,,,,e1Pi
vibrational,69482.159065,,,7,80,,,,,,e1Pi
vibrational,69599.678394,,,7,81,,,,,,e1Pi
vibrational,69718.951272,,,7,82,,,,,,e1Pi
vibrational,69839.901418,,,7,83,,,,,,e1Pi
vibrational,69962.568085,,,7,84,,,,,,e1Pi
vibrational,70086.968729,,,7,85,,,,,,e1Pi
vibrational,70213.063101,,,7,86,,,,,,e1Pi
vibrational,70340.830274,,,7,87,,,,,,e1Pi
vibrational,70470.283395,,,7,88,,,,,,e1Pi
vibrational,70601.433215,,,7,89,,,,,,e1Pi
vibrational,70734.248252,,,7,90,,,,,,e1Pi
vibrational,70868.706802,,,7,91,,,,,,e1Pi
vibrational,71004.834443,,,7,92,,,,,,e1Pi
vibrational,71142.627806,,,7,93,,,,,,e1Pi
vibrational,71282.047236,,,7,94,,,,,,e1Pi
vibrational,71423.098163,,,7,95,,,,,,e1Pi
vibrational,71565.80099,,,7,96,,,,,,e1Pi
vibrational,71710.127941,,,7,97,,,,,,e1Pi
vibrational,71856.059843,,,7,98,,,,,,e1Pi
vibrational,72003.616258,,,7,99,,,,,,e1Pi
vibrational,72152.79352,,,7,100,,,,,,e1Pi
vibrational,72303.563076,,,7,101,,,,,,e1Pi
vibrational,72455.92753,,,7,102,,,,,,e1Pi
vibrational,72609.900695,,,7,103,,,,,,e1Pi
vibrational,72765.460945,,,7,104,,,,,,e1Pi
vibrational,72922.593624,,,7,105,,,,,,e1Pi
vibrational,73081.315208,,,7,106,,,,,,e1Pi
vibrational,73241.618973,,,7,107,,,,,,e1Pi
vibrational,73403.482052,,,7,108,,,,,,e1Pi
vibrational,73566.912045,,,7,109,,,,,,e1Pi
vibrational,73731.914919,,,7,110,,,,,,e1Pi
vibrational,73898.468788,,,7,111,,,,,,e1Pi
vibrational,74066.570686,,,7,112,,,,,,e1Pi
vibrational,74236.231391,,,7,113,,,,,,e1Pi
vibrational,74407.436502,,,7,114,,,,,,e1Pi
vibrational,74580.175774,,,7,115,,,,,,e1Pi
vibrational,74754.456713,,,7,116,,,,,,e1Pi
vibrational,74930.276943,,,7,117,,,,,,e1Pi
vibrational,75107.61985,,,7,118,,,,,,e1Pi
vibrational,75286.487953,,,7,119,,,,,,e1Pi
vibrational,75466.888642,,,7,120,,,,,,e1Pi
vibrational,75648.799869,,,7,121,,,,,,e1Pi
vibrational,75832.225254,,,7,122,,,,,,e1Pi
vibrational,76017.17118,,,7,123,,,,,,e1Pi
vibrational,76203.619211,,,7,124,,,,,,e1Pi
vibrational,76391.573462,,,7,125,,,,,,e1Pi
vibrational,76581.03122,,,7,126,,,,,,e1Pi
vibrational,76771.989871,,,7,127,,,,,,e1Pi
vibrational,76964.440764,,,7,128,,,,,,e1Pi
vibrational,77158.382786,,,7,129,,,,,,e1Pi
vibrational,77353.823677,,,7,130,,,,,,e1Pi
vibrational,77550.738316,,,7,131,,,,,,e1Pi
vibrational,77749.14316,,,7,132,,,,,,e1Pi
vibrational,77949.032497,,,7,133,,,,,,e1Pi
vibrational,78150.388769,,,7,134,,,,,,e1Pi
vibrational,78353.2307,,,7,135,,,,,,e1Pi
vibrational,78557.537915,,,7,136,,,,,,e1Pi
vibrational,78763.317699,,,7,137,,,,,,e1Pi
vibrational,78970.561846,,,7,138,,,,,,e1Pi
vibrational,79179.269313,,,7,139,,,,,,e1Pi
vibrational,79389.443399,,,7,140,,,,,,e1Pi
vibrational,79601.064714,,,7,141,,,,,,e1Pi
vibrational,79814.155495,,,7,142,,,,,,e1Pi
vibrational,80028.690804,,,7,143,,,,,,e1Pi
vibrational,80244.676938,,,7,144,,,,,,e1Pi
vibrational,80462.119073,,,7,145,,,,,,e1Pi
vibrational,80680.996557,,,7,146,,,,,,e1Pi
vibrational,80901.325862,,,7,147,,,,,,e1Pi
vibrational,81123.091401,,,7,148,,,,,,e1Pi
vibrational,81346.298409,,,7,149,,,,,,e1Pi
vibrational,43146.429016,,,8,0,,,,,,Cp3Pi
vibrational,43175.085656,,,8,1,,,,,,Cp3Pi
vibrational,43197.089588,,,8,2,,,,,,Cp3Pi
vibrational,43213.548921,,,8,3,,,,,,Cp3Pi
vibrational,43232.559572,,,8,4,,,,,,Cp3Pi
vibrational,43256.22605,,,8,5,,,,,,Cp3Pi
vibrational,43283.655078,,,8,6,,,,,,Cp3Pi
vibrational,43314.639843,,,8,7,,,,,,Cp3Pi
vibrational,43348.944674,,,8,8,,,,,,Cp3Pi
vibrational,43386.311449,,,8,9,,,,,,Cp3Pi
vibrational,43426.583269,,,8,10,,,,,,Cp3Pi
vibrational,43469.66418,,,8,11,,,,,,Cp3Pi
vibrational,43515.421234,,,8,12,,,,,,Cp3Pi
vibrational,43563.803207,,,8,13,,,,,,Cp3Pi
vibrational,43614.736448,,,8,14,,,,,,Cp3Pi
vibrational,43668.116396,,,8,15,,,,,,Cp3Pi
vibrational,43723.937116,,,8,16,,,,,,Cp3Pi
vibrational,43782.10286,,,8,17,,,,,,Cp3Pi
vibrational,43842.574608,,,8,18,,,,,,Cp3Pi
vibrational,43905.283908,,,8,19,,,,,,Cp3Pi
vibrational,43970.161224,,,8,20,,,,,,Cp3Pi
vibrational,44037.264458,,,8,21,,,,,,Cp3Pi
vibrational,44106.422117,,,8,22,,,,,,Cp3Pi
vibrational,44177.679396,,,8,23,,,,,,Cp3Pi
vibrational,44251.003893,,,8,24,,,,,,Cp3Pi
vibrational,44326.293165,,,8,25,,,,,,Cp3Pi
vibrational,44403.579232,,,8,26,,,,,,Cp3Pi
vibrational,44482.79488,,,8,27,,,,,,Cp3Pi
vibrational,44563.909688,,,8,28,,,,,,Cp3Pi
vibrational,44646.896292,,,8,29,,,,,,Cp3Pi
vibrational,44731.745536,,,8,30,,,,,,Cp3Pi
vibrational,44818.373676,,,8,31,,,,,,Cp3Pi
vibrational,44906.79766,,,8,32,,,,,,Cp3Pi
vibrational,44996.992307,,,8,33,,,,,,Cp3Pi
vibrational,45088.909818,,,8,34,,,,,,Cp3Pi
vibrational,45182.519882,,,8,35,,,,,,Cp3Pi
vibrational,45277.830812,,,8,36,,,,,,Cp3Pi
vibrational,45374.783372,,,8,37,,,,,,Cp3Pi
vibrational,45473.38786,,,8,38,,,,,,Cp3Pi
vibrational,45573.594182,,,8,39,,,,,,Cp3Pi
vibrational,45675.390053,,,8,40,,,,,,Cp3Pi
vibrational,45778.74753,,,8,41,,,,,,Cp3Pi
vibrational,45883.642268,,,8,42,,,,,,Cp3Pi
vibrational,45990.067923,,,8,43,,,,,,Cp3Pi
vibrational,46098.002175,,,8,44,,,,,,Cp3Pi
vibrational,46207.427478,,,8,45,,,,,,Cp3Pi
vibrational,46318.325969,,,8,46,,,,,,Cp3Pi
vibrational,46430.680113,,,8,47,,,,,,Cp3Pi
vibrational,46544.475168,,,8,48,,,,,,Cp3Pi
vibrational,46659.690481,,,8,49,,,,,,Cp3Pi
vibrational,46776.315165,,,8,50,,,,,,Cp3Pi
vibrational,46894.338512,,,8,51,,,,,,Cp3Pi
vibrational,47013.748241,,,8,52,,,,,,Cp3Pi
vibrational,47134.528696,,,8,53,,,,,,Cp3Pi
vibrational,47256.673822,,,8,54,,,,,,Cp3Pi
vibrational,47380.182592,,,8,55,,,,,,Cp3Pi
vibrational,47505.04982,,,8,56,,,,,,Cp3Pi
vibrational,47631.267357,,,8,57,,,,,,Cp3Pi
vibrational,47758.832229,,,8,58,,,,,,Cp3Pi
vibrational,47887.745015,,,8,59,,,,,,Cp3Pi
vibrational,48018.010543,,,8,60,,,,,,Cp3Pi
vibrational,48149.636548,,,8,61,,,,,,Cp3Pi
vibrational,48282.63603,,,8,62,,,,,,Cp3Pi
vibrational,48417.019058,,,8,63,,,,,,Cp3Pi
vibrational,48552.788484,,,8,64,,,,,,Cp3Pi
vibrational,48689.943542,,,8,65,,,,,,Cp3Pi
vibrational,48828.482017,,,8,66,,,,,,Cp3Pi
vibrational,48968.396951,,,8,67,,,,,,Cp3Pi
vibrational,49109.680252,,,8,68,,,,,,Cp3Pi
vibrational,49252.327304,,,8,69,,,,,,Cp3Pi
vibrational,49396.325811,,,8,70,,,,,,Cp3Pi
vibrational,49541.662027,,,8,71,,,,,,Cp3Pi
vibrational,49688.326587,,,8,72,,,,,,Cp3Pi
vibrational,49836.31107,,,8,73,,,,,,Cp3Pi
vibrational,49985.621897,,,8,74,,,,,,Cp3Pi
vibrational,50136.267418,,,8,75,,,,,,Cp3Pi
vibrational,50288.264778,,,8,76,,,,,,Cp3Pi
vibrational,50441.641625,,,8,77,,,,,,Cp3Pi
vibrational,50596.422993,,,8,78,,,,,,Cp3Pi
vibrational,50752.623624,,,8,79,,,,,,Cp3Pi
vibrational,50910.240895,,,8,80,,,,,,Cp3Pi
vibrational,51069.251849,,,8,81,,,,,,Cp3Pi
vibrational,51229.623644,,,8,82,,,,,,Cp3Pi
vibrational,51391.327665,,,8,83,,,,,,Cp3Pi
vibrational,51554.349493,,,8,84,,,,,,Cp3Pi
vibrational,51718.694219,,,8,85,,,,,,Cp3Pi
vibrational,51884.378583,,,8,86,,,,,,Cp3Pi
vibrational,52051.425744,,,8,87,,,,,,Cp3Pi
vibrational,52219.860841,,,8,88,,,,,,Cp3Pi
vibrational,52389.701863,,,8,89,,,,,,Cp3Pi
vibrational,52560.951619,,,8,90,,,,,,Cp3Pi
vibrational,52733.60124,,,8,91,,,,,,Cp3Pi
vibrational,52907.635922,,,8,92,,,,,,Cp3Pi
vibrational,53083.039892,,,8,93,,,,,,Cp3Pi
vibrational,53259.806571,,,8,94,,,,,,Cp3Pi
vibrational,53437.940055,,,8,95,,,,,,Cp3Pi
vibrational,53617.451841,,,8,96,,,,,,Cp3Pi
vibrational,53798.352518,,,8,97,,,,,,Cp3Pi
vibrational,53980.645984,,,8,98,,,,,,Cp3Pi
vibrational,54164.325322,,,8,99,,,,,,Cp3Pi
vibrational,54349.379514,,,8,100,,,,,,Cp3Pi
vibrational,54535.803224,,,8,101,,,,,,Cp3Pi
vibrational,54723.595035,,,8,102,,,,,,Cp3Pi
vibrational,54912.756374,,,8,103,,,,,,Cp3Pi
vibrational,55103.286665,,,8,104,,,,,,Cp3Pi
vibrational,55295.180732,,,8,105,,,,,,Cp3Pi
vibrational,55488.436749,,,8,106,,,,,,Cp3Pi
vibrational,55683.055457,,,8,107,,,,,,Cp3Pi
vibrational,55879.038828,,,8,108,,,,,,Cp3Pi
vibrational,56076.381776,,,8,109,,,,,,Cp3Pi
vibrational,56275.078702,,,8,110,,,,,,Cp3Pi
vibrational,56475.120606,,,8,111,,,,,,Cp3Pi
vibrational,56676.503537,,,8,112,,,,,,Cp3Pi
vibrational,56879.229557,,,8,113,,,,,,Cp3Pi
vibrational,57083.301457,,,8,114,,,,,,Cp3Pi
vibrational,57288.721039,,,8,115,,,,,,Cp3Pi
vibrational,57495.480805,,,8,116,,,,,,Cp3Pi
vibrational,57703.574204,,,8,117,,,,,,Cp3Pi
vibrational,57912.992117,,,8,118,,,,,,Cp3Pi
vibrational,58123.732657,,,8,119,,,,,,Cp3Pi
vibrational,58335.795728,,,8,120,,,,,,Cp3Pi
vibrational,58549.185242,,,8,121,,,,,,Cp3Pi
vibrational,58763.903604,,,8,122,,,,,,Cp3Pi
vibrational,58979.945552,,,8,123,,,,,,Cp3Pi
vibrational,59197.2981,,,8,124,,,,,,Cp3Pi
vibrational,59415.951787,,,8,125,,,,,,Cp3Pi
vibrational,59635.905577,,,8,126,,,,,,Cp3Pi
vibrational,59857.171179,,,8,127,,,,,,Cp3Pi
vibrational,60079.753349,,,8,128,,,,,,Cp3Pi
vibrational,60303.645563,,,8,129,,,,,,Cp3Pi
vibrational,60528.831394,,,8,130,,,,,,Cp3Pi
vibrational,60755.301765,,,8,131,,,,,,Cp3Pi
vibrational,60983.059516,,,8,132,,,,,,Cp3Pi
vibrational,61212.115071,,,8,133,,,,,,Cp3Pi
vibrational,61442.473797,,,8,134,,,,,,Cp3Pi
vibrational,61674.127656,,,8,135,,,,,,Cp3Pi
vibrational,61907.060797,,,8,136,,,,,,Cp3Pi
vibrational,62141.264468,,,8,137,,,,,,Cp3Pi
vibrational,62376.744746,,,8,138,,,,,,Cp3Pi
vibrational,62613.512921,,,8,139,,,,,,Cp3Pi
vibrational,62851.569598,,,8,140,,,,,,Cp3Pi
vibrational,63090.902667,,,8,141,,,,,,Cp3Pi
vibrational,63331.4992,,,8,142,,,,,,Cp3Pi
vibrational,63573.355944,,,8,143,,,,,,Cp3Pi
vibrational,63816.47823,,,8,144,,,,,,Cp3Pi
vibrational,64060.87207,,,8,145,,,,,,Cp3Pi
vibrational,64306.536817,,,8,146,,,,,,Cp3Pi
vibrational,64553.462497,,,8,147,,,,,,Cp3Pi
vibrational,64801.636324,,,8,148,,,,,,Cp3Pi
vibrational,65051.055242,,,8,149,,,,,,Cp3Pi
final,0,0,1,1,0,0,1,0,0,+,X3Sig-
final,1137.954335,0,2,1,1,0,1,0,0,+,X3Sig-
final,2263.196648,0,3,1,2,0,1,0,0,+,X3Sig-
final,3375.795308,0,4,1,3,0,1,0,0,+,X3Sig-
final,4475.796599,0,5,1,4,0,1,0,0,+,X3Sig-
final,5563.241305,0,6,1,5,0,1,0,0,+,X3Sig-
final,6638.10863,0,7,1,6,0,1,0,0,+,X3Sig-
final,7700.368546,0,8,1,7,0,1,0,0,+,X3Sig-
final,8750.048109,0,9,1,8,0,1,0,0,+,X3Sig-
final,9787.063469,0,10,1,9,0,1,0,0,+,X3Sig-
final,10477.412479,0,11,3,0,0,0,0,0,+,b1Sig+
final,10811.356086,0,12,1,10,0,1,0,0,+,X3Sig-
final,11531.642937,0,13,3,1,0,0,0,0,+,b1Sig+
final,11822.907673,0,14,1,11,0,1,0,0,+,X3Sig-
final,12571.438948,0,15,3,2,0,0,0,0,+,b1Sig+
final,12821.646434,0,16,1,12,0,1,0,0,+,X3Sig-
final,13596.721685,0,17,3,3,0,0,0,0,+,b1Sig+
final,13807.48696,0,18,1,13,0,1,0,0,+,X3Sig-
final,14607.403549,0,19,3,4,0,0,0,0,+,b1Sig+
final,14780.349454,0,20,1,14,0,1,0,0,+,X3Sig-
final,15603.3436,0,21,3,5,0,0,0,0,+,b1Sig+
final,15740.145625,0,22,1,15,0,1,0,0,+,X3Sig-
final,16584.438945,0,23,3,6,0,0,0,0,+,b1Sig+
final,16686.781718,0,24,1,16,0,1,0,0,+,X3Sig-
final,17550.593817,0,25,3,7,0,0,0,0,+,b1Sig+
final,17620.138858,0,26,1,17,0,1,0,0,+,X3Sig-
final,18501.640315,0,27,3,8,0,0,0,0,+,b1Sig+
final,18540.115016,0,28,1,18,0,1,0,0,+,X3Sig-
final,19437.486573,0,29,3,9,0,0,0,0,+,b1Sig+
final,19446.583065,0,30,1,19,0,1,0,0,+,X3Sig-
final,20339.415841,0,31,1,20,0,1,0,0,+,X3Sig-
final,20357.983144,0,32,3,10,0,0,0,0,+,b1Sig+
final,21218.479641,0,33,1,21,0,1,0,0,+,X3Sig-
final,21262.978693,0,34,3,11,0,0,0,0,+,b1Sig+
final,22083.632216,0,35,1,22,0,1,0,0,+,X3Sig-
final,22152.361852,0,36,3,12,0,0,0,0,+,b1Sig+
final,22934.727406,0,37,1,23,0,1,0,0,+,X3Sig-
final,23026.004352,0,38,3,13,0,0,0,0,+,b1Sig+
final,23771.604652,0,39,1,24,0,1,0,0,+,X3Sig-
final,23883.730947,0,40,3,14,0,0,0,0,+,b1Sig+
final,24594.107911,0,41,1,25,0,1,0,0,+,X3Sig-
final,24725.374902,0,42,3,15,0,0,0,0,+,b1Sig+
final,25402.054877,0,43,1,26,0,1,0,0,+,X3Sig-
final,25550.799618,0,44,3,16,0,0,0,0,+,b1Sig+
final,26195.283961,0,45,1,27,0,1,0,0,+,X3Sig-
final,26359.869564,0,46,3,17,0,0,0,0,+,b1Sig+
final,26973.609486,0,47,1,28,0,1,0,0,+,X3Sig-
final,27152.408224,0,48,3,18,0,0,0,0,+,b1Sig+
final,27736.853602,0,49,1,29,0,1,0,0,+,X3Sig-
final,27928.274685,0,50,3,19,0,0,0,0,+,b1Sig+
final,28484.818805,0,51,1,30,0,1,0,0,+,X3Sig-
final,28687.316388,0,52,3,20,0,0,0,0,+,b1Sig+
final,29217.329731,0,53,1,31,0,1,0,0,+,X3Sig-
final,29429.34001,0,54,3,21,0,0,0,0,+,b1Sig+
final,29934.204451,0,55,1,32,0,1,0,0,+,X3Sig-
final,30154.200051,0,56,3,22,0,0,0,0,+,b1Sig+
final,30635.306073,0,57,1,33,0,1,0,0,+,X3Sig-
final,30861.712893,0,58,3,23,0,0,0,0,+,b1Sig+
final,31320.487103,0,59,1,34,0,1,0,0,+,X3Sig-
final,31551.752429,0,60,3,24,0,0,0,0,+,b1Sig+
final,31989.492331,0,61,1,35,0,1,0,0,+,X3Sig-
final,32224.106768,0,62,3,25,0,0,0,0,+,b1Sig+
final,32641.853503,0,63,1,36,0,1,0,0,+,X3Sig-
final,32878.60698,0,64,3,26,0,0,0,0,+,b1Sig+
final,33277.06765,0,65,1,37,0,1,0,0,+,X3Sig-
final,33515.094378,0,66,3,27,0,0,0,0,+,b1Sig+
final,33895.082326,0,67,1,38,0,1,0,0,+,X3Sig-
final,34133.360527,0,68,3,28,0,0,0,0,+,b1Sig+
final,34496.179254,0,69,1,39,0,1,0,0,+,X3Sig-
final,34733.283683,0,70,3,29,0,0,0,0,+,b1Sig+
final,35080.031609,0,71,1,40,0,1,0,0,+,X3Sig-
final,35314.654704,0,72,3,30,0,0,0,0,+,b1Sig+
final,35645.645973,0,73,1,41,0,1,0,0,+,X3Sig-
final,35877.285409,0,74,3,31,0,0,0,0,+,b1Sig+
final,36192.875466,0,75,1,42,0,1,0,0,+,X3Sig-
final,36421.001928,0,76,3,32,0,0,0,0,+,b1Sig+
final,36722.13338,0,77,1,43,0,1,0,0,+,X3Sig-
final,36945.581039,0,78,3,33,0,0,0,0,+,b1Sig+
final,37232.631744,0,79,1,44,0,1,0,0,+,X3Sig-
final,37450.90317,0,80,3,34,0,0,0,0,+,b1Sig+
final,37723.738161,0,81,1,45,0,1,0,0,+,X3Sig-
final,37936.828937,0,82,3,35,0,0,0,0,+,b1Sig+
final,37939.472877,0,83,4,0,1,1,-1,0,+,A3Pi
final,38195.989397,0,84,1,46,0,1,0,0,+,X3Sig-
final,38358.674222,0,85,4,1,1,1,-1,0,+,A3Pi
final,38403.172034,0,86,3,36,0,0,0,0,+,b1Sig+
final,38648.644733,0,87,1,47,0,1,0,0,+,X3Sig-
final,38768.327552,0,88,4,2,1,1,-1,0,+,A3Pi
final,38849.763191,0,89,3,37,0,0,0,0,+,b1Sig+
final,39080.830872,0,90,1,48,0,1,0,0,+,X3Sig-
final,39174.390145,0,91,4,3,1,1,-1,0,+,A3Pi
final,39276.404637,0,92,3,38,0,0,0,0,+,b1Sig+
final,39493.218266,0,93,1,49,0,1,0,0,+,X3Sig-
final,39576.903982,0,94,4,4,1,1,-1,0,+,A3Pi
final,39682.951794,0,95,3,39,0,0,0,0,+,b1Sig+
final,39884.877417,0,96,1,50,0,1,0,0,+,X3Sig-
final,39975.641476,0,97,4,5,1,1,-1,0,+,A3Pi
final,40069.266019,0,98,3,40,0,0,0,0,+,b1Sig+
final,40254.861116,0,99,1,51,0,1,0,0,+,X3Sig-
final,40369.805407,0,100,4,6,1,1,-1,0,+,A3Pi
final,40435.196415,0,101,3,41,0,0,0,0,+,b1Sig+
final,40604.082036,0,102,1,52,0,1,0,0,+,X3Sig-
final,40757.78146,0,103,4,7,1,1,-1,0,+,A3Pi
final,40780.626868,0,104,3,42,0,0,0,0,+,b1Sig+
final,40931.132297,0,105,1,53,0,1,0,0,+,X3Sig-
final,41105.412702,0,106,3,43,0,0,0,0,+,b1Sig+
final,41137.651991,0,107,4,8,1,1,-1,0,+,A3Pi
final,41235.11315,0,108,1,54,0,1,0,0,+,X3Sig-
final,41376.812934,0,109,5,0,0,1,0,0,+,B3Sigma-
final,41409.466468,0,110,3,44,0,0,0,0,+,b1Sig+
final,41507.073896,0,111,4,9,1,1,-1,0,+,A3Pi
final,41517.47182,0,112,1,55,0,1,0,0,+,X3Sig-
final,41692.630332,0,113,3,45,0,0,0,0,+,b1Sig+
final,41776.22358,0,114,1,56,0,1,0,0,+,X3Sig-
final,41863.270841,0,115,4,10,1,1,-1,0,+,A3Pi
final,41954.690277,0,116,3,46,0,0,0,0,+,b1Sig+
final,41997.231442,0,117,5,1,0,1,0,0,+,B3Sigma-
final,42015.241563,0,118,1,57,0,1,0,0,+,X3Sig-
final,42195.441501,0,119,3,47,0,0,0,0,+,b1Sig+
final,42203.004026,0,120,4,11,1,1,-1,0,+,A3Pi
final,42408.628807,0,121,3,48,0,0,0,0,+,b1Sig+
final,42522.355785,0,122,4,12,1,1,-1,0,+,A3Pi
final,42547.742463,0,123,3,49,0,0,0,0,+,b1Sig+
final,42607.813477,0,124,5,2,0,1,0,0,+,B3Sigma-
final,42701.274116,0,125,3,50,0,0,0,0,+,b1Sig+
final,42816.172677,0,126,4,13,1,1,-1,0,+,A3Pi
final,42829.453141,0,127,3,51,0,0,0,0,+,b1Sig+
final,42938.734954,0,128,3,52,0,0,0,0,+,b1Sig+
final,43020.352425,0,129,3,53,0,0,0,0,+,b1Sig+
final,43075.989316,0,130,3,54,0,0,0,0,+,b1Sig+
final,43077.421729,0,131,4,14,1,1,-1,0,+,A3Pi
final,43116.547249,0,132,3,55,0,0,0,0,+,b1Sig+
final,43151.543084,0,133,3,56,0,0,0,0,+,b1Sig+
final,43173.180865,0,134,3,57,0,0,0,0,+,b1Sig+
final,43208.593675,0,135,5,3,0,1,0,0,+,B3Sigma-
final,43263.590253,0,136,4,15,1,1,-1,0,+,A3Pi
final,43271.362418,0,137,4,16,1,1,-1,0,+,A3Pi
final,43280.979575,0,138,8,0,1,1,-1,0,+,Cp3Pi
final,43283.015036,0,139,4,17,1,1,-1,0,+,A3Pi
final,43295.466122,0,140,4,18,1,1,-1,0,+,A3Pi
final,43299.249611,0,141,4,19,1,1,-1,0,+,A3Pi
final,43303.773937,0,142,8,1,1,1,-1,0,+,Cp3Pi
final,43316.198326,0,143,8,2,1,1,-1,0,+,Cp3Pi
final,43321.263627,0,144,4,20,1,1,-1,0,+,A3Pi
final,43323.788195,0,145,8,3,1,1,-1,0,+,Cp3Pi
final,43332.603027,0,146,8,4,1,1,-1,0,+,Cp3Pi
final,43346.706989,0,147,4,21,1,1,-1,0,+,A3Pi
final,43350.474854,0,148,8,5,1,1,-1,0,+,Cp3Pi
final,43365.428515,0,149,8,6,1,1,-1,0,+,Cp3Pi
final,43376.254284,0,150,4,22,1,1,-1,0,+,A3Pi
final,43394.02707,0,151,8,7,1,1,-1,0,+,Cp3Pi
final,43407.623475,0,152,4,23,1,1,-1,0,+,A3Pi
final,43426.819508,0,153,8,8,1,1,-1,0,+,Cp3Pi
final,43440.474113,0,154,4,24,1,1,-1,0,+,A3Pi
final,43454.580549,0,155,4,25,1,1,-1,0,+,A3Pi
final,43460.753893,0,156,8,9,1,1,-1,0,+,Cp3Pi
final,43475.33843,0,157,4,26,1,1,-1,0,+,A3Pi
final,43500.991574,0,158,8,10,1,1,-1,0,+,Cp3Pi
final,43508.817624,0,159,4,27,1,1,-1,0,+,A3Pi
final,43538.253001,0,160,4,28,1,1,-1,0,+,A3Pi
final,43544.099818,0,161,8,11,1,1,-1,0,+,Cp3Pi
final,43566.103602,0,162,4,29,1,1,-1,0,+,A3Pi
final,43588.43628,0,163,8,12,1,1,-1,0,+,Cp3Pi
final,43598.684895,0,164,4,30,1,1,-1,0,+,A3Pi
final,43634.278087,0,165,4,31,1,1,-1,0,+,A3Pi
final,43636.357628,0,166,8,13,1,1,-1,0,+,Cp3Pi
final,43672.29127,0,167,4,32,1,1,-1,0,+,A3Pi
final,43687.28535,0,168,8,14,1,1,-1,0,+,Cp3Pi
final,43712.133119,0,169,4,33,1,1,-1,0,+,A3Pi
final,43740.264422,0,170,8,15,1,1,-1,0,+,Cp3Pi
final,43753.991887,0,171,4,34,1,1,-1,0,+,A3Pi
final,43795.252663,0,172,8,16,1,1,-1,0,+,Cp3Pi
final,43797.93406,0,173,4,35,1,1,-1,0,+,A3Pi
final,43799.76926,0,174,5,4,0,1,0,0,+,B3Sigma-
final,43843.574015,0,175,4,36,1,1,-1,0,+,A3Pi
final,43853.365013,0,176,8,17,1,1,-1,0,+,Cp3Pi
final,43891.279276,0,177,4,37,1,1,-1,0,+,A3Pi
final,43913.953357,0,178,8,18,1,1,-1,0,+,Cp3Pi
final,43940.861586,0,179,4,38,1,1,-1,0,+,A3Pi
final,43976.596545,0,180,8,19,1,1,-1,0,+,Cp3Pi
final,43992.304606,0,181,4,39,1,1,-1,0,+,A3Pi
final,44041.147864,0,182,8,20,1,1,-1,0,+,Cp3Pi
final,44045.593355,0,183,4,40,1,1,-1,0,+,A3Pi
final,44100.505098,0,184,4,41,1,1,-1,0,+,A3Pi
final,44108.259471,0,185,8,21,1,1,-1,0,+,Cp3Pi
final,44157.342784,0,186,4,42,1,1,-1,0,+,A3Pi
final,44177.471993,0,187,8,22,1,1,-1,0,+,Cp3Pi
final,44215.918889,0,188,4,43,1,1,-1,0,+,A3Pi
final,44248.673693,0,189,8,23,1,1,-1,0,+,Cp3Pi
final,44276.2404,0,190,4,44,1,1,-1,0,+,A3Pi
final,44321.899614,0,191,8,24,1,1,-1,0,+,Cp3Pi
final,44338.292491,0,192,4,45,1,1,-1,0,+,A3Pi
final,44341.952781,0,193,6,0,1,1,-1,0,+,C3Pi
final,44387.810642,0,194,5,5,0,1,0,0,+,B3Sigma-
final,44397.156377,0,195,8,25,1,1,-1,0,+,Cp3Pi
final,44402.097452,0,196,4,46,1,1,-1,0,+,A3Pi
final,44467.424101,0,197,4,47,1,1,-1,0,+,A3Pi
final,44474.659315,0,198,8,26,1,1,-1,0,+,Cp3Pi
final,44534.573454,0,199,4,48,1,1,-1,0,+,A3Pi
final,44553.89587,0,200,8,27,1,1,-1,0,+,Cp3Pi
final,44603.373125,0,201,4,49,1,1,-1,0,+,A3Pi
final,44634.967887,0,202,8,28,1,1,-1,0,+,Cp3Pi
final,44673.81869,0,203,4,50,1,1,-1,0,+,A3Pi
final,44717.961797,0,204,8,29,1,1,-1,0,+,Cp3Pi
final,44745.917542,0,205,4,51,1,1,-1,0,+,A3Pi
final,44802.939822,0,206,8,30,1,1,-1,0,+,Cp3Pi
final,44819.757368,0,207,4,52,1,1,-1,0,+,A3Pi
final,44889.679185,0,208,8,31,1,1,-1,0,+,Cp3Pi
final,44895.461201,0,209,4,53,1,1,-1,0,+,A3Pi
final,44952.683195,0,210,5,6,0,1,0,0,+,B3Sigma-
final,44973.269637,0,211,4,54,1,1,-1,0,+,A3Pi
final,44978.241607,0,212,8,32,1,1,-1,0,+,Cp3Pi
final,45043.817648,0,213,6,1,1,1,-1,0,+,C3Pi
final,45053.53863,0,214,4,55,1,1,-1,0,+,A3Pi
final,45068.42779,0,215,8,33,1,1,-1,0,+,Cp3Pi
final,45138.134923,0,216,4,56,1,1,-1,0,+,A3Pi
final,45160.454834,0,217,8,34,1,1,-1,0,+,Cp3Pi
final,45224.271913,0,218,4,57,1,1,-1,0,+,A3Pi
final,45254.229504,0,219,8,35,1,1,-1,0,+,Cp3Pi
final,45349.654827,0,220,8,36,1,1,-1,0,+,Cp3Pi
final,45446.675035,0,221,8,37,1,1,-1,0,+,Cp3Pi
final,45521.994524,0,222,5,7,0,1,0,0,+,B3Sigma-
final,45545.36877,0,223,8,38,1,1,-1,0,+,Cp3Pi
final,45645.734037,0,224,8,39,1,1,-1,0,+,Cp3Pi
final,45717.389581,0,225,6,2,1,1,-1,0,+,C3Pi
final,45747.684561,0,226,8,40,1,1,-1,0,+,Cp3Pi
final,45851.155095,0,227,8,41,1,1,-1,0,+,Cp3Pi
final,45956.143542,0,228,8,42,1,1,-1,0,+,Cp3Pi
final,46062.702968,0,229,8,43,1,1,-1,0,+,Cp3Pi
final,46080.470181,0,230,5,8,0,1,0,0,+,B3Sigma-
final,46170.796811,0,231,8,44,1,1,-1,0,+,Cp3Pi
final,46280.352909,0,232,8,45,1,1,-1,0,+,Cp3Pi
final,46375.0793,0,233,6,3,1,1,-1,0,+,C3Pi
final,46391.346953,0,234,8,46,1,1,-1,0,+,Cp3Pi
final,46503.801969,0,235,8,47,1,1,-1,0,+,Cp3Pi
final,46617.591623,0,236,5,9,0,1,0,0,+,B3Sigma-
final,46628.283441,0,237,6,4,1,1,-1,0,+,C3Pi
final,46733.074533,0,238,8,48,1,1,-1,0,+,Cp3Pi
final,46849.743485,0,239,8,49,1,1,-1,0,+,Cp3Pi
final,46967.754337,0,240,8,50,1,1,-1,0,+,Cp3Pi
final,47015.086796,0,241,5,10,0,1,0,0,+,B3Sigma-
final,47086.959901,0,242,8,51,1,1,-1,0,+,Cp3Pi
final,47163.758951,0,243,8,52,1,1,-1,0,+,Cp3Pi
final,47209.038333,0,244,8,53,1,1,-1,0,+,Cp3Pi
final,47330.546937,0,245,8,54,1,1,-1,0,+,Cp3Pi
final,47453.777491,0,246,8,55,1,1,-1,0,+,Cp3Pi
final,47577.976405,0,247,5,11,0,1,0,0,+,B3Sigma-
final,47633.10534,0,248,6,5,1,1,-1,0,+,C3Pi
final,47687.373343,0,249,8,56,1,1,-1,0,+,Cp3Pi
final,47710.891282,0,250,8,57,1,1,-1,0,+,Cp3Pi
final,47833.246534,0,251,8,58,1,1,-1,0,+,Cp3Pi
final,47961.432936,0,252,8,59,1,1,-1,0,+,Cp3Pi
final,48091.029611,0,253,8,60,1,1,-1,0,+,Cp3Pi
final,48193.527765,0,254,5,12,0,1,0,0,+,B3Sigma-
final,48221.690061,0,255,6,6,1,1,-1,0,+,C3Pi
final,48236.716063,0,256,5,13,0,1,0,0,+,B3Sigma-
final,48353.914743,0,257,8,61,1,1,-1,0,+,Cp3Pi
final,48486.553043,0,258,8,62,1,1,-1,0,+,Cp3Pi
final,48618.972389,0,259,8,63,1,1,-1,0,+,Cp3Pi
final,48697.067492,0,260,8,64,1,1,-1,0,+,Cp3Pi
final,48745.651273,0,261,6,7,1,1,-1,0,+,C3Pi
final,48792.241584,0,262,8,65,1,1,-1,0,+,Cp3Pi
final,48897.699888,0,263,6,8,1,1,-1,0,+,C3Pi
final,49029.921066,0,264,8,66,1,1,-1,0,+,Cp3Pi
final,49158.927702,0,265,8,67,1,1,-1,0,+,Cp3Pi
final,49181.067913,0,266,5,14,0,1,0,0,+,B3Sigma-
final,49272.727882,0,267,8,68,1,1,-1,0,+,Cp3Pi
final,49366.698585,0,268,8,69,1,1,-1,0,+,Cp3Pi
final,49481.790774,0,269,8,70,1,1,-1,0,+,Cp3Pi
final,49611.432061,0,270,6,9,1,1,-1,0,+,C3Pi
final,49641.89779,0,271,5,15,0,1,0,0,+,B3Sigma-
final,49746.049008,0,272,8,71,1,1,-1,0,+,Cp3Pi
final,49868.491022,0,273,8,72,1,1,-1,0,+,Cp3Pi
final,49975.751291,0,274,8,73,1,1,-1,0,+,Cp3Pi
final,50056.287834,0,275,5,16,0,1,0,0,+,B3Sigma-
final,50094.308477,0,276,8,74,1,1,-1,0,+,Cp3Pi
final,50228.608676,0,277,8,75,1,1,-1,0,+,Cp3Pi
final,50366.762345,0,278,6,10,1,1,-1,0,+,C3Pi
final,50375.322857,0,279,5,17,0,1,0,0,+,B3Sigma-
final,50400.252629,0,280,8,76,1,1,-1,0,+,Cp3Pi
final,50521.913943,0,281,6,11,1,1,-1,0,+,C3Pi
final,50591.89574,0,282,5,18,0,1,0,0,+,B3Sigma-
final,50669.588192,0,283,8,77,1,1,-1,0,+,Cp3Pi
final,50794.540064,0,284,5,19,0,1,0,0,+,B3Sigma-
final,50812.696937,0,285,8,78,1,1,-1,0,+,Cp3Pi
final,50905.349503,0,286,8,79,1,1,-1,0,+,Cp3Pi
final,50992.527236,0,287,5,20,0,1,0,0,+,B3Sigma-
final,50998.331524,0,288,6,12,1,1,-1,0,+,C3Pi
final,51134.938804,0,289,8,80,1,1,-1,0,+,Cp3Pi
final,51188.220586,0,290,5,21,0,1,0,0,+,B3Sigma-
final,51258.20291,0,291,8,81,1,1,-1,0,+,Cp3Pi
final,51349.201285,0,292,8,82,1,1,-1,0,+,Cp3Pi
final,51372.263112,0,293,5,22,0,1,0,0,+,B3Sigma-
final,51480.873589,0,294,8,83,1,1,-1,0,+,Cp3Pi
final,51545.018668,0,295,5,23,0,1,0,0,+,B3Sigma-
final,51625.359329,0,296,6,13,1,1,-1,0,+,C3Pi
final,51692.593193,0,297,8,84,1,1,-1,0,+,Cp3Pi
final,51704.819543,0,298,5,24,0,1,0,0,+,B3Sigma-
final,51805.981156,0,299,8,85,1,1,-1,0,+,Cp3Pi
final,51850.145737,0,300,5,25,0,1,0,0,+,B3Sigma-
final,51964.202232,0,301,5,26,0,1,0,0,+,B3Sigma-
final,51981.472539,0,302,8,86,1,1,-1,0,+,Cp3Pi
final,52072.614937,0,303,6,14,1,1,-1,0,+,C3Pi
final,52096.118668,0,304,5,27,0,1,0,0,+,B3Sigma-
final,52129.176743,0,305,8,87,1,1,-1,0,+,Cp3Pi
final,52195.983033,0,306,5,28,0,1,0,0,+,B3Sigma-
final,52277.559019,0,307,5,29,0,1,0,0,+,B3Sigma-
final,52293.930483,0,308,6,15,1,1,-1,0,+,C3Pi
final,52341.56023,0,309,5,30,0,1,0,0,+,B3Sigma-
final,52386.862399,0,310,5,31,0,1,0,0,+,B3Sigma-
final,52411.186817,0,311,8,88,1,1,-1,0,+,Cp3Pi
final,52417.783249,0,312,5,32,0,1,0,0,+,B3Sigma-
final,52438.193147,0,313,5,33,0,1,0,0,+,B3Sigma-
final,52456.221132,0,314,5,34,0,1,0,0,+,B3Sigma-
final,52463.546024,0,315,6,16,1,1,-1,0,+,C3Pi
final,52479.425899,0,316,5,35,0,1,0,0,+,B3Sigma-
final,52506.698832,0,317,5,36,0,1,0,0,+,B3Sigma-
final,52537.948211,0,318,5,37,0,1,0,0,+,B3Sigma-
final,52572.705029,0,319,5,38,0,1,0,0,+,B3Sigma-
final,52610.49816,0,320,5,39,0,1,0,0,+,B3Sigma-
final,52623.696232,0,321,8,89,1,1,-1,0,+,Cp3Pi
final,52652.080816,0,322,5,40,0,1,0,0,+,B3Sigma-
final,52667.763791,0,323,8,90,1,1,-1,0,+,Cp3Pi
final,52695.9756,0,324,5,41,0,1,0,0,+,B3Sigma-
final,52698.983806,0,325,6,17,1,1,-1,0,+,C3Pi
final,52702.198266,0,326,6,18,1,1,-1,0,+,C3Pi
final,52710.116038,0,327,6,19,1,1,-1,0,+,C3Pi
final,52719.822585,0,328,6,20,1,1,-1,0,+,C3Pi
final,52732.345035,0,329,6,21,1,1,-1,0,+,C3Pi
final,52742.686873,0,330,5,42,0,1,0,0,+,B3Sigma-
final,52747.453839,0,331,6,22,1,1,-1,0,+,C3Pi
final,52764.737152,0,332,6,23,1,1,-1,0,+,C3Pi
final,52783.207725,0,333,6,24,1,1,-1,0,+,C3Pi
final,52791.936676,0,334,5,43,0,1,0,0,+,B3Sigma-
final,52798.740767,0,335,6,25,1,1,-1,0,+,C3Pi
final,52812.290865,0,336,6,26,1,1,-1,0,+,C3Pi
final,52834.581259,0,337,6,27,1,1,-1,0,+,C3Pi
final,52844.369837,0,338,5,44,0,1,0,0,+,B3Sigma-
final,52860.657068,0,339,6,28,1,1,-1,0,+,C3Pi
final,52888.991149,0,340,8,91,1,1,-1,0,+,Cp3Pi
final,52898.829464,0,341,5,45,0,1,0,0,+,B3Sigma-
final,52919.158908,0,342,6,29,1,1,-1,0,+,C3Pi
final,52949.503596,0,343,6,30,1,1,-1,0,+,C3Pi
final,52955.722245,0,344,5,46,0,1,0,0,+,B3Sigma-
final,52973.349869,0,345,6,31,1,1,-1,0,+,C3Pi
final,52995.612826,0,346,6,32,1,1,-1,0,+,C3Pi
final,53015.281199,0,347,5,47,0,1,0,0,+,B3Sigma-
final,53029.383973,0,348,6,33,1,1,-1,0,+,C3Pi
final,53066.989709,0,349,8,92,1,1,-1,0,+,Cp3Pi
final,53076.913549,0,350,5,48,0,1,0,0,+,B3Sigma-
final,53106.002716,0,351,6,34,1,1,-1,0,+,C3Pi
final,53139.373147,0,352,5,49,0,1,0,0,+,B3Sigma-
final,53142.037118,0,353,6,35,1,1,-1,0,+,C3Pi
final,53165.675275,0,354,6,36,1,1,-1,0,+,C3Pi
final,53202.343419,0,355,5,50,0,1,0,0,+,B3Sigma-
final,53207.112697,0,356,6,37,1,1,-1,0,+,C3Pi
final,53246.565086,0,357,6,38,1,1,-1,0,+,C3Pi
final,53275.161319,0,358,5,51,0,1,0,0,+,B3Sigma-
final,53291.805664,0,359,6,39,1,1,-1,0,+,C3Pi
final,53327.543681,0,360,8,93,1,1,-1,0,+,Cp3Pi
final,53346.299739,0,361,5,52,0,1,0,0,+,B3Sigma-
final,53357.891222,0,362,6,40,1,1,-1,0,+,C3Pi
final,53403.578406,0,363,6,41,1,1,-1,0,+,C3Pi
final,53418.746143,0,364,5,53,0,1,0,0,+,B3Sigma-
final,53454.476437,0,365,6,42,1,1,-1,0,+,C3Pi
final,53493.190004,0,366,5,54,0,1,0,0,+,B3Sigma-
final,53500.667074,0,367,8,94,1,1,-1,0,+,Cp3Pi
final,53530.150136,0,368,6,43,1,1,-1,0,+,C3Pi
final,53570.279936,0,369,5,55,0,1,0,0,+,B3Sigma-
final,53576.916306,0,370,8,95,1,1,-1,0,+,Cp3Pi
final,53633.156008,0,371,6,44,1,1,-1,0,+,C3Pi
final,53649.018552,0,372,5,56,0,1,0,0,+,B3Sigma-
final,53684.030592,0,373,6,45,1,1,-1,0,+,C3Pi
final,53712.910838,0,374,6,46,1,1,-1,0,+,C3Pi
final,53730.06504,0,375,5,57,0,1,0,0,+,B3Sigma-
final,53765.680554,0,376,8,96,1,1,-1,0,+,Cp3Pi
final,53812.492712,0,377,5,58,0,1,0,0,+,B3Sigma-
final,53828.171089,0,378,6,47,1,1,-1,0,+,C3Pi
final,53875.219883,0,379,6,48,1,1,-1,0,+,C3Pi
final,53897.842168,0,380,5,59,0,1,0,0,+,B3Sigma-
final,53906.983358,0,381,8,97,1,1,-1,0,+,Cp3Pi
final,53970.181759,0,382,6,49,1,1,-1,0,+,C3Pi
final,53985.020845,0,383,5,60,0,1,0,0,+,B3Sigma-
final,54037.090291,0,384,6,50,1,1,-1,0,+,C3Pi
final,54066.883245,0,385,6,51,1,1,-1,0,+,C3Pi
final,54073.54778,0,386,5,61,0,1,0,0,+,B3Sigma-
final,54119.421472,0,387,8,98,1,1,-1,0,+,Cp3Pi
final,54164.078053,0,388,5,62,0,1,0,0,+,B3Sigma-
final,54192.641772,0,389,6,52,1,1,-1,0,+,C3Pi
final,54243.466953,0,390,6,53,1,1,-1,0,+,C3Pi
final,54256.5009,0,391,5,63,0,1,0,0,+,B3Sigma-
final,54275.592987,0,392,8,99,1,1,-1,0,+,Cp3Pi
final,54350.557753,0,393,5,64,0,1,0,0,+,B3Sigma-
final,54352.676153,0,394,6,54,1,1,-1,0,+,C3Pi
final,54423.619698,0,395,6,55,1,1,-1,0,+,C3Pi
final,54439.610883,0,396,5,65,0,1,0,0,+,B3Sigma-
final,54447.335795,0,397,6,56,1,1,-1,0,+,C3Pi
final,54518.438522,0,398,6,57,1,1,-1,0,+,C3Pi
final,54544.993313,0,399,5,66,0,1,0,0,+,B3Sigma-
final,54601.464105,0,400,6,58,1,1,-1,0,+,C3Pi
final,54615.735282,0,401,8,100,1,1,-1,0,+,Cp3Pi
final,54645.002245,0,402,5,67,0,1,0,0,+,B3Sigma-
final,54691.352634,0,403,6,59,1,1,-1,0,+,C3Pi
final,54746.45842,0,404,5,68,0,1,0,0,+,B3Sigma-
final,54780.012754,0,405,8,101,1,1,-1,0,+,Cp3Pi
final,54799.828508,0,406,8,102,1,1,-1,0,+,Cp3Pi
final,54849.696749,0,407,5,69,0,1,0,0,+,B3Sigma-
final,54871.773513,0,408,6,60,1,1,-1,0,+,C3Pi
final,54953.371205,0,409,5,70,0,1,0,0,+,B3Sigma-
final,54965.959086,0,410,6,61,1,1,-1,0,+,C3Pi
final,54986.827539,0,411,8,103,1,1,-1,0,+,Cp3Pi
final,55054.109929,0,412,6,62,1,1,-1,0,+,C3Pi
final,55066.796027,0,413,5,71,0,1,0,0,+,B3Sigma-
final,55151.629858,0,414,6,63,1,1,-1,0,+,C3Pi
final,55173.004236,0,415,5,72,0,1,0,0,+,B3Sigma-
final,55176.794397,0,416,6,64,1,1,-1,0,+,C3Pi
final,55249.91195,0,417,6,65,1,1,-1,0,+,C3Pi
final,55284.436914,0,418,5,73,0,1,0,0,+,B3Sigma-
final,55348.522904,0,419,6,66,1,1,-1,0,+,C3Pi
final,55366.632743,0,420,8,104,1,1,-1,0,+,Cp3Pi
final,55396.852502,0,421,5,74,0,1,0,0,+,B3Sigma-
final,55450.707182,0,422,5,75,0,1,0,0,+,B3Sigma-
final,55510.7666,0,423,6,67,1,1,-1,0,+,C3Pi
final,55548.586802,0,424,6,68,1,1,-1,0,+,C3Pi
final,55562.554835,0,425,8,105,1,1,-1,0,+,Cp3Pi
final,55626.723454,0,426,5,76,0,1,0,0,+,B3Sigma-
final,55657.827994,0,427,6,69,1,1,-1,0,+,C3Pi
final,55742.31929,0,428,5,77,0,1,0,0,+,B3Sigma-
final,55748.523865,0,429,8,106,1,1,-1,0,+,Cp3Pi
final,55768.789342,0,430,6,70,1,1,-1,0,+,C3Pi
final,55862.423096,0,431,5,78,0,1,0,0,+,B3Sigma-
final,55872.117004,0,432,8,107,1,1,-1,0,+,Cp3Pi
final,55943.656927,0,433,6,71,1,1,-1,0,+,C3Pi
final,55981.079289,0,434,5,79,0,1,0,0,+,B3Sigma-
final,55988.042646,0,435,6,72,1,1,-1,0,+,C3Pi
final,56087.651879,0,436,6,73,1,1,-1,0,+,C3Pi
final,56109.026138,0,437,5,80,0,1,0,0,+,B3Sigma-
final,56143.471265,0,438,8,108,1,1,-1,0,+,Cp3Pi
final,56204.877239,0,439,6,74,1,1,-1,0,+,C3Pi
final,56233.320968,0,440,5,81,0,1,0,0,+,B3Sigma-
final,56309.62422,0,441,8,109,1,1,-1,0,+,Cp3Pi
final,56347.752658,0,442,6,75,1,1,-1,0,+,C3Pi
final,56359.452744,0,443,5,82,0,1,0,0,+,B3Sigma-
final,56432.758855,0,444,8,110,1,1,-1,0,+,Cp3Pi
final,56487.089292,0,445,5,83,0,1,0,0,+,B3Sigma-
final,56528.58689,0,446,6,76,1,1,-1,0,+,C3Pi
final,56563.259229,0,447,6,77,1,1,-1,0,+,C3Pi
final,56616.510449,0,448,5,84,0,1,0,0,+,B3Sigma-
final,56665.797642,0,449,8,111,1,1,-1,0,+,Cp3Pi
final,56740.144047,0,450,6,78,1,1,-1,0,+,C3Pi
final,56748.122946,0,451,5,85,0,1,0,0,+,B3Sigma-
final,56794.167761,0,452,8,112,1,1,-1,0,+,Cp3Pi
final,56879.586513,0,453,5,86,0,1,0,0,+,B3Sigma-
final,56902.979401,0,454,6,79,1,1,-1,0,+,C3Pi
final,56953.247608,0,455,6,80,1,1,-1,0,+,C3Pi
final,57013.478959,0,456,5,87,0,1,0,0,+,B3Sigma-
final,57035.872276,0,457,8,113,1,1,-1,0,+,Cp3Pi
final,57133.546197,0,458,6,81,1,1,-1,0,+,C3Pi
final,57151.880737,0,459,5,88,0,1,0,0,+,B3Sigma-
final,57176.701254,0,460,6,82,1,1,-1,0,+,C3Pi
final,57275.515036,0,461,5,89,0,1,0,0,+,B3Sigma-
final,57294.073653,0,462,8,114,1,1,-1,0,+,Cp3Pi
final,57357.205908,0,463,6,83,1,1,-1,0,+,C3Pi
final,57412.269347,0,464,5,90,0,1,0,0,+,B3Sigma-
final,57433.584451,0,465,6,84,1,1,-1,0,+,C3Pi
final,57527.583504,0,466,6,85,1,1,-1,0,+,C3Pi
final,57568.692201,0,467,5,91,0,1,0,0,+,B3Sigma-
final,57580.5831,0,468,8,115,1,1,-1,0,+,Cp3Pi
final,57668.43534,0,469,8,116,1,1,-1,0,+,Cp3Pi
final,57715.191119,0,470,5,92,0,1,0,0,+,B3Sigma-
final,57767.842751,0,471,6,86,1,1,-1,0,+,C3Pi
final,57811.856866,0,472,5,93,0,1,0,0,+,B3Sigma-
final,57859.795394,0,473,6,87,1,1,-1,0,+,C3Pi
final,57929.819338,0,474,6,88,1,1,-1,0,+,C3Pi
final,57989.692749,0,475,8,117,1,1,-1,0,+,Cp3Pi
final,58006.664626,0,476,5,94,0,1,0,0,+,B3Sigma-
final,58072.824388,0,477,6,89,1,1,-1,0,+,C3Pi
final,58152.426711,0,478,5,95,0,1,0,0,+,B3Sigma-
final,58185.463056,0,479,8,118,1,1,-1,0,+,Cp3Pi
final,58223.119541,0,480,8,119,1,1,-1,0,+,Cp3Pi
final,58301.893351,0,481,5,96,0,1,0,0,+,B3Sigma-
final,58344.244546,0,482,6,90,1,1,-1,0,+,C3Pi
final,58412.610675,0,483,6,91,1,1,-1,0,+,C3Pi
final,58452.938425,0,484,5,97,0,1,0,0,+,B3Sigma-
final,58490.386933,0,485,8,120,1,1,-1,0,+,Cp3Pi
final,58602.569275,0,486,5,98,0,1,0,0,+,B3Sigma-
final,58613.472645,0,487,6,92,1,1,-1,0,+,C3Pi
final,58645.008716,0,488,8,121,1,1,-1,0,+,Cp3Pi
final,58757.768666,0,489,5,99,0,1,0,0,+,B3Sigma-
final,58772.814947,0,490,6,93,1,1,-1,0,+,C3Pi
final,58841.068643,0,491,6,94,1,1,-1,0,+,C3Pi
final,58912.885517,0,492,5,100,0,1,0,0,+,B3Sigma-
final,58922.851737,0,493,8,122,1,1,-1,0,+,Cp3Pi
final,59045.255113,0,494,6,95,1,1,-1,0,+,C3Pi
final,59071.612103,0,495,5,101,0,1,0,0,+,B3Sigma-
final,59077.721048,0,496,8,123,1,1,-1,0,+,Cp3Pi
final,59211.535564,0,497,6,96,1,1,-1,0,+,C3Pi
final,59231.495641,0,498,5,102,0,1,0,0,+,B3Sigma-
final,59274.762651,0,499,6,97,1,1,-1,0,+,C3Pi
final,59365.163406,0,500,5,103,0,1,0,0,+,B3Sigma-
final,59391.303474,0,501,6,98,1,1,-1,0,+,C3Pi
final,59487.051485,0,502,8,124,1,1,-1,0,+,Cp3Pi
final,59521.354293,0,503,6,99,1,1,-1,0,+,C3Pi
final,59552.861666,0,504,5,104,0,1,0,0,+,B3Sigma-
final,59667.303298,0,505,8,125,1,1,-1,0,+,Cp3Pi
final,59713.049776,0,506,5,105,0,1,0,0,+,B3Sigma-
final,59716.372013,0,507,6,100,1,1,-1,0,+,C3Pi
final,59824.792482,0,508,6,101,1,1,-1,0,+,C3Pi
final,59880.775791,0,509,5,106,0,1,0,0,+,B3Sigma-
final,59930.833268,0,510,8,126,1,1,-1,0,+,Cp3Pi
final,59982.835684,0,511,8,127,1,1,-1,0,+,Cp3Pi
final,60047.122661,0,512,5,107,0,1,0,0,+,B3Sigma-
final,60135.452552,0,513,6,102,1,1,-1,0,+,C3Pi
final,60157.805151,0,514,8,128,1,1,-1,0,+,Cp3Pi
final,60215.021564,0,515,5,108,0,1,0,0,+,B3Sigma-
final,60298.537421,0,516,6,103,1,1,-1,0,+,C3Pi
final,60377.030054,0,517,5,109,0,1,0,0,+,B3Sigma-
final,60384.768809,0,518,6,104,1,1,-1,0,+,C3Pi
final,60460.340521,0,519,6,105,1,1,-1,0,+,C3Pi
final,60555.246492,0,520,5,110,0,1,0,0,+,B3Sigma-
final,60600.47364,0,521,8,129,1,1,-1,0,+,Cp3Pi
final,60624.205669,0,522,8,130,1,1,-1,0,+,Cp3Pi
final,60727.710152,0,523,5,111,0,1,0,0,+,B3Sigma-
final,60786.314919,0,524,6,106,1,1,-1,0,+,C3Pi
final,60828.24927,0,525,8,131,1,1,-1,0,+,Cp3Pi
final,60901.651849,0,526,5,112,0,1,0,0,+,B3Sigma-
final,60952.516368,0,527,6,107,1,1,-1,0,+,C3Pi
final,61054.721222,0,528,5,113,0,1,0,0,+,B3Sigma-
final,61077.156466,0,529,6,108,1,1,-1,0,+,C3Pi
final,61119.943003,0,530,6,109,1,1,-1,0,+,C3Pi
final,61253.599481,0,531,5,114,0,1,0,0,+,B3Sigma-
final,61282.50708,0,532,8,132,1,1,-1,0,+,Cp3Pi
final,61289.770092,0,533,8,133,1,1,-1,0,+,Cp3Pi
final,61431.794761,0,534,5,115,0,1,0,0,+,B3Sigma-
final,61459.238418,0,535,6,110,1,1,-1,0,+,C3Pi
final,61513.303194,0,536,6,111,1,1,-1,0,+,C3Pi
final,61611.016116,0,537,5,116,0,1,0,0,+,B3Sigma-
final,61631.813437,0,538,6,112,1,1,-1,0,+,C3Pi
final,61744.252072,0,539,8,134,1,1,-1,0,+,Cp3Pi
final,61790.827092,0,540,5,117,0,1,0,0,+,B3Sigma-
final,61806.815233,0,541,6,113,1,1,-1,0,+,C3Pi
final,61968.94699,0,542,5,118,0,1,0,0,+,B3Sigma-
final,61977.585256,0,543,8,135,1,1,-1,0,+,Cp3Pi
final,61985.440382,0,544,6,114,1,1,-1,0,+,C3Pi
final,62148.358312,0,545,5,119,0,1,0,0,+,B3Sigma-
final,62167.236647,0,546,6,115,1,1,-1,0,+,C3Pi
final,62210.690149,0,547,8,136,1,1,-1,0,+,Cp3Pi
final,62327.153407,0,548,5,120,0,1,0,0,+,B3Sigma-
final,62352.172881,0,549,6,116,1,1,-1,0,+,C3Pi
final,62445.410688,0,550,8,137,1,1,-1,0,+,Cp3Pi
final,62506.944735,0,551,5,121,0,1,0,0,+,B3Sigma-
final,62539.162323,0,552,6,117,1,1,-1,0,+,C3Pi
final,62679.139119,0,553,8,138,1,1,-1,0,+,Cp3Pi
final,62690.255941,0,554,5,122,0,1,0,0,+,B3Sigma-
final,62727.938662,0,555,6,118,1,1,-1,0,+,C3Pi
final,62869.242022,0,556,5,123,0,1,0,0,+,B3Sigma-
final,62916.56269,0,557,8,139,1,1,-1,0,+,Cp3Pi
final,62921.639517,0,558,6,119,1,1,-1,0,+,C3Pi
final,63053.271656,0,559,6,120,1,1,-1,0,+,C3Pi
final,63109.922191,0,560,5,124,0,1,0,0,+,B3Sigma-
final,63158.52848,0,561,8,140,1,1,-1,0,+,Cp3Pi
final,63238.733919,0,562,5,125,0,1,0,0,+,B3Sigma-
final,63303.399706,0,563,6,121,1,1,-1,0,+,C3Pi
final,63397.178789,0,564,8,141,1,1,-1,0,+,Cp3Pi
final,63426.609163,0,565,5,126,0,1,0,0,+,B3Sigma-
final,63498.364394,0,566,6,122,1,1,-1,0,+,C3Pi
final,63610.724571,0,567,8,142,1,1,-1,0,+,Cp3Pi
final,63642.215582,0,568,6,123,1,1,-1,0,+,C3Pi
final,63694.856747,0,569,5,127,0,1,0,0,+,B3Sigma-
final,63801.368818,0,570,5,128,0,1,0,0,+,B3Sigma-
final,63882.69837,0,571,8,143,1,1,-1,0,+,Cp3Pi
final,63893.48804,0,572,6,124,1,1,-1,0,+,C3Pi
final,63992.778261,0,573,6,125,1,1,-1,0,+,C3Pi
final,64091.697402,0,574,5,129,0,1,0,0,+,B3Sigma-
final,64126.75023,0,575,8,144,1,1,-1,0,+,Cp3Pi
final,64186.165691,0,576,5,130,0,1,0,0,+,B3Sigma-
final,64292.673901,0,577,6,126,1,1,-1,0,+,C3Pi
final,64365.77782,0,578,8,145,1,1,-1,0,+,Cp3Pi
final,64386.237481,0,579,5,131,0,1,0,0,+,B3Sigma-
final,64495.025203,0,580,6,127,1,1,-1,0,+,C3Pi
final,64572.451271,0,581,8,146,1,1,-1,0,+,Cp3Pi
final,64621.467398,0,582,6,128,1,1,-1,0,+,C3Pi
final,64698.866209,0,583,5,132,0,1,0,0,+,B3Sigma-
final,64770.709627,0,584,5,133,0,1,0,0,+,B3Sigma-
final,64867.608905,0,585,8,147,1,1,-1,0,+,Cp3Pi
final,64904.322042,0,586,6,129,1,1,-1,0,+,C3Pi
final,64969.814873,0,587,5,134,0,1,0,0,+,B3Sigma-
final,65108.35448,0,588,8,148,1,1,-1,0,+,Cp3Pi
final,65117.659883,0,589,6,130,1,1,-1,0,+,C3Pi
final,65170.906508,0,590,5,135,0,1,0,0,+,B3Sigma-
final,65318.78093,0,591,6,131,1,1,-1,0,+,C3Pi
final,65368.413516,0,592,5,136,0,1,0,0,+,B3Sigma-
final,65528.181474,0,593,6,132,1,1,-1,0,+,C3Pi
final,65569.251286,0,594,5,137,0,1,0,0,+,B3Sigma-
final,65738.995518,0,595,6,133,1,1,-1,0,+,C3Pi
final,65772.064509,0,596,5,138,0,1,0,0,+,B3Sigma-
final,65951.139873,0,597,6,134,1,1,-1,0,+,C3Pi
final,65976.910257,0,598,5,139,0,1,0,0,+,B3Sigma-
final,66164.49871,0,599,6,135,1,1,-1,0,+,C3Pi
final,66183.782656,0,600,5,140,0,1,0,0,+,B3Sigma-
final,66378.751796,0,601,6,136,1,1,-1,0,+,C3Pi
final,66392.768192,0,602,6,137,1,1,-1,0,+,C3Pi
final,66593.0696,0,603,5,141,0,1,0,0,+,B3Sigma-
final,66604.495858,0,604,6,138,1,1,-1,0,+,C3Pi
final,66806.533811,0,605,5,142,0,1,0,0,+,B3Sigma-
final,66819.822383,0,606,6,139,1,1,-1,0,+,C3Pi
final,67019.806318,0,607,5,143,0,1,0,0,+,B3Sigma-
final,67038.225788,0,608,6,140,1,1,-1,0,+,C3Pi
final,67233.908179,0,609,5,144,0,1,0,0,+,B3Sigma-
final,67258.809096,0,610,6,141,1,1,-1,0,+,C3Pi
final,67449.271006,0,611,5,145,0,1,0,0,+,B3Sigma-
final,67481.032931,0,612,6,142,1,1,-1,0,+,C3Pi
final,67665.993597,0,613,5,146,0,1,0,0,+,B3Sigma-
final,67704.719339,0,614,6,143,1,1,-1,0,+,C3Pi
final,67884.068292,0,615,5,147,0,1,0,0,+,B3Sigma-
final,67930.109687,0,616,6,144,1,1,-1,0,+,C3Pi
final,68103.469802,0,617,5,148,0,1,0,0,+,B3Sigma-
final,68157.007495,0,618,6,145,1,1,-1,0,+,C3Pi
final,68324.681492,0,619,6,146,1,1,-1,0,+,C3Pi
final,68385.084099,0,620,5,149,0,1,0,0,+,B3Sigma-
final,68546.927027,0,621,6,147,1,1,-1,0,+,C3Pi
final,68768.626335,0,622,6,148,1,1,-1,0,+,C3Pi
final,68988.81279,0,623,6,149,1,1,-1,0,+,C3Pi
final,69215.328574,0,624,6,150,1,1,-1,0,+,C3Pi
final,37941.613532,0,1,4,0,-1,1,1,0,-,A3Pi
final,38360.84065,0,2,4,1,-1,1,1,0,-,A3Pi
final,38770.558918,0,3,4,2,-1,1,1,0,-,A3Pi
final,39176.616539,0,4,4,3,-1,1,1,0,-,A3Pi
final,39579.10245,0,5,4,4,-1,1,1,0,-,A3Pi
final,39977.801819,0,6,4,5,-1,1,1,0,-,A3Pi
final,40371.920426,0,7,4,6,-1,1,1,0,-,A3Pi
final,40759.837056,0,8,4,7,-1,1,1,0,-,A3Pi
final,41139.649542,0,9,4,8,-1,1,1,0,-,A3Pi
final,41509.028822,0,10,4,9,-1,1,1,0,-,A3Pi
final,41865.187483,0,11,4,10,-1,1,1,0,-,A3Pi
final,42204.878934,0,12,4,11,-1,1,1,0,-,A3Pi
final,42524.198557,0,13,4,12,-1,1,1,0,-,A3Pi
final,42817.986241,0,14,4,13,-1,1,1,0,-,A3Pi
final,43079.229318,0,15,4,14,-1,1,1,0,-,A3Pi
final,43223.499954,0,16,8,0,-1,1,1,0,-,Cp3Pi
final,43245.924506,0,17,8,1,-1,1,1,0,-,Cp3Pi
final,43256.943984,0,18,8,2,-1,1,1,0,-,Cp3Pi
final,43264.910676,0,19,4,15,-1,1,1,0,-,A3Pi
final,43273.114492,0,20,8,3,-1,1,1,0,-,Cp3Pi
final,43273.501017,0,21,4,16,-1,1,1,0,-,A3Pi
final,43283.525893,0,22,4,17,-1,1,1,0,-,A3Pi
final,43294.033776,0,23,8,4,-1,1,1,0,-,Cp3Pi
final,43297.327521,0,24,4,18,-1,1,1,0,-,A3Pi
final,43301.325953,0,25,4,19,-1,1,1,0,-,A3Pi
final,43318.87101,0,26,8,5,-1,1,1,0,-,Cp3Pi
final,43323.319106,0,27,4,20,-1,1,1,0,-,A3Pi
final,43347.379876,0,28,8,6,-1,1,1,0,-,Cp3Pi
final,43348.478056,0,29,4,21,-1,1,1,0,-,A3Pi
final,43376.869209,0,30,4,22,-1,1,1,0,-,A3Pi
final,43378.987504,0,31,8,7,-1,1,1,0,-,Cp3Pi
final,43408.25877,0,32,4,23,-1,1,1,0,-,A3Pi
final,43413.859867,0,33,8,8,-1,1,1,0,-,Cp3Pi
final,43441.251021,0,34,4,24,-1,1,1,0,-,A3Pi
final,43451.67747,0,35,8,9,-1,1,1,0,-,Cp3Pi
final,43456.539596,0,36,4,25,-1,1,1,0,-,A3Pi
final,43476.129624,0,37,4,26,-1,1,1,0,-,A3Pi
final,43492.368697,0,38,8,10,-1,1,1,0,-,Cp3Pi
final,43509.6973,0,39,4,27,-1,1,1,0,-,A3Pi
final,43535.764284,0,40,8,11,-1,1,1,0,-,Cp3Pi
final,43539.521521,0,41,4,28,-1,1,1,0,-,A3Pi
final,43567.288542,0,42,4,29,-1,1,1,0,-,A3Pi
final,43581.842601,0,43,8,12,-1,1,1,0,-,Cp3Pi
final,43599.71953,0,44,4,30,-1,1,1,0,-,A3Pi
final,43630.454189,0,45,8,13,-1,1,1,0,-,Cp3Pi
final,43635.540123,0,46,4,31,-1,1,1,0,-,A3Pi
final,43673.389429,0,47,4,32,-1,1,1,0,-,A3Pi
final,43681.634587,0,48,8,14,-1,1,1,0,-,Cp3Pi
final,43713.20576,0,49,4,33,-1,1,1,0,-,A3Pi
final,43735.22069,0,50,8,15,-1,1,1,0,-,Cp3Pi
final,43755.065463,0,51,4,34,-1,1,1,0,-,A3Pi
final,43791.228505,0,52,8,16,-1,1,1,0,-,Cp3Pi
final,43798.914985,0,53,4,35,-1,1,1,0,-,A3Pi
final,43844.683709,0,54,4,36,-1,1,1,0,-,A3Pi
final,43849.59068,0,55,8,17,-1,1,1,0,-,Cp3Pi
final,43892.380691,0,56,4,37,-1,1,1,0,-,A3Pi
final,43910.232061,0,57,8,18,-1,1,1,0,-,Cp3Pi
final,43941.953872,0,58,4,38,-1,1,1,0,-,A3Pi
final,43973.131813,0,59,8,19,-1,1,1,0,-,Cp3Pi
final,43993.378525,0,60,4,39,-1,1,1,0,-,A3Pi
final,44038.171122,0,61,8,20,-1,1,1,0,-,Cp3Pi
final,44046.617632,0,62,4,40,-1,1,1,0,-,A3Pi
final,44101.64493,0,63,4,41,-1,1,1,0,-,A3Pi
final,44105.437863,0,64,8,21,-1,1,1,0,-,Cp3Pi
final,44158.45562,0,65,4,42,-1,1,1,0,-,A3Pi
final,44174.772526,0,66,8,22,-1,1,1,0,-,Cp3Pi
final,44217.026722,0,67,4,43,-1,1,1,0,-,A3Pi
final,44246.169931,0,68,8,23,-1,1,1,0,-,Cp3Pi
final,44277.347103,0,69,4,44,-1,1,1,0,-,A3Pi
final,44319.660253,0,70,8,24,-1,1,1,0,-,Cp3Pi
final,44339.393349,0,71,4,45,-1,1,1,0,-,A3Pi
final,44342.400878,0,72,6,0,-1,1,1,0,-,C3Pi
final,44395.107232,0,73,8,25,-1,1,1,0,-,Cp3Pi
final,44403.144353,0,74,4,46,-1,1,1,0,-,A3Pi
final,44468.579395,0,75,4,47,-1,1,1,0,-,A3Pi
final,44472.556206,0,76,8,26,-1,1,1,0,-,Cp3Pi
final,44535.705674,0,77,4,48,-1,1,1,0,-,A3Pi
final,44551.928071,0,78,8,27,-1,1,1,0,-,Cp3Pi
final,44604.498063,0,79,4,49,-1,1,1,0,-,A3Pi
final,44633.20482,0,80,8,28,-1,1,1,0,-,Cp3Pi
final,44674.942869,0,81,4,50,-1,1,1,0,-,A3Pi
final,44716.346285,0,82,8,29,-1,1,1,0,-,Cp3Pi
final,44747.041532,0,83,4,51,-1,1,1,0,-,A3Pi
final,44801.359181,0,84,8,30,-1,1,1,0,-,Cp3Pi
final,44820.872757,0,85,4,52,-1,1,1,0,-,A3Pi
final,44888.15694,0,86,8,31,-1,1,1,0,-,Cp3Pi
final,44896.546804,0,87,4,53,-1,1,1,0,-,A3Pi
final,44974.444276,0,88,4,54,-1,1,1,0,-,A3Pi
final,44976.750522,0,89,8,32,-1,1,1,0,-,Cp3Pi
final,45034.846084,0,90,6,1,-1,1,1,0,-,C3Pi
final,45054.682023,0,91,4,55,-1,1,1,0,-,A3Pi
final,45067.106175,0,92,8,33,-1,1,1,0,-,Cp3Pi
final,45139.258193,0,93,4,56,-1,1,1,0,-,A3Pi
final,45159.192823,0,94,8,34,-1,1,1,0,-,Cp3Pi
final,45225.227946,0,95,4,57,-1,1,1,0,-,A3Pi
final,45252.972734,0,96,8,35,-1,1,1,0,-,Cp3Pi
final,45348.453675,0,97,8,36,-1,1,1,0,-,Cp3Pi
final,45445.579834,0,98,8,37,-1,1,1,0,-,Cp3Pi
final,45544.351588,0,99,8,38,-1,1,1,0,-,Cp3Pi
final,45644.733005,0,100,8,39,-1,1,1,0,-,Cp3Pi
final,45712.717914,0,101,6,2,-1,1,1,0,-,C3Pi
final,45746.699777,0,102,8,40,-1,1,1,0,-,Cp3Pi
final,45850.234764,0,103,8,41,-1,1,1,0,-,Cp3Pi
final,45955.300725,0,104,8,42,-1,1,1,0,-,Cp3Pi
final,46061.898005,0,105,8,43,-1,1,1,0,-,Cp3Pi
final,46170.003991,0,106,8,44,-1,1,1,0,-,Cp3Pi
final,46279.600666,0,107,8,45,-1,1,1,0,-,Cp3Pi
final,46373.371664,0,108,6,3,-1,1,1,0,-,C3Pi
final,46390.665681,0,109,8,46,-1,1,1,0,-,Cp3Pi
final,46503.182657,0,110,8,47,-1,1,1,0,-,Cp3Pi
final,46617.136058,0,111,8,48,-1,1,1,0,-,Cp3Pi
final,46732.504561,0,112,8,49,-1,1,1,0,-,Cp3Pi
final,46849.27082,0,113,8,50,-1,1,1,0,-,Cp3Pi
final,46967.423314,0,114,8,51,-1,1,1,0,-,Cp3Pi
final,47015.747484,0,115,6,4,-1,1,1,0,-,C3Pi
final,47086.947195,0,116,8,52,-1,1,1,0,-,Cp3Pi
final,47207.81907,0,117,8,53,-1,1,1,0,-,Cp3Pi
final,47330.024999,0,118,8,54,-1,1,1,0,-,Cp3Pi
final,47453.556502,0,119,8,55,-1,1,1,0,-,Cp3Pi
final,47578.396581,0,120,8,56,-1,1,1,0,-,Cp3Pi
final,47637.082905,0,121,6,5,-1,1,1,0,-,C3Pi
final,47704.521636,0,122,8,57,-1,1,1,0,-,Cp3Pi
final,47831.902596,0,123,8,58,-1,1,1,0,-,Cp3Pi
final,47960.508839,0,124,8,59,-1,1,1,0,-,Cp3Pi
final,48090.284496,0,125,8,60,-1,1,1,0,-,Cp3Pi
final,48220.190812,0,126,8,61,-1,1,1,0,-,Cp3Pi
final,48231.359549,0,127,6,6,-1,1,1,0,-,C3Pi
final,48353.416853,0,128,8,62,-1,1,1,0,-,Cp3Pi
final,48486.204644,0,129,8,63,-1,1,1,0,-,Cp3Pi
final,48619.109346,0,130,8,64,-1,1,1,0,-,Cp3Pi
final,48743.728472,0,131,8,65,-1,1,1,0,-,Cp3Pi
final,48791.426589,0,132,6,7,-1,1,1,0,-,C3Pi
final,48897.121312,0,133,8,66,-1,1,1,0,-,Cp3Pi
final,49029.508115,0,134,8,67,-1,1,1,0,-,Cp3Pi
final,49159.127829,0,135,8,68,-1,1,1,0,-,Cp3Pi
final,49271.94971,0,136,8,69,-1,1,1,0,-,Cp3Pi
final,49365.653434,0,137,6,8,-1,1,1,0,-,C3Pi
final,49481.080719,0,138,8,70,-1,1,1,0,-,Cp3Pi
final,49612.292042,0,139,8,71,-1,1,1,0,-,Cp3Pi
final,49744.84233,0,140,8,72,-1,1,1,0,-,Cp3Pi
final,49867.873837,0,141,8,73,-1,1,1,0,-,Cp3Pi
final,49976.012882,0,142,6,9,-1,1,1,0,-,C3Pi
final,50093.502128,0,143,8,74,-1,1,1,0,-,Cp3Pi
final,50228.303082,0,144,8,75,-1,1,1,0,-,Cp3Pi
final,50366.180415,0,145,8,76,-1,1,1,0,-,Cp3Pi
final,50398.87301,0,146,6,10,-1,1,1,0,-,C3Pi
final,50521.719864,0,147,8,77,-1,1,1,0,-,Cp3Pi
final,50669.305483,0,148,8,78,-1,1,1,0,-,Cp3Pi
final,50812.223578,0,149,8,79,-1,1,1,0,-,Cp3Pi
final,50904.516045,0,150,6,11,-1,1,1,0,-,C3Pi
final,50995.169337,0,151,8,80,-1,1,1,0,-,Cp3Pi
final,51134.667309,0,152,8,81,-1,1,1,0,-,Cp3Pi
final,51257.534047,0,153,8,82,-1,1,1,0,-,Cp3Pi
final,51349.016379,0,154,6,12,-1,1,1,0,-,C3Pi
final,51480.618932,0,155,8,83,-1,1,1,0,-,Cp3Pi
final,51624.925378,0,156,8,84,-1,1,1,0,-,Cp3Pi
final,51691.889606,0,157,6,13,-1,1,1,0,-,C3Pi
final,51805.833974,0,158,8,85,-1,1,1,0,-,Cp3Pi
final,51964.594179,0,159,8,86,-1,1,1,0,-,Cp3Pi
final,52071.353984,0,160,6,14,-1,1,1,0,-,C3Pi
final,52128.656458,0,161,8,87,-1,1,1,0,-,Cp3Pi
final,52293.236607,0,162,8,88,-1,1,1,0,-,Cp3Pi
final,52409.801793,0,163,6,15,-1,1,1,0,-,C3Pi
final,52463.01116,0,164,8,89,-1,1,1,0,-,Cp3Pi
final,52622.905287,0,165,8,90,-1,1,1,0,-,Cp3Pi
final,52665.256184,0,166,6,16,-1,1,1,0,-,C3Pi
final,52685.626078,0,167,6,17,-1,1,1,0,-,C3Pi
final,52690.477344,0,168,6,18,-1,1,1,0,-,C3Pi
final,52698.017438,0,169,6,19,-1,1,1,0,-,C3Pi
final,52708.255635,0,170,6,20,-1,1,1,0,-,C3Pi
final,52721.0852,0,171,6,21,-1,1,1,0,-,C3Pi
final,52736.381826,0,172,6,22,-1,1,1,0,-,C3Pi
final,52753.964652,0,173,6,23,-1,1,1,0,-,C3Pi
final,52773.387385,0,174,6,24,-1,1,1,0,-,C3Pi
final,52792.091145,0,175,6,25,-1,1,1,0,-,C3Pi
final,52804.758527,0,176,8,91,-1,1,1,0,-,Cp3Pi
final,52824.616415,0,177,6,26,-1,1,1,0,-,C3Pi
final,52850.3906,0,178,6,27,-1,1,1,0,-,C3Pi
final,52878.801432,0,179,6,28,-1,1,1,0,-,C3Pi
final,52909.164227,0,180,6,29,-1,1,1,0,-,C3Pi
final,52940.493731,0,181,6,30,-1,1,1,0,-,C3Pi
final,52967.422862,0,182,6,31,-1,1,1,0,-,C3Pi
final,52987.872244,0,183,8,92,-1,1,1,0,-,Cp3Pi
final,53019.776306,0,184,6,32,-1,1,1,0,-,C3Pi
final,53057.341386,0,185,6,33,-1,1,1,0,-,C3Pi
final,53096.704853,0,186,6,34,-1,1,1,0,-,C3Pi
final,53133.689584,0,187,6,35,-1,1,1,0,-,C3Pi
final,53159.409051,0,188,8,93,-1,1,1,0,-,Cp3Pi
final,53193.402556,0,189,6,36,-1,1,1,0,-,C3Pi
final,53237.121535,0,190,6,37,-1,1,1,0,-,C3Pi
final,53282.730483,0,191,6,38,-1,1,1,0,-,C3Pi
final,53322.099853,0,192,6,39,-1,1,1,0,-,C3Pi
final,53350.796418,0,193,8,94,-1,1,1,0,-,Cp3Pi
final,53394.593662,0,194,6,40,-1,1,1,0,-,C3Pi
final,53445.451414,0,195,6,41,-1,1,1,0,-,C3Pi
final,53493.700031,0,196,6,42,-1,1,1,0,-,C3Pi
final,53524.491906,0,197,8,95,-1,1,1,0,-,Cp3Pi
final,53568.015938,0,198,6,43,-1,1,1,0,-,C3Pi
final,53623.99079,0,199,6,44,-1,1,1,0,-,C3Pi
final,53677.449425,0,200,6,45,-1,1,1,0,-,C3Pi
final,53707.587893,0,201,8,96,-1,1,1,0,-,Cp3Pi
final,53756.479515,0,202,6,46,-1,1,1,0,-,C3Pi
final,53818.588988,0,203,6,47,-1,1,1,0,-,C3Pi
final,53871.283621,0,204,8,97,-1,1,1,0,-,Cp3Pi
final,53899.470057,0,205,6,48,-1,1,1,0,-,C3Pi
final,53961.174475,0,206,6,49,-1,1,1,0,-,C3Pi
final,54028.885105,0,207,6,50,-1,1,1,0,-,C3Pi
final,54064.135294,0,208,8,98,-1,1,1,0,-,Cp3Pi
final,54110.208708,0,209,6,51,-1,1,1,0,-,C3Pi
final,54183.159339,0,210,6,52,-1,1,1,0,-,C3Pi
final,54241.27316,0,211,8,99,-1,1,1,0,-,Cp3Pi
final,54266.957601,0,212,6,53,-1,1,1,0,-,C3Pi
final,54342.559351,0,213,6,54,-1,1,1,0,-,C3Pi
final,54418.424345,0,214,6,55,-1,1,1,0,-,C3Pi
final,54434.529458,0,215,8,100,-1,1,1,0,-,Cp3Pi
final,54508.481167,0,216,6,56,-1,1,1,0,-,C3Pi
final,54592.132512,0,217,6,57,-1,1,1,0,-,C3Pi
final,54614.449486,0,218,8,101,-1,1,1,0,-,Cp3Pi
final,54680.957204,0,219,6,58,-1,1,1,0,-,C3Pi
final,54769.296447,0,220,6,59,-1,1,1,0,-,C3Pi
final,54799.409582,0,221,8,102,-1,1,1,0,-,Cp3Pi
final,54860.450935,0,222,6,60,-1,1,1,0,-,C3Pi
final,54952.88121,0,223,6,61,-1,1,1,0,-,C3Pi
final,54986.529779,0,224,8,103,-1,1,1,0,-,Cp3Pi
final,55047.126013,0,225,6,62,-1,1,1,0,-,C3Pi
final,55142.98164,0,226,6,63,-1,1,1,0,-,C3Pi
final,55175.347487,0,227,8,104,-1,1,1,0,-,Cp3Pi
final,55240.7403,0,228,6,64,-1,1,1,0,-,C3Pi
final,55339.35088,0,229,6,65,-1,1,1,0,-,C3Pi
final,55366.115122,0,230,8,105,-1,1,1,0,-,Cp3Pi
final,55441.100117,0,231,6,66,-1,1,1,0,-,C3Pi
final,55540.847447,0,232,6,67,-1,1,1,0,-,C3Pi
final,55560.057583,0,233,8,106,-1,1,1,0,-,Cp3Pi
final,55647.906529,0,234,6,68,-1,1,1,0,-,C3Pi
final,55742.989799,0,235,8,107,-1,1,1,0,-,Cp3Pi
final,55761.742819,0,236,6,69,-1,1,1,0,-,C3Pi
final,55860.779938,0,237,6,70,-1,1,1,0,-,C3Pi
final,55942.163104,0,238,8,108,-1,1,1,0,-,Cp3Pi
final,55974.886299,0,239,6,71,-1,1,1,0,-,C3Pi
final,56079.140025,0,240,6,72,-1,1,1,0,-,C3Pi
final,56142.046212,0,241,8,109,-1,1,1,0,-,Cp3Pi
final,56196.064639,0,242,6,73,-1,1,1,0,-,C3Pi
final,56301.621459,0,243,6,74,-1,1,1,0,-,C3Pi
final,56345.48109,0,244,8,110,-1,1,1,0,-,Cp3Pi
final,56423.456234,0,245,6,75,-1,1,1,0,-,C3Pi
final,56523.526461,0,246,6,76,-1,1,1,0,-,C3Pi
final,56557.541674,0,247,8,111,-1,1,1,0,-,Cp3Pi
final,56656.23612,0,248,6,77,-1,1,1,0,-,C3Pi
final,56738.194727,0,249,8,112,-1,1,1,0,-,Cp3Pi
final,56785.204928,0,250,6,78,-1,1,1,0,-,C3Pi
final,56893.143922,0,251,6,79,-1,1,1,0,-,C3Pi
final,56950.627174,0,252,8,113,-1,1,1,0,-,Cp3Pi
final,57024.457966,0,253,6,80,-1,1,1,0,-,C3Pi
final,57129.38656,0,254,6,81,-1,1,1,0,-,C3Pi
final,57169.887324,0,255,8,114,-1,1,1,0,-,Cp3Pi
final,57270.717512,0,256,6,82,-1,1,1,0,-,C3Pi
final,57354.602802,0,257,8,115,-1,1,1,0,-,Cp3Pi
final,57407.850078,0,258,6,83,-1,1,1,0,-,C3Pi
final,57521.066465,0,259,6,84,-1,1,1,0,-,C3Pi
final,57574.254704,0,260,8,116,-1,1,1,0,-,Cp3Pi
final,57661.179238,0,261,6,85,-1,1,1,0,-,C3Pi
final,57764.249546,0,262,8,117,-1,1,1,0,-,Cp3Pi
final,57806.43042,0,263,6,86,-1,1,1,0,-,C3Pi
final,57922.178482,0,264,6,87,-1,1,1,0,-,C3Pi
final,57989.185851,0,265,8,118,-1,1,1,0,-,Cp3Pi
final,58064.946366,0,266,6,88,-1,1,1,0,-,C3Pi
final,58180.585777,0,267,8,119,-1,1,1,0,-,Cp3Pi
final,58218.249375,0,268,6,89,-1,1,1,0,-,C3Pi
final,58335.884263,0,269,6,90,-1,1,1,0,-,C3Pi
final,58411.492141,0,270,8,120,-1,1,1,0,-,Cp3Pi
final,58481.977558,0,271,6,91,-1,1,1,0,-,C3Pi
final,58606.228004,0,272,6,92,-1,1,1,0,-,C3Pi
final,58640.299499,0,273,8,121,-1,1,1,0,-,Cp3Pi
final,58763.102927,0,274,6,93,-1,1,1,0,-,C3Pi
final,58840.016779,0,275,8,122,-1,1,1,0,-,Cp3Pi
final,58912.510087,0,276,6,94,-1,1,1,0,-,C3Pi
final,59042.179631,0,277,8,123,-1,1,1,0,-,Cp3Pi
final,59071.303808,0,278,6,95,-1,1,1,0,-,C3Pi
final,59204.202325,0,279,6,96,-1,1,1,0,-,C3Pi
final,59273.821014,0,280,8,124,-1,1,1,0,-,Cp3Pi
final,59357.113069,0,281,6,97,-1,1,1,0,-,C3Pi
final,59485.347058,0,282,8,125,-1,1,1,0,-,Cp3Pi
final,59514.092007,0,283,6,98,-1,1,1,0,-,C3Pi
final,59659.231768,0,284,6,99,-1,1,1,0,-,C3Pi
final,59712.367694,0,285,8,126,-1,1,1,0,-,Cp3Pi
final,59816.126376,0,286,6,100,-1,1,1,0,-,C3Pi
final,59930.113077,0,287,8,127,-1,1,1,0,-,Cp3Pi
final,59974.155167,0,288,6,101,-1,1,1,0,-,C3Pi
final,60127.809187,0,289,6,102,-1,1,1,0,-,C3Pi
final,60156.053758,0,290,8,128,-1,1,1,0,-,Cp3Pi
final,60289.535182,0,291,6,103,-1,1,1,0,-,C3Pi
final,60376.89594,0,292,8,129,-1,1,1,0,-,Cp3Pi
final,60451.135172,0,293,6,104,-1,1,1,0,-,C3Pi
final,60599.438625,0,294,8,130,-1,1,1,0,-,Cp3Pi
final,60615.425,0,295,6,105,-1,1,1,0,-,C3Pi
final,60776.988449,0,296,6,106,-1,1,1,0,-,C3Pi
final,60827.69781,0,297,8,131,-1,1,1,0,-,Cp3Pi
final,60942.837692,0,298,6,107,-1,1,1,0,-,C3Pi
final,61054.507898,0,299,8,132,-1,1,1,0,-,Cp3Pi
final,61109.964612,0,300,6,108,-1,1,1,0,-,C3Pi
final,61277.755491,0,301,6,109,-1,1,1,0,-,C3Pi
final,61283.676849,0,302,8,133,-1,1,1,0,-,Cp3Pi
final,61448.408905,0,303,6,110,-1,1,1,0,-,C3Pi
final,61512.864241,0,304,8,134,-1,1,1,0,-,Cp3Pi
final,61619.967271,0,305,6,111,-1,1,1,0,-,C3Pi
final,61743.973983,0,306,8,135,-1,1,1,0,-,Cp3Pi
final,61793.020233,0,307,6,112,-1,1,1,0,-,C3Pi
final,61967.285924,0,308,6,113,-1,1,1,0,-,C3Pi
final,61976.656003,0,309,8,136,-1,1,1,0,-,Cp3Pi
final,62143.448225,0,310,6,114,-1,1,1,0,-,C3Pi
final,62210.166139,0,311,8,137,-1,1,1,0,-,Cp3Pi
final,62320.941659,0,312,6,115,-1,1,1,0,-,C3Pi
final,62444.982956,0,313,8,138,-1,1,1,0,-,Cp3Pi
final,62500.044334,0,314,6,116,-1,1,1,0,-,C3Pi
final,62676.270365,0,315,6,117,-1,1,1,0,-,C3Pi
final,62685.472624,0,316,8,139,-1,1,1,0,-,Cp3Pi
final,62861.750974,0,317,6,118,-1,1,1,0,-,C3Pi
final,62919.504094,0,318,8,140,-1,1,1,0,-,Cp3Pi
final,63045.517543,0,319,6,119,-1,1,1,0,-,C3Pi
final,63157.915815,0,320,8,141,-1,1,1,0,-,Cp3Pi
final,63230.851197,0,321,6,120,-1,1,1,0,-,C3Pi
final,63396.085897,0,322,8,142,-1,1,1,0,-,Cp3Pi
final,63419.181963,0,323,6,121,-1,1,1,0,-,C3Pi
final,63602.9412,0,324,6,122,-1,1,1,0,-,C3Pi
final,63641.461865,0,325,8,143,-1,1,1,0,-,Cp3Pi
final,63793.179386,0,326,6,123,-1,1,1,0,-,C3Pi
final,63882.974221,0,327,8,144,-1,1,1,0,-,Cp3Pi
final,63984.504813,0,328,6,124,-1,1,1,0,-,C3Pi
final,64125.719177,0,329,8,145,-1,1,1,0,-,Cp3Pi
final,64178.008301,0,330,6,125,-1,1,1,0,-,C3Pi
final,64361.394435,0,331,6,126,-1,1,1,0,-,C3Pi
final,64381.538161,0,332,8,146,-1,1,1,0,-,Cp3Pi
final,64564.116127,0,333,6,127,-1,1,1,0,-,C3Pi
final,64620.747912,0,334,8,147,-1,1,1,0,-,Cp3Pi
final,64762.142876,0,335,6,128,-1,1,1,0,-,C3Pi
final,64867.229499,0,336,8,148,-1,1,1,0,-,Cp3Pi
final,64961.22958,0,337,6,129,-1,1,1,0,-,C3Pi
final,65114.184991,0,338,8,149,-1,1,1,0,-,Cp3Pi
final,65162.65356,0,339,6,130,-1,1,1,0,-,C3Pi
final,65359.391159,0,340,6,131,-1,1,1,0,-,C3Pi
final,65559.978961,0,341,6,132,-1,1,1,0,-,C3Pi
final,65762.531014,0,342,6,133,-1,1,1,0,-,C3Pi
final,65967.038402,0,343,6,134,-1,1,1,0,-,C3Pi
final,66173.366034,0,344,6,135,-1,1,1,0,-,C3Pi
final,66381.268513,0,345,6,136,-1,1,1,0,-,C3Pi
final,66590.539094,0,346,6,137,-1,1,1,0,-,C3Pi
final,66801.118026,0,347,6,138,-1,1,1,0,-,C3Pi
final,67013.086553,0,348,6,139,-1,1,1,0,-,C3Pi
final,67226.562411,0,349,6,140,-1,1,1,0,-,C3Pi
final,67441.586287,0,350,6,141,-1,1,1,0,-,C3Pi
final,67658.098916,0,351,6,142,-1,1,1,0,-,C3Pi
final,67876.009508,0,352,6,143,-1,1,1,0,-,C3Pi
final,68095.282194,0,353,6,144,-1,1,1,0,-,C3Pi
final,68315.958887,0,354,6,145,-1,1,1,0,-,C3Pi
final,68538.102877,0,355,6,146,-1,1,1,0,-,C3Pi
final,68761.731084,0,356,6,147,-1,1,1,0,-,C3Pi
final,68986.804452,0,357,6,148,-1,1,1,0,-,C3Pi
final,69213.298174,0,358,6,149,-1,1,1,0,-,C3Pi
final,10.555122,1,1,1,0,0,1,1,1,+,X3Sig-
final,1148.573863,1,2,1,1,0,1,1,1,+,X3Sig-
final,2273.883482,1,3,1,2,0,1,1,1,+,X3Sig-
final,3386.551891,1,4,1,3,0,1,1,1,+,X3Sig-
final,4486.623274,1,5,1,4,0,1,1,1,+,X3Sig-
final,5574.127605,1,6,1,5,0,1,1,1,+,X3Sig-
final,6649.054756,1,7,1,6,0,1,1,1,+,X3Sig-
final,7711.386339,1,8,1,7,0,1,1,1,+,X3Sig-
final,8761.123655,1,9,1,8,0,1,1,1,+,X3Sig-
final,9798.209988,1,10,1,9,0,1,1,1,+,X3Sig-
final,10822.595085,1,11,1,10,0,1,1,1,+,X3Sig-
final,11834.242461,1,12,1,11,0,1,1,1,+,X3Sig-
final,12833.082818,1,13,1,12,0,1,1,1,+,X3Sig-
final,13819.036478,1,14,1,13,0,1,1,1,+,X3Sig-
final,14792.018051,1,15,1,14,0,1,1,1,+,X3Sig-
final,15751.935492,1,16,1,15,0,1,1,1,+,X3Sig-
final,16698.694929,1,17,1,16,0,1,1,1,+,X3Sig-
final,17632.188808,1,18,1,17,0,1,1,1,+,X3Sig-
final,18552.312787,1,19,1,18,0,1,1,1,+,X3Sig-
final,19458.939526,1,20,1,19,0,1,1,1,+,X3Sig-
final,20351.938597,1,21,1,20,0,1,1,1,+,X3Sig-
final,21231.175982,1,22,1,21,0,1,1,1,+,X3Sig-
final,22096.514764,1,23,1,22,0,1,1,1,+,X3Sig-
final,22947.809947,1,24,1,23,0,1,1,1,+,X3Sig-
final,23784.899661,1,25,1,24,0,1,1,1,+,X3Sig-
final,24607.626941,1,26,1,25,0,1,1,1,+,X3Sig-
final,25415.824086,1,27,1,26,0,1,1,1,+,X3Sig-
final,26209.326557,1,28,1,27,0,1,1,1,+,X3Sig-
final,26987.947263,1,29,1,28,0,1,1,1,+,X3Sig-
final,27751.504741,1,30,1,29,0,1,1,1,+,X3Sig-
final,28499.808261,1,31,1,30,0,1,1,1,+,X3Sig-
final,29232.670142,1,32,1,31,0,1,1,1,+,X3Sig-
final,29949.879893,1,33,1,32,0,1,1,1,+,X3Sig-
final,30651.233068,1,34,1,33,0,1,1,1,+,X3Sig-
final,31336.518937,1,35,1,34,0,1,1,1,+,X3Sig-
final,32005.520912,1,36,1,35,0,1,1,1,+,X3Sig-
final,32658.012402,1,37,1,36,0,1,1,1,+,X3Sig-
final,33293.760605,1,38,1,37,0,1,1,1,+,X3Sig-
final,33912.536603,1,39,1,38,0,1,1,1,+,X3Sig-
final,34514.094969,1,40,1,39,0,1,1,1,+,X3Sig-
final,35098.191261,1,41,1,40,0,1,1,1,+,X3Sig-
final,35664.56833,1,42,1,41,0,1,1,1,+,X3Sig-
final,36212.968044,1,43,1,42,0,1,1,1,+,X3Sig-
final,36743.131192,1,44,1,43,0,1,1,1,+,X3Sig-
final,37254.781495,1,45,1,44,0,1,1,1,+,X3Sig-
final,37747.640822,1,46,1,45,0,1,1,1,+,X3Sig-
final,37942.815972,1,47,4,0,1,1,-1,0,+,A3Pi
final,38096.741378,1,48,4,0,1,1,0,1,+,A3Pi
final,38221.428817,1,49,1,46,0,1,1,1,+,X3Sig-
final,38362.000756,1,50,4,1,1,1,-1,0,+,A3Pi
final,38513.697215,1,51,4,1,1,1,0,1,+,A3Pi
final,38675.855623,1,52,1,47,0,1,1,1,+,X3Sig-
final,38771.686657,1,53,4,2,1,1,-1,0,+,A3Pi
final,38921.430635,1,54,4,2,1,1,0,1,+,A3Pi
final,39110.626539,1,55,1,48,0,1,1,1,+,X3Sig-
final,39177.716373,1,56,4,3,1,1,-1,0,+,A3Pi
final,39325.556742,1,57,4,3,1,1,0,1,+,A3Pi
final,39525.440397,1,58,1,49,0,1,1,1,+,X3Sig-
final,39580.177948,1,59,4,4,1,1,-1,0,+,A3Pi
final,39726.062836,1,60,4,4,1,1,0,1,+,A3Pi
final,39919.986463,1,61,1,50,0,1,1,1,+,X3Sig-
final,39978.854732,1,62,4,5,1,1,-1,0,+,A3Pi
final,40122.684989,1,63,4,5,1,1,0,1,+,A3Pi
final,40293.951808,1,64,1,51,0,1,1,1,+,X3Sig-
final,40372.951503,1,65,4,6,1,1,-1,0,+,A3Pi
final,40514.533139,1,66,4,6,1,1,0,1,+,A3Pi
final,40647.019416,1,67,1,52,0,1,1,1,+,X3Sig-
final,40760.846188,1,68,4,7,1,1,-1,0,+,A3Pi
final,40899.906349,1,69,4,7,1,1,0,1,+,A3Pi
final,40978.863564,1,70,1,53,0,1,1,1,+,X3Sig-
final,41140.635854,1,71,4,8,1,1,-1,0,+,A3Pi
final,41276.727525,1,72,4,8,1,1,0,1,+,A3Pi
final,41289.152433,1,73,1,54,0,1,1,1,+,X3Sig-
final,41383.589258,1,74,5,0,0,1,1,1,+,B3Sigma-
final,41509.990769,1,75,4,9,1,1,-1,0,+,A3Pi
final,41577.547561,1,76,1,55,0,1,1,1,+,X3Sig-
final,41642.484391,1,77,4,9,1,1,0,1,+,A3Pi
final,41843.700601,1,78,1,56,0,1,1,1,+,X3Sig-
final,41866.122658,1,79,4,10,1,1,-1,0,+,A3Pi
final,41994.150709,1,80,4,10,1,1,0,1,+,A3Pi
final,42004.04447,1,81,5,1,0,1,1,1,+,B3Sigma-
final,42087.26004,1,82,1,57,0,1,1,1,+,X3Sig-
final,42205.784033,1,83,4,11,1,1,-1,0,+,A3Pi
final,42328.106398,1,84,4,11,1,1,0,1,+,A3Pi
final,42525.068839,1,85,4,12,1,1,-1,0,+,A3Pi
final,42614.654491,1,86,5,2,0,1,1,1,+,B3Sigma-
final,42639.763489,1,87,4,12,1,1,0,1,+,A3Pi
final,42818.814865,1,88,4,13,1,1,-1,0,+,A3Pi
final,42922.98586,1,89,4,13,1,1,0,1,+,A3Pi
final,43080.005354,1,90,4,14,1,1,-1,0,+,A3Pi
final,43156.08074,1,91,8,0,1,1,0,1,+,Cp3Pi
final,43168.837651,1,92,4,14,1,1,0,1,+,A3Pi
final,43184.732116,1,93,8,1,1,1,0,1,+,Cp3Pi
final,43206.725259,1,94,8,2,1,1,0,1,+,Cp3Pi
final,43215.495589,1,95,5,3,0,1,1,1,+,B3Sigma-
final,43223.179485,1,96,8,3,1,1,0,1,+,Cp3Pi
final,43223.346725,1,97,4,15,1,1,0,1,+,A3Pi
final,43223.701025,1,98,8,0,1,1,-1,0,+,Cp3Pi
final,43230.108153,1,99,4,16,1,1,0,1,+,A3Pi
final,43242.197241,1,100,8,4,1,1,0,1,+,Cp3Pi
final,43242.478956,1,101,4,17,1,1,0,1,+,A3Pi
final,43246.09301,1,102,8,1,1,1,-1,0,+,Cp3Pi
final,43257.091245,1,103,8,2,1,1,-1,0,+,Cp3Pi
final,43260.097438,1,104,4,18,1,1,0,1,+,A3Pi
final,43265.033918,1,105,4,15,1,1,-1,0,+,A3Pi
final,43265.875227,1,106,8,5,1,1,0,1,+,Cp3Pi
final,43273.275834,1,107,8,3,1,1,-1,0,+,Cp3Pi
final,43273.698185,1,108,4,16,1,1,-1,0,+,A3Pi
final,43281.819285,1,109,4,19,1,1,0,1,+,A3Pi
final,43283.688721,1,110,4,17,1,1,-1,0,+,A3Pi
final,43293.321196,1,111,8,6,1,1,0,1,+,Cp3Pi
final,43294.201594,1,112,8,4,1,1,-1,0,+,Cp3Pi
final,43298.031908,1,113,4,18,1,1,-1,0,+,A3Pi
final,43301.49016,1,114,4,19,1,1,-1,0,+,A3Pi
final,43306.87594,1,115,4,20,1,1,0,1,+,A3Pi
final,43319.043159,1,116,8,5,1,1,-1,0,+,Cp3Pi
final,43323.489437,1,117,4,20,1,1,-1,0,+,A3Pi
final,43324.331448,1,118,8,7,1,1,0,1,+,Cp3Pi
final,43335.363798,1,119,4,21,1,1,0,1,+,A3Pi
final,43347.556949,1,120,8,6,1,1,-1,0,+,Cp3Pi
final,43348.654598,1,121,4,21,1,1,-1,0,+,A3Pi
final,43358.67379,1,122,8,8,1,1,0,1,+,Cp3Pi
final,43362.806301,1,123,4,22,1,1,0,1,+,A3Pi
final,43366.811515,1,124,4,23,1,1,0,1,+,A3Pi
final,43377.049944,1,125,4,22,1,1,-1,0,+,A3Pi
final,43379.168549,1,126,8,7,1,1,-1,0,+,Cp3Pi
final,43396.087786,1,127,8,9,1,1,0,1,+,Cp3Pi
final,43400.07092,1,128,4,24,1,1,0,1,+,A3Pi
final,43408.44603,1,129,4,23,1,1,-1,0,+,A3Pi
final,43414.044318,1,130,8,8,1,1,-1,0,+,Cp3Pi
final,43434.494839,1,131,4,25,1,1,0,1,+,A3Pi
final,43436.435354,1,132,8,10,1,1,0,1,+,Cp3Pi
final,43441.452093,1,133,4,24,1,1,-1,0,+,A3Pi
final,43451.865275,1,134,8,9,1,1,-1,0,+,Cp3Pi
final,43457.11611,1,135,4,25,1,1,-1,0,+,A3Pi
final,43466.631104,1,136,4,26,1,1,0,1,+,A3Pi
final,43476.347767,1,137,4,26,1,1,-1,0,+,A3Pi
final,43479.559339,1,138,8,11,1,1,0,1,+,Cp3Pi
final,43485.75482,1,139,4,27,1,1,0,1,+,A3Pi
final,43492.559782,1,140,8,10,1,1,-1,0,+,Cp3Pi
final,43509.935389,1,141,4,27,1,1,-1,0,+,A3Pi
final,43512.010709,1,142,4,28,1,1,0,1,+,A3Pi
final,43525.354777,1,143,8,12,1,1,0,1,+,Cp3Pi
final,43535.958362,1,144,8,11,1,1,-1,0,+,Cp3Pi
final,43539.822148,1,145,4,28,1,1,-1,0,+,A3Pi
final,43545.343652,1,146,4,29,1,1,0,1,+,A3Pi
final,43567.610214,1,147,4,29,1,1,-1,0,+,A3Pi
final,43573.746814,1,148,8,13,1,1,0,1,+,Cp3Pi
final,43579.553358,1,149,4,30,1,1,0,1,+,A3Pi
final,43582.039665,1,150,8,12,1,1,-1,0,+,Cp3Pi
final,43600.023589,1,151,4,30,1,1,-1,0,+,A3Pi
final,43615.514908,1,152,4,31,1,1,0,1,+,A3Pi
final,43624.667416,1,153,8,14,1,1,0,1,+,Cp3Pi
final,43630.653958,1,154,8,13,1,1,-1,0,+,Cp3Pi
final,43635.84262,1,155,4,31,1,1,-1,0,+,A3Pi
final,43653.858846,1,156,4,32,1,1,0,1,+,A3Pi
final,43673.696199,1,157,4,32,1,1,-1,0,+,A3Pi
final,43678.022154,1,158,8,15,1,1,0,1,+,Cp3Pi
final,43681.83708,1,159,8,14,1,1,-1,0,+,Cp3Pi
final,43694.367051,1,160,4,33,1,1,0,1,+,A3Pi
final,43713.515493,1,161,4,33,1,1,-1,0,+,A3Pi
final,43733.824277,1,162,8,16,1,1,0,1,+,Cp3Pi
final,43735.426013,1,163,8,15,1,1,-1,0,+,Cp3Pi
final,43736.925174,1,164,4,34,1,1,0,1,+,A3Pi
final,43755.378071,1,165,4,34,1,1,-1,0,+,A3Pi
final,43781.431325,1,166,4,35,1,1,0,1,+,A3Pi
final,43791.434383,1,167,8,16,1,1,-1,0,+,Cp3Pi
final,43791.993048,1,168,8,17,1,1,0,1,+,Cp3Pi
final,43799.230381,1,169,4,35,1,1,-1,0,+,A3Pi
final,43806.692522,1,170,5,4,0,1,1,1,+,B3Sigma-
final,43827.854477,1,171,4,36,1,1,0,1,+,A3Pi
final,43845.001862,1,172,4,36,1,1,-1,0,+,A3Pi
final,43849.80012,1,173,8,17,1,1,-1,0,+,Cp3Pi
final,43852.478319,1,174,8,18,1,1,0,1,+,Cp3Pi
final,43876.158519,1,175,4,37,1,1,0,1,+,A3Pi
final,43892.701625,1,176,4,37,1,1,-1,0,+,A3Pi
final,43910.443889,1,177,8,18,1,1,-1,0,+,Cp3Pi
final,43915.201011,1,178,8,19,1,1,0,1,+,Cp3Pi
final,43926.290673,1,179,4,38,1,1,0,1,+,A3Pi
final,43942.27751,1,180,4,38,1,1,-1,0,+,A3Pi
final,43973.346098,1,181,8,19,1,1,-1,0,+,Cp3Pi
final,43978.263484,1,182,4,39,1,1,0,1,+,A3Pi
final,43980.078558,1,183,8,20,1,1,0,1,+,Cp3Pi
final,43993.705081,1,184,4,39,1,1,-1,0,+,A3Pi
final,44032.050277,1,185,4,40,1,1,0,1,+,A3Pi
final,44038.38772,1,186,8,20,1,1,-1,0,+,Cp3Pi
final,44046.94703,1,187,4,40,1,1,-1,0,+,A3Pi
final,44047.162335,1,188,8,21,1,1,0,1,+,Cp3Pi
final,44087.623844,1,189,4,41,1,1,0,1,+,A3Pi
final,44101.977165,1,190,4,41,1,1,-1,0,+,A3Pi
final,44105.656722,1,191,8,21,1,1,-1,0,+,Cp3Pi
final,44116.302649,1,192,8,22,1,1,0,1,+,Cp3Pi
final,44144.952923,1,193,4,42,1,1,0,1,+,A3Pi
final,44158.790794,1,194,4,42,1,1,-1,0,+,A3Pi
final,44160.628274,1,195,6,0,1,1,0,1,+,C3Pi
final,44174.993658,1,196,8,22,1,1,-1,0,+,Cp3Pi
final,44187.554342,1,197,8,23,1,1,0,1,+,Cp3Pi
final,44204.02244,1,198,4,43,1,1,0,1,+,A3Pi
final,44217.364686,1,199,4,43,1,1,-1,0,+,A3Pi
final,44246.393132,1,200,8,23,1,1,-1,0,+,Cp3Pi
final,44260.884264,1,201,8,24,1,1,0,1,+,Cp3Pi
final,44264.819565,1,202,4,44,1,1,0,1,+,A3Pi
final,44277.687876,1,203,4,44,1,1,-1,0,+,A3Pi
final,44319.885651,1,204,8,24,1,1,-1,0,+,Cp3Pi
final,44327.324543,1,205,4,45,1,1,0,1,+,A3Pi
final,44336.182449,1,206,8,25,1,1,0,1,+,Cp3Pi
final,44339.737005,1,207,4,45,1,1,-1,0,+,A3Pi
final,44343.552698,1,208,6,0,1,1,-1,0,+,C3Pi
final,44390.150716,1,209,5,5,0,1,1,1,+,B3Sigma-
final,44391.572411,1,210,4,46,1,1,0,1,+,A3Pi
final,44395.33484,1,211,8,25,1,1,-1,0,+,Cp3Pi
final,44403.490944,1,212,4,46,1,1,-1,0,+,A3Pi
final,44413.461542,1,213,8,26,1,1,0,1,+,Cp3Pi
final,44457.428164,1,214,4,47,1,1,0,1,+,A3Pi
final,44468.928841,1,215,4,47,1,1,-1,0,+,A3Pi
final,44472.786008,1,216,8,26,1,1,-1,0,+,Cp3Pi
final,44492.662798,1,217,8,27,1,1,0,1,+,Cp3Pi
final,44524.981396,1,218,4,48,1,1,0,1,+,A3Pi
final,44536.058197,1,219,4,48,1,1,-1,0,+,A3Pi
final,44552.159889,1,220,8,27,1,1,-1,0,+,Cp3Pi
final,44573.768065,1,221,8,28,1,1,0,1,+,Cp3Pi
final,44594.189411,1,222,4,49,1,1,0,1,+,A3Pi
final,44604.853562,1,223,4,49,1,1,-1,0,+,A3Pi
final,44633.438778,1,224,8,28,1,1,-1,0,+,Cp3Pi
final,44656.755269,1,225,8,29,1,1,0,1,+,Cp3Pi
final,44665.045674,1,226,4,50,1,1,0,1,+,A3Pi
final,44675.301046,1,227,4,50,1,1,-1,0,+,A3Pi
final,44716.58231,1,228,8,29,1,1,-1,0,+,Cp3Pi
final,44737.528075,1,229,4,51,1,1,0,1,+,A3Pi
final,44741.613737,1,230,8,30,1,1,0,1,+,Cp3Pi
final,44747.401514,1,231,4,51,1,1,-1,0,+,A3Pi
final,44801.597306,1,232,8,30,1,1,-1,0,+,Cp3Pi
final,44811.633584,1,233,4,52,1,1,0,1,+,A3Pi
final,44821.232189,1,234,4,52,1,1,-1,0,+,A3Pi
final,44828.237526,1,235,8,31,1,1,0,1,+,Cp3Pi
final,44851.06709,1,236,6,1,1,1,0,1,+,C3Pi
final,44887.344124,1,237,4,53,1,1,0,1,+,A3Pi
final,44888.397262,1,238,8,31,1,1,-1,0,+,Cp3Pi
final,44896.902243,1,239,4,53,1,1,-1,0,+,A3Pi
final,44916.65058,1,240,8,32,1,1,0,1,+,Cp3Pi
final,44964.60488,1,241,4,54,1,1,0,1,+,A3Pi
final,44966.994288,1,242,5,6,0,1,1,1,+,B3Sigma-
final,44974.789793,1,243,4,54,1,1,-1,0,+,A3Pi
final,44976.993189,1,244,8,32,1,1,-1,0,+,Cp3Pi
final,45006.836504,1,245,8,33,1,1,0,1,+,Cp3Pi
final,45035.984462,1,246,6,1,1,1,-1,0,+,C3Pi
final,45043.559385,1,247,4,55,1,1,0,1,+,A3Pi
final,45055.012021,1,248,4,55,1,1,-1,0,+,A3Pi
final,45067.350596,1,249,8,33,1,1,-1,0,+,Cp3Pi
final,45098.753991,1,250,8,34,1,1,0,1,+,Cp3Pi
final,45124.039166,1,251,4,56,1,1,0,1,+,A3Pi
final,45139.562402,1,252,4,56,1,1,-1,0,+,A3Pi
final,45159.439352,1,253,8,34,1,1,-1,0,+,Cp3Pi
final,45192.367076,1,254,8,35,1,1,0,1,+,Cp3Pi
final,45206.09052,1,255,4,57,1,1,0,1,+,A3Pi
final,45225.491456,1,256,4,57,1,1,-1,0,+,A3Pi
final,45253.22135,1,257,8,35,1,1,-1,0,+,Cp3Pi
final,45287.676665,1,258,8,36,1,1,0,1,+,Cp3Pi
final,45348.70436,1,259,8,36,1,1,-1,0,+,Cp3Pi
final,45384.620182,1,260,8,37,1,1,0,1,+,Cp3Pi
final,45445.832636,1,261,8,37,1,1,-1,0,+,Cp3Pi
final,45483.217571,1,262,8,38,1,1,0,1,+,Cp3Pi
final,45513.880428,1,263,6,2,1,1,0,1,+,C3Pi
final,45544.606452,1,264,8,38,1,1,-1,0,+,Cp3Pi
final,45547.68899,1,265,5,7,0,1,1,1,+,B3Sigma-
final,45583.42372,1,266,8,39,1,1,0,1,+,Cp3Pi
final,45644.990001,1,267,8,39,1,1,-1,0,+,Cp3Pi
final,45685.220566,1,268,8,40,1,1,0,1,+,Cp3Pi
final,45713.838893,1,269,6,2,1,1,-1,0,+,C3Pi
final,45746.958861,1,270,8,40,1,1,-1,0,+,Cp3Pi
final,45788.572948,1,271,8,41,1,1,0,1,+,Cp3Pi
final,45850.495999,1,272,8,41,1,1,-1,0,+,Cp3Pi
final,45893.457881,1,273,8,42,1,1,0,1,+,Cp3Pi
final,45955.564081,1,274,8,42,1,1,-1,0,+,Cp3Pi
final,45999.876471,1,275,8,43,1,1,0,1,+,Cp3Pi
final,46062.163477,1,276,8,43,1,1,-1,0,+,Cp3Pi
final,46085.503581,1,277,5,8,0,1,1,1,+,B3Sigma-
final,46107.8085,1,278,8,44,1,1,0,1,+,Cp3Pi
final,46170.27158,1,279,8,44,1,1,-1,0,+,Cp3Pi
final,46192.937225,1,280,6,3,1,1,0,1,+,C3Pi
final,46217.227621,1,281,8,45,1,1,0,1,+,Cp3Pi
final,46279.870389,1,282,8,45,1,1,-1,0,+,Cp3Pi
final,46328.112327,1,283,8,46,1,1,0,1,+,Cp3Pi
final,46374.475466,1,284,6,3,1,1,-1,0,+,C3Pi
final,46390.937543,1,285,8,46,1,1,-1,0,+,Cp3Pi
final,46440.447698,1,286,8,47,1,1,0,1,+,Cp3Pi
final,46503.456664,1,287,8,47,1,1,-1,0,+,Cp3Pi
final,46554.217605,1,288,8,48,1,1,0,1,+,Cp3Pi
final,46617.412213,1,289,8,48,1,1,-1,0,+,Cp3Pi
final,46633.264626,1,290,5,9,0,1,1,1,+,B3Sigma-
final,46669.462225,1,291,8,49,1,1,0,1,+,Cp3Pi
final,46732.78289,1,292,8,49,1,1,-1,0,+,Cp3Pi
final,46786.02579,1,293,8,50,1,1,0,1,+,Cp3Pi
final,46833.880123,1,294,6,4,1,1,0,1,+,C3Pi
final,46849.551317,1,295,8,50,1,1,-1,0,+,Cp3Pi
final,46903.987948,1,296,8,51,1,1,0,1,+,Cp3Pi
final,46967.705981,1,297,8,51,1,1,-1,0,+,Cp3Pi
final,47016.832939,1,298,6,4,1,1,-1,0,+,C3Pi
final,47023.282857,1,299,8,52,1,1,0,1,+,Cp3Pi
final,47087.232051,1,300,8,52,1,1,-1,0,+,Cp3Pi
final,47143.245103,1,301,8,53,1,1,0,1,+,Cp3Pi
final,47169.572776,1,302,5,10,0,1,1,1,+,B3Sigma-
final,47208.106145,1,303,8,53,1,1,-1,0,+,Cp3Pi
final,47266.479979,1,304,8,54,1,1,0,1,+,Cp3Pi
final,47330.314277,1,305,8,54,1,1,-1,0,+,Cp3Pi
final,47389.72326,1,306,8,55,1,1,0,1,+,Cp3Pi
final,47453.847987,1,307,8,55,1,1,-1,0,+,Cp3Pi
final,47455.58753,1,308,6,5,1,1,0,1,+,C3Pi
final,47514.324302,1,309,8,56,1,1,0,1,+,Cp3Pi
final,47578.690316,1,310,8,56,1,1,-1,0,+,Cp3Pi
final,47638.147876,1,311,6,5,1,1,-1,0,+,C3Pi
final,47639.686933,1,312,8,57,1,1,0,1,+,Cp3Pi
final,47694.185499,1,313,5,11,0,1,1,1,+,B3Sigma-
final,47704.817763,1,314,8,57,1,1,-1,0,+,Cp3Pi
final,47768.7184,1,315,8,58,1,1,0,1,+,Cp3Pi
final,47832.200974,1,316,8,58,1,1,-1,0,+,Cp3Pi
final,47896.863907,1,317,8,59,1,1,0,1,+,Cp3Pi
final,47960.809652,1,318,8,59,1,1,-1,0,+,Cp3Pi
final,48026.443878,1,319,8,60,1,1,0,1,+,Cp3Pi
final,48051.494781,1,320,6,6,1,1,0,1,+,C3Pi
final,48090.588055,1,321,8,60,1,1,-1,0,+,Cp3Pi
final,48157.589923,1,322,8,61,1,1,0,1,+,Cp3Pi
final,48204.731695,1,323,5,12,0,1,1,1,+,B3Sigma-
final,48220.564546,1,324,8,61,1,1,-1,0,+,Cp3Pi
final,48232.330398,1,325,6,6,1,1,-1,0,+,C3Pi
final,48289.756333,1,326,8,62,1,1,0,1,+,Cp3Pi
final,48353.726849,1,327,8,62,1,1,-1,0,+,Cp3Pi
final,48422.558076,1,328,8,63,1,1,0,1,+,Cp3Pi
final,48486.518555,1,329,8,63,1,1,-1,0,+,Cp3Pi
final,48553.491392,1,330,8,64,1,1,0,1,+,Cp3Pi
final,48611.246374,1,331,6,7,1,1,0,1,+,C3Pi
final,48619.434355,1,332,8,64,1,1,-1,0,+,Cp3Pi
final,48696.04279,1,333,8,65,1,1,0,1,+,Cp3Pi
final,48704.025553,1,334,5,13,0,1,1,1,+,B3Sigma-
final,48744.213974,1,335,8,65,1,1,-1,0,+,Cp3Pi
final,48792.205061,1,336,6,7,1,1,-1,0,+,C3Pi
final,48830.142048,1,337,8,66,1,1,0,1,+,Cp3Pi
final,48897.479543,1,338,8,66,1,1,-1,0,+,Cp3Pi
final,48962.617997,1,339,8,67,1,1,0,1,+,Cp3Pi
final,49029.860201,1,340,8,67,1,1,-1,0,+,Cp3Pi
final,49081.63489,1,341,8,68,1,1,0,1,+,Cp3Pi
final,49159.521238,1,342,8,68,1,1,-1,0,+,Cp3Pi
final,49165.00381,1,343,6,8,1,1,0,1,+,C3Pi
final,49186.796299,1,344,5,14,0,1,1,1,+,B3Sigma-
final,49272.479713,1,345,8,69,1,1,-1,0,+,Cp3Pi
final,49273.292862,1,346,8,69,1,1,0,1,+,Cp3Pi
final,49366.191614,1,347,6,8,1,1,-1,0,+,C3Pi
final,49404.002173,1,348,8,70,1,1,0,1,+,Cp3Pi
final,49481.498895,1,349,8,70,1,1,-1,0,+,Cp3Pi
final,49537.189093,1,350,8,71,1,1,0,1,+,Cp3Pi
final,49612.683048,1,351,8,71,1,1,-1,0,+,Cp3Pi
final,49645.446374,1,352,5,15,0,1,1,1,+,B3Sigma-
final,49662.519935,1,353,8,72,1,1,0,1,+,Cp3Pi
final,49745.257807,1,354,8,72,1,1,-1,0,+,Cp3Pi
final,49763.441225,1,355,6,9,1,1,0,1,+,C3Pi
final,49868.369776,1,356,8,73,1,1,-1,0,+,Cp3Pi
final,49877.099088,1,357,8,73,1,1,0,1,+,Cp3Pi
final,49976.535284,1,358,6,9,1,1,-1,0,+,C3Pi
final,50012.002143,1,359,8,74,1,1,0,1,+,Cp3Pi
final,50061.684048,1,360,5,16,0,1,1,1,+,B3Sigma-
final,50093.928849,1,361,8,74,1,1,-1,0,+,Cp3Pi
final,50155.20502,1,362,8,75,1,1,0,1,+,Cp3Pi
final,50215.344925,1,363,6,10,1,1,0,1,+,C3Pi
final,50228.677158,1,364,8,75,1,1,-1,0,+,Cp3Pi
final,50302.615807,1,365,8,76,1,1,0,1,+,Cp3Pi
final,50366.611843,1,366,8,76,1,1,-1,0,+,Cp3Pi
final,50381.461716,1,367,5,17,0,1,1,1,+,B3Sigma-
final,50399.669834,1,368,6,10,1,1,-1,0,+,C3Pi
final,50450.38802,1,369,8,77,1,1,0,1,+,Cp3Pi
final,50522.095994,1,370,8,77,1,1,-1,0,+,Cp3Pi
final,50594.136921,1,371,8,78,1,1,0,1,+,Cp3Pi
final,50597.841405,1,372,5,18,0,1,1,1,+,B3Sigma-
final,50669.683998,1,373,8,78,1,1,-1,0,+,Cp3Pi
final,50697.50638,1,374,6,11,1,1,0,1,+,C3Pi
final,50782.017054,1,375,8,79,1,1,0,1,+,Cp3Pi
final,50800.886524,1,376,5,19,0,1,1,1,+,B3Sigma-
final,50812.6752,1,377,8,79,1,1,-1,0,+,Cp3Pi
final,50905.211478,1,378,6,11,1,1,-1,0,+,C3Pi
final,50920.581034,1,379,8,80,1,1,0,1,+,Cp3Pi
final,50995.576507,1,380,8,80,1,1,-1,0,+,Cp3Pi
final,51001.397195,1,381,5,20,0,1,1,1,+,B3Sigma-
final,51051.469712,1,382,8,81,1,1,0,1,+,Cp3Pi
final,51129.9945,1,383,6,12,1,1,0,1,+,C3Pi
final,51135.063845,1,384,8,81,1,1,-1,0,+,Cp3Pi
final,51178.330358,1,385,7,0,1,0,0,1,+,e1Pi
final,51194.520597,1,386,5,21,0,1,1,1,+,B3Sigma-
final,51255.323454,1,387,8,82,1,1,0,1,+,Cp3Pi
final,51258.105423,1,388,8,82,1,1,-1,0,+,Cp3Pi
final,51349.556152,1,389,6,12,1,1,-1,0,+,C3Pi
final,51378.275706,1,390,5,22,0,1,1,1,+,B3Sigma-
final,51407.432401,1,391,8,83,1,1,0,1,+,Cp3Pi
final,51481.008958,1,392,8,83,1,1,-1,0,+,Cp3Pi
final,51502.932275,1,393,6,13,1,1,0,1,+,C3Pi
final,51551.336755,1,394,5,23,0,1,1,1,+,B3Sigma-
final,51574.596422,1,395,8,84,1,1,0,1,+,Cp3Pi
final,51625.350985,1,396,8,84,1,1,-1,0,+,Cp3Pi
final,51692.607693,1,397,6,13,1,1,-1,0,+,C3Pi
final,51711.186905,1,398,5,24,0,1,1,1,+,B3Sigma-
final,51733.242085,1,399,8,85,1,1,0,1,+,Cp3Pi
final,51806.231474,1,400,8,85,1,1,-1,0,+,Cp3Pi
final,51856.897696,1,401,5,25,0,1,1,1,+,B3Sigma-
final,51890.204279,1,402,6,14,1,1,0,1,+,C3Pi
final,51898.816452,1,403,8,86,1,1,0,1,+,Cp3Pi
final,51930.917394,1,404,7,1,1,0,0,1,+,e1Pi
final,51964.960418,1,405,8,86,1,1,-1,0,+,Cp3Pi
final,51988.110624,1,406,5,26,0,1,1,1,+,B3Sigma-
final,52059.899352,1,407,8,87,1,1,0,1,+,Cp3Pi
final,52072.13805,1,408,6,14,1,1,-1,0,+,C3Pi
final,52103.989935,1,409,5,27,0,1,1,1,+,B3Sigma-
final,52129.031953,1,410,8,87,1,1,-1,0,+,Cp3Pi
final,52202.924452,1,411,5,28,0,1,1,1,+,B3Sigma-
final,52211.166242,1,412,6,15,1,1,0,1,+,C3Pi
final,52245.726783,1,413,8,88,1,1,0,1,+,Cp3Pi
final,52285.15883,1,414,5,29,0,1,1,1,+,B3Sigma-
final,52293.611159,1,415,8,88,1,1,-1,0,+,Cp3Pi
final,52347.291993,1,416,5,30,0,1,1,1,+,B3Sigma-
final,52390.049952,1,417,5,31,0,1,1,1,+,B3Sigma-
final,52393.753812,1,418,8,89,1,1,0,1,+,Cp3Pi
final,52410.536112,1,419,6,15,1,1,-1,0,+,C3Pi
final,52419.408194,1,420,5,32,0,1,1,1,+,B3Sigma-
final,52439.206081,1,421,5,33,0,1,1,1,+,B3Sigma-
final,52458.039024,1,422,5,34,0,1,1,1,+,B3Sigma-
final,52463.382153,1,423,8,89,1,1,-1,0,+,Cp3Pi
final,52477.961603,1,424,6,16,1,1,0,1,+,C3Pi
final,52481.235466,1,425,5,35,0,1,1,1,+,B3Sigma-
final,52508.764959,1,426,5,36,0,1,1,1,+,B3Sigma-
final,52521.896829,1,427,6,17,1,1,0,1,+,C3Pi
final,52529.14547,1,428,6,18,1,1,0,1,+,C3Pi
final,52535.044949,1,429,6,19,1,1,0,1,+,C3Pi
final,52540.084279,1,430,5,37,0,1,1,1,+,B3Sigma-
final,52544.40673,1,431,6,20,1,1,0,1,+,C3Pi
final,52555.434303,1,432,6,21,1,1,0,1,+,C3Pi
final,52565.847486,1,433,8,90,1,1,0,1,+,Cp3Pi
final,52574.521107,1,434,5,38,0,1,1,1,+,B3Sigma-
final,52576.923063,1,435,6,22,1,1,0,1,+,C3Pi
final,52591.936197,1,436,6,23,1,1,0,1,+,C3Pi
final,52611.00081,1,437,6,24,1,1,0,1,+,C3Pi
final,52613.605979,1,438,5,39,0,1,1,1,+,B3Sigma-
final,52623.339428,1,439,8,90,1,1,-1,0,+,Cp3Pi
final,52632.990752,1,440,6,25,1,1,0,1,+,C3Pi
final,52654.330244,1,441,5,40,0,1,1,1,+,B3Sigma-
final,52657.18165,1,442,6,26,1,1,0,1,+,C3Pi
final,52665.802102,1,443,6,16,1,1,-1,0,+,C3Pi
final,52676.469569,1,444,7,2,1,0,0,1,+,e1Pi
final,52682.838409,1,445,6,27,1,1,0,1,+,C3Pi
final,52685.80273,1,446,6,17,1,1,-1,0,+,C3Pi
final,52690.68617,1,447,6,18,1,1,-1,0,+,C3Pi
final,52698.237183,1,448,6,19,1,1,-1,0,+,C3Pi
final,52698.384756,1,449,5,41,0,1,1,1,+,B3Sigma-
final,52708.482646,1,450,6,20,1,1,-1,0,+,C3Pi
final,52710.103226,1,451,6,28,1,1,0,1,+,C3Pi
final,52721.318761,1,452,6,21,1,1,-1,0,+,C3Pi
final,52733.448488,1,453,8,91,1,1,0,1,+,Cp3Pi
final,52736.622101,1,454,6,22,1,1,-1,0,+,C3Pi
final,52745.882671,1,455,5,42,0,1,1,1,+,B3Sigma-
final,52752.641453,1,456,6,29,1,1,0,1,+,C3Pi
final,52754.21299,1,457,6,23,1,1,-1,0,+,C3Pi
final,52773.648879,1,458,6,24,1,1,-1,0,+,C3Pi
final,52780.091266,1,459,6,30,1,1,0,1,+,C3Pi
final,52792.390811,1,460,6,25,1,1,-1,0,+,C3Pi
final,52795.206602,1,461,5,43,0,1,1,1,+,B3Sigma-
final,52805.050086,1,462,8,91,1,1,-1,0,+,Cp3Pi
final,52813.617515,1,463,6,31,1,1,0,1,+,C3Pi
final,52824.877526,1,464,6,26,1,1,-1,0,+,C3Pi
final,52846.4773,1,465,5,44,0,1,1,1,+,B3Sigma-
final,52850.187959,1,466,6,32,1,1,0,1,+,C3Pi
final,52850.65611,1,467,6,27,1,1,-1,0,+,C3Pi
final,52879.073065,1,468,6,28,1,1,-1,0,+,C3Pi
final,52885.888719,1,469,6,33,1,1,0,1,+,C3Pi
final,52901.503341,1,470,5,45,0,1,1,1,+,B3Sigma-
final,52909.443654,1,471,6,29,1,1,-1,0,+,C3Pi
final,52915.503937,1,472,8,92,1,1,0,1,+,Cp3Pi
final,52939.029683,1,473,6,34,1,1,0,1,+,C3Pi
final,52940.785362,1,474,6,30,1,1,-1,0,+,C3Pi
final,52959.041856,1,475,5,46,0,1,1,1,+,B3Sigma-
final,52967.735996,1,476,6,31,1,1,-1,0,+,C3Pi
final,52977.689973,1,477,6,35,1,1,0,1,+,C3Pi
final,52988.162663,1,478,8,92,1,1,-1,0,+,Cp3Pi
final,53016.676669,1,479,5,47,0,1,1,1,+,B3Sigma-
final,53020.060536,1,480,6,32,1,1,-1,0,+,C3Pi
final,53022.484463,1,481,6,36,1,1,0,1,+,C3Pi
final,53057.631739,1,482,6,33,1,1,-1,0,+,C3Pi
final,53063.850182,1,483,6,37,1,1,0,1,+,C3Pi
final,53080.725428,1,484,5,48,0,1,1,1,+,B3Sigma-
final,53095.939152,1,485,8,93,1,1,0,1,+,Cp3Pi
final,53097.00369,1,486,6,34,1,1,-1,0,+,C3Pi
final,53124.810476,1,487,6,38,1,1,0,1,+,C3Pi
final,53134.001478,1,488,6,35,1,1,-1,0,+,C3Pi
final,53144.426678,1,489,5,49,0,1,1,1,+,B3Sigma-
final,53159.715321,1,490,8,93,1,1,-1,0,+,Cp3Pi
final,53171.528615,1,491,6,39,1,1,0,1,+,C3Pi
final,53193.701819,1,492,6,36,1,1,-1,0,+,C3Pi
final,53210.517365,1,493,5,50,0,1,1,1,+,B3Sigma-
final,53222.214731,1,494,6,40,1,1,0,1,+,C3Pi
final,53237.426262,1,495,6,37,1,1,-1,0,+,C3Pi
final,53266.488404,1,496,8,94,1,1,0,1,+,Cp3Pi
final,53278.803371,1,497,5,51,0,1,1,1,+,B3Sigma-
final,53283.040591,1,498,6,38,1,1,-1,0,+,C3Pi
final,53290.717219,1,499,6,41,1,1,0,1,+,C3Pi
final,53322.414548,1,500,6,39,1,1,-1,0,+,C3Pi
final,53339.279851,1,501,6,42,1,1,0,1,+,C3Pi
final,53349.448503,1,502,5,52,0,1,1,1,+,B3Sigma-
final,53351.109572,1,503,8,94,1,1,-1,0,+,Cp3Pi
final,53394.905556,1,504,6,40,1,1,-1,0,+,C3Pi
final,53395.999841,1,505,6,43,1,1,0,1,+,C3Pi
final,53412.119354,1,506,7,3,1,0,0,1,+,e1Pi
final,53421.988594,1,507,5,53,0,1,1,1,+,B3Sigma-
final,53445.762169,1,508,6,41,1,1,-1,0,+,C3Pi
final,53446.255228,1,509,8,95,1,1,0,1,+,Cp3Pi
final,53468.479557,1,510,6,44,1,1,0,1,+,C3Pi
final,53494.01415,1,511,6,42,1,1,-1,0,+,C3Pi
final,53496.858948,1,512,5,54,0,1,1,1,+,B3Sigma-
final,53523.466835,1,513,6,45,1,1,0,1,+,C3Pi
final,53524.81755,1,514,8,95,1,1,-1,0,+,Cp3Pi
final,53568.338525,1,515,6,43,1,1,-1,0,+,C3Pi
final,53573.567231,1,516,5,55,0,1,1,1,+,B3Sigma-
final,53586.339835,1,517,6,46,1,1,0,1,+,C3Pi
final,53624.308455,1,518,6,44,1,1,-1,0,+,C3Pi
final,53632.088903,1,519,8,96,1,1,0,1,+,Cp3Pi
final,53652.594183,1,520,5,56,0,1,1,1,+,B3Sigma-
final,53658.971232,1,521,6,47,1,1,0,1,+,C3Pi
final,53677.764578,1,522,6,45,1,1,-1,0,+,C3Pi
final,53707.926364,1,523,8,96,1,1,-1,0,+,Cp3Pi
final,53724.476121,1,524,6,48,1,1,0,1,+,C3Pi
final,53733.345373,1,525,5,57,0,1,1,1,+,B3Sigma-
final,53756.806111,1,526,6,46,1,1,-1,0,+,C3Pi
final,53792.629183,1,527,6,49,1,1,0,1,+,C3Pi
final,53815.146344,1,528,5,58,0,1,1,1,+,B3Sigma-
final,53817.97801,1,529,8,97,1,1,0,1,+,Cp3Pi
final,53818.907065,1,530,6,47,1,1,-1,0,+,C3Pi
final,53869.195709,1,531,6,50,1,1,0,1,+,C3Pi
final,53871.609997,1,532,8,97,1,1,-1,0,+,Cp3Pi
final,53899.815547,1,533,6,48,1,1,-1,0,+,C3Pi
final,53900.952079,1,534,5,59,0,1,1,1,+,B3Sigma-
final,53942.788548,1,535,6,51,1,1,0,1,+,C3Pi
final,53961.499158,1,536,6,49,1,1,-1,0,+,C3Pi
final,53987.234819,1,537,5,60,0,1,1,1,+,B3Sigma-
final,53995.460093,1,538,8,98,1,1,0,1,+,Cp3Pi
final,54021.133959,1,539,6,52,1,1,0,1,+,C3Pi
final,54029.201176,1,540,6,50,1,1,-1,0,+,C3Pi
final,54064.492026,1,541,8,98,1,1,-1,0,+,Cp3Pi
final,54076.107889,1,542,5,61,0,1,1,1,+,B3Sigma-
final,54098.612407,1,543,6,53,1,1,0,1,+,C3Pi
final,54110.541484,1,544,6,51,1,1,-1,0,+,C3Pi
final,54136.256236,1,545,7,4,1,0,0,1,+,e1Pi
final,54165.695244,1,546,5,62,0,1,1,1,+,B3Sigma-
final,54175.939516,1,547,8,99,1,1,0,1,+,Cp3Pi
final,54182.032275,1,548,6,54,1,1,0,1,+,C3Pi
final,54183.481149,1,549,6,52,1,1,-1,0,+,C3Pi
final,54241.619466,1,550,8,99,1,1,-1,0,+,Cp3Pi
final,54256.025332,1,551,6,55,1,1,0,1,+,C3Pi
final,54264.125962,1,552,5,63,0,1,1,1,+,B3Sigma-
final,54267.304609,1,553,6,53,1,1,-1,0,+,C3Pi
final,54342.360611,1,554,6,56,1,1,0,1,+,C3Pi
final,54342.889143,1,555,6,54,1,1,-1,0,+,C3Pi
final,54355.717869,1,556,5,64,0,1,1,1,+,B3Sigma-
final,54361.839643,1,557,8,100,1,1,0,1,+,Cp3Pi
final,54418.748004,1,558,6,55,1,1,-1,0,+,C3Pi
final,54428.727075,1,559,6,57,1,1,0,1,+,C3Pi
final,54434.90253,1,560,8,100,1,1,-1,0,+,Cp3Pi
final,54451.350546,1,561,5,65,0,1,1,1,+,B3Sigma-
final,54508.810187,1,562,6,56,1,1,-1,0,+,C3Pi
final,54516.275079,1,563,6,58,1,1,0,1,+,C3Pi
final,54545.979614,1,564,8,101,1,1,0,1,+,Cp3Pi
final,54549.804659,1,565,5,66,0,1,1,1,+,B3Sigma-
final,54592.454312,1,566,6,57,1,1,-1,0,+,C3Pi
final,54605.500597,1,567,6,59,1,1,0,1,+,C3Pi
final,54614.829405,1,568,8,101,1,1,-1,0,+,Cp3Pi
final,54648.984748,1,569,5,67,0,1,1,1,+,B3Sigma-
final,54681.288128,1,570,6,58,1,1,-1,0,+,C3Pi
final,54696.174077,1,571,6,60,1,1,0,1,+,C3Pi
final,54732.946856,1,572,8,102,1,1,0,1,+,Cp3Pi
final,54750.785833,1,573,5,68,0,1,1,1,+,B3Sigma-
final,54769.624148,1,574,6,59,1,1,-1,0,+,C3Pi
final,54789.170724,1,575,6,61,1,1,0,1,+,C3Pi
final,54799.788706,1,576,8,102,1,1,-1,0,+,Cp3Pi
final,54847.801451,1,577,7,5,1,0,0,1,+,e1Pi
final,54853.96264,1,578,5,69,0,1,1,1,+,B3Sigma-
final,54860.78474,1,579,6,60,1,1,-1,0,+,C3Pi
final,54882.779201,1,580,6,62,1,1,0,1,+,C3Pi
final,54921.219575,1,581,8,103,1,1,0,1,+,Cp3Pi
final,54953.214235,1,582,6,61,1,1,-1,0,+,C3Pi
final,54959.169009,1,583,5,70,0,1,1,1,+,B3Sigma-
final,54979.987489,1,584,6,63,1,1,0,1,+,C3Pi
final,54986.908456,1,585,8,103,1,1,-1,0,+,Cp3Pi
final,55047.46162,1,586,6,62,1,1,-1,0,+,C3Pi
final,55064.977123,1,587,5,71,0,1,1,1,+,B3Sigma-
final,55076.894204,1,588,6,64,1,1,0,1,+,C3Pi
final,55111.515025,1,589,8,104,1,1,0,1,+,Cp3Pi
final,55143.320931,1,590,6,63,1,1,-1,0,+,C3Pi
final,55171.584228,1,591,6,65,1,1,0,1,+,C3Pi
final,55175.7246,1,592,8,104,1,1,-1,0,+,Cp3Pi
final,55180.575798,1,593,5,72,0,1,1,1,+,B3Sigma-
final,55241.078466,1,594,6,64,1,1,-1,0,+,C3Pi
final,55271.534269,1,595,6,66,1,1,0,1,+,C3Pi
final,55288.234779,1,596,5,73,0,1,1,1,+,B3Sigma-
final,55304.604341,1,597,8,105,1,1,0,1,+,Cp3Pi
final,55339.698625,1,598,6,65,1,1,-1,0,+,C3Pi
final,55366.487413,1,599,8,105,1,1,-1,0,+,Cp3Pi
final,55378.251582,1,600,6,67,1,1,0,1,+,C3Pi
final,55400.284189,1,601,5,74,0,1,1,1,+,B3Sigma-
final,55441.441899,1,602,6,66,1,1,-1,0,+,C3Pi
final,55475.025216,1,603,6,68,1,1,0,1,+,C3Pi
final,55501.602152,1,604,8,106,1,1,0,1,+,Cp3Pi
final,55514.232731,1,605,5,75,0,1,1,1,+,B3Sigma-
final,55541.210471,1,606,6,67,1,1,-1,0,+,C3Pi
final,55545.789368,1,607,7,6,1,0,0,1,+,e1Pi
final,55560.417295,1,608,8,106,1,1,-1,0,+,Cp3Pi
final,55588.134031,1,609,6,69,1,1,0,1,+,C3Pi
final,55629.746621,1,610,5,76,0,1,1,1,+,B3Sigma-
final,55648.253239,1,611,6,68,1,1,-1,0,+,C3Pi
final,55678.861715,1,612,8,107,1,1,0,1,+,Cp3Pi
final,55706.681723,1,613,6,70,1,1,0,1,+,C3Pi
final,55743.372065,1,614,8,107,1,1,-1,0,+,Cp3Pi
final,55747.185415,1,615,5,77,0,1,1,1,+,B3Sigma-
final,55762.08494,1,616,6,69,1,1,-1,0,+,C3Pi
final,55803.630078,1,617,6,71,1,1,0,1,+,C3Pi
final,55861.132699,1,618,6,70,1,1,-1,0,+,C3Pi
final,55865.953808,1,619,5,78,0,1,1,1,+,B3Sigma-
final,55881.600587,1,620,8,108,1,1,0,1,+,Cp3Pi
final,55921.601672,1,621,6,72,1,1,0,1,+,C3Pi
final,55942.543821,1,622,8,108,1,1,-1,0,+,Cp3Pi
final,55975.230959,1,623,6,71,1,1,-1,0,+,C3Pi
final,55986.775635,1,624,5,79,0,1,1,1,+,B3Sigma-
final,56024.746993,1,625,6,73,1,1,0,1,+,C3Pi
final,56079.501016,1,626,6,72,1,1,-1,0,+,C3Pi
final,56084.063686,1,627,8,109,1,1,0,1,+,Cp3Pi
final,56109.310657,1,628,5,80,0,1,1,1,+,B3Sigma-
final,56142.418493,1,629,8,109,1,1,-1,0,+,Cp3Pi
final,56145.289941,1,630,6,74,1,1,0,1,+,C3Pi
final,56196.417691,1,631,6,73,1,1,-1,0,+,C3Pi
final,56229.308007,1,632,7,7,1,0,0,1,+,e1Pi
final,56231.424242,1,633,5,81,0,1,1,1,+,B3Sigma-
final,56251.304708,1,634,6,75,1,1,0,1,+,C3Pi
final,56290.685728,1,635,8,110,1,1,0,1,+,Cp3Pi
final,56301.992488,1,636,6,74,1,1,-1,0,+,C3Pi
final,56345.843317,1,637,8,110,1,1,-1,0,+,Cp3Pi
final,56356.334508,1,638,5,82,0,1,1,1,+,B3Sigma-
final,56378.125693,1,639,6,76,1,1,0,1,+,C3Pi
final,56423.817782,1,640,6,75,1,1,-1,0,+,C3Pi
final,56468.419722,1,641,6,77,1,1,0,1,+,C3Pi
final,56487.847971,1,642,5,83,0,1,1,1,+,B3Sigma-
final,56509.188652,1,643,8,111,1,1,0,1,+,Cp3Pi
final,56523.904846,1,644,6,76,1,1,-1,0,+,C3Pi
final,56557.897066,1,645,8,111,1,1,-1,0,+,Cp3Pi
final,56601.844712,1,646,6,78,1,1,0,1,+,C3Pi
final,56625.254019,1,647,5,84,0,1,1,1,+,B3Sigma-
final,56656.605636,1,648,6,77,1,1,-1,0,+,C3Pi
final,56684.807931,1,649,8,112,1,1,0,1,+,Cp3Pi
final,56730.836733,1,650,6,79,1,1,0,1,+,C3Pi
final,56738.5661,1,651,8,112,1,1,-1,0,+,Cp3Pi
final,56756.61623,1,652,5,85,0,1,1,1,+,B3Sigma-
final,56785.568258,1,653,6,78,1,1,-1,0,+,C3Pi
final,56845.298469,1,654,6,80,1,1,0,1,+,C3Pi
final,56883.44575,1,655,5,86,0,1,1,1,+,B3Sigma-
final,56893.519484,1,656,6,79,1,1,-1,0,+,C3Pi
final,56897.873858,1,657,7,8,1,0,0,1,+,e1Pi
final,56899.320453,1,658,8,113,1,1,0,1,+,Cp3Pi
final,56950.991538,1,659,8,113,1,1,-1,0,+,Cp3Pi
final,56976.866165,1,660,6,81,1,1,0,1,+,C3Pi
final,57021.10872,1,661,5,87,0,1,1,1,+,B3Sigma-
final,57024.831362,1,662,6,80,1,1,-1,0,+,C3Pi
final,57083.677347,1,663,8,114,1,1,0,1,+,Cp3Pi
final,57115.726588,1,664,6,82,1,1,0,1,+,C3Pi
final,57129.761351,1,665,6,81,1,1,-1,0,+,C3Pi
final,57157.549597,1,666,5,88,0,1,1,1,+,B3Sigma-
final,57170.253929,1,667,8,114,1,1,-1,0,+,Cp3Pi
final,57229.116523,1,668,6,83,1,1,0,1,+,C3Pi
final,57271.094404,1,669,6,82,1,1,-1,0,+,C3Pi
final,57291.394556,1,670,5,89,0,1,1,1,+,B3Sigma-
final,57305.053298,1,671,8,115,1,1,0,1,+,Cp3Pi
final,57354.970509,1,672,8,115,1,1,-1,0,+,Cp3Pi
final,57363.87684,1,673,6,84,1,1,0,1,+,C3Pi
final,57408.226697,1,674,6,83,1,1,-1,0,+,C3Pi
final,57433.203487,1,675,5,90,0,1,1,1,+,B3Sigma-
final,57484.515318,1,676,6,85,1,1,0,1,+,C3Pi
final,57517.75183,1,677,8,116,1,1,0,1,+,Cp3Pi
final,57521.442794,1,678,6,84,1,1,-1,0,+,C3Pi
final,57551.065937,1,679,7,9,1,0,0,1,+,e1Pi
final,57574.405852,1,680,5,91,0,1,1,1,+,B3Sigma-
final,57574.629579,1,681,8,116,1,1,-1,0,+,Cp3Pi
final,57625.529918,1,682,6,86,1,1,0,1,+,C3Pi
final,57661.559424,1,683,6,85,1,1,-1,0,+,C3Pi
final,57710.44985,1,684,8,117,1,1,0,1,+,Cp3Pi
final,57721.749163,1,685,5,92,0,1,1,1,+,B3Sigma-
final,57764.385761,1,686,6,87,1,1,0,1,+,C3Pi
final,57764.637078,1,687,8,117,1,1,-1,0,+,Cp3Pi
final,57806.812565,1,688,6,86,1,1,-1,0,+,C3Pi
final,57859.479433,1,689,5,93,0,1,1,1,+,B3Sigma-
final,57893.854389,1,690,6,88,1,1,0,1,+,C3Pi
final,57922.556593,1,691,6,87,1,1,-1,0,+,C3Pi
final,57931.542038,1,692,8,118,1,1,0,1,+,Cp3Pi
final,57989.56012,1,693,8,118,1,1,-1,0,+,Cp3Pi
final,58005.123411,1,694,5,94,0,1,1,1,+,B3Sigma-
final,58036.482649,1,695,6,89,1,1,0,1,+,C3Pi
final,58065.329978,1,696,6,88,1,1,-1,0,+,C3Pi
final,58134.021061,1,697,8,119,1,1,0,1,+,Cp3Pi
final,58153.765171,1,698,5,95,0,1,1,1,+,B3Sigma-
final,58179.453104,1,699,6,90,1,1,0,1,+,C3Pi
final,58180.961492,1,700,8,119,1,1,-1,0,+,Cp3Pi
final,58187.789486,1,701,7,10,1,0,0,1,+,e1Pi
final,58218.637288,1,702,6,89,1,1,-1,0,+,C3Pi
final,58296.846241,1,703,6,91,1,1,0,1,+,C3Pi
final,58318.741635,1,704,5,96,0,1,1,1,+,B3Sigma-
final,58336.264209,1,705,6,90,1,1,-1,0,+,C3Pi
final,58352.607556,1,706,8,120,1,1,0,1,+,Cp3Pi
final,58411.870631,1,707,8,120,1,1,-1,0,+,Cp3Pi
final,58445.293702,1,708,6,92,1,1,0,1,+,C3Pi
final,58466.378554,1,709,5,97,0,1,1,1,+,B3Sigma-
final,58482.364055,1,710,6,91,1,1,-1,0,+,C3Pi
final,58561.21914,1,711,8,121,1,1,0,1,+,Cp3Pi
final,58594.764628,1,712,6,93,1,1,0,1,+,C3Pi
final,58606.597648,1,713,6,92,1,1,-1,0,+,C3Pi
final,58615.690395,1,714,5,98,0,1,1,1,+,B3Sigma-
final,58640.693282,1,715,8,121,1,1,-1,0,+,Cp3Pi
final,58738.643297,1,716,6,94,1,1,0,1,+,C3Pi
final,58763.479781,1,717,6,93,1,1,-1,0,+,C3Pi
final,58766.920431,1,718,5,99,0,1,1,1,+,B3Sigma-
final,58779.486721,1,719,8,122,1,1,0,1,+,Cp3Pi
final,58807.292666,1,720,7,11,1,0,0,1,+,e1Pi
final,58840.40075,1,721,8,122,1,1,-1,0,+,Cp3Pi
final,58888.81656,1,722,6,95,1,1,0,1,+,C3Pi
final,58912.895918,1,723,6,94,1,1,-1,0,+,C3Pi
final,58921.338518,1,724,5,100,0,1,1,1,+,B3Sigma-
final,58992.681937,1,725,8,123,1,1,0,1,+,Cp3Pi
final,59039.452195,1,726,6,96,1,1,0,1,+,C3Pi
final,59042.554359,1,727,8,123,1,1,-1,0,+,Cp3Pi
final,59071.701849,1,728,6,95,1,1,-1,0,+,C3Pi
final,59077.429429,1,729,5,101,0,1,1,1,+,B3Sigma-
final,59188.057569,1,730,6,97,1,1,0,1,+,C3Pi
final,59204.583562,1,731,6,96,1,1,-1,0,+,C3Pi
final,59211.728575,1,732,8,124,1,1,0,1,+,Cp3Pi
final,59235.321711,1,733,5,102,0,1,1,1,+,B3Sigma-
final,59274.211418,1,734,8,124,1,1,-1,0,+,Cp3Pi
final,59341.936927,1,735,6,98,1,1,0,1,+,C3Pi
final,59357.500558,1,736,6,97,1,1,-1,0,+,C3Pi
final,59394.877444,1,737,5,103,0,1,1,1,+,B3Sigma-
final,59408.906535,1,738,7,12,1,0,0,1,+,e1Pi
final,59428.384908,1,739,8,125,1,1,0,1,+,Cp3Pi
final,59485.725006,1,740,8,125,1,1,-1,0,+,Cp3Pi
final,59496.137683,1,741,6,99,1,1,0,1,+,C3Pi
final,59514.490786,1,742,6,98,1,1,-1,0,+,C3Pi
final,59556.101084,1,743,5,104,0,1,1,1,+,B3Sigma-
final,59645.901716,1,744,8,126,1,1,0,1,+,Cp3Pi
final,59653.306759,1,745,6,100,1,1,0,1,+,C3Pi
final,59659.615491,1,746,6,99,1,1,-1,0,+,C3Pi
final,59712.764659,1,747,8,126,1,1,-1,0,+,Cp3Pi
final,59718.915485,1,748,5,105,0,1,1,1,+,B3Sigma-
final,59808.210201,1,749,6,101,1,1,0,1,+,C3Pi
final,59816.515957,1,750,6,100,1,1,-1,0,+,C3Pi
final,59868.483294,1,751,8,127,1,1,0,1,+,Cp3Pi
final,59883.441737,1,752,5,106,0,1,1,1,+,B3Sigma-
final,59930.503203,1,753,8,127,1,1,-1,0,+,Cp3Pi
final,59966.738258,1,754,6,102,1,1,0,1,+,C3Pi
final,59974.551076,1,755,6,101,1,1,-1,0,+,C3Pi
final,59991.589047,1,756,7,13,1,0,0,1,+,e1Pi
final,60049.00859,1,757,5,107,0,1,1,1,+,B3Sigma-
final,60090.807342,1,758,8,128,1,1,0,1,+,Cp3Pi
final,60126.728664,1,759,6,103,1,1,0,1,+,C3Pi
final,60128.210413,1,760,6,102,1,1,-1,0,+,C3Pi
final,60156.457737,1,761,8,128,1,1,-1,0,+,Cp3Pi
final,60216.434461,1,762,5,108,0,1,1,1,+,B3Sigma-
final,60288.284356,1,763,6,104,1,1,0,1,+,C3Pi
final,60289.943425,1,764,6,103,1,1,-1,0,+,C3Pi
final,60314.14491,1,765,8,129,1,1,0,1,+,Cp3Pi
final,60377.293715,1,766,8,129,1,1,-1,0,+,Cp3Pi
final,60385.327797,1,767,5,109,0,1,1,1,+,B3Sigma-
final,60451.290064,1,768,6,105,1,1,0,1,+,C3Pi
final,60451.682556,1,769,6,104,1,1,-1,0,+,C3Pi
final,60538.44643,1,770,8,130,1,1,0,1,+,Cp3Pi
final,60554.617572,1,771,7,14,1,0,0,1,+,e1Pi
final,60556.00019,1,772,5,110,0,1,1,1,+,B3Sigma-
final,60599.826419,1,773,8,130,1,1,-1,0,+,Cp3Pi
final,60615.755428,1,774,6,105,1,1,-1,0,+,C3Pi
final,60616.28822,1,775,6,106,1,1,0,1,+,C3Pi
final,60726.874923,1,776,5,111,0,1,1,1,+,B3Sigma-
final,60764.961852,1,777,8,131,1,1,0,1,+,Cp3Pi
final,60777.36879,1,778,6,106,1,1,-1,0,+,C3Pi
final,60782.886202,1,779,6,107,1,1,0,1,+,C3Pi
final,60828.100433,1,780,8,131,1,1,-1,0,+,Cp3Pi
final,60900.0219,1,781,5,112,0,1,1,1,+,B3Sigma-
final,60943.22294,1,782,6,107,1,1,-1,0,+,C3Pi
final,60950.468932,1,783,6,108,1,1,0,1,+,C3Pi
final,60992.53218,1,784,8,132,1,1,0,1,+,Cp3Pi
final,61054.909043,1,785,8,132,1,1,-1,0,+,Cp3Pi
final,61074.399883,1,786,5,113,0,1,1,1,+,B3Sigma-
final,61096.913536,1,787,7,15,1,0,0,1,+,e1Pi
final,61110.353441,1,788,6,108,1,1,-1,0,+,C3Pi
final,61120.448179,1,789,6,109,1,1,0,1,+,C3Pi
final,61220.344483,1,790,8,133,1,1,0,1,+,Cp3Pi
final,61250.410959,1,791,5,114,0,1,1,1,+,B3Sigma-
final,61278.137493,1,792,6,109,1,1,-1,0,+,C3Pi
final,61284.087353,1,793,8,133,1,1,-1,0,+,Cp3Pi
final,61292.296777,1,794,6,110,1,1,0,1,+,C3Pi
final,61424.960554,1,795,5,115,0,1,1,1,+,B3Sigma-
final,61448.799727,1,796,6,110,1,1,-1,0,+,C3Pi
final,61451.248856,1,797,8,134,1,1,0,1,+,Cp3Pi
final,61466.87854,1,798,6,111,1,1,0,1,+,C3Pi
final,61513.268478,1,799,8,134,1,1,-1,0,+,Cp3Pi
final,61603.186414,1,800,6,112,1,1,0,1,+,C3Pi
final,61617.616278,1,801,7,16,1,0,0,1,+,e1Pi
final,61620.360079,1,802,6,111,1,1,-1,0,+,C3Pi
final,61641.0912,1,803,5,116,0,1,1,1,+,B3Sigma-
final,61683.052896,1,804,8,135,1,1,0,1,+,Cp3Pi
final,61744.379181,1,805,8,135,1,1,-1,0,+,Cp3Pi
final,61781.878718,1,806,6,113,1,1,0,1,+,C3Pi
final,61793.414636,1,807,6,112,1,1,-1,0,+,C3Pi
final,61819.183994,1,808,5,117,0,1,1,1,+,B3Sigma-
final,61914.274461,1,809,8,136,1,1,0,1,+,Cp3Pi
final,61961.949026,1,810,6,114,1,1,0,1,+,C3Pi
final,61967.688233,1,811,6,113,1,1,-1,0,+,C3Pi
final,61977.057234,1,812,8,136,1,1,-1,0,+,Cp3Pi
final,61999.274835,1,813,5,118,0,1,1,1,+,B3Sigma-
final,62115.646688,1,814,7,17,1,0,0,1,+,e1Pi
final,62135.160625,1,815,6,115,1,1,0,1,+,C3Pi
final,62143.846517,1,816,6,114,1,1,-1,0,+,C3Pi
final,62154.500987,1,817,8,137,1,1,0,1,+,Cp3Pi
final,62181.598067,1,818,5,119,0,1,1,1,+,B3Sigma-
final,62210.572455,1,819,8,137,1,1,-1,0,+,Cp3Pi
final,62320.389502,1,820,6,116,1,1,0,1,+,C3Pi
final,62321.363963,1,821,6,115,1,1,-1,0,+,C3Pi
final,62364.823689,1,822,5,120,0,1,1,1,+,B3Sigma-
final,62385.963208,1,823,8,138,1,1,0,1,+,Cp3Pi
final,62445.391738,1,824,8,138,1,1,-1,0,+,Cp3Pi
final,62500.432336,1,825,6,116,1,1,-1,0,+,C3Pi
final,62503.381842,1,826,6,117,1,1,0,1,+,C3Pi
final,62551.187162,1,827,5,121,0,1,1,1,+,B3Sigma-
final,62589.991779,1,828,7,18,1,0,0,1,+,e1Pi
final,62620.461362,1,829,8,139,1,1,0,1,+,Cp3Pi
final,62676.685585,1,830,6,117,1,1,-1,0,+,C3Pi
final,62685.85502,1,831,8,139,1,1,-1,0,+,Cp3Pi
final,62687.784414,1,832,6,118,1,1,0,1,+,C3Pi
final,62739.067392,1,833,5,122,0,1,1,1,+,B3Sigma-
final,62852.365782,1,834,8,140,1,1,0,1,+,Cp3Pi
final,62862.15279,1,835,6,118,1,1,-1,0,+,C3Pi
final,62877.812016,1,836,6,119,1,1,0,1,+,C3Pi
final,62919.911565,1,837,8,140,1,1,-1,0,+,Cp3Pi
final,62928.65519,1,838,5,123,0,1,1,1,+,B3Sigma-
final,63039.606466,1,839,7,19,1,0,0,1,+,e1Pi
final,63045.914984,1,840,6,119,1,1,-1,0,+,C3Pi
final,63053.525878,1,841,6,120,1,1,0,1,+,C3Pi
final,63101.03882,1,842,8,141,1,1,0,1,+,Cp3Pi
final,63120.018657,1,843,5,124,0,1,1,1,+,B3Sigma-
final,63158.326574,1,844,8,141,1,1,-1,0,+,Cp3Pi
final,63231.249246,1,845,6,120,1,1,-1,0,+,C3Pi
final,63242.593816,1,846,6,121,1,1,0,1,+,C3Pi
final,63312.458245,1,847,5,125,0,1,1,1,+,B3Sigma-
final,63339.21424,1,848,8,142,1,1,0,1,+,Cp3Pi
final,63396.503073,1,849,8,142,1,1,-1,0,+,Cp3Pi
final,63419.576458,1,850,6,121,1,1,-1,0,+,C3Pi
final,63432.289736,1,851,6,122,1,1,0,1,+,C3Pi
final,63463.388599,1,852,7,20,1,0,0,1,+,e1Pi
final,63506.945304,1,853,5,126,0,1,1,1,+,B3Sigma-
final,63577.624903,1,854,8,143,1,1,0,1,+,Cp3Pi
final,63603.349927,1,855,6,122,1,1,-1,0,+,C3Pi
final,63624.751365,1,856,6,123,1,1,0,1,+,C3Pi
final,63641.869146,1,857,8,143,1,1,-1,0,+,Cp3Pi
final,63702.896268,1,858,5,127,0,1,1,1,+,B3Sigma-
final,63793.583629,1,859,6,123,1,1,-1,0,+,C3Pi
final,63803.108644,1,860,6,124,1,1,0,1,+,C3Pi
final,63833.062413,1,861,8,144,1,1,0,1,+,Cp3Pi
final,63860.308057,1,862,7,21,1,0,0,1,+,e1Pi
final,63883.386082,1,863,8,144,1,1,-1,0,+,Cp3Pi
final,63900.3655,1,864,5,128,0,1,1,1,+,B3Sigma-
final,63984.908563,1,865,6,124,1,1,-1,0,+,C3Pi
final,64002.284704,1,866,6,125,1,1,0,1,+,C3Pi
final,64070.374489,1,867,8,145,1,1,0,1,+,Cp3Pi
final,64099.385288,1,868,5,129,0,1,1,1,+,B3Sigma-
final,64126.135097,1,869,8,145,1,1,-1,0,+,Cp3Pi
final,64178.40965,1,870,6,125,1,1,-1,0,+,C3Pi
final,64198.412478,1,871,6,126,1,1,0,1,+,C3Pi
final,64229.329139,1,872,7,22,1,0,0,1,+,e1Pi
final,64299.567045,1,873,5,130,0,1,1,1,+,B3Sigma-
final,64313.485977,1,874,8,146,1,1,0,1,+,Cp3Pi
final,64361.815668,1,875,6,126,1,1,-1,0,+,C3Pi
final,64381.935435,1,876,8,146,1,1,-1,0,+,Cp3Pi
final,64395.848697,1,877,6,127,1,1,0,1,+,C3Pi
final,64501.662993,1,878,5,131,0,1,1,1,+,B3Sigma-
final,64555.463896,1,879,8,147,1,1,0,1,+,Cp3Pi
final,64564.528428,1,880,6,127,1,1,-1,0,+,C3Pi
final,64569.443453,1,881,7,23,1,0,0,1,+,e1Pi
final,64597.067054,1,882,6,128,1,1,0,1,+,C3Pi
final,64621.158923,1,883,8,147,1,1,-1,0,+,Cp3Pi
final,64705.10964,1,884,5,132,0,1,1,1,+,B3Sigma-
final,64762.551967,1,885,6,128,1,1,-1,0,+,C3Pi
final,64780.989488,1,886,6,129,1,1,0,1,+,C3Pi
final,64817.509613,1,887,8,148,1,1,0,1,+,Cp3Pi
final,64867.64191,1,888,8,148,1,1,-1,0,+,Cp3Pi
final,64879.744547,1,889,7,24,1,0,0,1,+,e1Pi
final,64909.994211,1,890,5,133,0,1,1,1,+,B3Sigma-
final,64961.63839,1,891,6,129,1,1,-1,0,+,C3Pi
final,64986.304192,1,892,6,130,1,1,0,1,+,C3Pi
final,65060.852916,1,893,8,149,1,1,0,1,+,Cp3Pi
final,65114.610148,1,894,8,149,1,1,-1,0,+,Cp3Pi
final,65116.31206,1,895,5,134,0,1,1,1,+,B3Sigma-
final,65159.445518,1,896,7,25,1,0,0,1,+,e1Pi
final,65163.059049,1,897,6,130,1,1,-1,0,+,C3Pi
final,65190.808034,1,898,6,131,1,1,0,1,+,C3Pi
final,65323.897178,1,899,5,135,0,1,1,1,+,B3Sigma-
final,65359.806119,1,900,6,131,1,1,-1,0,+,C3Pi
final,65391.100219,1,901,6,132,1,1,0,1,+,C3Pi
final,65408.069653,1,902,7,26,1,0,0,1,+,e1Pi
final,65532.912386,1,903,5,136,0,1,1,1,+,B3Sigma-
final,65560.396083,1,904,6,132,1,1,-1,0,+,C3Pi
final,65594.269779,1,905,6,133,1,1,0,1,+,C3Pi
final,65626.501261,1,906,7,27,1,0,0,1,+,e1Pi
final,65743.32731,1,907,5,137,0,1,1,1,+,B3Sigma-
final,65762.948382,1,908,6,133,1,1,-1,0,+,C3Pi
final,65799.503902,1,909,6,134,1,1,0,1,+,C3Pi
final,65817.905267,1,910,7,28,1,0,0,1,+,e1Pi
final,65955.138792,1,911,5,138,0,1,1,1,+,B3Sigma-
final,65967.455507,1,912,6,134,1,1,-1,0,+,C3Pi
final,65970.191349,1,913,7,29,1,0,0,1,+,e1Pi
final,66006.520465,1,914,6,135,1,1,0,1,+,C3Pi
final,66036.762355,1,915,7,30,1,0,0,1,+,e1Pi
final,66104.204337,1,916,7,31,1,0,0,1,+,e1Pi
final,66151.226217,1,917,7,32,1,0,0,1,+,e1Pi
final,66168.328381,1,918,5,139,0,1,1,1,+,B3Sigma-
final,66173.783771,1,919,6,135,1,1,-1,0,+,C3Pi
final,66192.513124,1,920,7,33,1,0,0,1,+,e1Pi
final,66215.114737,1,921,6,136,1,1,0,1,+,C3Pi
final,66222.934183,1,922,7,34,1,0,0,1,+,e1Pi
final,66243.924901,1,923,7,35,1,0,0,1,+,e1Pi
final,66260.856233,1,924,7,36,1,0,0,1,+,e1Pi
final,66280.635589,1,925,7,37,1,0,0,1,+,e1Pi
final,66304.4573,1,926,7,38,1,0,0,1,+,e1Pi
final,66332.291258,1,927,7,39,1,0,0,1,+,e1Pi
final,66364.068439,1,928,7,40,1,0,0,1,+,e1Pi
final,66381.679922,1,929,6,136,1,1,-1,0,+,C3Pi
final,66382.841897,1,930,5,140,0,1,1,1,+,B3Sigma-
final,66399.186515,1,931,7,41,1,0,0,1,+,e1Pi
final,66425.204591,1,932,6,137,1,1,0,1,+,C3Pi
final,66436.677525,1,933,7,42,1,0,0,1,+,e1Pi
final,66476.150476,1,934,7,43,1,0,0,1,+,e1Pi
final,66518.509963,1,935,7,44,1,0,0,1,+,e1Pi
final,66564.42547,1,936,7,45,1,0,0,1,+,e1Pi
final,66590.95672,1,937,6,137,1,1,-1,0,+,C3Pi
final,66598.572311,1,938,5,141,0,1,1,1,+,B3Sigma-
final,66612.97178,1,939,7,46,1,0,0,1,+,e1Pi
final,66636.853934,1,940,6,138,1,1,0,1,+,C3Pi
final,66662.905761,1,941,7,47,1,0,0,1,+,e1Pi
final,66714.84382,1,942,7,48,1,0,0,1,+,e1Pi
final,66770.224553,1,943,7,49,1,0,0,1,+,e1Pi
final,66801.53728,1,944,6,138,1,1,-1,0,+,C3Pi
final,66815.452299,1,945,5,142,0,1,1,1,+,B3Sigma-
final,66828.348092,1,946,7,50,1,0,0,1,+,e1Pi
final,66850.212286,1,947,6,139,1,1,0,1,+,C3Pi
final,66887.689387,1,948,7,51,1,0,0,1,+,e1Pi
final,66948.916584,1,949,7,52,1,0,0,1,+,e1Pi
final,67013.357495,1,950,7,53,1,0,0,1,+,e1Pi
final,67013.506747,1,951,6,139,1,1,-1,0,+,C3Pi
final,67033.450044,1,952,5,143,0,1,1,1,+,B3Sigma-
final,67065.432804,1,953,6,140,1,1,0,1,+,C3Pi
final,67079.959718,1,954,7,54,1,0,0,1,+,e1Pi
final,67147.763596,1,955,7,55,1,0,0,1,+,e1Pi
final,67218.085085,1,956,7,56,1,0,0,1,+,e1Pi
final,67226.983111,1,957,6,140,1,1,-1,0,+,C3Pi
final,67252.478674,1,958,5,144,0,1,1,1,+,B3Sigma-
final,67282.583546,1,959,6,141,1,1,0,1,+,C3Pi
final,67291.187025,1,960,7,57,1,0,0,1,+,e1Pi
final,67365.613728,1,961,7,58,1,0,0,1,+,e1Pi
final,67441.760055,1,962,7,59,1,0,0,1,+,e1Pi
final,67442.007473,1,963,6,141,1,1,-1,0,+,C3Pi
final,67472.412021,1,964,6,142,1,1,0,1,+,C3Pi
final,67501.675232,1,965,5,145,0,1,1,1,+,B3Sigma-
final,67520.741933,1,966,7,60,1,0,0,1,+,e1Pi
final,67601.585243,1,967,7,61,1,0,0,1,+,e1Pi
final,67658.520868,1,968,6,142,1,1,-1,0,+,C3Pi
final,67683.81841,1,969,7,62,1,0,0,1,+,e1Pi
final,67693.175474,1,970,6,143,1,1,0,1,+,C3Pi
final,67722.7345,1,971,5,146,0,1,1,1,+,B3Sigma-
final,67768.436606,1,972,7,63,1,0,0,1,+,e1Pi
final,67855.152172,1,973,7,64,1,0,0,1,+,e1Pi
final,67876.432473,1,974,6,143,1,1,-1,0,+,C3Pi
final,67914.823462,1,975,6,144,1,1,0,1,+,C3Pi
final,67943.384375,1,976,7,65,1,0,0,1,+,e1Pi
final,67945.862447,1,977,5,147,0,1,1,1,+,B3Sigma-
final,68033.741034,1,978,7,66,1,0,0,1,+,e1Pi
final,68095.706147,1,979,6,144,1,1,-1,0,+,C3Pi
final,68126.13785,1,980,7,67,1,0,0,1,+,e1Pi
final,68137.527211,1,981,6,145,1,1,0,1,+,C3Pi
final,68170.902667,1,982,5,148,0,1,1,1,+,B3Sigma-
final,68220.0995,1,983,7,68,1,0,0,1,+,e1Pi
final,68316.064775,1,984,7,69,1,0,0,1,+,e1Pi
final,68316.383611,1,985,6,145,1,1,-1,0,+,C3Pi
final,68361.121552,1,986,6,146,1,1,0,1,+,C3Pi
final,68397.647786,1,987,5,149,0,1,1,1,+,B3Sigma-
final,68414.058009,1,988,7,70,1,0,0,1,+,e1Pi
final,68513.665607,1,989,7,71,1,0,0,1,+,e1Pi
final,68538.528252,1,990,6,146,1,1,-1,0,+,C3Pi
final,68589.704797,1,991,6,147,1,1,0,1,+,C3Pi
final,68615.123257,1,992,7,72,1,0,0,1,+,e1Pi
final,68718.533662,1,993,7,73,1,0,0,1,+,e1Pi
final,68762.157092,1,994,6,147,1,1,-1,0,+,C3Pi
final,68809.949923,1,995,6,148,1,1,0,1,+,C3Pi
final,68823.663548,1,996,7,74,1,0,0,1,+,e1Pi
final,68930.58609,1,997,7,75,1,0,0,1,+,e1Pi
final,68987.232244,1,998,6,148,1,1,-1,0,+,C3Pi
final,69036.410955,1,999,6,149,1,1,0,1,+,C3Pi
final,69039.326835,1,1000,7,76,1,0,0,1,+,e1Pi
final,69149.807152,1,1001,7,77,1,0,0,1,+,e1Pi
final,69213.734716,1,1002,6,149,1,1,-1,0,+,C3Pi
final,69262.095739,1,1003,7,78,1,0,0,1,+,e1Pi
final,69376.140334,1,1004,7,79,1,0,0,1,+,e1Pi
final,69491.878882,1,1005,7,80,1,0,0,1,+,e1Pi
final,69609.399264,1,1006,7,81,1,0,0,1,+,e1Pi
final,69728.673279,1,1007,7,82,1,0,0,1,+,e1Pi
final,69849.624331,1,1008,7,83,1,0,0,1,+,e1Pi
final,69972.291554,1,1009,7,84,1,0,0,1,+,e1Pi
final,70096.692854,1,1010,7,85,1,0,0,1,+,e1Pi
final,70222.78824,1,1011,7,86,1,0,0,1,+,e1Pi
final,70350.556523,1,1012,7,87,1,0,0,1,+,e1Pi
final,70480.01048,1,1013,7,88,1,0,0,1,+,e1Pi
final,70611.160799,1,1014,7,89,1,0,0,1,+,e1Pi
final,70743.976208,1,1015,7,90,1,0,0,1,+,e1Pi
final,70878.435174,1,1016,7,91,1,0,0,1,+,e1Pi
final,71014.563431,1,1017,7,92,1,0,0,1,+,e1Pi
final,71152.357608,1,1018,7,93,1,0,0,1,+,e1Pi
final,71291.777686,1,1019,7,94,1,0,0,1,+,e1Pi
final,71432.828723,1,1020,7,95,1,0,0,1,+,e1Pi
final,71575.531309,1,1021,7,96,1,0,0,1,+,e1Pi
final,71719.858067,1,1022,7,97,1,0,0,1,+,e1Pi
final,71865.78999,1,1023,7,98,1,0,0,1,+,e1Pi
final,72013.34653,1,1024,7,99,1,0,0,1,+,e1Pi
final,72162.523764,1,1025,7,100,1,0,0,1,+,e1Pi
final,72313.292756,1,1026,7,101,1,0,0,1,+,e1Pi
final,72465.656045,1,1027,7,102,1,0,0,1,+,e1Pi
final,72619.627794,1,1028,7,103,1,0,0,1,+,e1Pi
final,72775.186808,1,1029,7,104,1,0,0,1,+,e1Pi
final,72932.318409,1,1030,7,105,1,0,0,1,+,e1Pi
final,73091.038834,1,1031,7,106,1,0,0,1,+,e1Pi
final,73251.340997,1,1032,7,107,1,0,0,1,+,e1Pi
final,73413.20184,1,1033,7,108,1,0,0,1,+,e1Pi
final,73576.629085,1,1034,7,109,1,0,0,1,+,e1Pi
final,73741.629244,1,1035,7,110,1,0,0,1,+,e1Pi
final,73908.180752,1,1036,7,111,1,0,0,1,+,e1Pi
final,74076.280638,1,1037,7,112,1,0,0,1,+,e1Pi
final,74245.939379,1,1038,7,113,1,0,0,1,+,e1Pi
final,74417.142345,1,1039,7,114,1,0,0,1,+,e1Pi
final,74589.879201,1,1040,7,115,1,0,0,1,+,e1Pi
final,74764.157819,1,1041,7,116,1,0,0,1,+,e1Pi
final,74939.976285,1,1042,7,117,1,0,0,1,+,e1Pi
final,75117.318303,1,1043,7,118,1,0,0,1,+,e1Pi
final,75296.186234,1,1044,7,119,1,0,0,1,+,e1Pi
final,75476.587098,1,1045,7,120,1,0,0,1,+,e1Pi
final,75658.498346,1,1046,7,121,1,0,0,1,+,e1Pi
final,75841.923271,1,1047,7,122,1,0,0,1,+,e1Pi
final,76026.868284,1,1048,7,123,1,0,0,1,+,e1Pi
final,76213.315113,1,1049,7,124,1,0,0,1,+,e1Pi
final,76401.26805,1,1050,7,125,1,0,0,1,+,e1Pi
final,76590.724309,1,1051,7,126,1,0,0,1,+,e1Pi
final,76781.681129,1,1052,7,127,1,0,0,1,+,e1Pi
final,76974.12959,1,1053,7,128,1,0,0,1,+,e1Pi
final,77168.068681,1,1054,7,129,1,0,0,1,+,e1Pi
final,77363.506424,1,1055,7,130,1,0,0,1,+,e1Pi
final,77560.418337,1,1056,7,131,1,0,0,1,+,e1Pi
final,77758.821243,1,1057,7,132,1,0,0,1,+,e1Pi
final,77958.709711,1,1058,7,133,1,0,0,1,+,e1Pi
final,78160.065856,1,1059,7,134,1,0,0,1,+,e1Pi
final,78362.907939,1,1060,7,135,1,0,0,1,+,e1Pi
final,78567.214855,1,1061,7,136,1,0,0,1,+,e1Pi
final,78772.99298,1,1062,7,137,1,0,0,1,+,e1Pi
final,78980.233591,1,1063,7,138,1,0,0,1,+,e1Pi
final,79188.935479,1,1064,7,139,1,0,0,1,+,e1Pi
final,79399.103446,1,1065,7,140,1,0,0,1,+,e1Pi
final,79610.719548,1,1066,7,141,1,0,0,1,+,e1Pi
final,79823.807761,1,1067,7,142,1,0,0,1,+,e1Pi
final,80038.342487,1,1068,7,143,1,0,0,1,+,e1Pi
final,80254.328158,1,1069,7,144,1,0,0,1,+,e1Pi
final,80471.767901,1,1070,7,145,1,0,0,1,+,e1Pi
final,80690.640175,1,1071,7,146,1,0,0,1,+,e1Pi
final,80910.96453,1,1072,7,147,1,0,0,1,+,e1Pi
final,81132.726191,1,1073,7,148,1,0,0,1,+,e1Pi
final,81355.932236,1,1074,7,149,1,0,0,1,+,e1Pi
final,1.000908,1,1,1,0,0,1,0,0,-,X3Sig-
final,10.989944,1,2,1,0,0,1,-1,-1,-,X3Sig-
final,1138.95359,1,3,1,1,0,1,0,0,-,X3Sig-
final,1148.998869,1,4,1,1,0,1,-1,-1,-,X3Sig-
final,2264.19417,1,5,1,2,0,1,0,0,-,X3Sig-
final,2274.298767,1,6,1,2,0,1,-1,-1,-,X3Sig-
final,3376.791002,1,7,1,3,0,1,0,0,-,X3Sig-
final,3386.957562,1,8,1,3,0,1,-1,-1,-,X3Sig-
final,4476.790309,1,9,1,4,0,1,0,0,-,X3Sig-
final,4487.019496,1,10,1,4,0,1,-1,-1,-,X3Sig-
final,5564.232597,1,11,1,5,0,1,0,0,-,X3Sig-
final,5574.514817,1,12,1,5,0,1,-1,-1,-,X3Sig-
final,6639.097409,1,13,1,6,0,1,0,0,-,X3Sig-
final,6649.433058,1,14,1,6,0,1,-1,-1,-,X3Sig-
final,7701.355004,1,15,1,7,0,1,0,0,-,X3Sig-
final,7711.755523,1,16,1,7,0,1,-1,-1,-,X3Sig-
final,8751.031808,1,17,1,8,0,1,0,0,-,X3Sig-
final,8761.484142,1,18,1,8,0,1,-1,-1,-,X3Sig-
final,9788.044623,1,19,1,9,0,1,0,0,-,X3Sig-
final,9798.561555,1,20,1,9,0,1,-1,-1,-,X3Sig-
final,10478.811425,1,21,3,0,0,0,0,0,-,b1Sig+
final,10812.335029,1,22,1,10,0,1,0,0,-,X3Sig-
final,10822.937369,1,23,1,10,0,1,-1,-1,-,X3Sig-
final,11533.029104,1,24,3,1,0,0,0,0,-,b1Sig+
final,11823.884376,1,25,1,11,0,1,0,0,-,X3Sig-
final,11834.575451,1,26,1,11,0,1,-1,-1,-,X3Sig-
final,12572.812313,1,27,3,2,0,0,0,0,-,b1Sig+
final,12822.620956,1,28,1,12,0,1,0,0,-,X3Sig-
final,12833.406417,1,29,1,12,0,1,-1,-1,-,X3Sig-
final,13598.082224,1,30,3,3,0,0,0,0,-,b1Sig+
final,13808.459308,1,31,1,13,0,1,0,0,-,X3Sig-
final,13819.350628,1,32,1,13,0,1,-1,-1,-,X3Sig-
final,14608.751223,1,33,3,4,0,0,0,0,-,b1Sig+
final,14781.319512,1,34,1,14,0,1,0,0,-,X3Sig-
final,14792.322801,1,35,1,14,0,1,-1,-1,-,X3Sig-
final,15604.678362,1,36,3,5,0,0,0,0,-,b1Sig+
final,15741.113269,1,37,1,15,0,1,0,0,-,X3Sig-
final,15752.23091,1,38,1,15,0,1,-1,-1,-,X3Sig-
final,16585.760746,1,39,3,6,0,0,0,0,-,b1Sig+
final,16687.746749,1,40,1,16,0,1,0,0,-,X3Sig-
final,16698.981144,1,41,1,16,0,1,-1,-1,-,X3Sig-
final,17551.902599,1,42,3,7,0,0,0,0,-,b1Sig+
final,17621.101331,1,43,1,17,0,1,0,0,-,X3Sig-
final,17632.465681,1,44,1,17,0,1,-1,-1,-,X3Sig-
final,18502.936019,1,45,3,8,0,0,0,0,-,b1Sig+
final,18541.074951,1,46,1,18,0,1,0,0,-,X3Sig-
final,18552.580211,1,47,1,18,0,1,-1,-1,-,X3Sig-
final,19438.769116,1,48,3,9,0,0,0,0,-,b1Sig+
final,19447.540433,1,49,1,19,0,1,0,0,-,X3Sig-
final,19459.197437,1,50,1,19,0,1,-1,-1,-,X3Sig-
final,20340.37049,1,51,1,20,0,1,0,0,-,X3Sig-
final,20352.187046,1,52,1,20,0,1,-1,-1,-,X3Sig-
final,20359.252458,1,53,3,10,0,0,0,0,-,b1Sig+
final,21219.431419,1,54,1,21,0,1,0,0,-,X3Sig-
final,21231.415004,1,55,1,21,0,1,-1,-1,-,X3Sig-
final,21264.234684,1,56,3,11,0,0,0,0,-,b1Sig+
final,22084.581064,1,57,1,22,0,1,0,0,-,X3Sig-
final,22096.744305,1,58,1,22,0,1,-1,-1,-,X3Sig-
final,22153.604421,1,59,3,12,0,0,0,0,-,b1Sig+
final,22935.673223,1,60,1,23,0,1,0,0,-,X3Sig-
final,22948.029974,1,61,1,23,0,1,-1,-1,-,X3Sig-
final,23027.233395,1,62,3,13,0,0,0,0,-,b1Sig+
final,23772.5473,1,63,1,24,0,1,0,0,-,X3Sig-
final,23785.110181,1,64,1,24,0,1,-1,-1,-,X3Sig-
final,23884.946372,1,65,3,14,0,0,0,0,-,b1Sig+
final,24595.047204,1,66,1,25,0,1,0,0,-,X3Sig-
final,24607.827987,1,67,1,25,0,1,-1,-1,-,X3Sig-
final,24726.576585,1,68,3,15,0,0,0,0,-,b1Sig+
final,25402.990809,1,69,1,26,0,1,0,0,-,X3Sig-
final,25416.015509,1,70,1,26,0,1,-1,-1,-,X3Sig-
final,25551.987422,1,71,3,16,0,0,0,0,-,b1Sig+
final,26196.216419,1,72,1,27,0,1,0,0,-,X3Sig-
final,26209.508303,1,73,1,27,0,1,-1,-1,-,X3Sig-
final,26361.043339,1,74,3,17,0,0,0,0,-,b1Sig+
final,26974.538289,1,75,1,28,0,1,0,0,-,X3Sig-
final,26988.119339,1,76,1,28,0,1,-1,-1,-,X3Sig-
final,27153.567791,1,77,3,18,0,0,0,0,-,b1Sig+
final,27737.778459,1,78,1,29,0,1,0,0,-,X3Sig-
final,27751.667243,1,79,1,29,0,1,-1,-1,-,X3Sig-
final,27929.419871,1,80,3,19,0,0,0,0,-,b1Sig+
final,28485.739462,1,81,1,30,0,1,0,0,-,X3Sig-
final,28499.961237,1,82,1,30,0,1,-1,-1,-,X3Sig-
final,28688.446992,1,83,3,20,0,0,0,0,-,b1Sig+
final,29218.245736,1,84,1,31,0,1,0,0,-,X3Sig-
final,29232.813794,1,85,1,31,0,1,-1,-1,-,X3Sig-
final,29430.455859,1,86,3,21,0,0,0,0,-,b1Sig+
final,29935.115044,1,87,1,32,0,1,0,0,-,X3Sig-
final,29950.014692,1,88,1,32,0,1,-1,-1,-,X3Sig-
final,30155.300889,1,89,3,22,0,0,0,0,-,b1Sig+
final,30636.209944,1,90,1,33,0,1,0,0,-,X3Sig-
final,30651.35998,1,91,1,33,0,1,-1,-1,-,X3Sig-
final,30862.798458,1,92,3,23,0,0,0,0,-,b1Sig+
final,31321.382696,1,93,1,34,0,1,0,0,-,X3Sig-
final,31336.639254,1,94,1,34,0,1,-1,-1,-,X3Sig-
final,31552.822433,1,95,3,24,0,0,0,0,-,b1Sig+
final,31990.378784,1,96,1,35,0,1,0,0,-,X3Sig-
final,32005.63545,1,97,1,35,0,1,-1,-1,-,X3Sig-
final,32225.160908,1,98,3,25,0,0,0,0,-,b1Sig+
final,32642.731995,1,99,1,36,0,1,0,0,-,X3Sig-
final,32658.120165,1,100,1,36,0,1,-1,-1,-,X3Sig-
final,32879.644942,1,101,3,26,0,0,0,0,-,b1Sig+
final,33277.94053,1,102,1,37,0,1,0,0,-,X3Sig-
final,33293.859043,1,103,1,37,0,1,-1,-1,-,X3Sig-
final,33516.115781,1,104,3,27,0,0,0,0,-,b1Sig+
final,33895.949396,1,105,1,38,0,1,0,0,-,X3Sig-
final,33912.624927,1,106,1,38,0,1,-1,-1,-,X3Sig-
final,34134.36497,1,107,3,28,0,0,0,0,-,b1Sig+
final,34497.037559,1,108,1,39,0,1,0,0,-,X3Sig-
final,34514.175312,1,109,1,39,0,1,-1,-1,-,X3Sig-
final,34734.270741,1,110,3,29,0,0,0,0,-,b1Sig+
final,35080.880226,1,111,1,40,0,1,0,0,-,X3Sig-
final,35098.26495,1,112,1,40,0,1,-1,-1,-,X3Sig-
final,35315.623924,1,113,3,30,0,0,0,0,-,b1Sig+
final,35646.486872,1,114,1,41,0,1,0,0,-,X3Sig-
final,35664.633609,1,115,1,41,0,1,-1,-1,-,X3Sig-
final,35878.23634,1,116,3,31,0,0,0,0,-,b1Sig+
final,36193.707931,1,117,1,42,0,1,0,0,-,X3Sig-
final,36213.024225,1,118,1,42,0,1,-1,-1,-,X3Sig-
final,36421.934043,1,119,3,32,0,0,0,0,-,b1Sig+
final,36722.955138,1,120,1,43,0,1,0,0,-,X3Sig-
final,36743.179888,1,121,1,43,0,1,-1,-1,-,X3Sig-
final,36946.493813,1,122,3,33,0,0,0,0,-,b1Sig+
final,37233.443248,1,123,1,44,0,1,0,0,-,X3Sig-
final,37254.822926,1,124,1,44,0,1,-1,-1,-,X3Sig-
final,37451.796138,1,125,3,34,0,0,0,0,-,b1Sig+
final,37724.538504,1,126,1,45,0,1,0,0,-,X3Sig-
final,37747.674771,1,127,1,45,0,1,-1,-1,-,X3Sig-
final,37937.701619,1,128,3,35,0,0,0,0,-,b1Sig+
final,37940.675936,1,129,4,0,-1,1,1,0,-,A3Pi
final,38096.740842,1,130,4,0,-1,1,0,-1,-,A3Pi
final,38196.776103,1,131,1,46,0,1,0,0,-,X3Sig-
final,38221.456555,1,132,1,46,0,1,-1,-1,-,X3Sig-
final,38359.83491,1,133,4,1,-1,1,1,0,-,A3Pi
final,38404.023948,1,134,3,36,0,0,0,0,-,b1Sig+
final,38513.69659,1,135,4,1,-1,1,0,-1,-,A3Pi
final,38649.417973,1,136,1,47,0,1,0,0,-,X3Sig-
final,38675.877799,1,137,1,47,0,1,-1,-1,-,X3Sig-
final,38769.455889,1,138,4,2,-1,1,1,0,-,A3Pi
final,38850.593817,1,139,3,37,0,0,0,0,-,b1Sig+
final,38921.429965,1,140,4,2,-1,1,0,-1,-,A3Pi
final,39081.58906,1,141,1,48,0,1,0,0,-,X3Sig-
final,39110.643387,1,142,1,48,0,1,-1,-1,-,X3Sig-
final,39175.490567,1,143,4,3,-1,1,1,0,-,A3Pi
final,39277.21347,1,144,3,38,0,0,0,0,-,b1Sig+
final,39325.556053,1,145,4,3,-1,1,0,-1,-,A3Pi
final,39493.958865,1,146,1,49,0,1,0,0,-,X3Sig-
final,39525.452901,1,147,1,49,0,1,-1,-1,-,X3Sig-
final,39577.980063,1,148,4,4,-1,1,1,0,-,A3Pi
final,39683.738387,1,149,3,39,0,0,0,0,-,b1Sig+
final,39726.062145,1,150,4,4,-1,1,0,-1,-,A3Pi
final,39885.600911,1,151,1,50,0,1,0,0,-,X3Sig-
final,39919.995313,1,152,1,50,0,1,-1,-1,-,X3Sig-
final,39976.694969,1,153,4,5,-1,1,1,0,-,A3Pi
final,40070.029866,1,154,3,40,0,0,0,0,-,b1Sig+
final,40122.684303,1,155,4,5,-1,1,0,-1,-,A3Pi
final,40255.564949,1,156,1,51,0,1,0,0,-,X3Sig-
final,40293.957501,1,157,1,51,0,1,-1,-1,-,X3Sig-
final,40370.837058,1,158,4,6,-1,1,1,0,-,A3Pi
final,40435.937004,1,159,3,41,0,0,0,0,-,b1Sig+
final,40514.532464,1,160,4,6,-1,1,0,-1,-,A3Pi
final,40604.7637,1,161,1,52,0,1,0,0,-,X3Sig-
final,40647.022696,1,162,1,52,0,1,-1,-1,-,X3Sig-
final,40758.791159,1,163,4,7,-1,1,1,0,-,A3Pi
final,40781.343617,1,164,3,42,0,0,0,0,-,b1Sig+
final,40899.905688,1,165,4,7,-1,1,0,-1,-,A3Pi
final,40931.792881,1,166,1,53,0,1,0,0,-,X3Sig-
final,40978.865047,1,167,1,53,0,1,-1,-1,-,X3Sig-
final,41106.104975,1,168,3,43,0,0,0,0,-,b1Sig+
final,41138.638861,1,169,4,8,-1,1,1,0,-,A3Pi
final,41235.748183,1,170,1,54,0,1,0,0,-,X3Sig-
final,41276.726881,1,171,4,8,-1,1,0,-1,-,A3Pi
final,41289.152612,1,172,1,54,0,1,-1,-1,-,X3Sig-
final,41377.472586,1,173,5,0,0,1,0,0,-,B3Sigma-
final,41383.928167,1,174,5,0,0,1,-1,-1,-,B3Sigma-
final,41410.133591,1,175,3,44,0,0,0,0,-,b1Sig+
final,41508.036381,1,176,4,9,-1,1,1,0,-,A3Pi
final,41518.078511,1,177,1,55,0,1,0,0,-,X3Sig-
final,41577.546915,1,178,1,55,0,1,-1,-1,-,X3Sig-
final,41642.483764,1,179,4,9,-1,1,0,-1,-,A3Pi
final,41693.27145,1,180,3,45,0,0,0,0,-,b1Sig+
final,41776.8064,1,181,1,56,0,1,0,0,-,X3Sig-
final,41843.699586,1,182,1,56,0,1,-1,-1,-,X3Sig-
final,41864.206549,1,183,4,10,-1,1,1,0,-,A3Pi
final,41955.304329,1,184,3,46,0,0,0,0,-,b1Sig+
final,41994.149929,1,185,4,10,-1,1,0,-1,-,A3Pi
final,41997.89026,1,186,5,1,0,1,0,0,-,B3Sigma-
final,42004.374115,1,187,5,1,0,1,-1,-1,-,B3Sigma-
final,42015.857803,1,188,1,57,0,1,0,0,-,X3Sig-
final,42087.261383,1,189,1,57,0,1,-1,-1,-,X3Sig-
final,42196.027643,1,190,3,47,0,0,0,0,-,b1Sig+
final,42203.909652,1,191,4,11,-1,1,1,0,-,A3Pi
final,42328.105812,1,192,4,11,-1,1,0,-1,-,A3Pi
final,42409.164665,1,193,3,48,0,0,0,0,-,b1Sig+
final,42523.226581,1,194,4,12,-1,1,1,0,-,A3Pi
final,42548.207962,1,195,3,49,0,0,0,0,-,b1Sig+
final,42608.470388,1,196,5,2,0,1,0,0,-,B3Sigma-
final,42614.975561,1,197,5,2,0,1,-1,-1,-,B3Sigma-
final,42639.762953,1,198,4,12,-1,1,0,-1,-,A3Pi
final,42701.750611,1,199,3,50,0,0,0,0,-,b1Sig+
final,42817.001798,1,200,4,13,-1,1,1,0,-,A3Pi
final,42829.886003,1,201,3,51,0,0,0,0,-,b1Sig+
final,42922.985316,1,202,4,13,-1,1,0,-1,-,A3Pi
final,42939.113728,1,203,3,52,0,0,0,0,-,b1Sig+
final,43020.678326,1,204,3,53,0,0,0,0,-,b1Sig+
final,43076.265376,1,205,3,54,0,0,0,0,-,b1Sig+
final,43078.198212,1,206,4,14,-1,1,1,0,-,A3Pi
final,43116.784676,1,207,3,55,0,0,0,0,-,b1Sig+
final,43151.799955,1,208,3,56,0,0,0,0,-,b1Sig+
final,43156.081293,1,209,8,0,-1,1,0,-1,-,Cp3Pi
final,43168.837117,1,210,4,14,-1,1,0,-1,-,A3Pi
final,43173.416548,1,211,3,57,0,0,0,0,-,b1Sig+
final,43184.732617,1,212,8,1,-1,1,0,-1,-,Cp3Pi
final,43206.725692,1,213,8,2,-1,1,0,-1,-,Cp3Pi
final,43209.250141,1,214,5,3,0,1,0,0,-,B3Sigma-
final,43215.806911,1,215,5,3,0,1,-1,-1,-,B3Sigma-
final,43223.179892,1,216,8,3,-1,1,0,-1,-,Cp3Pi
final,43223.346716,1,217,4,15,-1,1,0,-1,-,A3Pi
final,43230.108158,1,218,4,16,-1,1,0,-1,-,A3Pi
final,43242.197353,1,219,8,4,-1,1,0,-1,-,Cp3Pi
final,43242.478955,1,220,4,17,-1,1,0,-1,-,A3Pi
final,43260.097425,1,221,4,18,-1,1,0,-1,-,A3Pi
final,43263.715545,1,222,4,15,-1,1,1,0,-,A3Pi
final,43265.875351,1,223,8,5,-1,1,0,-1,-,Cp3Pi
final,43271.557288,1,224,4,16,-1,1,1,0,-,A3Pi
final,43281.122557,1,225,8,0,-1,1,1,0,-,Cp3Pi
final,43281.819256,1,226,4,19,-1,1,0,-1,-,A3Pi
final,43283.159088,1,227,4,17,-1,1,1,0,-,A3Pi
final,43293.321463,1,228,8,6,-1,1,0,-1,-,Cp3Pi
final,43296.170907,1,229,4,18,-1,1,1,0,-,A3Pi
final,43299.421278,1,230,4,19,-1,1,1,0,-,A3Pi
final,43303.994047,1,231,8,1,-1,1,1,0,-,Cp3Pi
final,43306.875913,1,232,4,20,-1,1,0,-1,-,A3Pi
final,43316.33791,1,233,8,2,-1,1,1,0,-,Cp3Pi
final,43321.407115,1,234,4,20,-1,1,1,0,-,A3Pi
final,43323.950124,1,235,8,3,-1,1,1,0,-,Cp3Pi
final,43324.331496,1,236,8,7,-1,1,0,-1,-,Cp3Pi
final,43332.79568,1,237,8,4,-1,1,1,0,-,Cp3Pi
final,43335.363816,1,238,4,21,-1,1,0,-1,-,A3Pi
final,43346.878809,1,239,4,21,-1,1,1,0,-,A3Pi
final,43350.645523,1,240,8,5,-1,1,1,0,-,Cp3Pi
final,43358.673816,1,241,8,8,-1,1,0,-1,-,Cp3Pi
final,43362.805743,1,242,4,22,-1,1,0,-1,-,A3Pi
final,43365.626479,1,243,8,6,-1,1,1,0,-,Cp3Pi
final,43366.811528,1,244,4,23,-1,1,0,-1,-,A3Pi
final,43376.434935,1,245,4,22,-1,1,1,0,-,A3Pi
final,43394.206932,1,246,8,7,-1,1,1,0,-,Cp3Pi
final,43396.088067,1,247,8,9,-1,1,0,-1,-,Cp3Pi
final,43400.070882,1,248,4,24,-1,1,0,-1,-,A3Pi
final,43407.810819,1,249,4,23,-1,1,1,0,-,A3Pi
final,43427.01323,1,250,8,8,-1,1,1,0,-,Cp3Pi
final,43434.494748,1,251,4,25,-1,1,0,-1,-,A3Pi
final,43436.435508,1,252,8,10,-1,1,0,-1,-,Cp3Pi
final,43440.676252,1,253,4,24,-1,1,1,0,-,A3Pi
final,43455.158288,1,254,4,25,-1,1,1,0,-,A3Pi
final,43460.946839,1,255,8,9,-1,1,1,0,-,Cp3Pi
final,43466.630071,1,256,4,26,-1,1,0,-1,-,A3Pi
final,43475.555931,1,257,4,26,-1,1,1,0,-,A3Pi
final,43479.559458,1,258,8,11,-1,1,0,-1,-,Cp3Pi
final,43485.754164,1,259,4,27,-1,1,0,-1,-,A3Pi
final,43501.182671,1,260,8,10,-1,1,1,0,-,Cp3Pi
final,43509.058413,1,261,4,27,-1,1,1,0,-,A3Pi
final,43512.008953,1,262,4,28,-1,1,0,-1,-,A3Pi
final,43525.35489,1,263,8,12,-1,1,0,-1,-,Cp3Pi
final,43538.555104,1,264,4,28,-1,1,1,0,-,A3Pi
final,43544.298102,1,265,8,11,-1,1,1,0,-,Cp3Pi
final,43545.343021,1,266,4,29,-1,1,0,-1,-,A3Pi
final,43566.424353,1,267,4,29,-1,1,1,0,-,A3Pi
final,43573.746943,1,268,8,13,-1,1,0,-1,-,Cp3Pi
final,43579.552944,1,269,4,30,-1,1,0,-1,-,A3Pi
final,43588.637312,1,270,8,12,-1,1,1,0,-,Cp3Pi
final,43598.988302,1,271,4,30,-1,1,1,0,-,A3Pi
final,43615.514634,1,272,4,31,-1,1,0,-1,-,A3Pi
final,43624.667575,1,273,8,14,-1,1,0,-1,-,Cp3Pi
final,43634.571754,1,274,4,31,-1,1,1,0,-,A3Pi
final,43636.567192,1,275,8,13,-1,1,1,0,-,Cp3Pi
final,43653.858623,1,276,4,32,-1,1,0,-1,-,A3Pi
final,43672.597799,1,277,4,32,-1,1,1,0,-,A3Pi
final,43678.022369,1,278,8,15,-1,1,0,-1,-,Cp3Pi
final,43687.488538,1,279,8,14,-1,1,1,0,-,Cp3Pi
final,43694.366851,1,280,4,33,-1,1,0,-1,-,A3Pi
final,43712.442879,1,281,4,33,-1,1,1,0,-,A3Pi
final,43733.824739,1,282,8,16,-1,1,0,-1,-,Cp3Pi
final,43736.924949,1,283,4,34,-1,1,0,-1,-,A3Pi
final,43740.471707,1,284,8,15,-1,1,1,0,-,Cp3Pi
final,43754.304446,1,285,4,34,-1,1,1,0,-,A3Pi
final,43781.431123,1,286,4,35,-1,1,0,-1,-,A3Pi
final,43791.99159,1,287,8,17,-1,1,0,-1,-,Cp3Pi
final,43795.466173,1,288,8,16,-1,1,1,0,-,Cp3Pi
final,43798.246222,1,289,4,35,-1,1,1,0,-,A3Pi
final,43800.422429,1,290,5,4,0,1,0,0,-,B3Sigma-
final,43806.996065,1,291,5,4,0,1,-1,-1,-,B3Sigma-
final,43827.854275,1,292,4,36,-1,1,0,-1,-,A3Pi
final,43843.891952,1,293,4,36,-1,1,1,0,-,A3Pi
final,43852.477723,1,294,8,18,-1,1,0,-1,-,Cp3Pi
final,43853.575763,1,295,8,17,-1,1,1,0,-,Cp3Pi
final,43876.158309,1,296,4,37,-1,1,0,-1,-,A3Pi
final,43891.600276,1,297,4,37,-1,1,1,0,-,A3Pi
final,43914.165312,1,298,8,18,-1,1,1,0,-,Cp3Pi
final,43915.201263,1,299,8,19,-1,1,0,-1,-,Cp3Pi
final,43926.290458,1,300,4,38,-1,1,0,-1,-,A3Pi
final,43941.185215,1,301,4,38,-1,1,1,0,-,A3Pi
final,43976.811793,1,302,8,19,-1,1,1,0,-,Cp3Pi
final,43978.263318,1,303,4,39,-1,1,0,-1,-,A3Pi
final,43980.078613,1,304,8,20,-1,1,0,-1,-,Cp3Pi
final,43992.631115,1,305,4,39,-1,1,1,0,-,A3Pi
final,44032.050009,1,306,4,40,-1,1,0,-1,-,A3Pi
final,44041.367259,1,307,8,20,-1,1,1,0,-,Cp3Pi
final,44045.921083,1,308,4,40,-1,1,1,0,-,A3Pi
final,44047.162358,1,309,8,21,-1,1,0,-1,-,Cp3Pi
final,44087.623561,1,310,4,41,-1,1,0,-1,-,A3Pi
final,44100.837005,1,311,4,41,-1,1,1,0,-,A3Pi
final,44108.479235,1,312,8,21,-1,1,1,0,-,Cp3Pi
final,44116.302666,1,313,8,22,-1,1,0,-1,-,Cp3Pi
final,44144.952616,1,314,4,42,-1,1,0,-1,-,A3Pi
final,44157.678068,1,315,4,42,-1,1,1,0,-,A3Pi
final,44160.628451,1,316,6,0,-1,1,0,-1,-,C3Pi
final,44177.693536,1,317,8,22,-1,1,1,0,-,Cp3Pi
final,44187.554356,1,318,8,23,-1,1,0,-1,-,Cp3Pi
final,44204.022104,1,319,4,43,-1,1,0,-1,-,A3Pi
final,44216.257081,1,320,4,43,-1,1,1,0,-,A3Pi
final,44248.897528,1,321,8,23,-1,1,1,0,-,Cp3Pi
final,44260.884277,1,322,8,24,-1,1,0,-1,-,Cp3Pi
final,44264.819199,1,323,4,44,-1,1,0,-1,-,A3Pi
final,44276.581421,1,324,4,44,-1,1,1,0,-,A3Pi
final,44322.12562,1,325,8,24,-1,1,1,0,-,Cp3Pi
final,44327.324159,1,326,4,45,-1,1,0,-1,-,A3Pi
final,44336.182464,1,327,8,25,-1,1,0,-1,-,Cp3Pi
final,44338.636697,1,328,4,45,-1,1,1,0,-,A3Pi
final,44343.078428,1,329,6,0,-1,1,1,0,-,C3Pi
final,44388.003249,1,330,5,5,0,1,0,0,-,B3Sigma-
final,44390.906903,1,331,5,5,0,1,-1,-1,-,B3Sigma-
final,44391.595873,1,332,4,46,-1,1,0,-1,-,A3Pi
final,44397.385744,1,333,8,25,-1,1,1,0,-,Cp3Pi
final,44402.443237,1,334,4,46,-1,1,1,0,-,A3Pi
final,44413.461557,1,335,8,26,-1,1,0,-1,-,Cp3Pi
final,44457.427634,1,336,4,47,-1,1,0,-1,-,A3Pi
final,44467.773437,1,337,4,47,-1,1,1,0,-,A3Pi
final,44474.88986,1,338,8,26,-1,1,1,0,-,Cp3Pi
final,44492.662811,1,339,8,27,-1,1,0,-1,-,Cp3Pi
final,44524.980811,1,340,4,48,-1,1,0,-1,-,A3Pi
final,44534.9264,1,341,4,48,-1,1,1,0,-,A3Pi
final,44554.128163,1,342,8,27,-1,1,1,0,-,Cp3Pi
final,44573.768078,1,343,8,28,-1,1,0,-1,-,Cp3Pi
final,44594.188762,1,344,4,49,-1,1,0,-1,-,A3Pi
final,44603.729166,1,345,4,49,-1,1,1,0,-,A3Pi
final,44635.202314,1,346,8,28,-1,1,1,0,-,Cp3Pi
final,44656.755282,1,347,8,29,-1,1,0,-1,-,Cp3Pi
final,44665.044949,1,348,4,50,-1,1,0,-1,-,A3Pi
final,44674.177512,1,349,4,50,-1,1,1,0,-,A3Pi
final,44718.198043,1,350,8,29,-1,1,1,0,-,Cp3Pi
final,44737.527269,1,351,4,51,-1,1,0,-1,-,A3Pi
final,44741.613751,1,352,8,30,-1,1,0,-1,-,Cp3Pi
final,44746.27821,1,353,4,51,-1,1,1,0,-,A3Pi
final,44803.178059,1,354,8,30,-1,1,1,0,-,Cp3Pi
final,44811.632731,1,355,4,52,-1,1,0,-1,-,A3Pi
final,44820.117448,1,356,4,52,-1,1,1,0,-,A3Pi
final,44828.237539,1,357,8,31,-1,1,0,-1,-,Cp3Pi
final,44851.066198,1,358,6,1,-1,1,0,-1,-,C3Pi
final,44887.343105,1,359,4,53,-1,1,0,-1,-,A3Pi
final,44889.92074,1,360,8,31,-1,1,1,0,-,Cp3Pi
final,44895.816513,1,361,4,53,-1,1,1,0,-,A3Pi
final,44916.650593,1,362,8,32,-1,1,0,-1,-,Cp3Pi
final,44953.516697,1,363,5,6,0,1,0,0,-,B3Sigma-
final,44964.607059,1,364,4,54,-1,1,0,-1,-,A3Pi
final,44967.107111,1,365,5,6,0,1,-1,-1,-,B3Sigma-
final,44973.615469,1,366,4,54,-1,1,1,0,-,A3Pi
final,44978.485338,1,367,8,32,-1,1,1,0,-,Cp3Pi
final,45006.836517,1,368,8,33,-1,1,0,-1,-,Cp3Pi
final,45043.558754,1,369,4,55,-1,1,0,-1,-,A3Pi
final,45044.944555,1,370,6,1,-1,1,1,0,-,C3Pi
final,45053.869011,1,371,4,55,-1,1,1,0,-,A3Pi
final,45068.67251,1,372,8,33,-1,1,1,0,-,Cp3Pi
final,45098.754003,1,373,8,34,-1,1,0,-1,-,Cp3Pi
final,45124.038851,1,374,4,56,-1,1,0,-1,-,A3Pi
final,45138.438956,1,375,4,56,-1,1,1,0,-,A3Pi
final,45160.701405,1,376,8,34,-1,1,1,0,-,Cp3Pi
final,45192.367089,1,377,8,35,-1,1,0,-1,-,Cp3Pi
final,45206.090374,1,378,4,57,-1,1,0,-1,-,A3Pi
final,45224.534437,1,379,4,57,-1,1,1,0,-,A3Pi
final,45254.478141,1,380,8,35,-1,1,1,0,-,Cp3Pi
final,45287.676678,1,381,8,36,-1,1,0,-1,-,Cp3Pi
final,45349.905685,1,382,8,36,-1,1,1,0,-,Cp3Pi
final,45384.620193,1,383,8,37,-1,1,0,-1,-,Cp3Pi
final,45446.928051,1,384,8,37,-1,1,1,0,-,Cp3Pi
final,45483.217582,1,385,8,38,-1,1,0,-1,-,Cp3Pi
final,45513.762204,1,386,6,2,-1,1,0,-1,-,C3Pi
final,45523.01625,1,387,5,7,0,1,0,0,-,B3Sigma-
final,45545.623717,1,388,8,38,-1,1,1,0,-,Cp3Pi
final,45547.716354,1,389,5,7,0,1,-1,-1,-,B3Sigma-
final,45583.423732,1,390,8,39,-1,1,0,-1,-,Cp3Pi
final,45645.991027,1,391,8,39,-1,1,1,0,-,Cp3Pi
final,45685.220578,1,392,8,40,-1,1,0,-1,-,Cp3Pi
final,45718.506684,1,393,6,2,-1,1,1,0,-,C3Pi
final,45747.943715,1,394,8,40,-1,1,1,0,-,Cp3Pi
final,45788.572958,1,395,8,41,-1,1,0,-1,-,Cp3Pi
final,45851.416493,1,396,8,41,-1,1,1,0,-,Cp3Pi
final,45893.457891,1,397,8,42,-1,1,0,-1,-,Cp3Pi
final,45956.407021,1,398,8,42,-1,1,1,0,-,Cp3Pi
final,45999.876481,1,399,8,43,-1,1,0,-1,-,Cp3Pi
final,46062.968488,1,400,8,43,-1,1,1,0,-,Cp3Pi
final,46081.00503,1,401,5,8,0,1,0,0,-,B3Sigma-
final,46085.887381,1,402,5,8,0,1,-1,-1,-,B3Sigma-
final,46107.808511,1,403,8,44,-1,1,0,-1,-,Cp3Pi
final,46171.064437,1,404,8,44,-1,1,1,0,-,Cp3Pi
final,46192.937335,1,405,6,3,-1,1,0,-1,-,C3Pi
final,46217.22763,1,406,8,45,-1,1,0,-1,-,Cp3Pi
final,46280.622757,1,407,8,45,-1,1,1,0,-,Cp3Pi
final,46328.112335,1,408,8,46,-1,1,0,-1,-,Cp3Pi
final,46376.180412,1,409,6,3,-1,1,1,0,-,C3Pi
final,46391.618983,1,410,8,46,-1,1,1,0,-,Cp3Pi
final,46440.447706,1,411,8,47,-1,1,0,-1,-,Cp3Pi
final,46504.07611,1,412,8,47,-1,1,1,0,-,Cp3Pi
final,46554.217607,1,413,8,48,-1,1,0,-1,-,Cp3Pi
final,46617.874446,1,414,8,48,-1,1,1,0,-,Cp3Pi
final,46628.810522,1,415,5,9,0,1,0,0,-,B3Sigma-
final,46633.638438,1,416,5,9,0,1,-1,-1,-,B3Sigma-
final,46669.462264,1,417,8,49,-1,1,0,-1,-,Cp3Pi
final,46733.353165,1,418,8,49,-1,1,1,0,-,Cp3Pi
final,46786.025794,1,419,8,50,-1,1,0,-1,-,Cp3Pi
final,46833.880118,1,420,6,4,-1,1,0,-1,-,C3Pi
final,46850.024341,1,421,8,50,-1,1,1,0,-,Cp3Pi
final,46903.987947,1,422,8,51,-1,1,0,-1,-,Cp3Pi
final,46968.037726,1,423,8,51,-1,1,1,0,-,Cp3Pi
final,47016.167959,1,424,6,4,-1,1,1,0,-,C3Pi
final,47023.28284,1,425,8,52,-1,1,0,-1,-,Cp3Pi
final,47087.248178,1,426,8,52,-1,1,1,0,-,Cp3Pi
final,47143.242094,1,427,8,53,-1,1,0,-1,-,Cp3Pi
final,47164.355387,1,428,5,10,0,1,0,0,-,B3Sigma-
final,47169.859077,1,429,5,10,0,1,-1,-1,-,B3Sigma-
final,47209.338489,1,430,8,53,-1,1,1,0,-,Cp3Pi
final,47266.479992,1,431,8,54,-1,1,0,-1,-,Cp3Pi
final,47330.837957,1,432,8,54,-1,1,1,0,-,Cp3Pi
final,47389.723247,1,433,8,55,-1,1,0,-1,-,Cp3Pi
final,47454.070761,1,434,8,55,-1,1,1,0,-,Cp3Pi
final,47455.587479,1,435,6,5,-1,1,0,-1,-,C3Pi
final,47514.324256,1,436,8,56,-1,1,0,-1,-,Cp3Pi
final,47578.276837,1,437,5,11,0,1,0,0,-,B3Sigma-
final,47634.147972,1,438,6,5,-1,1,1,0,-,C3Pi
final,47639.686648,1,439,8,57,-1,1,0,-1,-,Cp3Pi
final,47687.958113,1,440,8,56,-1,1,1,0,-,Cp3Pi
final,47694.327179,1,441,5,11,0,1,-1,-1,-,B3Sigma-
final,47711.353635,1,442,8,57,-1,1,1,0,-,Cp3Pi
final,47768.718493,1,443,8,58,-1,1,0,-1,-,Cp3Pi
final,47833.548309,1,444,8,58,-1,1,1,0,-,Cp3Pi
final,47896.863918,1,445,8,59,-1,1,0,-1,-,Cp3Pi
final,47961.734786,1,446,8,59,-1,1,1,0,-,Cp3Pi
final,48026.44389,1,447,8,60,-1,1,0,-1,-,Cp3Pi
final,48051.494641,1,448,6,6,-1,1,0,-1,-,C3Pi
final,48091.333631,1,449,8,60,-1,1,1,0,-,Cp3Pi
final,48157.589895,1,450,8,61,-1,1,0,-1,-,Cp3Pi
final,48194.289679,1,451,5,12,0,1,0,0,-,B3Sigma-
final,48204.848178,1,452,5,12,0,1,-1,-1,-,B3Sigma-
final,48222.017871,1,453,6,6,-1,1,1,0,-,C3Pi
final,48237.724817,1,454,5,13,0,1,0,0,-,B3Sigma-
final,48289.756343,1,455,8,62,-1,1,0,-1,-,Cp3Pi
final,48354.225224,1,456,8,61,-1,1,1,0,-,Cp3Pi
final,48422.558073,1,457,8,63,-1,1,0,-1,-,Cp3Pi
final,48486.868052,1,458,8,62,-1,1,1,0,-,Cp3Pi
final,48553.491351,1,459,8,64,-1,1,0,-1,-,Cp3Pi
final,48611.24621,1,460,6,7,-1,1,0,-1,-,C3Pi
final,48619.303161,1,461,8,63,-1,1,1,0,-,Cp3Pi
final,48695.963973,1,462,8,65,-1,1,0,-1,-,Cp3Pi
final,48697.785024,1,463,8,64,-1,1,1,0,-,Cp3Pi
final,48704.22739,1,464,5,13,0,1,-1,-1,-,B3Sigma-
final,48746.142878,1,465,6,7,-1,1,1,0,-,C3Pi
final,48793.023817,1,466,8,65,-1,1,1,0,-,Cp3Pi
final,48830.142063,1,467,8,66,-1,1,0,-1,-,Cp3Pi
final,48898.0586,1,468,6,8,-1,1,1,0,-,C3Pi
final,48962.618011,1,469,8,67,-1,1,0,-1,-,Cp3Pi
final,49030.27384,1,470,8,66,-1,1,1,0,-,Cp3Pi
final,49081.634929,1,471,8,68,-1,1,0,-1,-,Cp3Pi
final,49159.332755,1,472,8,67,-1,1,1,0,-,Cp3Pi
final,49164.997529,1,473,6,8,-1,1,0,-1,-,C3Pi
final,49181.649678,1,474,5,14,0,1,0,0,-,B3Sigma-
final,49187.050975,1,475,5,14,0,1,-1,-1,-,B3Sigma-
final,49273.227646,1,476,8,68,-1,1,1,0,-,Cp3Pi
final,49273.321621,1,477,8,69,-1,1,0,-1,-,Cp3Pi
final,49367.237064,1,478,8,69,-1,1,1,0,-,Cp3Pi
final,49404.002188,1,479,8,70,-1,1,0,-1,-,Cp3Pi
final,49482.210464,1,480,8,70,-1,1,1,0,-,Cp3Pi
final,49537.189032,1,481,8,71,-1,1,0,-1,-,Cp3Pi
final,49611.844261,1,482,6,9,-1,1,1,0,-,C3Pi
final,49642.311256,1,483,5,15,0,1,0,0,-,B3Sigma-
final,49645.820514,1,484,5,15,0,1,-1,-1,-,B3Sigma-
final,49662.525925,1,485,8,72,-1,1,0,-1,-,Cp3Pi
final,49746.466879,1,486,8,71,-1,1,1,0,-,Cp3Pi
final,49763.441245,1,487,6,9,-1,1,0,-1,-,C3Pi
final,49868.989023,1,488,8,72,-1,1,1,0,-,Cp3Pi
final,49877.099106,1,489,8,73,-1,1,0,-1,-,Cp3Pi
final,49976.275597,1,490,8,73,-1,1,1,0,-,Cp3Pi
final,50012.002142,1,491,8,74,-1,1,0,-1,-,Cp3Pi
final,50056.803646,1,492,5,16,0,1,0,0,-,B3Sigma-
final,50061.92845,1,493,5,16,0,1,-1,-1,-,B3Sigma-
final,50094.742661,1,494,8,74,-1,1,1,0,-,Cp3Pi
final,50155.20502,1,495,8,75,-1,1,0,-1,-,Cp3Pi
final,50215.344973,1,496,6,10,-1,1,0,-1,-,C3Pi
final,50228.983022,1,497,8,75,-1,1,1,0,-,Cp3Pi
final,50302.615806,1,498,8,76,-1,1,0,-1,-,Cp3Pi
final,50367.187375,1,499,6,10,-1,1,1,0,-,C3Pi
final,50375.835946,1,500,5,17,0,1,0,0,-,B3Sigma-
final,50381.631072,1,501,5,17,0,1,-1,-1,-,B3Sigma-
final,50401.052111,1,502,8,76,-1,1,1,0,-,Cp3Pi
final,50450.388023,1,503,8,77,-1,1,0,-1,-,Cp3Pi
final,50522.290275,1,504,6,11,-1,1,1,0,-,C3Pi
final,50592.344611,1,505,5,18,0,1,0,0,-,B3Sigma-
final,50594.154109,1,506,8,78,-1,1,0,-1,-,Cp3Pi
final,50597.988894,1,507,5,18,0,1,-1,-1,-,B3Sigma-
final,50669.966792,1,508,8,77,-1,1,1,0,-,Cp3Pi
final,50697.506411,1,509,6,11,-1,1,0,-1,-,C3Pi
final,50782.016172,1,510,8,79,-1,1,0,-1,-,Cp3Pi
final,50795.011085,1,511,5,19,0,1,0,0,-,B3Sigma-
final,50801.026551,1,512,5,19,0,1,-1,-1,-,B3Sigma-
final,50813.149516,1,513,8,78,-1,1,1,0,-,Cp3Pi
final,50906.044838,1,514,8,79,-1,1,1,0,-,Cp3Pi
final,50920.581031,1,515,8,80,-1,1,0,-1,-,Cp3Pi
final,50992.982817,1,516,5,20,0,1,0,0,-,B3Sigma-
final,50998.685617,1,517,5,20,0,1,-1,-1,-,B3Sigma-
final,51001.584237,1,518,6,12,-1,1,0,-1,-,C3Pi
final,51051.469755,1,519,8,81,-1,1,0,-1,-,Cp3Pi
final,51129.994527,1,520,8,82,-1,1,0,-1,-,Cp3Pi
final,51135.335239,1,521,8,80,-1,1,1,0,-,Cp3Pi
final,51178.330443,1,522,7,0,-1,0,0,-1,-,e1Pi
final,51188.665765,1,523,5,21,0,1,0,0,-,B3Sigma-
final,51194.649789,1,524,5,21,0,1,-1,-1,-,B3Sigma-
final,51255.323457,1,525,8,83,-1,1,0,-1,-,Cp3Pi
final,51258.772416,1,526,8,81,-1,1,1,0,-,Cp3Pi
final,51349.744421,1,527,6,12,-1,1,1,0,-,C3Pi
final,51372.688153,1,528,5,22,0,1,0,0,-,B3Sigma-
final,51378.403227,1,529,5,22,0,1,-1,-1,-,B3Sigma-
final,51407.432453,1,530,6,13,-1,1,0,-1,-,C3Pi
final,51481.264684,1,531,8,82,-1,1,1,0,-,Cp3Pi
final,51502.932387,1,532,8,84,-1,1,0,-1,-,Cp3Pi
final,51545.435731,1,533,5,23,0,1,0,0,-,B3Sigma-
final,51551.450875,1,534,5,23,0,1,-1,-1,-,B3Sigma-
final,51574.596627,1,535,8,85,-1,1,0,-1,-,Cp3Pi
final,51625.783652,1,536,8,83,-1,1,1,0,-,Cp3Pi
final,51693.309836,1,537,6,13,-1,1,1,0,-,C3Pi
final,51705.224407,1,538,5,24,0,1,0,0,-,B3Sigma-
final,51711.291421,1,539,5,24,0,1,-1,-1,-,B3Sigma-
final,51733.242258,1,540,6,14,-1,1,0,-1,-,C3Pi
final,51806.380043,1,541,8,84,-1,1,1,0,-,Cp3Pi
final,51850.533835,1,542,5,25,0,1,0,0,-,B3Sigma-
final,51856.990245,1,543,5,25,0,1,-1,-1,-,B3Sigma-
final,51890.204439,1,544,8,86,-1,1,0,-1,-,Cp3Pi
final,51898.816523,1,545,6,15,-1,1,0,-1,-,C3Pi
final,51930.917478,1,546,7,1,-1,0,0,-1,-,e1Pi
final,51964.571878,1,547,8,85,-1,1,1,0,-,Cp3Pi
final,51981.838107,1,548,5,26,0,1,0,0,-,B3Sigma-
final,51988.195581,1,549,5,26,0,1,-1,-1,-,B3Sigma-
final,52059.899275,1,550,8,87,-1,1,0,-1,-,Cp3Pi
final,52073.398617,1,551,6,14,-1,1,1,0,-,C3Pi
final,52096.476249,1,552,5,27,0,1,0,0,-,B3Sigma-
final,52104.055441,1,553,5,27,0,1,-1,-1,-,B3Sigma-
final,52129.553053,1,554,8,86,-1,1,1,0,-,Cp3Pi
final,52196.305717,1,555,5,28,0,1,0,0,-,B3Sigma-
final,52202.989754,1,556,5,28,0,1,-1,-1,-,B3Sigma-
final,52211.167992,1,557,8,88,-1,1,0,-1,-,Cp3Pi
final,52245.726961,1,558,6,16,-1,1,0,-1,-,C3Pi
final,52277.856486,1,559,5,29,0,1,0,0,-,B3Sigma-
final,52285.211283,1,560,5,29,0,1,-1,-1,-,B3Sigma-
final,52294.304803,1,561,8,87,-1,1,1,0,-,Cp3Pi
final,52341.80137,1,562,5,30,0,1,0,0,-,B3Sigma-
final,52347.355607,1,563,5,30,0,1,-1,-1,-,B3Sigma-
final,52387.035839,1,564,5,31,0,1,0,0,-,B3Sigma-
final,52390.128648,1,565,5,31,0,1,-1,-1,-,B3Sigma-
final,52393.759231,1,566,8,89,-1,1,0,-1,-,Cp3Pi
final,52411.914718,1,567,6,15,-1,1,1,0,-,C3Pi
final,52417.879887,1,568,5,32,0,1,0,0,-,B3Sigma-
final,52419.529236,1,569,5,32,0,1,-1,-1,-,B3Sigma-
final,52438.239795,1,570,5,33,0,1,0,0,-,B3Sigma-
final,52439.338686,1,571,5,33,0,1,-1,-1,-,B3Sigma-
final,52456.33721,1,572,5,34,0,1,0,0,-,B3Sigma-
final,52458.110565,1,573,5,34,0,1,-1,-1,-,B3Sigma-
final,52463.90833,1,574,8,88,-1,1,1,0,-,Cp3Pi
final,52477.961113,1,575,8,90,-1,1,0,-1,-,Cp3Pi
final,52479.539672,1,576,5,35,0,1,0,0,-,B3Sigma-
final,52481.320059,1,577,5,35,0,1,-1,-1,-,B3Sigma-
final,52506.822944,1,578,5,36,0,1,0,0,-,B3Sigma-
final,52508.847335,1,579,5,36,0,1,-1,-1,-,B3Sigma-
final,52521.898266,1,580,6,17,-1,1,0,-1,-,C3Pi
final,52529.145852,1,581,6,18,-1,1,0,-1,-,C3Pi
final,52535.045943,1,582,6,19,-1,1,0,-1,-,C3Pi
final,52538.079434,1,583,5,37,0,1,0,0,-,B3Sigma-
final,52540.167553,1,584,5,37,0,1,-1,-1,-,B3Sigma-
final,52544.408161,1,585,6,20,-1,1,0,-1,-,C3Pi
final,52555.434994,1,586,6,21,-1,1,0,-1,-,C3Pi
final,52565.847886,1,587,6,22,-1,1,0,-1,-,C3Pi
final,52572.839478,1,588,5,38,0,1,0,0,-,B3Sigma-
final,52574.596823,1,589,5,38,0,1,-1,-1,-,B3Sigma-
final,52576.936459,1,590,6,23,-1,1,0,-1,-,C3Pi
final,52591.936967,1,591,6,24,-1,1,0,-1,-,C3Pi
final,52610.632762,1,592,5,39,0,1,0,0,-,B3Sigma-
final,52611.043769,1,593,6,25,-1,1,0,-1,-,C3Pi
final,52613.662546,1,594,5,39,0,1,-1,-1,-,B3Sigma-
final,52624.12022,1,595,8,89,-1,1,1,0,-,Cp3Pi
final,52632.991553,1,596,6,26,-1,1,0,-1,-,C3Pi
final,52652.228743,1,597,5,40,0,1,0,0,-,B3Sigma-
final,52654.415418,1,598,5,40,0,1,-1,-1,-,B3Sigma-
final,52657.18574,1,599,6,27,-1,1,0,-1,-,C3Pi
final,52668.317553,1,600,6,16,-1,1,1,0,-,C3Pi
final,52676.469652,1,601,7,2,-1,0,0,-1,-,e1Pi
final,52682.83925,1,602,8,91,-1,1,0,-1,-,Cp3Pi
final,52696.128011,1,603,5,41,0,1,0,0,-,B3Sigma-
final,52698.472299,1,604,5,41,0,1,-1,-1,-,B3Sigma-
final,52699.121647,1,605,6,17,-1,1,1,0,-,C3Pi
final,52702.477648,1,606,6,18,-1,1,1,0,-,C3Pi
final,52710.103965,1,607,6,28,-1,1,0,-1,-,C3Pi
final,52710.321612,1,608,6,19,-1,1,1,0,-,C3Pi
final,52720.049534,1,609,6,20,-1,1,1,0,-,C3Pi
final,52732.577702,1,610,6,21,-1,1,1,0,-,C3Pi
final,52733.4482,1,611,6,29,-1,1,0,-1,-,C3Pi
final,52742.867292,1,612,5,42,0,1,0,0,-,B3Sigma-
final,52745.948202,1,613,5,42,0,1,-1,-1,-,B3Sigma-
final,52747.694171,1,614,6,22,-1,1,1,0,-,C3Pi
final,52752.642261,1,615,6,30,-1,1,0,-1,-,C3Pi
final,52764.987118,1,616,6,23,-1,1,1,0,-,C3Pi
final,52780.091689,1,617,5,43,0,1,-1,-1,-,B3Sigma-
final,52783.479413,1,618,6,24,-1,1,1,0,-,C3Pi
final,52792.124476,1,619,5,43,0,1,0,0,-,B3Sigma-
final,52795.267029,1,620,6,31,-1,1,0,-1,-,C3Pi
final,52799.051181,1,621,8,90,-1,1,1,0,-,Cp3Pi
final,52812.557568,1,622,6,25,-1,1,1,0,-,C3Pi
final,52813.618559,1,623,6,32,-1,1,0,-1,-,C3Pi
final,52834.840509,1,624,6,26,-1,1,1,0,-,C3Pi
final,52844.526901,1,625,5,44,0,1,0,0,-,B3Sigma-
final,52846.566903,1,626,5,44,0,1,-1,-1,-,B3Sigma-
final,52850.197201,1,627,6,33,-1,1,0,-1,-,C3Pi
final,52860.922167,1,628,6,27,-1,1,1,0,-,C3Pi
final,52885.889111,1,629,8,92,-1,1,0,-1,-,Cp3Pi
final,52889.26346,1,630,6,28,-1,1,1,0,-,C3Pi
final,52899.000087,1,631,5,45,0,1,0,0,-,B3Sigma-
final,52901.590843,1,632,5,45,0,1,-1,-1,-,B3Sigma-
final,52915.504568,1,633,6,34,-1,1,0,-1,-,C3Pi
final,52919.439388,1,634,6,29,-1,1,1,0,-,C3Pi
final,52939.03012,1,635,5,46,0,1,-1,-1,-,B3Sigma-
final,52949.798755,1,636,6,30,-1,1,1,0,-,C3Pi
final,52955.915245,1,637,5,46,0,1,0,0,-,B3Sigma-
final,52959.111501,1,638,6,35,-1,1,0,-1,-,C3Pi
final,52973.660232,1,639,8,91,-1,1,1,0,-,Cp3Pi
final,52977.690725,1,640,6,36,-1,1,0,-1,-,C3Pi
final,52995.896449,1,641,6,31,-1,1,1,0,-,C3Pi
final,53015.402399,1,642,5,47,0,1,0,0,-,B3Sigma-
final,53016.81352,1,643,5,47,0,1,-1,-1,-,B3Sigma-
final,53022.493323,1,644,6,37,-1,1,0,-1,-,C3Pi
final,53029.66825,1,645,6,32,-1,1,1,0,-,C3Pi
final,53063.84922,1,646,8,93,-1,1,0,-1,-,Cp3Pi
final,53067.281,1,647,6,33,-1,1,1,0,-,C3Pi
final,53077.121814,1,648,5,48,0,1,0,0,-,B3Sigma-
final,53080.787619,1,649,5,48,0,1,-1,-1,-,B3Sigma-
final,53095.93954,1,650,6,38,-1,1,0,-1,-,C3Pi
final,53106.30256,1,651,6,34,-1,1,1,0,-,C3Pi
final,53124.810849,1,652,5,49,0,1,-1,-1,-,B3Sigma-
final,53139.643509,1,653,5,49,0,1,0,0,-,B3Sigma-
final,53142.271294,1,654,6,35,-1,1,1,0,-,C3Pi
final,53144.507534,1,655,6,39,-1,1,0,-1,-,C3Pi
final,53165.976904,1,656,8,92,-1,1,1,0,-,Cp3Pi
final,53171.529272,1,657,6,40,-1,1,0,-1,-,C3Pi
final,53202.64114,1,658,6,36,-1,1,1,0,-,C3Pi
final,53207.314482,1,659,5,50,0,1,0,0,-,B3Sigma-
final,53210.592972,1,660,5,50,0,1,-1,-1,-,B3Sigma-
final,53222.215441,1,661,8,94,-1,1,0,-1,-,Cp3Pi
final,53246.869701,1,662,6,37,-1,1,1,0,-,C3Pi
final,53266.488824,1,663,6,41,-1,1,0,-1,-,C3Pi
final,53275.36933,1,664,5,51,0,1,0,0,-,B3Sigma-
final,53278.874432,1,665,5,51,0,1,-1,-1,-,B3Sigma-
final,53290.717406,1,666,8,95,-1,1,0,-1,-,Cp3Pi
final,53292.115626,1,667,6,38,-1,1,1,0,-,C3Pi
final,53327.85669,1,668,8,93,-1,1,1,0,-,Cp3Pi
final,53339.279956,1,669,6,42,-1,1,0,-1,-,C3Pi
final,53346.499166,1,670,5,52,0,1,0,0,-,B3Sigma-
final,53349.532564,1,671,5,52,0,1,-1,-1,-,B3Sigma-
final,53358.203388,1,672,6,39,-1,1,1,0,-,C3Pi
final,53395.99826,1,673,6,43,-1,1,0,-1,-,C3Pi
final,53403.891858,1,674,6,40,-1,1,1,0,-,C3Pi
final,53412.119436,1,675,7,3,-1,0,0,-1,-,e1Pi
final,53418.946788,1,676,5,53,0,1,0,0,-,B3Sigma-
final,53422.07274,1,677,5,53,0,1,-1,-1,-,B3Sigma-
final,53446.251693,1,678,6,44,-1,1,0,-1,-,C3Pi
final,53454.789991,1,679,6,41,-1,1,1,0,-,C3Pi
final,53468.479922,1,680,8,96,-1,1,0,-1,-,Cp3Pi
final,53493.405904,1,681,5,54,0,1,0,0,-,B3Sigma-
final,53496.928472,1,682,5,54,0,1,-1,-1,-,B3Sigma-
final,53500.983212,1,683,6,42,-1,1,1,0,-,C3Pi
final,53523.467759,1,684,6,45,-1,1,0,-1,-,C3Pi
final,53530.475979,1,685,8,94,-1,1,1,0,-,Cp3Pi
final,53570.484017,1,686,5,55,0,1,0,0,-,B3Sigma-
final,53573.65323,1,687,5,55,0,1,-1,-1,-,B3Sigma-
final,53577.237185,1,688,6,43,-1,1,1,0,-,C3Pi
final,53586.340591,1,689,6,46,-1,1,0,-1,-,C3Pi
final,53632.088093,1,690,6,47,-1,1,0,-1,-,C3Pi
final,53633.472742,1,691,6,44,-1,1,1,0,-,C3Pi
final,53649.233646,1,692,5,56,0,1,0,0,-,B3Sigma-
final,53652.671576,1,693,5,56,0,1,-1,-1,-,B3Sigma-
final,53658.972059,1,694,8,97,-1,1,0,-1,-,Cp3Pi
final,53684.347633,1,695,8,95,-1,1,1,0,-,Cp3Pi
final,53713.248435,1,696,6,45,-1,1,1,0,-,C3Pi
final,53724.475577,1,697,6,48,-1,1,0,-1,-,C3Pi
final,53730.276182,1,698,5,57,0,1,0,0,-,B3Sigma-
final,53733.431277,1,699,5,57,0,1,-1,-1,-,B3Sigma-
final,53766.004793,1,700,6,46,-1,1,1,0,-,C3Pi
final,53792.629459,1,701,6,49,-1,1,0,-1,-,C3Pi
final,53812.707198,1,702,5,58,0,1,0,0,-,B3Sigma-
final,53815.209173,1,703,5,58,0,1,-1,-1,-,B3Sigma-
final,53817.998159,1,704,6,50,-1,1,0,-1,-,C3Pi
final,53828.487601,1,705,6,47,-1,1,1,0,-,C3Pi
final,53869.196144,1,706,6,51,-1,1,0,-1,-,C3Pi
final,53875.551801,1,707,8,96,-1,1,1,0,-,Cp3Pi
final,53898.05379,1,708,5,59,0,1,0,0,-,B3Sigma-
final,53901.042108,1,709,5,59,0,1,-1,-1,-,B3Sigma-
final,53907.323078,1,710,6,48,-1,1,1,0,-,C3Pi
final,53942.789063,1,711,8,98,-1,1,0,-1,-,Cp3Pi
final,53970.503666,1,712,6,49,-1,1,1,0,-,C3Pi
final,53985.198932,1,713,5,60,0,1,0,0,-,B3Sigma-
final,53987.358153,1,714,5,60,0,1,-1,-1,-,B3Sigma-
final,53995.461737,1,715,6,52,-1,1,0,-1,-,C3Pi
final,54021.134496,1,716,6,53,-1,1,0,-1,-,C3Pi
final,54037.405677,1,717,6,50,-1,1,1,0,-,C3Pi
final,54067.242934,1,718,8,97,-1,1,1,0,-,Cp3Pi
final,54073.738808,1,719,5,61,0,1,0,0,-,B3Sigma-
final,54076.220847,1,720,5,61,0,1,-1,-1,-,B3Sigma-
final,54098.613389,1,721,6,54,-1,1,0,-1,-,C3Pi
final,54119.751484,1,722,6,51,-1,1,1,0,-,C3Pi
final,54136.256318,1,723,7,4,-1,0,0,-1,-,e1Pi
final,54164.223633,1,724,5,62,0,1,0,0,-,B3Sigma-
final,54165.851829,1,725,5,62,0,1,-1,-1,-,B3Sigma-
final,54175.94342,1,726,8,99,-1,1,0,-1,-,Cp3Pi
final,54182.03338,1,727,6,55,-1,1,0,-1,-,C3Pi
final,54192.961853,1,728,6,52,-1,1,1,0,-,C3Pi
final,54243.821091,1,729,8,98,-1,1,1,0,-,Cp3Pi
final,54255.885218,1,730,5,63,0,1,-1,-1,-,B3Sigma-
final,54256.927769,1,731,5,63,0,1,0,0,-,B3Sigma-
final,54264.148497,1,732,6,56,-1,1,0,-1,-,C3Pi
final,54275.933202,1,733,6,53,-1,1,1,0,-,C3Pi
final,54342.362093,1,734,5,64,0,1,-1,-1,-,B3Sigma-
final,54350.821356,1,735,5,64,0,1,0,0,-,B3Sigma-
final,54352.991716,1,736,6,54,-1,1,1,0,-,C3Pi
final,54355.776331,1,737,6,57,-1,1,0,-1,-,C3Pi
final,54361.840016,1,738,8,100,-1,1,0,-1,-,Cp3Pi
final,54423.956796,1,739,8,99,-1,1,1,0,-,Cp3Pi
final,54428.727673,1,740,5,65,0,1,-1,-1,-,B3Sigma-
final,54439.966343,1,741,6,55,-1,1,1,0,-,C3Pi
final,54447.579572,1,742,5,65,0,1,0,0,-,B3Sigma-
final,54451.424219,1,743,6,58,-1,1,0,-1,-,C3Pi
final,54516.269752,1,744,6,59,-1,1,0,-1,-,C3Pi
final,54518.772124,1,745,6,56,-1,1,1,0,-,C3Pi
final,54545.193011,1,746,5,66,0,1,0,0,-,B3Sigma-
final,54546.041309,1,747,8,101,-1,1,0,-1,-,Cp3Pi
final,54549.858032,1,748,5,66,0,1,-1,-1,-,B3Sigma-
final,54601.781633,1,749,6,57,-1,1,1,0,-,C3Pi
final,54605.504249,1,750,6,60,-1,1,0,-1,-,C3Pi
final,54616.116391,1,751,8,100,-1,1,1,0,-,Cp3Pi
final,54645.241473,1,752,5,67,0,1,0,0,-,B3Sigma-
final,54649.062631,1,753,5,67,0,1,-1,-1,-,B3Sigma-
final,54691.67957,1,754,6,58,-1,1,1,0,-,C3Pi
final,54696.177972,1,755,6,61,-1,1,0,-1,-,C3Pi
final,54732.946655,1,756,8,102,-1,1,0,-1,-,Cp3Pi
final,54746.707322,1,757,5,68,0,1,0,0,-,B3Sigma-
final,54750.855129,1,758,5,68,0,1,-1,-1,-,B3Sigma-
final,54780.337559,1,759,6,59,-1,1,1,0,-,C3Pi
final,54789.17307,1,760,6,62,-1,1,0,-1,-,C3Pi
final,54800.209371,1,761,8,101,-1,1,1,0,-,Cp3Pi
final,54847.801532,1,762,7,5,-1,0,0,-1,-,e1Pi
final,54849.949823,1,763,5,69,0,1,0,0,-,B3Sigma-
final,54854.028983,1,764,5,69,0,1,-1,-1,-,B3Sigma-
final,54872.10634,1,765,6,60,-1,1,1,0,-,C3Pi
final,54882.781348,1,766,6,63,-1,1,0,-1,-,C3Pi
final,54921.219606,1,767,8,103,-1,1,0,-1,-,Cp3Pi
final,54953.656705,1,768,5,70,0,1,0,0,-,B3Sigma-
final,54959.193369,1,769,5,70,0,1,-1,-1,-,B3Sigma-
final,54966.302681,1,770,6,61,-1,1,1,0,-,C3Pi
final,54979.989714,1,771,6,64,-1,1,0,-1,-,C3Pi
final,54987.206214,1,772,8,102,-1,1,1,0,-,Cp3Pi
final,55054.436123,1,773,6,62,-1,1,1,0,-,C3Pi
final,55064.887043,1,774,5,71,0,1,-1,-1,-,B3Sigma-
final,55067.213637,1,775,5,71,0,1,0,0,-,B3Sigma-
final,55076.900516,1,776,6,65,-1,1,0,-1,-,C3Pi
final,55111.515117,1,777,8,104,-1,1,0,-1,-,Cp3Pi
final,55151.966584,1,778,6,63,-1,1,1,0,-,C3Pi
final,55171.523191,1,779,5,72,0,1,-1,-1,-,B3Sigma-
final,55173.388094,1,780,5,72,0,1,0,0,-,B3Sigma-
final,55177.147553,1,781,8,103,-1,1,1,0,-,Cp3Pi
final,55180.605437,1,782,6,66,-1,1,0,-1,-,C3Pi
final,55250.248532,1,783,6,64,-1,1,1,0,-,C3Pi
final,55271.533565,1,784,8,105,-1,1,0,-1,-,Cp3Pi
final,55284.686797,1,785,5,73,0,1,0,0,-,B3Sigma-
final,55288.315271,1,786,5,73,0,1,-1,-1,-,B3Sigma-
final,55304.604616,1,787,6,67,-1,1,0,-1,-,C3Pi
final,55348.873214,1,788,6,65,-1,1,1,0,-,C3Pi
final,55367.000447,1,789,8,104,-1,1,1,0,-,Cp3Pi
final,55378.252289,1,790,5,74,0,1,-1,-1,-,B3Sigma-
final,55397.087966,1,791,5,74,0,1,0,0,-,B3Sigma-
final,55400.379211,1,792,6,68,-1,1,0,-1,-,C3Pi
final,55451.048111,1,793,6,66,-1,1,1,0,-,C3Pi
final,55475.026179,1,794,8,106,-1,1,0,-1,-,Cp3Pi
final,55501.601965,1,795,6,69,-1,1,0,-1,-,C3Pi
final,55511.003606,1,796,5,75,0,1,0,0,-,B3Sigma-
final,55514.327898,1,797,5,75,0,1,-1,-1,-,B3Sigma-
final,55545.789448,1,798,7,6,-1,0,0,-1,-,e1Pi
final,55548.960748,1,799,6,67,-1,1,1,0,-,C3Pi
final,55562.901718,1,800,8,105,-1,1,1,0,-,Cp3Pi
final,55588.135262,1,801,8,107,-1,1,0,-1,-,Cp3Pi
final,55626.945159,1,802,5,76,0,1,0,0,-,B3Sigma-
final,55629.857822,1,803,5,76,0,1,-1,-1,-,B3Sigma-
final,55658.174342,1,804,6,68,-1,1,1,0,-,C3Pi
final,55678.862366,1,805,6,70,-1,1,0,-1,-,C3Pi
final,55706.682431,1,806,6,71,-1,1,0,-1,-,C3Pi
final,55742.627442,1,807,5,77,0,1,0,0,-,B3Sigma-
final,55747.160105,1,808,5,77,0,1,-1,-1,-,B3Sigma-
final,55748.959456,1,809,8,106,-1,1,1,0,-,Cp3Pi
final,55769.128113,1,810,6,69,-1,1,1,0,-,C3Pi
final,55803.63133,1,811,8,108,-1,1,0,-1,-,Cp3Pi
final,55862.68836,1,812,5,78,0,1,0,0,-,B3Sigma-
final,55866.015662,1,813,5,78,0,1,-1,-1,-,B3Sigma-
final,55872.478082,1,814,6,70,-1,1,1,0,-,C3Pi
final,55881.601584,1,815,6,72,-1,1,0,-1,-,C3Pi
final,55921.60269,1,816,8,109,-1,1,0,-1,-,Cp3Pi
final,55944.035099,1,817,8,107,-1,1,1,0,-,Cp3Pi
final,55981.40302,1,818,6,71,-1,1,1,0,-,C3Pi
final,55986.668663,1,819,5,79,0,1,-1,-1,-,B3Sigma-
final,55988.508547,1,820,5,79,0,1,0,0,-,B3Sigma-
final,56024.748455,1,821,6,73,-1,1,0,-1,-,C3Pi
final,56084.063671,1,822,6,74,-1,1,0,-1,-,C3Pi
final,56088.012641,1,823,6,72,-1,1,1,0,-,C3Pi
final,56108.78628,1,824,5,80,0,1,0,0,-,B3Sigma-
final,56109.890549,1,825,5,80,0,1,-1,-1,-,B3Sigma-
final,56143.840225,1,826,8,108,-1,1,1,0,-,Cp3Pi
final,56145.291908,1,827,8,110,-1,1,0,-1,-,Cp3Pi
final,56205.230333,1,828,6,73,-1,1,1,0,-,C3Pi
final,56229.308084,1,829,7,7,-1,0,0,-1,-,e1Pi
final,56231.313889,1,830,5,81,0,1,-1,-1,-,B3Sigma-
final,56233.768612,1,831,5,81,0,1,0,0,-,B3Sigma-
final,56251.309438,1,832,6,75,-1,1,0,-1,-,C3Pi
final,56290.686045,1,833,6,76,-1,1,0,-1,-,C3Pi
final,56309.996718,1,834,6,74,-1,1,1,0,-,C3Pi
final,56348.111555,1,835,8,109,-1,1,1,0,-,Cp3Pi
final,56356.266592,1,836,5,82,0,1,-1,-1,-,B3Sigma-
final,56359.858345,1,837,5,82,0,1,0,0,-,B3Sigma-
final,56378.131501,1,838,6,77,-1,1,0,-1,-,C3Pi
final,56433.120423,1,839,6,75,-1,1,1,0,-,C3Pi
final,56468.419018,1,840,8,111,-1,1,0,-1,-,Cp3Pi
final,56487.099909,1,841,5,83,0,1,0,0,-,B3Sigma-
final,56488.179931,1,842,5,83,0,1,-1,-1,-,B3Sigma-
final,56509.192099,1,843,6,78,-1,1,0,-1,-,C3Pi
final,56528.964172,1,844,8,110,-1,1,1,0,-,Cp3Pi
final,56563.61389,1,845,6,76,-1,1,1,0,-,C3Pi
final,56601.840241,1,846,6,79,-1,1,0,-1,-,C3Pi
final,56616.831087,1,847,5,84,0,1,0,0,-,B3Sigma-
final,56625.284293,1,848,5,84,0,1,-1,-1,-,B3Sigma-
final,56666.167021,1,849,6,77,-1,1,1,0,-,C3Pi
final,56684.80821,1,850,8,112,-1,1,0,-1,-,Cp3Pi
final,56730.833328,1,851,5,85,0,1,-1,-1,-,B3Sigma-
final,56740.512328,1,852,8,111,-1,1,1,0,-,Cp3Pi
final,56748.443809,1,853,5,85,0,1,0,0,-,B3Sigma-
final,56756.647309,1,854,6,80,-1,1,0,-1,-,C3Pi
final,56794.531692,1,855,6,78,-1,1,1,0,-,C3Pi
final,56845.298859,1,856,8,113,-1,1,0,-1,-,Cp3Pi
final,56879.868122,1,857,5,86,0,1,0,0,-,B3Sigma-
final,56883.510614,1,858,5,86,0,1,-1,-1,-,B3Sigma-
final,56897.873939,1,859,7,8,-1,0,0,-1,-,e1Pi
final,56899.322427,1,860,6,81,-1,1,0,-1,-,C3Pi
final,56903.35513,1,861,6,79,-1,1,1,0,-,C3Pi
final,56953.610836,1,862,8,112,-1,1,1,0,-,Cp3Pi
final,56976.866549,1,863,6,82,-1,1,0,-1,-,C3Pi
final,57013.79443,1,864,5,87,0,1,0,0,-,B3Sigma-
final,57021.143125,1,865,5,87,0,1,-1,-1,-,B3Sigma-
final,57036.245641,1,866,6,80,-1,1,1,0,-,C3Pi
final,57083.677857,1,867,8,114,-1,1,0,-1,-,Cp3Pi
final,57115.726608,1,868,5,88,0,1,-1,-1,-,B3Sigma-
final,57133.918101,1,869,6,81,-1,1,1,0,-,C3Pi
final,57152.181233,1,870,5,88,0,1,0,0,-,B3Sigma-
final,57157.600625,1,871,6,83,-1,1,0,-1,-,C3Pi
final,57177.069614,1,872,8,113,-1,1,1,0,-,Cp3Pi
final,57229.117387,1,873,8,115,-1,1,0,-1,-,Cp3Pi
final,57275.883719,1,874,6,82,-1,1,1,0,-,C3Pi
final,57291.319677,1,875,5,89,0,1,-1,-1,-,B3Sigma-
final,57294.502902,1,876,5,89,0,1,0,0,-,B3Sigma-
final,57305.058935,1,877,6,84,-1,1,0,-1,-,C3Pi
final,57357.573191,1,878,8,114,-1,1,1,0,-,Cp3Pi
final,57363.877515,1,879,6,85,-1,1,0,-1,-,C3Pi
final,57412.639965,1,880,6,83,-1,1,1,0,-,C3Pi
final,57432.908961,1,881,5,90,0,1,-1,-1,-,B3Sigma-
final,57434.238368,1,882,5,90,0,1,0,0,-,B3Sigma-
final,57484.516241,1,883,8,116,-1,1,0,-1,-,Cp3Pi
final,57517.75202,1,884,6,86,-1,1,0,-1,-,C3Pi
final,57527.95801,1,885,6,84,-1,1,1,0,-,C3Pi
final,57551.066015,1,886,7,9,-1,0,0,-1,-,e1Pi
final,57569.009568,1,887,5,91,0,1,0,0,-,B3Sigma-
final,57574.433279,1,888,5,91,0,1,-1,-1,-,B3Sigma-
final,57580.969099,1,889,8,115,-1,1,1,0,-,Cp3Pi
final,57625.531023,1,890,8,117,-1,1,0,-1,-,Cp3Pi
final,57668.813799,1,891,6,85,-1,1,1,0,-,C3Pi
final,57710.417518,1,892,5,92,0,1,-1,-1,-,B3Sigma-
final,57715.551532,1,893,5,92,0,1,0,0,-,B3Sigma-
final,57721.777954,1,894,6,87,-1,1,0,-1,-,C3Pi
final,57764.404709,1,895,6,88,-1,1,0,-1,-,C3Pi
final,57768.211977,1,896,8,116,-1,1,1,0,-,Cp3Pi
final,57812.238019,1,897,6,86,-1,1,1,0,-,C3Pi
final,57859.148564,1,898,5,93,0,1,-1,-1,-,B3Sigma-
final,57860.484022,1,899,5,93,0,1,0,0,-,B3Sigma-
final,57893.856127,1,900,8,118,-1,1,0,-1,-,Cp3Pi
final,57930.195658,1,901,6,87,-1,1,1,0,-,C3Pi
final,57931.542185,1,902,6,89,-1,1,0,-1,-,C3Pi
final,57990.064131,1,903,8,117,-1,1,1,0,-,Cp3Pi
final,58004.975584,1,904,5,94,0,1,-1,-1,-,B3Sigma-
final,58007.174309,1,905,5,94,0,1,0,0,-,B3Sigma-
final,58036.484813,1,906,8,119,-1,1,0,-1,-,Cp3Pi
final,58073.206306,1,907,6,88,-1,1,1,0,-,C3Pi
final,58134.019483,1,908,6,90,-1,1,0,-1,-,C3Pi
final,58152.553779,1,909,5,95,0,1,0,0,-,B3Sigma-
final,58153.998458,1,910,5,95,0,1,-1,-1,-,B3Sigma-
final,58179.460219,1,911,6,91,-1,1,0,-1,-,C3Pi
final,58185.833802,1,912,8,118,-1,1,1,0,-,Cp3Pi
final,58187.789564,1,913,7,10,-1,0,0,-1,-,e1Pi
final,58223.507087,1,914,6,89,-1,1,1,0,-,C3Pi
final,58296.80214,1,915,5,96,0,1,-1,-1,-,B3Sigma-
final,58302.292153,1,916,5,96,0,1,0,0,-,B3Sigma-
final,58318.750081,1,917,8,120,-1,1,0,-1,-,Cp3Pi
final,58344.622454,1,918,6,90,-1,1,1,0,-,C3Pi
final,58352.60765,1,919,8,121,-1,1,0,-1,-,Cp3Pi
final,58412.98972,1,920,8,119,-1,1,1,0,-,Cp3Pi
final,58445.270029,1,921,6,92,-1,1,0,-1,-,C3Pi
final,58453.313004,1,922,5,97,0,1,0,0,-,B3Sigma-
final,58466.392626,1,923,5,97,0,1,-1,-1,-,B3Sigma-
final,58490.771216,1,924,6,91,-1,1,1,0,-,C3Pi
final,58561.219093,1,925,6,93,-1,1,0,-1,-,C3Pi
final,58594.750445,1,926,5,98,0,1,-1,-1,-,B3Sigma-
final,58602.935813,1,927,5,98,0,1,0,0,-,B3Sigma-
final,58613.798668,1,928,8,120,-1,1,1,0,-,Cp3Pi
final,58615.746626,1,929,6,94,-1,1,0,-1,-,C3Pi
final,58645.401961,1,930,6,92,-1,1,1,0,-,C3Pi
final,58738.64014,1,931,5,99,0,1,-1,-1,-,B3Sigma-
final,58758.110513,1,932,5,99,0,1,0,0,-,B3Sigma-
final,58766.937751,1,933,6,95,-1,1,0,-1,-,C3Pi
final,58773.200385,1,934,6,93,-1,1,1,0,-,C3Pi
final,58779.486889,1,935,8,122,-1,1,0,-1,-,Cp3Pi
final,58807.292743,1,936,7,11,-1,0,0,-1,-,e1Pi
final,58841.45365,1,937,8,121,-1,1,1,0,-,Cp3Pi
final,58888.815291,1,938,5,100,0,1,-1,-1,-,B3Sigma-
final,58913.228567,1,939,5,100,0,1,0,0,-,B3Sigma-
final,58921.321887,1,940,6,96,-1,1,0,-1,-,C3Pi
final,58923.278501,1,941,6,94,-1,1,1,0,-,C3Pi
final,58992.681962,1,942,8,123,-1,1,0,-1,-,Cp3Pi
final,59039.453411,1,943,5,101,0,1,-1,-1,-,B3Sigma-
final,59045.629155,1,944,8,122,-1,1,1,0,-,Cp3Pi
final,59071.934431,1,945,5,101,0,1,0,0,-,B3Sigma-
final,59077.396546,1,946,6,95,-1,1,1,0,-,C3Pi
final,59078.197195,1,947,8,123,-1,1,1,0,-,Cp3Pi
final,59188.058116,1,948,6,97,-1,1,0,-1,-,C3Pi
final,59211.728606,1,949,8,124,-1,1,0,-1,-,Cp3Pi
final,59211.914477,1,950,6,96,-1,1,1,0,-,C3Pi
final,59231.766101,1,951,5,102,0,1,0,0,-,B3Sigma-
final,59235.421317,1,952,5,102,0,1,-1,-1,-,B3Sigma-
final,59275.154145,1,953,6,97,-1,1,1,0,-,C3Pi
final,59341.937847,1,954,6,98,-1,1,0,-1,-,C3Pi
final,59365.54908,1,955,5,103,0,1,0,0,-,B3Sigma-
final,59391.563268,1,956,5,103,0,1,-1,-1,-,B3Sigma-
final,59394.988273,1,957,6,99,-1,1,0,-1,-,C3Pi
final,59408.906611,1,958,7,12,-1,0,0,-1,-,e1Pi
final,59428.384925,1,959,8,125,-1,1,0,-1,-,Cp3Pi
final,59487.432111,1,960,8,124,-1,1,1,0,-,Cp3Pi
final,59496.138254,1,961,8,126,-1,1,0,-1,-,Cp3Pi
final,59521.74997,1,962,6,98,-1,1,1,0,-,C3Pi
final,59553.107608,1,963,5,104,0,1,0,0,-,B3Sigma-
final,59556.226656,1,964,5,104,0,1,-1,-1,-,B3Sigma-
final,59645.902245,1,965,6,100,-1,1,0,-1,-,C3Pi
final,59653.308743,1,966,8,127,-1,1,0,-1,-,Cp3Pi
final,59667.683491,1,967,6,99,-1,1,1,0,-,C3Pi
final,59713.440325,1,968,8,125,-1,1,1,0,-,Cp3Pi
final,59716.595855,1,969,5,105,0,1,0,0,-,B3Sigma-
final,59719.071892,1,970,5,105,0,1,-1,-1,-,B3Sigma-
final,59808.212841,1,971,6,101,-1,1,0,-1,-,C3Pi
final,59825.179087,1,972,6,100,-1,1,1,0,-,C3Pi
final,59868.48282,1,973,5,106,0,1,-1,-1,-,B3Sigma-
final,59880.995985,1,974,5,106,0,1,0,0,-,B3Sigma-
final,59883.595757,1,975,6,102,-1,1,0,-1,-,C3Pi
final,59931.224632,1,976,8,126,-1,1,1,0,-,Cp3Pi
final,59966.74104,1,977,8,128,-1,1,0,-1,-,Cp3Pi
final,59983.227915,1,978,6,101,-1,1,1,0,-,C3Pi
final,59991.589121,1,979,7,13,-1,0,0,-1,-,e1Pi
final,60047.27492,1,980,5,107,0,1,0,0,-,B3Sigma-
final,60049.23118,1,981,5,107,0,1,-1,-1,-,B3Sigma-
final,60090.807358,1,982,6,103,-1,1,0,-1,-,C3Pi
final,60126.748264,1,983,6,104,-1,1,0,-1,-,C3Pi
final,60135.832329,1,984,6,102,-1,1,1,0,-,C3Pi
final,60158.211198,1,985,8,127,-1,1,1,0,-,Cp3Pi
final,60215.10581,1,986,5,108,0,1,0,0,-,B3Sigma-
final,60216.726192,1,987,5,108,0,1,-1,-1,-,B3Sigma-
final,60288.303782,1,988,6,105,-1,1,0,-1,-,C3Pi
final,60298.9259,1,989,6,103,-1,1,1,0,-,C3Pi
final,60314.144953,1,990,8,129,-1,1,0,-1,-,Cp3Pi
final,60377.425814,1,991,8,128,-1,1,1,0,-,Cp3Pi
final,60384.620234,1,992,5,109,0,1,0,0,-,B3Sigma-
final,60385.856073,1,993,5,109,0,1,-1,-1,-,B3Sigma-
final,60451.444514,1,994,6,106,-1,1,0,-1,-,C3Pi
final,60460.733301,1,995,6,104,-1,1,1,0,-,C3Pi
final,60538.445727,1,996,8,130,-1,1,0,-1,-,Cp3Pi
final,60554.617645,1,997,7,14,-1,0,0,-1,-,e1Pi
final,60555.17496,1,998,5,110,0,1,0,0,-,B3Sigma-
final,60556.450692,1,999,5,110,0,1,-1,-1,-,B3Sigma-
final,60600.8653,1,1000,8,129,-1,1,1,0,-,Cp3Pi
final,60616.214439,1,1001,6,107,-1,1,0,-1,-,C3Pi
final,60624.606238,1,1002,6,105,-1,1,1,0,-,C3Pi
final,60726.617145,1,1003,5,111,0,1,-1,-1,-,B3Sigma-
final,60728.347211,1,1004,5,111,0,1,0,0,-,B3Sigma-
final,60764.961948,1,1005,8,131,-1,1,0,-1,-,Cp3Pi
final,60782.868861,1,1006,6,106,-1,1,1,0,-,C3Pi
final,60786.711951,1,1007,8,130,-1,1,1,0,-,Cp3Pi
final,60828.652707,1,1008,8,131,-1,1,1,0,-,Cp3Pi
final,60899.849979,1,1009,5,112,0,1,-1,-1,-,B3Sigma-
final,60902.20415,1,1010,5,112,0,1,0,0,-,B3Sigma-
final,60950.447122,1,1011,6,108,-1,1,0,-1,-,C3Pi
final,60952.923464,1,1012,6,107,-1,1,1,0,-,C3Pi
final,60992.5322,1,1013,8,132,-1,1,0,-1,-,Cp3Pi
final,61055.12255,1,1014,5,113,0,1,0,0,-,B3Sigma-
final,61074.287962,1,1015,5,113,0,1,-1,-1,-,B3Sigma-
final,61077.64978,1,1016,6,108,-1,1,1,0,-,C3Pi
final,61096.913608,1,1017,7,15,-1,0,0,-1,-,e1Pi
final,61120.165274,1,1018,6,109,-1,1,1,0,-,C3Pi
final,61120.614989,1,1019,6,109,-1,1,0,-1,-,C3Pi
final,61220.344256,1,1020,8,133,-1,1,0,-1,-,Cp3Pi
final,61250.3185,1,1021,5,114,0,1,-1,-1,-,B3Sigma-
final,61254.074821,1,1022,5,114,0,1,0,0,-,B3Sigma-
final,61282.897369,1,1023,8,132,-1,1,1,0,-,Cp3Pi
final,61290.151189,1,1024,6,110,-1,1,0,-1,-,C3Pi
final,61292.318059,1,1025,6,111,-1,1,0,-1,-,C3Pi
final,61424.918231,1,1026,5,115,0,1,-1,-1,-,B3Sigma-
final,61432.219452,1,1027,5,115,0,1,0,0,-,B3Sigma-
final,61451.25007,1,1028,8,134,-1,1,0,-1,-,Cp3Pi
final,61459.621077,1,1029,6,110,-1,1,1,0,-,C3Pi
final,61466.886663,1,1030,6,112,-1,1,0,-1,-,C3Pi
final,61513.70775,1,1031,8,133,-1,1,1,0,-,Cp3Pi
final,61603.151247,1,1032,5,116,0,1,-1,-1,-,B3Sigma-
final,61611.436125,1,1033,5,116,0,1,0,0,-,B3Sigma-
final,61617.616349,1,1034,7,16,-1,0,0,-1,-,e1Pi
final,61632.19599,1,1035,6,111,-1,1,1,0,-,C3Pi
final,61641.101517,1,1036,6,113,-1,1,0,-1,-,C3Pi
final,61683.052929,1,1037,8,135,-1,1,0,-1,-,Cp3Pi
final,61744.657223,1,1038,8,134,-1,1,1,0,-,Cp3Pi
final,61781.852496,1,1039,5,117,0,1,-1,-1,-,B3Sigma-
final,61791.240636,1,1040,5,117,0,1,0,0,-,B3Sigma-
final,61807.196815,1,1041,6,112,-1,1,1,0,-,C3Pi
final,61819.195658,1,1042,6,114,-1,1,0,-1,-,C3Pi
final,61914.274417,1,1043,8,136,-1,1,0,-1,-,Cp3Pi
final,61961.92708,1,1044,5,118,0,1,-1,-1,-,B3Sigma-
final,61969.367779,1,1045,6,113,-1,1,1,0,-,C3Pi
final,61977.981436,1,1046,8,135,-1,1,1,0,-,Cp3Pi
final,61985.821701,1,1047,5,118,0,1,0,0,-,B3Sigma-
final,61999.289185,1,1048,6,115,-1,1,0,-1,-,C3Pi
final,62115.646757,1,1049,7,17,-1,0,0,-1,-,e1Pi
final,62135.154617,1,1050,8,137,-1,1,0,-1,-,Cp3Pi
final,62148.753967,1,1051,6,114,-1,1,1,0,-,C3Pi
final,62154.505379,1,1052,5,119,0,1,-1,-1,-,B3Sigma-
final,62167.612116,1,1053,5,119,0,1,0,0,-,B3Sigma-
final,62181.61476,1,1054,6,116,-1,1,0,-1,-,C3Pi
final,62211.09664,1,1055,8,136,-1,1,1,0,-,Cp3Pi
final,62320.398995,1,1056,5,120,0,1,-1,-1,-,B3Sigma-
final,62327.564218,1,1057,6,115,-1,1,1,0,-,C3Pi
final,62352.541212,1,1058,5,120,0,1,0,0,-,B3Sigma-
final,62364.846451,1,1059,6,117,-1,1,0,-1,-,C3Pi
final,62385.963338,1,1060,8,138,-1,1,0,-1,-,Cp3Pi
final,62445.819206,1,1061,8,137,-1,1,1,0,-,Cp3Pi
final,62503.350573,1,1062,5,121,0,1,-1,-1,-,B3Sigma-
final,62507.362766,1,1063,6,116,-1,1,1,0,-,C3Pi
final,62539.527749,1,1064,5,121,0,1,0,0,-,B3Sigma-
final,62551.213494,1,1065,6,118,-1,1,0,-1,-,C3Pi
final,62589.991846,1,1066,7,18,-1,0,0,-1,-,e1Pi
final,62620.461379,1,1067,8,139,-1,1,0,-1,-,Cp3Pi
final,62679.554326,1,1068,8,138,-1,1,1,0,-,Cp3Pi
final,62687.753828,1,1069,5,122,0,1,-1,-1,-,B3Sigma-
final,62690.667616,1,1070,6,117,-1,1,1,0,-,C3Pi
final,62728.300878,1,1071,5,122,0,1,0,0,-,B3Sigma-
final,62739.097755,1,1072,6,119,-1,1,0,-1,-,C3Pi
final,62852.365524,1,1073,8,140,-1,1,0,-1,-,Cp3Pi
final,62869.639997,1,1074,6,118,-1,1,1,0,-,C3Pi
final,62877.81595,1,1075,5,123,0,1,-1,-1,-,B3Sigma-
final,62916.937437,1,1076,5,123,0,1,0,0,-,B3Sigma-
final,62922.027997,1,1077,8,139,-1,1,1,0,-,Cp3Pi
final,62928.691858,1,1078,6,120,-1,1,0,-1,-,C3Pi
final,63039.606531,1,1079,7,19,-1,0,0,-1,-,e1Pi
final,63053.336281,1,1080,6,119,-1,1,1,0,-,C3Pi
final,63053.8587,1,1081,5,124,0,1,0,0,-,B3Sigma-
final,63101.037769,1,1082,8,141,-1,1,0,-1,-,Cp3Pi
final,63110.280858,1,1083,6,120,-1,1,1,0,-,C3Pi
final,63120.054344,1,1084,5,124,0,1,-1,-1,-,B3Sigma-
final,63158.939085,1,1085,8,140,-1,1,1,0,-,Cp3Pi
final,63239.116753,1,1086,5,125,0,1,0,0,-,B3Sigma-
final,63242.60931,1,1087,6,121,-1,1,0,-1,-,C3Pi
final,63303.751993,1,1088,6,121,-1,1,1,0,-,C3Pi
final,63312.50021,1,1089,5,125,0,1,-1,-1,-,B3Sigma-
final,63339.214324,1,1090,8,142,-1,1,0,-1,-,Cp3Pi
final,63397.594386,1,1091,8,141,-1,1,1,0,-,Cp3Pi
final,63426.996053,1,1092,5,126,0,1,0,0,-,B3Sigma-
final,63432.298925,1,1093,6,122,-1,1,0,-1,-,C3Pi
final,63463.388662,1,1094,7,20,-1,0,0,-1,-,e1Pi
final,63498.714141,1,1095,6,122,-1,1,1,0,-,C3Pi
final,63506.990841,1,1096,5,126,0,1,-1,-1,-,B3Sigma-
final,63577.624928,1,1097,8,143,-1,1,0,-1,-,Cp3Pi
final,63611.132231,1,1098,8,142,-1,1,1,0,-,Cp3Pi
final,63624.753562,1,1099,6,123,-1,1,0,-1,-,C3Pi
final,63642.621583,1,1100,6,123,-1,1,1,0,-,C3Pi
final,63695.203504,1,1101,5,127,0,1,0,0,-,B3Sigma-
final,63702.945887,1,1102,5,127,0,1,-1,-1,-,B3Sigma-
final,63801.74297,1,1103,6,124,-1,1,0,-1,-,C3Pi
final,63803.138934,1,1104,8,144,-1,1,0,-1,-,Cp3Pi
final,63833.062731,1,1105,6,125,-1,1,0,-1,-,C3Pi
final,63860.308118,1,1106,7,21,-1,0,0,-1,-,e1Pi
final,63883.10606,1,1107,8,143,-1,1,1,0,-,Cp3Pi
final,63893.831964,1,1108,5,128,0,1,0,0,-,B3Sigma-
final,63900.422408,1,1109,5,128,0,1,-1,-1,-,B3Sigma-
final,63993.177755,1,1110,6,124,-1,1,1,0,-,C3Pi
final,64002.289507,1,1111,8,145,-1,1,0,-1,-,Cp3Pi
final,64070.374447,1,1112,6,126,-1,1,0,-1,-,C3Pi
final,64092.04282,1,1113,5,129,0,1,0,0,-,B3Sigma-
final,64099.437632,1,1114,5,129,0,1,-1,-1,-,B3Sigma-
final,64127.165794,1,1115,8,144,-1,1,1,0,-,Cp3Pi
final,64186.564374,1,1116,6,125,-1,1,1,0,-,C3Pi
final,64198.416108,1,1117,8,146,-1,1,0,-1,-,Cp3Pi
final,64229.329197,1,1118,7,22,-1,0,0,-1,-,e1Pi
final,64293.013395,1,1119,5,130,0,1,0,0,-,B3Sigma-
final,64299.62609,1,1120,5,130,0,1,-1,-1,-,B3Sigma-
final,64313.486401,1,1121,6,127,-1,1,0,-1,-,C3Pi
final,64366.199887,1,1122,8,145,-1,1,1,0,-,Cp3Pi
final,64386.630427,1,1123,6,126,-1,1,1,0,-,C3Pi
final,64395.852536,1,1124,5,131,0,1,-1,-1,-,B3Sigma-
final,64495.362165,1,1125,5,131,0,1,0,0,-,B3Sigma-
final,64501.725905,1,1126,6,128,-1,1,0,-1,-,C3Pi
final,64555.464283,1,1127,8,147,-1,1,0,-1,-,Cp3Pi
final,64569.443508,1,1128,7,23,-1,0,0,-1,-,e1Pi
final,64572.86325,1,1129,6,127,-1,1,1,0,-,C3Pi
final,64597.068228,1,1130,5,132,0,1,-1,-1,-,B3Sigma-
final,64621.877456,1,1131,8,146,-1,1,1,0,-,Cp3Pi
final,64699.199529,1,1132,5,132,0,1,0,0,-,B3Sigma-
final,64705.177114,1,1133,6,129,-1,1,0,-1,-,C3Pi
final,64771.115834,1,1134,6,128,-1,1,1,0,-,C3Pi
final,64780.993132,1,1135,8,148,-1,1,0,-1,-,Cp3Pi
final,64817.509801,1,1136,6,130,-1,1,0,-1,-,C3Pi
final,64868.020178,1,1137,8,147,-1,1,1,0,-,Cp3Pi
final,64879.744599,1,1138,7,24,-1,0,0,-1,-,e1Pi
final,64904.649327,1,1139,5,133,0,1,0,0,-,B3Sigma-
final,64910.06893,1,1140,5,133,0,1,-1,-1,-,B3Sigma-
final,64970.222203,1,1141,6,129,-1,1,1,0,-,C3Pi
final,64986.306776,1,1142,8,149,-1,1,0,-1,-,Cp3Pi
final,65060.852946,1,1143,6,131,-1,1,0,-1,-,C3Pi
final,65108.720581,1,1144,5,134,0,1,0,0,-,B3Sigma-
final,65116.27979,1,1145,5,134,0,1,-1,-1,-,B3Sigma-
final,65118.153051,1,1146,8,148,-1,1,1,0,-,Cp3Pi
final,65159.445566,1,1147,7,25,-1,0,0,-1,-,e1Pi
final,65171.311516,1,1148,6,130,-1,1,1,0,-,C3Pi
final,65190.810248,1,1149,5,135,0,1,-1,-1,-,B3Sigma-
final,65319.101906,1,1150,5,135,0,1,0,0,-,B3Sigma-
final,65323.979585,1,1151,6,132,-1,1,0,-1,-,C3Pi
final,65368.827422,1,1152,6,131,-1,1,1,0,-,C3Pi
final,65391.102199,1,1153,5,136,0,1,-1,-1,-,B3Sigma-
final,65408.069697,1,1154,7,26,-1,0,0,-1,-,e1Pi
final,65528.49761,1,1155,5,136,0,1,0,0,-,B3Sigma-
final,65533.000039,1,1156,6,133,-1,1,0,-1,-,C3Pi
final,65569.667862,1,1157,6,132,-1,1,1,0,-,C3Pi
final,65594.271595,1,1158,5,137,0,1,-1,-1,-,B3Sigma-
final,65626.501301,1,1159,7,27,-1,0,0,-1,-,e1Pi
final,65739.306528,1,1160,5,137,0,1,0,0,-,B3Sigma-
final,65743.420376,1,1161,6,134,-1,1,0,-1,-,C3Pi
final,65772.482149,1,1162,6,133,-1,1,1,0,-,C3Pi
final,65799.505602,1,1163,6,135,-1,1,0,-1,-,C3Pi
final,65817.905303,1,1164,7,28,-1,0,0,-1,-,e1Pi
final,65951.448313,1,1165,5,138,0,1,0,0,-,B3Sigma-
final,65955.234174,1,1166,5,138,0,1,-1,-1,-,B3Sigma-
final,65970.191376,1,1167,7,29,-1,0,0,-1,-,e1Pi
final,65977.328956,1,1168,6,134,-1,1,1,0,-,C3Pi
final,66006.522119,1,1169,6,136,-1,1,0,-1,-,C3Pi
final,66036.762369,1,1170,7,30,-1,0,0,-1,-,e1Pi
final,66104.204353,1,1171,7,31,-1,0,0,-1,-,e1Pi
final,66151.226229,1,1172,7,32,-1,0,0,-1,-,e1Pi
final,66164.813122,1,1173,5,139,0,1,0,0,-,B3Sigma-
final,66168.41619,1,1174,5,139,0,1,-1,-1,-,B3Sigma-
final,66184.204543,1,1175,6,135,-1,1,1,0,-,C3Pi
final,66192.513131,1,1176,7,33,-1,0,0,-1,-,e1Pi
final,66215.116423,1,1177,6,137,-1,1,0,-1,-,C3Pi
final,66222.934188,1,1178,7,34,-1,0,0,-1,-,e1Pi
final,66243.924905,1,1179,7,35,-1,0,0,-1,-,e1Pi
final,66260.856237,1,1180,7,36,-1,0,0,-1,-,e1Pi
final,66280.635594,1,1181,7,37,-1,0,0,-1,-,e1Pi
final,66304.457306,1,1182,7,38,-1,0,0,-1,-,e1Pi
final,66332.291264,1,1183,7,39,-1,0,0,-1,-,e1Pi
final,66364.068445,1,1184,7,40,-1,0,0,-1,-,e1Pi
final,66379.092222,1,1185,5,140,0,1,0,0,-,B3Sigma-
final,66382.88825,1,1186,5,140,0,1,-1,-1,-,B3Sigma-
final,66393.200008,1,1187,6,136,-1,1,1,0,-,C3Pi
final,66399.186521,1,1188,7,41,-1,0,0,-1,-,e1Pi
final,66425.206415,1,1189,6,138,-1,1,0,-1,-,C3Pi
final,66436.677532,1,1190,7,42,-1,0,0,-1,-,e1Pi
final,66476.150484,1,1191,7,43,-1,0,0,-1,-,e1Pi
final,66518.50997,1,1192,7,44,-1,0,0,-1,-,e1Pi
final,66564.425478,1,1193,7,45,-1,0,0,-1,-,e1Pi
final,66593.45593,1,1194,6,137,-1,1,1,0,-,C3Pi
final,66598.552041,1,1195,5,141,0,1,-1,-1,-,B3Sigma-
final,66604.955235,1,1196,5,141,0,1,0,0,-,B3Sigma-
final,66612.971788,1,1197,7,46,-1,0,0,-1,-,e1Pi
final,66636.856072,1,1198,6,139,-1,1,0,-1,-,C3Pi
final,66662.90577,1,1199,7,47,-1,0,0,-1,-,e1Pi
final,66714.84383,1,1200,7,48,-1,0,0,-1,-,e1Pi
final,66770.224562,1,1201,7,49,-1,0,0,-1,-,e1Pi
final,66806.945968,1,1202,6,138,-1,1,1,0,-,C3Pi
final,66815.37875,1,1203,5,142,0,1,-1,-1,-,B3Sigma-
final,66820.311075,1,1204,5,142,0,1,0,0,-,B3Sigma-
final,66828.348102,1,1205,7,50,-1,0,0,-1,-,e1Pi
final,66850.215043,1,1206,6,140,-1,1,0,-1,-,C3Pi
final,66887.689397,1,1207,7,51,-1,0,0,-1,-,e1Pi
final,66948.916594,1,1208,7,52,-1,0,0,-1,-,e1Pi
final,67013.357505,1,1209,7,53,-1,0,0,-1,-,e1Pi
final,67020.224183,1,1210,6,139,-1,1,1,0,-,C3Pi
final,67033.378721,1,1211,5,143,0,1,-1,-1,-,B3Sigma-
final,67038.707122,1,1212,5,143,0,1,0,0,-,B3Sigma-
final,67065.43667,1,1213,6,141,-1,1,0,-1,-,C3Pi
final,67079.959728,1,1214,7,54,-1,0,0,-1,-,e1Pi
final,67147.763606,1,1215,7,55,-1,0,0,-1,-,e1Pi
final,67218.085095,1,1216,7,56,-1,0,0,-1,-,e1Pi
final,67234.327431,1,1217,6,140,-1,1,1,0,-,C3Pi
final,67252.428458,1,1218,5,144,0,1,-1,-1,-,B3Sigma-
final,67259.267671,1,1219,5,144,0,1,0,0,-,B3Sigma-
final,67282.589238,1,1220,6,142,-1,1,0,-1,-,C3Pi
final,67291.187035,1,1221,7,57,-1,0,0,-1,-,e1Pi
final,67365.613739,1,1222,7,58,-1,0,0,-1,-,e1Pi
final,67441.760066,1,1223,7,59,-1,0,0,-1,-,e1Pi
final,67449.690949,1,1224,6,141,-1,1,1,0,-,C3Pi
final,67472.379643,1,1225,5,145,0,1,-1,-1,-,B3Sigma-
final,67481.472048,1,1226,5,145,0,1,0,0,-,B3Sigma-
final,67501.683682,1,1227,6,143,-1,1,0,-1,-,C3Pi
final,67520.741944,1,1228,7,60,-1,0,0,-1,-,e1Pi
final,67601.585254,1,1229,7,61,-1,0,0,-1,-,e1Pi
final,67666.414285,1,1230,6,142,-1,1,1,0,-,C3Pi
final,67683.818421,1,1231,7,62,-1,0,0,-1,-,e1Pi
final,67693.155311,1,1232,5,146,0,1,-1,-1,-,B3Sigma-
final,67705.143326,1,1233,5,146,0,1,0,0,-,B3Sigma-
final,67722.746649,1,1234,6,144,-1,1,0,-1,-,C3Pi
final,67768.436617,1,1235,7,63,-1,0,0,-1,-,e1Pi
final,67855.152183,1,1236,7,64,-1,0,0,-1,-,e1Pi
final,67884.489755,1,1237,6,143,-1,1,1,0,-,C3Pi
final,67914.811606,1,1238,5,147,0,1,-1,-1,-,B3Sigma-
final,67930.521239,1,1239,5,147,0,1,0,0,-,B3Sigma-
final,67943.384387,1,1240,7,65,-1,0,0,-1,-,e1Pi
final,67945.878969,1,1241,6,145,-1,1,0,-1,-,C3Pi
final,68033.741045,1,1242,7,66,-1,0,0,-1,-,e1Pi
final,68103.891955,1,1243,6,144,-1,1,1,0,-,C3Pi
final,68126.137861,1,1244,7,67,-1,0,0,-1,-,e1Pi
final,68137.520149,1,1245,5,148,0,1,-1,-1,-,B3Sigma-
final,68157.412656,1,1246,5,148,0,1,0,0,-,B3Sigma-
final,68170.924106,1,1247,6,146,-1,1,0,-1,-,C3Pi
final,68220.099511,1,1248,7,68,-1,0,0,-1,-,e1Pi
final,68316.064786,1,1249,7,69,-1,0,0,-1,-,e1Pi
final,68325.103552,1,1250,6,145,-1,1,1,0,-,C3Pi
final,68361.117456,1,1251,5,149,0,1,-1,-1,-,B3Sigma-
final,68385.488264,1,1252,5,149,0,1,0,0,-,B3Sigma-
final,68397.67498,1,1253,6,147,-1,1,0,-1,-,C3Pi
final,68414.05802,1,1254,7,70,-1,0,0,-1,-,e1Pi
final,68513.665619,1,1255,7,71,-1,0,0,-1,-,e1Pi
final,68547.350631,1,1256,6,146,-1,1,1,0,-,C3Pi
final,68589.706213,1,1257,6,148,-1,1,0,-1,-,C3Pi
final,68615.123268,1,1258,7,72,-1,0,0,-1,-,e1Pi
final,68718.533673,1,1259,7,73,-1,0,0,-1,-,e1Pi
final,68769.048227,1,1260,6,147,-1,1,1,0,-,C3Pi
final,68809.950514,1,1261,6,149,-1,1,0,-1,-,C3Pi
final,68823.663559,1,1262,7,74,-1,0,0,-1,-,e1Pi
final,68930.586102,1,1263,7,75,-1,0,0,-1,-,e1Pi
final,68989.238958,1,1264,6,148,-1,1,1,0,-,C3Pi
final,69036.411349,1,1265,6,150,-1,1,0,-1,-,C3Pi
final,69039.326846,1,1266,7,76,-1,0,0,-1,-,e1Pi
final,69149.807163,1,1267,7,77,-1,0,0,-1,-,e1Pi
final,69215.765331,1,1268,6,149,-1,1,1,0,-,C3Pi
final,69262.09575,1,1269,7,78,-1,0,0,-1,-,e1Pi
final,69376.140345,1,1270,7,79,-1,0,0,-1,-,e1Pi
final,69491.878894,1,1271,7,80,-1,0,0,-1,-,e1Pi
final,69609.399276,1,1272,7,81,-1,0,0,-1,-,e1Pi
final,69728.673291,1,1273,7,82,-1,0,0,-1,-,e1Pi
final,69849.624342,1,1274,7,83,-1,0,0,-1,-,e1Pi
final,69972.291565,1,1275,7,84,-1,0,0,-1,-,e1Pi
final,70096.692865,1,1276,7,85,-1,0,0,-1,-,e1Pi
final,70222.788251,1,1277,7,86,-1,0,0,-1,-,e1Pi
final,70350.556534,1,1278,7,87,-1,0,0,-1,-,e1Pi
final,70480.010491,1,1279,7,88,-1,0,0,-1,-,e1Pi
final,70611.16081,1,1280,7,89,-1,0,0,-1,-,e1Pi
final,70743.976219,1,1281,7,90,-1,0,0,-1,-,e1Pi
final,70878.435185,1,1282,7,91,-1,0,0,-1,-,e1Pi
final,71014.563441,1,1283,7,92,-1,0,0,-1,-,e1Pi
final,71152.357618,1,1284,7,93,-1,0,0,-1,-,e1Pi
final,71291.777696,1,1285,7,94,-1,0,0,-1,-,e1Pi
final,71432.828734,1,1286,7,95,-1,0,0,-1,-,e1Pi
final,71575.53132,1,1287,7,96,-1,0,0,-1,-,e1Pi
final,71719.858077,1,1288,7,97,-1,0,0,-1,-,e1Pi
final,71865.790001,1,1289,7,98,-1,0,0,-1,-,e1Pi
final,72013.346541,1,1290,7,99,-1,0,0,-1,-,e1Pi
final,72162.523774,1,1291,7,100,-1,0,0,-1,-,e1Pi
final,72313.292767,1,1292,7,101,-1,0,0,-1,-,e1Pi
final,72465.656055,1,1293,7,102,-1,0,0,-1,-,e1Pi
final,72619.627805,1,1294,7,103,-1,0,0,-1,-,e1Pi
final,72775.186818,1,1295,7,104,-1,0,0,-1,-,e1Pi
final,72932.318419,1,1296,7,105,-1,0,0,-1,-,e1Pi
final,73091.038844,1,1297,7,106,-1,0,0,-1,-,e1Pi
final,73251.341007,1,1298,7,107,-1,0,0,-1,-,e1Pi
final,73413.201849,1,1299,7,108,-1,0,0,-1,-,e1Pi
final,73576.629095,1,1300,7,109,-1,0,0,-1,-,e1Pi
final,73741.629254,1,1301,7,110,-1,0,0,-1,-,e1Pi
final,73908.180762,1,1302,7,111,-1,0,0,-1,-,e1Pi
final,74076.280648,1,1303,7,112,-1,0,0,-1,-,e1Pi
final,74245.939389,1,1304,7,113,-1,0,0,-1,-,e1Pi
final,74417.142355,1,1305,7,114,-1,0,0,-1,-,e1Pi
final,74589.879211,1,1306,7,115,-1,0,0,-1,-,e1Pi
final,74764.157829,1,1307,7,116,-1,0,0,-1,-,e1Pi
final,74939.976295,1,1308,7,117,-1,0,0,-1,-,e1Pi
final,75117.318312,1,1309,7,118,-1,0,0,-1,-,e1Pi
final,75296.186243,1,1310,7,119,-1,0,0,-1,-,e1Pi
final,75476.587108,1,1311,7,120,-1,0,0,-1,-,e1Pi
final,75658.498356,1,1312,7,121,-1,0,0,-1,-,e1Pi
final,75841.92328,1,1313,7,122,-1,0,0,-1,-,e1Pi
final,76026.868294,1,1314,7,123,-1,0,0,-1,-,e1Pi
final,76213.315123,1,1315,7,124,-1,0,0,-1,-,e1Pi
final,76401.26806,1,1316,7,125,-1,0,0,-1,-,e1Pi
final,76590.724319,1,1317,7,126,-1,0,0,-1,-,e1Pi
final,76781.681139,1,1318,7,127,-1,0,0,-1,-,e1Pi
final,76974.129599,1,1319,7,128,-1,0,0,-1,-,e1Pi
final,77168.06869,1,1320,7,129,-1,0,0,-1,-,e1Pi
final,77363.506433,1,1321,7,130,-1,0,0,-1,-,e1Pi
final,77560.418346,1,1322,7,131,-1,0,0,-1,-,e1Pi
final,77758.821252,1,1323,7,132,-1,0,0,-1,-,e1Pi
final,77958.70972,1,1324,7,133,-1,0,0,-1,-,e1Pi
final,78160.065866,1,1325,7,134,-1,0,0,-1,-,e1Pi
final,78362.907949,1,1326,7,135,-1,0,0,-1,-,e1Pi
final,78567.214864,1,1327,7,136,-1,0,0,-1,-,e1Pi
final,78772.992989,1,1328,7,137,-1,0,0,-1,-,e1Pi
final,78980.2336,1,1329,7,138,-1,0,0,-1,-,e1Pi
final,79188.935488,1,1330,7,139,-1,0,0,-1,-,e1Pi
final,79399.103455,1,1331,7,140,-1,0,0,-1,-,e1Pi
final,79610.719556,1,1332,7,141,-1,0,0,-1,-,e1Pi
final,79823.80777,1,1333,7,142,-1,0,0,-1,-,e1Pi
final,80038.342496,1,1334,7,143,-1,0,0,-1,-,e1Pi
final,80254.328167,1,1335,7,144,-1,0,0,-1,-,e1Pi
final,80471.76791,1,1336,7,145,-1,0,0,-1,-,e1Pi
final,80690.640184,1,1337,7,146,-1,0,0,-1,-,e1Pi
final,80910.964539,1,1338,7,147,-1,0,0,-1,-,e1Pi
final,81132.7262,1,1339,7,148,-1,0,0,-1,-,e1Pi
final,81355.932244,1,1340,7,149,-1,0,0,-1,-,e1Pi
final,3.100277,2,1,1,0,0,1,0,0,+,X3Sig-
final,14.633589,2,2,1,0,0,1,1,1,+,X3Sig-
final,1141.045124,2,3,1,1,0,1,0,0,+,X3Sig-
final,1152.604468,2,4,1,1,0,1,1,1,+,X3Sig-
final,2266.277842,2,5,1,2,0,1,0,0,+,X3Sig-
final,2277.866411,2,6,1,2,0,1,1,1,+,X3Sig-
final,3378.866762,2,7,1,3,0,1,0,0,+,X3Sig-
final,3390.487356,2,8,1,3,0,1,1,1,+,X3Sig-
final,4478.858018,2,9,1,4,0,1,0,0,+,X3Sig-
final,4490.511611,2,10,1,4,0,1,1,1,+,X3Sig-
final,5566.291724,2,11,1,5,0,1,0,0,+,X3Sig-
final,5577.969804,2,12,1,5,0,1,1,1,+,X3Sig-
final,5873.075153,2,13,2,0,2,0,0,2,+,a1Delta
final,6641.147896,2,14,1,6,0,1,0,0,+,X3Sig-
final,6652.850995,2,15,1,6,0,1,1,1,+,X3Sig-
final,6974.409193,2,16,2,1,2,0,0,2,+,a1Delta
final,7703.397187,2,17,1,7,0,1,0,0,+,X3Sig-
final,7715.136009,2,18,1,7,0,1,1,1,+,X3Sig-
final,8062.137739,2,19,2,2,2,0,0,2,+,a1Delta
final,8753.065137,2,20,1,8,0,1,0,0,+,X3Sig-
final,8764.827676,2,21,1,8,0,1,1,1,+,X3Sig-
final,9136.324833,2,22,2,3,2,0,0,2,+,a1Delta
final,9790.069467,2,23,1,9,0,1,0,0,+,X3Sig-
final,9801.867714,2,24,1,9,0,1,1,1,+,X3Sig-
final,10197.014196,2,25,2,4,2,0,0,2,+,a1Delta
final,10481.609289,2,26,3,0,0,0,0,0,+,b1Sig+
final,10814.351934,2,27,1,10,0,1,0,0,+,X3Sig-
final,10826.205484,2,28,1,10,0,1,1,1,+,X3Sig-
final,11244.232169,2,29,2,5,2,0,0,2,+,a1Delta
final,11535.801409,2,30,3,1,0,0,0,0,+,b1Sig+
final,11825.893381,2,31,1,11,0,1,0,0,+,X3Sig-
final,11837.805332,2,32,1,11,0,1,1,1,+,X3Sig-
final,12278.004603,2,33,2,6,2,0,0,2,+,a1Delta
final,12575.559012,2,34,3,2,0,0,0,0,+,b1Sig+
final,12824.622245,2,35,1,12,0,1,0,0,+,X3Sig-
final,12836.597726,2,36,1,12,0,1,1,1,+,X3Sig-
final,13298.293454,2,37,2,7,2,0,0,2,+,a1Delta
final,13600.803271,2,38,3,3,0,0,0,0,+,b1Sig+
final,13810.452954,2,39,1,13,0,1,0,0,+,X3Sig-
final,13822.503089,2,40,1,13,0,1,1,1,+,X3Sig-
final,14305.073941,2,41,2,8,2,0,0,2,+,a1Delta
final,14611.446542,2,42,3,4,0,0,0,0,+,b1Sig+
final,14783.3054,2,43,1,14,0,1,0,0,+,X3Sig-
final,14795.436274,2,44,1,14,0,1,1,1,+,X3Sig-
final,15298.31974,2,45,2,9,2,0,0,2,+,a1Delta
final,15607.347855,2,46,3,5,0,0,0,0,+,b1Sig+
final,15743.091288,2,47,1,15,0,1,0,0,+,X3Sig-
final,15755.305278,2,48,1,15,0,1,1,1,+,X3Sig-
final,16277.907607,2,49,2,10,2,0,0,2,+,a1Delta
final,16588.404318,2,50,3,6,0,0,0,0,+,b1Sig+
final,16689.716651,2,51,1,16,0,1,0,0,+,X3Sig-
final,16702.01637,2,52,1,16,0,1,1,1,+,X3Sig-
final,17243.807804,2,53,2,11,2,0,0,2,+,a1Delta
final,17554.520133,2,54,3,7,0,0,0,0,+,b1Sig+
final,17623.063273,2,55,1,17,0,1,0,0,+,X3Sig-
final,17635.46127,2,56,1,17,0,1,1,1,+,X3Sig-
final,18195.960646,2,57,2,12,2,0,0,2,+,a1Delta
final,18505.527397,2,58,3,8,0,0,0,0,+,b1Sig+
final,18543.029044,2,59,1,18,0,1,0,0,+,X3Sig-
final,18555.535706,2,60,1,18,0,1,1,1,+,X3Sig-
final,19134.240225,2,61,2,13,2,0,0,2,+,a1Delta
final,19441.334171,2,62,3,9,0,0,0,0,+,b1Sig+
final,19449.486705,2,63,1,19,0,1,0,0,+,X3Sig-
final,19462.112433,2,64,1,19,0,1,1,1,+,X3Sig-
final,20058.509039,2,65,2,14,2,0,0,2,+,a1Delta
final,20342.308768,2,66,1,20,0,1,0,0,+,X3Sig-
final,20355.061328,2,67,1,20,0,1,1,1,+,X3Sig-
final,20361.791054,2,68,3,10,0,0,0,0,+,b1Sig+
final,20968.664895,2,69,2,15,2,0,0,2,+,a1Delta
final,21221.361526,2,70,1,21,0,1,0,0,+,X3Sig-
final,21234.248282,2,71,1,21,0,1,1,1,+,X3Sig-
final,21266.746634,2,72,3,11,0,0,0,0,+,b1Sig+
final,21864.599152,2,73,2,16,2,0,0,2,+,a1Delta
final,22086.502975,2,74,1,22,0,1,0,0,+,X3Sig-
final,22099.536134,2,75,1,22,0,1,1,1,+,X3Sig-
final,22156.089528,2,76,3,12,0,0,0,0,+,b1Sig+
final,22746.110601,2,77,2,17,2,0,0,2,+,a1Delta
final,22937.586843,2,78,1,23,0,1,0,0,+,X3Sig-
final,22950.779929,2,79,1,23,0,1,1,1,+,X3Sig-
final,23029.691449,2,80,3,13,0,0,0,0,+,b1Sig+
final,23613.066662,2,81,2,18,2,0,0,2,+,a1Delta
final,23774.452467,2,82,1,24,0,1,0,0,+,X3Sig-
final,23787.817903,2,83,1,24,0,1,1,1,+,X3Sig-
final,23887.377192,2,84,3,14,0,0,0,0,+,b1Sig+
final,24465.308626,2,85,2,19,2,0,0,2,+,a1Delta
final,24596.943669,2,86,1,25,0,1,0,0,+,X3Sig-
final,24610.493115,2,87,1,25,0,1,1,1,+,X3Sig-
final,24728.979921,2,88,3,15,0,0,0,0,+,b1Sig+
final,25302.632561,2,89,2,20,2,0,0,2,+,a1Delta
final,25404.878638,2,90,1,26,0,1,0,0,+,X3Sig-
final,25418.637355,2,91,1,26,0,1,1,1,+,X3Sig-
final,25554.362999,2,92,3,16,0,0,0,0,+,b1Sig+
final,26124.86133,2,93,2,21,2,0,0,2,+,a1Delta
final,26198.09549,2,94,1,27,0,1,0,0,+,X3Sig-
final,26212.086328,2,95,1,27,0,1,1,1,+,X3Sig-
final,26363.390856,2,96,3,17,0,0,0,0,+,b1Sig+
final,26931.787327,2,97,2,22,2,0,0,2,+,a1Delta
final,26976.40836,2,98,1,28,0,1,0,0,+,X3Sig-
final,26990.653101,2,99,1,28,0,1,1,1,+,X3Sig-
final,27155.886894,2,100,3,18,0,0,0,0,+,b1Sig+
final,27723.20671,2,101,2,23,2,0,0,2,+,a1Delta
final,27739.639081,2,102,1,29,0,1,0,0,+,X3Sig-
final,27754.156418,2,103,1,29,0,1,1,1,+,X3Sig-
final,27931.71021,2,104,3,19,0,0,0,0,+,b1Sig+
final,28487.59025,2,105,1,30,0,1,0,0,+,X3Sig-
final,28498.893778,2,106,2,24,2,0,0,2,+,a1Delta
final,28502.405406,2,107,1,30,0,1,1,1,+,X3Sig-
final,28690.708165,2,108,3,20,0,0,0,0,+,b1Sig+
final,29220.085935,2,109,1,31,0,1,0,0,+,X3Sig-
final,29235.212801,2,110,1,31,0,1,1,1,+,X3Sig-
final,29258.60897,2,111,2,25,2,0,0,2,+,a1Delta
final,29432.687522,2,112,3,21,0,0,0,0,+,b1Sig+
final,29936.943307,2,113,1,32,0,1,0,0,+,X3Sig-
final,29952.368876,2,114,1,32,0,1,1,1,+,X3Sig-
final,30002.131627,2,115,2,26,2,0,0,2,+,a1Delta
final,30157.502531,2,116,3,22,0,0,0,0,+,b1Sig+
final,30638.023884,2,117,1,33,0,1,0,0,+,X3Sig-
final,30653.670567,2,118,1,33,0,1,1,1,+,X3Sig-
final,30729.192871,2,119,2,27,2,0,0,2,+,a1Delta
final,30864.969552,2,120,3,23,0,0,0,0,+,b1Sig+
final,31323.179435,2,121,1,34,0,1,0,0,+,X3Sig-
final,31338.908107,2,122,1,34,0,1,1,1,+,X3Sig-
final,31439.530114,2,123,2,28,2,0,0,2,+,a1Delta
final,31554.962404,2,124,3,24,0,0,0,0,+,b1Sig+
final,31992.156733,2,125,1,35,0,1,0,0,+,X3Sig-
final,32007.863542,2,126,1,35,0,1,1,1,+,X3Sig-
final,32132.89281,2,127,2,29,2,0,0,2,+,a1Delta
final,32227.269151,2,128,3,25,0,0,0,0,+,b1Sig+
final,32644.493396,2,129,1,36,0,1,0,0,+,X3Sig-
final,32660.305085,2,130,1,36,0,1,1,1,+,X3Sig-
final,32808.975652,2,131,2,30,2,0,0,2,+,a1Delta
final,32881.720828,2,132,3,26,0,0,0,0,+,b1Sig+
final,33279.689846,2,133,1,37,0,1,0,0,+,X3Sig-
final,33295.995349,2,134,1,37,0,1,1,1,+,X3Sig-
final,33467.493479,2,135,2,31,2,0,0,2,+,a1Delta
final,33518.158546,2,136,3,27,0,0,0,0,+,b1Sig+
final,33897.686283,2,137,1,38,0,1,0,0,+,X3Sig-
final,33914.710374,2,138,1,38,0,1,1,1,+,X3Sig-
final,34108.160501,2,139,2,32,2,0,0,2,+,a1Delta
final,34136.373813,2,140,3,28,0,0,0,0,+,b1Sig+
final,34498.756402,2,141,1,39,0,1,0,0,+,X3Sig-
final,34516.213218,2,142,1,39,0,1,1,1,+,X3Sig-
final,34730.63877,2,143,2,33,2,0,0,2,+,a1Delta
final,34736.244812,2,144,3,29,0,0,0,0,+,b1Sig+
final,35082.57931,2,145,1,40,0,1,0,0,+,X3Sig-
final,35100.257158,2,146,1,40,0,1,1,1,+,X3Sig-
final,35317.562319,2,147,3,30,0,0,0,0,+,b1Sig+
final,35334.614693,2,148,2,34,2,0,0,2,+,a1Delta
final,35648.170047,2,149,1,41,0,1,0,0,+,X3Sig-
final,35666.575981,2,150,1,41,0,1,1,1,+,X3Sig-
final,35880.138154,2,151,3,31,0,0,0,0,+,b1Sig+
final,35919.760866,2,152,2,35,2,0,0,2,+,a1Delta
final,36195.373826,2,153,1,42,0,1,0,0,+,X3Sig-
final,36214.914543,2,154,1,42,0,1,1,1,+,X3Sig-
final,36423.798222,2,155,3,32,0,0,0,0,+,b1Sig+
final,36485.705255,2,156,2,36,2,0,0,2,+,a1Delta
final,36724.599349,2,157,1,43,0,1,0,0,+,X3Sig-
final,36745.020412,2,158,1,43,0,1,1,1,+,X3Sig-
final,36948.319309,2,159,3,33,0,0,0,0,+,b1Sig+
final,37032.105503,2,160,2,37,2,0,0,2,+,a1Delta
final,37235.066719,2,161,1,44,0,1,0,0,+,X3Sig-
final,37256.613204,2,162,1,44,0,1,1,1,+,X3Sig-
final,37453.582021,2,163,3,34,0,0,0,0,+,b1Sig+
final,37558.595741,2,164,2,38,2,0,0,2,+,a1Delta
final,37726.13947,2,165,1,45,0,1,0,0,+,X3Sig-
final,37749.413388,2,166,1,45,0,1,1,1,+,X3Sig-
final,37939.446927,2,167,3,35,0,0,0,0,+,b1Sig+
final,37943.081981,2,168,4,0,1,1,-1,0,+,A3Pi
final,38064.770801,2,169,2,39,2,0,0,2,+,a1Delta
final,38099.163968,2,170,4,0,1,1,0,1,+,A3Pi
final,38198.349684,2,171,1,46,0,1,0,0,+,X3Sig-
final,38223.144986,2,172,1,46,0,1,1,1,+,X3Sig-
final,38262.009945,2,173,4,0,1,1,1,2,+,A3Pi
final,38362.156196,2,174,4,1,1,1,-1,0,+,A3Pi
final,38405.727716,2,175,3,36,0,0,0,0,+,b1Sig+
final,38516.033589,2,176,4,1,1,1,0,1,+,A3Pi
final,38550.254158,2,177,2,40,2,0,0,2,+,a1Delta
final,38650.964534,2,178,1,47,0,1,0,0,+,X3Sig-
final,38676.573845,2,179,4,1,1,1,1,2,+,A3Pi
final,38677.516256,2,180,1,47,0,1,1,1,+,X3Sig-
final,38771.712478,2,181,4,2,1,1,-1,0,+,A3Pi
final,38852.255007,2,182,3,37,0,0,0,0,+,b1Sig+
final,38923.701397,2,183,4,2,1,1,0,1,+,A3Pi
final,39014.63066,2,184,2,41,2,0,0,2,+,a1Delta
final,39082.25014,2,185,4,2,1,1,1,2,+,A3Pi
final,39083.105465,2,186,1,48,0,1,0,0,+,X3Sig-
final,39112.231173,2,187,1,48,0,1,1,1,+,X3Sig-
final,39177.69133,2,188,4,3,1,1,-1,0,+,A3Pi
final,39278.831073,2,189,3,38,0,0,0,0,+,b1Sig+
final,39327.770841,2,190,4,3,1,1,0,1,+,A3Pi
final,39457.463207,2,191,2,42,2,0,0,2,+,a1Delta
final,39484.315153,2,192,4,3,1,1,1,2,+,A3Pi
final,39495.440056,2,193,1,49,0,1,0,0,+,X3Sig-
final,39526.990748,2,194,1,49,0,1,1,1,+,X3Sig-
final,39580.132149,2,195,4,4,1,1,-1,0,+,A3Pi
final,39685.311508,2,196,3,39,0,0,0,0,+,b1Sig+
final,39728.227546,2,197,4,4,1,1,0,1,+,A3Pi
final,39878.33675,2,198,2,43,2,0,0,2,+,a1Delta
final,39882.69258,2,199,4,4,1,1,1,2,+,A3Pi
final,39887.047866,2,200,1,50,0,1,0,0,+,X3Sig-
final,39921.48328,2,201,1,50,0,1,1,1,+,X3Sig-
final,39978.801877,2,202,4,5,1,1,-1,0,+,A3Pi
final,40071.557492,2,203,3,40,0,0,0,0,+,b1Sig+
final,40124.803723,2,204,4,5,1,1,0,1,+,A3Pi
final,40256.97258,2,205,1,51,0,1,0,0,+,X3Sig-
final,40276.778907,2,206,2,44,2,0,0,2,+,a1Delta
final,40277.063028,2,207,4,5,1,1,1,2,+,A3Pi
final,40295.395136,2,208,1,51,0,1,1,1,+,X3Sig-
final,40372.900281,2,209,4,6,1,1,-1,0,+,A3Pi
final,40437.418112,2,210,3,41,0,0,0,0,+,b1Sig+
final,40516.607252,2,211,4,6,1,1,0,1,+,A3Pi
final,40606.126983,2,212,1,52,0,1,0,0,+,X3Sig-
final,40648.409935,2,213,1,52,0,1,1,1,+,X3Sig-
final,40652.333735,2,214,2,45,2,0,0,2,+,a1Delta
final,40666.432671,2,215,4,6,1,1,1,2,+,A3Pi
final,40760.810474,2,216,4,7,1,1,-1,0,+,A3Pi
final,40782.777041,2,217,3,42,0,0,0,0,+,b1Sig+
final,40901.935405,2,218,4,7,1,1,0,1,+,A3Pi
final,40933.114011,2,219,1,53,0,1,0,0,+,X3Sig-
final,40980.201445,2,220,1,53,0,1,1,1,+,X3Sig-
final,41004.523045,2,221,2,46,2,0,0,2,+,a1Delta
final,41049.002676,2,222,4,7,1,1,1,2,+,A3Pi
final,41107.489445,2,223,3,43,0,0,0,0,+,b1Sig+
final,41140.612509,2,224,4,8,1,1,-1,0,+,A3Pi
final,41237.018262,2,225,1,54,0,1,0,0,+,X3Sig-
final,41278.709358,2,226,4,8,1,1,0,1,+,A3Pi
final,41290.437336,2,227,1,54,0,1,1,1,+,X3Sig-
final,41332.838437,2,228,2,47,2,0,0,2,+,a1Delta
final,41378.881132,2,229,5,0,0,1,0,0,+,B3Sigma-
final,41386.513754,2,230,5,0,0,1,1,1,+,B3Sigma-
final,41411.46776,2,231,3,44,0,0,0,0,+,b1Sig+
final,41422.505749,2,232,4,8,1,1,1,2,+,A3Pi
final,41509.96125,2,233,4,9,1,1,-1,0,+,A3Pi
final,41519.291941,2,234,1,55,0,1,0,0,+,X3Sig-
final,41578.778941,2,235,1,55,0,1,1,1,+,X3Sig-
final,41636.792942,2,236,2,48,2,0,0,2,+,a1Delta
final,41644.415374,2,237,4,9,1,1,0,1,+,A3Pi
final,41694.553608,2,238,3,45,0,0,0,0,+,b1Sig+
final,41777.972186,2,239,1,56,0,1,0,0,+,X3Sig-
final,41784.226649,2,240,4,9,1,1,1,2,+,A3Pi
final,41844.877775,2,241,1,56,0,1,1,1,+,X3Sig-
final,41866.077849,2,242,4,10,1,1,-1,0,+,A3Pi
final,41915.84366,2,243,2,49,2,0,0,2,+,a1Delta
final,41956.532359,2,244,3,46,0,0,0,0,+,b1Sig+
final,41996.024885,2,245,4,10,1,1,0,1,+,A3Pi
final,41999.292367,2,246,5,1,0,1,0,0,+,B3Sigma-
final,42006.925367,2,247,5,1,0,1,1,1,+,B3Sigma-
final,42017.091969,2,248,1,57,0,1,0,0,+,X3Sig-
final,42088.393365,2,249,1,57,0,1,1,1,+,X3Sig-
final,42130.845379,2,250,4,10,1,1,1,2,+,A3Pi
final,42169.494467,2,251,2,50,2,0,0,2,+,a1Delta
final,42197.199866,2,252,3,47,0,0,0,0,+,b1Sig+
final,42205.720771,2,253,4,11,1,1,-1,0,+,A3Pi
final,42329.916751,2,254,4,11,1,1,0,1,+,A3Pi
final,42397.194911,2,255,2,51,2,0,0,2,+,a1Delta
final,42410.23614,2,256,3,48,0,0,0,0,+,b1Sig+
final,42458.194672,2,257,4,11,1,1,1,2,+,A3Pi
final,42524.96802,2,258,4,12,1,1,-1,0,+,A3Pi
final,42549.139132,2,259,3,49,0,0,0,0,+,b1Sig+
final,42598.392557,2,260,2,52,2,0,0,2,+,a1Delta
final,42609.864439,2,261,5,2,0,1,0,0,+,B3Sigma-
final,42617.493321,2,262,5,2,0,1,1,1,+,B3Sigma-
final,42641.498243,2,263,4,12,1,1,0,1,+,A3Pi
final,42702.703434,2,264,3,50,0,0,0,0,+,b1Sig+
final,42760.812345,2,265,4,12,1,1,1,2,+,A3Pi
final,42772.542457,2,266,2,53,2,0,0,2,+,a1Delta
final,42818.659851,2,267,4,13,1,1,-1,0,+,A3Pi
final,42830.751789,2,268,3,51,0,0,0,0,+,b1Sig+
final,42919.074032,2,269,2,54,2,0,0,2,+,a1Delta
final,42924.627422,2,270,4,13,1,1,0,1,+,A3Pi
final,42939.871221,2,271,3,52,0,0,0,0,+,b1Sig+
final,43021.32993,2,272,3,53,0,0,0,0,+,b1Sig+
final,43031.066361,2,273,4,13,1,1,1,2,+,A3Pi
final,43037.383646,2,274,2,55,2,0,0,2,+,a1Delta
final,43076.817234,2,275,3,54,0,0,0,0,+,b1Sig+
final,43079.750948,2,276,4,14,1,1,-1,0,+,A3Pi
final,43087.378836,2,277,8,0,1,1,1,2,+,Cp3Pi
final,43117.25894,2,278,3,55,0,0,0,0,+,b1Sig+
final,43119.743562,2,279,8,1,1,1,1,2,+,Cp3Pi
final,43125.765598,2,280,2,56,2,0,0,2,+,a1Delta
final,43148.432907,2,281,8,2,1,1,1,2,+,Cp3Pi
final,43152.311844,2,282,3,56,0,0,0,0,+,b1Sig+
final,43156.498134,2,283,8,0,1,1,0,1,+,Cp3Pi
final,43164.915019,2,284,4,14,1,1,1,2,+,A3Pi
final,43170.356563,2,285,4,14,1,1,0,1,+,A3Pi
final,43171.47622,2,286,8,3,1,1,1,2,+,Cp3Pi
final,43173.893001,2,287,3,57,0,0,0,0,+,b1Sig+
final,43185.118897,2,288,8,1,1,1,0,1,+,Cp3Pi
final,43185.862553,2,289,4,15,1,1,1,2,+,A3Pi
final,43191.945127,2,290,8,4,1,1,1,2,+,Cp3Pi
final,43192.62175,2,291,2,57,2,0,0,2,+,a1Delta
final,43202.505605,2,292,4,16,1,1,1,2,+,A3Pi
final,43207.057232,2,293,8,2,1,1,0,1,+,Cp3Pi
final,43210.638324,2,294,5,3,0,1,0,0,+,B3Sigma-
final,43214.122067,2,295,8,5,1,1,1,2,+,Cp3Pi
final,43218.289711,2,296,5,3,0,1,1,1,+,B3Sigma-
final,43218.612171,2,297,4,17,1,1,1,2,+,A3Pi
final,43223.490765,2,298,8,3,1,1,0,1,+,Cp3Pi
final,43223.735956,2,299,4,15,1,1,0,1,+,A3Pi
final,43230.410723,2,300,4,16,1,1,0,1,+,A3Pi
final,43239.058337,2,301,4,18,1,1,1,2,+,A3Pi
final,43240.210555,2,302,8,6,1,1,1,2,+,Cp3Pi
final,43242.520871,2,303,8,4,1,1,0,1,+,Cp3Pi
final,43242.790312,2,304,4,17,1,1,0,1,+,A3Pi
final,43256.744186,2,305,4,19,1,1,1,2,+,A3Pi
final,43260.41927,2,306,4,18,1,1,0,1,+,A3Pi
final,43263.623631,2,307,4,20,1,1,1,2,+,A3Pi
final,43263.965825,2,308,4,15,1,1,-1,0,+,A3Pi
final,43266.212069,2,309,8,5,1,1,0,1,+,Cp3Pi
final,43270.299585,2,310,8,7,1,1,1,2,+,Cp3Pi
final,43271.946565,2,311,4,16,1,1,-1,0,+,A3Pi
final,43281.407494,2,312,8,0,1,1,-1,0,+,Cp3Pi
final,43282.154904,2,313,4,19,1,1,0,1,+,A3Pi
final,43283.448589,2,314,4,17,1,1,-1,0,+,A3Pi
final,43292.036216,2,315,4,21,1,1,1,2,+,A3Pi
final,43293.669925,2,316,8,6,1,1,0,1,+,Cp3Pi
final,43297.580109,2,317,4,18,1,1,-1,0,+,A3Pi
final,43299.764039,2,318,4,19,1,1,-1,0,+,A3Pi
final,43303.824946,2,319,8,8,1,1,1,2,+,Cp3Pi
final,43304.434735,2,320,8,1,1,1,-1,0,+,Cp3Pi
final,43307.223427,2,321,4,20,1,1,0,1,+,A3Pi
final,43316.616916,2,322,8,2,1,1,-1,0,+,Cp3Pi
final,43321.693804,2,323,4,20,1,1,-1,0,+,A3Pi
final,43323.381377,2,324,4,22,1,1,1,2,+,A3Pi
final,43324.274346,2,325,8,3,1,1,-1,0,+,Cp3Pi
final,43324.687881,2,326,8,7,1,1,0,1,+,Cp3Pi
final,43333.18093,2,327,8,4,1,1,-1,0,+,Cp3Pi
final,43335.720084,2,328,4,21,1,1,0,1,+,A3Pi
final,43340.61306,2,329,8,9,1,1,1,2,+,Cp3Pi
final,43347.222424,2,330,4,21,1,1,-1,0,+,A3Pi
final,43350.986829,2,331,8,5,1,1,-1,0,+,Cp3Pi
final,43356.713871,2,332,4,23,1,1,1,2,+,A3Pi
final,43359.03819,2,333,8,8,1,1,0,1,+,Cp3Pi
final,43364.137973,2,334,4,22,1,1,0,1,+,A3Pi
final,43366.022504,2,335,8,6,1,1,-1,0,+,Cp3Pi
final,43367.186472,2,336,4,23,1,1,0,1,+,A3Pi
final,43376.79623,2,337,4,22,1,1,-1,0,+,A3Pi
final,43380.381734,2,338,8,10,1,1,1,2,+,Cp3Pi
final,43391.427303,2,339,4,24,1,1,1,2,+,A3Pi
final,43394.566671,2,340,8,7,1,1,-1,0,+,Cp3Pi
final,43396.459998,2,341,8,9,1,1,0,1,+,Cp3Pi
final,43400.458073,2,342,4,24,1,1,0,1,+,A3Pi
final,43408.18544,2,343,4,23,1,1,-1,0,+,A3Pi
final,43413.736596,2,344,4,25,1,1,1,2,+,A3Pi
final,43423.069588,2,345,8,11,1,1,1,2,+,Cp3Pi
final,43427.400632,2,346,8,8,1,1,-1,0,+,Cp3Pi
final,43428.570722,2,347,4,26,1,1,1,2,+,A3Pi
final,43434.909341,2,348,4,25,1,1,0,1,+,A3Pi
final,43436.814309,2,349,8,10,1,1,0,1,+,Cp3Pi
final,43441.079596,2,350,4,24,1,1,-1,0,+,A3Pi
final,43456.312109,2,351,4,25,1,1,-1,0,+,A3Pi
final,43461.332971,2,352,8,9,1,1,-1,0,+,Cp3Pi
final,43462.094021,2,353,4,27,1,1,1,2,+,A3Pi
final,43467.194238,2,354,4,26,1,1,0,1,+,A3Pi
final,43468.461752,2,355,8,12,1,1,1,2,+,Cp3Pi
final,43475.991657,2,356,4,26,1,1,-1,0,+,A3Pi
final,43479.944255,2,357,8,11,1,1,0,1,+,Cp3Pi
final,43486.556907,2,358,4,27,1,1,0,1,+,A3Pi
final,43492.99979,2,359,4,28,1,1,1,2,+,A3Pi
final,43501.564851,2,360,8,10,1,1,-1,0,+,Cp3Pi
final,43509.53969,2,361,4,27,1,1,-1,0,+,A3Pi
final,43512.601868,2,362,4,28,1,1,0,1,+,A3Pi
final,43516.567401,2,363,8,13,1,1,1,2,+,Cp3Pi
final,43523.788269,2,364,4,29,1,1,1,2,+,A3Pi
final,43525.74596,2,365,8,12,1,1,0,1,+,Cp3Pi
final,43539.157581,2,366,4,28,1,1,-1,0,+,A3Pi
final,43544.694927,2,367,8,11,1,1,-1,0,+,Cp3Pi
final,43545.934892,2,368,4,29,1,1,0,1,+,A3Pi
final,43558.133565,2,369,4,30,1,1,1,2,+,A3Pi
final,43567.066129,2,370,4,29,1,1,-1,0,+,A3Pi
final,43567.21449,2,371,8,14,1,1,1,2,+,Cp3Pi
final,43574.143555,2,372,8,13,1,1,0,1,+,Cp3Pi
final,43580.167993,2,373,4,30,1,1,0,1,+,A3Pi
final,43589.039368,2,374,8,12,1,1,-1,0,+,Cp3Pi
final,43595.323608,2,375,4,31,1,1,1,2,+,A3Pi
final,43599.595531,2,376,4,30,1,1,-1,0,+,A3Pi
final,43616.136393,2,377,4,31,1,1,0,1,+,A3Pi
final,43620.363666,2,378,8,15,1,1,1,2,+,Cp3Pi
final,43625.069975,2,379,8,14,1,1,0,1,+,Cp3Pi
final,43634.573287,2,380,4,32,1,1,1,2,+,A3Pi
final,43635.156421,2,381,4,31,1,1,-1,0,+,A3Pi
final,43636.989104,2,382,8,13,1,1,-1,0,+,Cp3Pi
final,43654.481055,2,383,4,32,1,1,0,1,+,A3Pi
final,43673.21089,2,384,4,32,1,1,-1,0,+,A3Pi
final,43675.796923,2,385,4,33,1,1,1,2,+,A3Pi
final,43675.963682,2,386,8,16,1,1,1,2,+,Cp3Pi
final,43678.430142,2,387,8,15,1,1,0,1,+,Cp3Pi
final,43687.894909,2,388,8,14,1,1,-1,0,+,Cp3Pi
final,43694.992012,2,389,4,33,1,1,0,1,+,A3Pi
final,43713.062451,2,390,4,33,1,1,-1,0,+,A3Pi
final,43718.993824,2,391,4,34,1,1,1,2,+,A3Pi
final,43733.911484,2,392,8,17,1,1,1,2,+,Cp3Pi
final,43734.241156,2,393,8,16,1,1,0,1,+,Cp3Pi
final,43737.554224,2,394,4,34,1,1,0,1,+,A3Pi
final,43740.886266,2,395,8,15,1,1,-1,0,+,Cp3Pi
final,43754.92963,2,396,4,34,1,1,-1,0,+,A3Pi
final,43764.116783,2,397,4,35,1,1,1,2,+,A3Pi
final,43782.064956,2,398,4,35,1,1,0,1,+,A3Pi
final,43792.407555,2,399,8,17,1,1,0,1,+,Cp3Pi
final,43794.195777,2,400,8,18,1,1,1,2,+,Cp3Pi
final,43795.892289,2,401,8,16,1,1,-1,0,+,Cp3Pi
final,43798.870663,2,402,4,35,1,1,-1,0,+,A3Pi
final,43801.801253,2,403,5,4,0,1,0,0,+,B3Sigma-
final,43809.447198,2,404,5,4,0,1,1,1,+,B3Sigma-
final,43811.16156,2,405,4,36,1,1,1,2,+,A3Pi
final,43828.493064,2,406,4,36,1,1,0,1,+,A3Pi
final,43844.527856,2,407,4,36,1,1,-1,0,+,A3Pi
final,43852.898325,2,408,8,18,1,1,0,1,+,Cp3Pi
final,43853.997286,2,409,8,17,1,1,-1,0,+,Cp3Pi
final,43856.69349,2,410,8,19,1,1,1,2,+,Cp3Pi
final,43860.083999,2,411,4,37,1,1,1,2,+,A3Pi
final,43876.802193,2,412,4,37,1,1,0,1,+,A3Pi
final,43892.242331,2,413,4,37,1,1,-1,0,+,A3Pi
final,43910.844194,2,414,4,38,1,1,1,2,+,A3Pi
final,43914.589219,2,415,8,18,1,1,-1,0,+,Cp3Pi
final,43915.62846,2,416,8,19,1,1,0,1,+,Cp3Pi
final,43921.40348,2,417,8,20,1,1,1,2,+,Cp3Pi
final,43926.939373,2,418,4,38,1,1,0,1,+,A3Pi
final,43941.832525,2,419,4,38,1,1,-1,0,+,A3Pi
final,43963.409122,2,420,4,39,1,1,1,2,+,A3Pi
final,43977.242304,2,421,8,19,1,1,-1,0,+,Cp3Pi
final,43978.916569,2,422,4,39,1,1,0,1,+,A3Pi
final,43980.368692,2,423,6,0,1,1,1,2,+,C3Pi
final,43980.510279,2,424,8,20,1,1,0,1,+,Cp3Pi
final,43988.324317,2,425,8,21,1,1,1,2,+,Cp3Pi
final,43993.284183,2,426,4,39,1,1,-1,0,+,A3Pi
final,44017.747794,2,427,4,40,1,1,1,2,+,A3Pi
final,44032.70816,2,428,4,40,1,1,0,1,+,A3Pi
final,44041.805787,2,429,8,20,1,1,-1,0,+,Cp3Pi
final,44046.576843,2,430,4,40,1,1,-1,0,+,A3Pi
final,44047.598125,2,431,8,21,1,1,0,1,+,Cp3Pi
final,44057.297579,2,432,8,22,1,1,1,2,+,Cp3Pi
final,44073.852306,2,433,4,41,1,1,1,2,+,A3Pi
final,44088.286556,2,434,4,41,1,1,0,1,+,A3Pi
final,44101.500803,2,435,4,41,1,1,-1,0,+,A3Pi
final,44108.918815,2,436,8,21,1,1,-1,0,+,Cp3Pi
final,44116.743085,2,437,8,22,1,1,0,1,+,Cp3Pi
final,44128.401411,2,438,8,23,1,1,1,2,+,Cp3Pi
final,44131.721816,2,439,4,42,1,1,1,2,+,A3Pi
final,44145.620476,2,440,4,42,1,1,0,1,+,A3Pi
final,44158.348672,2,441,4,42,1,1,-1,0,+,A3Pi
final,44162.917038,2,442,6,0,1,1,0,1,+,C3Pi
final,44178.136618,2,443,8,22,1,1,-1,0,+,Cp3Pi
final,44187.998822,2,444,8,23,1,1,0,1,+,Cp3Pi
final,44191.317324,2,445,4,43,1,1,1,2,+,A3Pi
final,44201.545593,2,446,8,24,1,1,1,2,+,Cp3Pi
final,44204.694768,2,447,4,43,1,1,0,1,+,A3Pi
final,44216.9335,2,448,4,43,1,1,-1,0,+,A3Pi
final,44249.345192,2,449,8,23,1,1,-1,0,+,Cp3Pi
final,44252.619588,2,450,4,44,1,1,1,2,+,A3Pi
final,44261.333344,2,451,8,24,1,1,0,1,+,Cp3Pi
final,44265.496405,2,452,4,44,1,1,0,1,+,A3Pi
final,44276.669523,2,453,8,25,1,1,1,2,+,Cp3Pi
final,44277.263496,2,454,4,44,1,1,-1,0,+,A3Pi
final,44315.622602,2,455,4,45,1,1,1,2,+,A3Pi
final,44322.577625,2,456,8,24,1,1,-1,0,+,Cp3Pi
final,44328.006035,2,457,4,45,1,1,0,1,+,A3Pi
final,44336.635789,2,458,8,25,1,1,0,1,+,Cp3Pi
final,44339.324868,2,459,4,45,1,1,-1,0,+,A3Pi
final,44345.329156,2,460,6,0,1,1,-1,0,+,C3Pi
final,44353.785594,2,461,8,26,1,1,1,2,+,Cp3Pi
final,44380.304596,2,462,4,46,1,1,1,2,+,A3Pi
final,44389.050584,2,463,5,5,0,1,0,0,+,B3Sigma-
final,44392.21026,2,464,4,46,1,1,0,1,+,A3Pi
final,44393.774291,2,465,5,5,0,1,1,1,+,B3Sigma-
final,44397.844286,2,466,8,25,1,1,-1,0,+,Cp3Pi
final,44403.135193,2,467,4,46,1,1,-1,0,+,A3Pi
final,44413.919173,2,468,8,26,1,1,0,1,+,Cp3Pi
final,44432.832238,2,469,8,27,1,1,1,2,+,Cp3Pi
final,44446.65693,2,470,4,47,1,1,1,2,+,A3Pi
final,44458.118518,2,471,4,47,1,1,0,1,+,A3Pi
final,44468.472059,2,472,4,47,1,1,-1,0,+,A3Pi
final,44475.351018,2,473,8,26,1,1,-1,0,+,Cp3Pi
final,44493.124708,2,474,8,27,1,1,0,1,+,Cp3Pi
final,44513.765487,2,475,8,28,1,1,1,2,+,Cp3Pi
final,44514.681769,2,476,4,48,1,1,1,2,+,A3Pi
final,44525.676172,2,477,4,48,1,1,0,1,+,A3Pi
final,44535.632318,2,478,4,48,1,1,-1,0,+,A3Pi
final,44554.592744,2,479,8,27,1,1,-1,0,+,Cp3Pi
final,44574.234233,2,480,8,28,1,1,0,1,+,Cp3Pi
final,44584.327479,2,481,4,49,1,1,1,2,+,A3Pi
final,44594.888446,2,482,4,49,1,1,0,1,+,A3Pi
final,44596.596271,2,483,8,29,1,1,1,2,+,Cp3Pi
final,44604.441294,2,484,4,49,1,1,-1,0,+,A3Pi
final,44635.671163,2,485,8,28,1,1,-1,0,+,Cp3Pi
final,44655.611128,2,486,4,50,1,1,1,2,+,A3Pi
final,44657.225562,2,487,8,29,1,1,0,1,+,Cp3Pi
final,44665.748845,2,488,4,50,1,1,0,1,+,A3Pi
final,44673.113969,2,489,6,1,1,1,1,2,+,C3Pi
final,44674.895251,2,490,4,50,1,1,-1,0,+,A3Pi
final,44681.266079,2,491,8,30,1,1,1,2,+,Cp3Pi
final,44718.67053,2,492,8,29,1,1,-1,0,+,Cp3Pi
final,44728.537421,2,493,4,51,1,1,1,2,+,A3Pi
final,44738.235354,2,494,4,51,1,1,0,1,+,A3Pi
final,44742.088428,2,495,8,30,1,1,0,1,+,Cp3Pi
final,44746.999743,2,496,4,51,1,1,-1,0,+,A3Pi
final,44767.713416,2,497,8,31,1,1,1,2,+,Cp3Pi
final,44803.080237,2,498,4,52,1,1,1,2,+,A3Pi
final,44803.654525,2,499,8,30,1,1,-1,0,+,Cp3Pi
final,44812.345564,2,500,4,52,1,1,0,1,+,A3Pi
final,44820.837974,2,501,4,52,1,1,-1,0,+,A3Pi
final,44828.716409,2,502,8,31,1,1,0,1,+,Cp3Pi
final,44853.319864,2,503,6,1,1,1,0,1,+,C3Pi
final,44855.964671,2,504,8,32,1,1,1,2,+,Cp3Pi
final,44879.238818,2,505,4,53,1,1,1,2,+,A3Pi
final,44888.060684,2,506,4,53,1,1,0,1,+,A3Pi
final,44890.403774,2,507,8,31,1,1,-1,0,+,Cp3Pi
final,44896.527827,2,508,4,53,1,1,-1,0,+,A3Pi
final,44917.133551,2,509,8,32,1,1,0,1,+,Cp3Pi
final,44945.977968,2,510,8,33,1,1,1,2,+,Cp3Pi
final,44955.188736,2,511,5,6,0,1,0,0,+,B3Sigma-
final,44956.955464,2,512,4,54,1,1,1,2,+,A3Pi
final,44965.349361,2,513,4,54,1,1,0,1,+,A3Pi
final,44969.197262,2,514,5,6,0,1,1,1,+,B3Sigma-
final,44974.30801,2,515,4,54,1,1,-1,0,+,A3Pi
final,44978.972944,2,516,8,32,1,1,-1,0,+,Cp3Pi
final,45007.323642,2,517,8,33,1,1,0,1,+,Cp3Pi
final,45036.237814,2,518,4,55,1,1,1,2,+,A3Pi
final,45037.719992,2,519,8,34,1,1,1,2,+,Cp3Pi
final,45044.290465,2,520,4,55,1,1,0,1,+,A3Pi
final,45047.198395,2,521,6,1,1,1,-1,0,+,C3Pi
final,45054.530821,2,522,4,55,1,1,-1,0,+,A3Pi
final,45069.161947,2,523,8,33,1,1,-1,0,+,Cp3Pi
final,45099.245342,2,524,8,34,1,1,0,1,+,Cp3Pi
final,45118.85455,2,525,4,56,1,1,1,2,+,A3Pi
final,45124.785777,2,526,4,56,1,1,0,1,+,A3Pi
final,45131.140223,2,527,8,35,1,1,1,2,+,Cp3Pi
final,45139.048112,2,528,4,56,1,1,-1,0,+,A3Pi
final,45161.194541,2,529,8,34,1,1,-1,0,+,Cp3Pi
final,45192.862607,2,530,8,35,1,1,0,1,+,Cp3Pi
final,45206.792732,2,531,4,57,1,1,0,1,+,A3Pi
final,45224.143694,2,532,4,57,1,1,-1,0,+,A3Pi
final,45225.061203,2,533,5,7,0,1,0,0,+,B3Sigma-
final,45226.263784,2,534,8,36,1,1,1,2,+,Cp3Pi
final,45254.975407,2,535,8,35,1,1,-1,0,+,Cp3Pi
final,45288.176378,2,536,8,36,1,1,0,1,+,Cp3Pi
final,45323.029992,2,537,8,37,1,1,1,2,+,Cp3Pi
final,45350.407393,2,538,8,36,1,1,-1,0,+,Cp3Pi
final,45351.468022,2,539,6,2,1,1,1,2,+,C3Pi
final,45385.124101,2,540,8,37,1,1,0,1,+,Cp3Pi
final,45421.45076,2,541,8,38,1,1,1,2,+,Cp3Pi
final,45447.434074,2,542,8,37,1,1,-1,0,+,Cp3Pi
final,45483.725595,2,543,8,38,1,1,0,1,+,Cp3Pi
final,45515.570509,2,544,5,7,0,1,1,1,+,B3Sigma-
final,45521.466304,2,545,8,39,1,1,1,2,+,Cp3Pi
final,45525.063811,2,546,5,8,0,1,0,0,+,B3Sigma-
final,45546.133601,2,547,8,38,1,1,-1,0,+,Cp3Pi
final,45549.805753,2,548,6,2,1,1,0,1,+,C3Pi
final,45583.935982,2,549,8,39,1,1,0,1,+,Cp3Pi
final,45623.074755,2,550,8,40,1,1,1,2,+,Cp3Pi
final,45646.504999,2,551,8,39,1,1,-1,0,+,Cp3Pi
final,45685.737013,2,552,8,40,1,1,0,1,+,Cp3Pi
final,45720.740861,2,553,6,2,1,1,-1,0,+,C3Pi
final,45726.238991,2,554,8,41,1,1,1,2,+,Cp3Pi
final,45748.462013,2,555,8,40,1,1,-1,0,+,Cp3Pi
final,45789.093718,2,556,8,41,1,1,0,1,+,Cp3Pi
final,45830.947075,2,557,8,42,1,1,1,2,+,Cp3Pi
final,45851.93928,2,558,8,41,1,1,-1,0,+,Cp3Pi
final,45893.982862,2,559,8,42,1,1,0,1,+,Cp3Pi
final,45937.18401,2,560,8,43,1,1,1,2,+,Cp3Pi
final,45956.93397,2,561,8,42,1,1,-1,0,+,Cp3Pi
final,46000.405657,2,562,8,43,1,1,0,1,+,Cp3Pi
final,46012.684814,2,563,6,3,1,1,1,2,+,C3Pi
final,46044.92922,2,564,8,44,1,1,1,2,+,Cp3Pi
final,46063.499515,2,565,8,43,1,1,-1,0,+,Cp3Pi
final,46082.216425,2,566,5,9,0,1,0,0,+,B3Sigma-
final,46088.356065,2,567,5,8,0,1,1,1,+,B3Sigma-
final,46108.341942,2,568,8,44,1,1,0,1,+,Cp3Pi
final,46154.166153,2,569,8,45,1,1,1,2,+,Cp3Pi
final,46171.599678,2,570,8,44,1,1,-1,0,+,Cp3Pi
final,46195.123973,2,571,6,3,1,1,0,1,+,C3Pi
final,46217.765293,2,572,8,45,1,1,0,1,+,Cp3Pi
final,46264.880151,2,573,8,46,1,1,1,2,+,Cp3Pi
final,46281.162443,2,574,8,45,1,1,-1,0,+,Cp3Pi
final,46328.654267,2,575,8,46,1,1,0,1,+,Cp3Pi
final,46377.05089,2,576,8,47,1,1,1,2,+,Cp3Pi
final,46378.382589,2,577,6,3,1,1,-1,0,+,C3Pi
final,46392.163036,2,578,8,46,1,1,-1,0,+,Cp3Pi
final,46440.993917,2,579,8,47,1,1,0,1,+,Cp3Pi
final,46490.663823,2,580,8,48,1,1,1,2,+,Cp3Pi
final,46504.62438,2,581,8,47,1,1,-1,0,+,Cp3Pi
final,46554.768241,2,582,8,48,1,1,0,1,+,Cp3Pi
final,46605.698872,2,583,8,49,1,1,1,2,+,Cp3Pi
final,46618.438642,2,584,8,48,1,1,-1,0,+,Cp3Pi
final,46630.001983,2,585,5,10,0,1,0,0,+,B3Sigma-
final,46636.061765,2,586,5,9,0,1,1,1,+,B3Sigma-
final,46655.986715,2,587,6,4,1,1,1,2,+,C3Pi
final,46670.018507,2,588,8,49,1,1,0,1,+,Cp3Pi
final,46722.148165,2,589,8,50,1,1,1,2,+,Cp3Pi
final,46733.91042,2,590,8,49,1,1,-1,0,+,Cp3Pi
final,46786.585081,2,591,8,50,1,1,0,1,+,Cp3Pi
final,46836.037175,2,592,6,4,1,1,0,1,+,C3Pi
final,46839.99834,2,593,8,51,1,1,1,2,+,Cp3Pi
final,46850.586039,2,594,8,50,1,1,-1,0,+,Cp3Pi
final,46904.551634,2,595,8,51,1,1,0,1,+,Cp3Pi
final,46959.235932,2,596,8,52,1,1,1,2,+,Cp3Pi
final,46968.604473,2,597,8,51,1,1,-1,0,+,Cp3Pi
final,47018.330215,2,598,6,4,1,1,-1,0,+,C3Pi
final,47023.851613,2,599,8,52,1,1,0,1,+,Cp3Pi
final,47079.846943,2,600,8,53,1,1,1,2,+,Cp3Pi
final,47087.824592,2,601,8,52,1,1,-1,0,+,Cp3Pi
final,47143.84851,2,602,8,53,1,1,0,1,+,Cp3Pi
final,47165.617599,2,603,5,11,0,1,0,0,+,B3Sigma-
final,47172.104522,2,604,5,10,0,1,1,1,+,B3Sigma-
final,47201.823003,2,605,8,54,1,1,1,2,+,Cp3Pi
final,47209.939986,2,606,8,53,1,1,-1,0,+,Cp3Pi
final,47267.060171,2,607,8,54,1,1,0,1,+,Cp3Pi
final,47279.2199,2,608,6,5,1,1,1,2,+,C3Pi
final,47325.158245,2,609,8,55,1,1,1,2,+,Cp3Pi
final,47331.420004,2,610,8,54,1,1,-1,0,+,Cp3Pi
final,47390.305363,2,611,8,55,1,1,0,1,+,Cp3Pi
final,47449.841145,2,612,8,56,1,1,1,2,+,Cp3Pi
final,47454.657307,2,613,8,55,1,1,-1,0,+,Cp3Pi
final,47457.705801,2,614,6,5,1,1,0,1,+,C3Pi
final,47514.911566,2,615,8,56,1,1,0,1,+,Cp3Pi
final,47575.856109,2,616,8,57,1,1,1,2,+,Cp3Pi
final,47578.877435,2,617,5,12,0,1,0,0,+,B3Sigma-
final,47636.232165,2,618,6,5,1,1,-1,0,+,C3Pi
final,47640.297637,2,619,8,57,1,1,0,1,+,Cp3Pi
final,47689.16002,2,620,8,56,1,1,-1,0,+,Cp3Pi
final,47696.282229,2,621,5,11,0,1,1,1,+,B3Sigma-
final,47703.184369,2,622,8,58,1,1,1,2,+,Cp3Pi
final,47712.304176,2,623,8,57,1,1,-1,0,+,Cp3Pi
final,47769.323243,2,624,8,58,1,1,0,1,+,Cp3Pi
final,47831.781923,2,625,8,59,1,1,1,2,+,Cp3Pi
final,47834.151925,2,626,8,58,1,1,-1,0,+,Cp3Pi
final,47877.425359,2,627,6,6,1,1,1,2,+,C3Pi
final,47897.463804,2,628,8,59,1,1,0,1,+,Cp3Pi
final,47961.756974,2,629,8,60,1,1,1,2,+,Cp3Pi
final,47962.338482,2,630,8,59,1,1,-1,0,+,Cp3Pi
final,48027.056506,2,631,8,60,1,1,0,1,+,Cp3Pi
final,48053.555095,2,632,6,6,1,1,0,1,+,C3Pi
final,48091.941649,2,633,8,60,1,1,-1,0,+,Cp3Pi
final,48092.86974,2,634,8,61,1,1,1,2,+,Cp3Pi
final,48158.200422,2,635,8,61,1,1,0,1,+,Cp3Pi
final,48195.819141,2,636,5,13,0,1,0,0,+,B3Sigma-
final,48206.813673,2,637,5,12,0,1,1,1,+,B3Sigma-
final,48222.670225,2,638,6,6,1,1,-1,0,+,C3Pi
final,48225.098131,2,639,8,62,1,1,1,2,+,Cp3Pi
final,48239.74641,2,640,6,7,1,1,-1,0,+,C3Pi
final,48290.372521,2,641,8,62,1,1,0,1,+,Cp3Pi
final,48354.84618,2,642,8,61,1,1,-1,0,+,Cp3Pi
final,48357.74121,2,643,8,63,1,1,1,2,+,Cp3Pi
final,48423.184545,2,644,8,63,1,1,0,1,+,Cp3Pi
final,48440.305882,2,645,6,7,1,1,1,2,+,C3Pi
final,48487.498006,2,646,8,62,1,1,-1,0,+,Cp3Pi
final,48496.422527,2,647,8,64,1,1,1,2,+,Cp3Pi
final,48554.21593,2,648,8,64,1,1,0,1,+,Cp3Pi
final,48613.063605,2,649,6,7,1,1,0,1,+,C3Pi
final,48619.964406,2,650,8,63,1,1,-1,0,+,Cp3Pi
final,48629.989563,2,651,8,65,1,1,1,2,+,Cp3Pi
final,48696.693655,2,652,8,65,1,1,0,1,+,Cp3Pi
final,48699.136209,2,653,5,14,0,1,0,0,+,B3Sigma-
final,48706.236735,2,654,5,13,0,1,1,1,+,B3Sigma-
final,48747.117167,2,655,8,64,1,1,-1,0,+,Cp3Pi
final,48764.515122,2,656,8,66,1,1,1,2,+,Cp3Pi
final,48794.596724,2,657,8,65,1,1,-1,0,+,Cp3Pi
final,48830.810938,2,658,8,66,1,1,0,1,+,Cp3Pi
final,48892.280335,2,659,8,67,1,1,1,2,+,Cp3Pi
final,48898.776894,2,660,6,8,1,1,-1,0,+,C3Pi
final,48963.33851,2,661,8,67,1,1,0,1,+,Cp3Pi
final,48976.134515,2,662,6,8,1,1,1,2,+,C3Pi
final,49030.979224,2,663,8,66,1,1,-1,0,+,Cp3Pi
final,49065.914786,2,664,8,68,1,1,1,2,+,Cp3Pi
final,49082.636238,2,665,8,68,1,1,0,1,+,Cp3Pi
final,49160.14086,2,666,8,67,1,1,-1,0,+,Cp3Pi
final,49166.232575,2,667,6,8,1,1,0,1,+,C3Pi
final,49182.868378,2,668,5,15,0,1,0,0,+,B3Sigma-
final,49189.149211,2,669,5,14,0,1,1,1,+,B3Sigma-
final,49196.295631,2,670,8,69,1,1,1,2,+,Cp3Pi
final,49274.100621,2,671,8,69,1,1,0,1,+,Cp3Pi
final,49274.345063,2,672,8,68,1,1,-1,0,+,Cp3Pi
final,49331.324003,2,673,8,70,1,1,1,2,+,Cp3Pi
final,49368.315917,2,674,8,69,1,1,-1,0,+,Cp3Pi
final,49404.755465,2,675,8,70,1,1,0,1,+,Cp3Pi
final,49457.579483,2,676,8,71,1,1,1,2,+,Cp3Pi
final,49483.050859,2,677,8,70,1,1,-1,0,+,Cp3Pi
final,49537.986356,2,678,8,71,1,1,0,1,+,Cp3Pi
final,49555.615748,2,679,6,9,1,1,1,2,+,C3Pi
final,49612.667337,2,680,6,9,1,1,-1,0,+,C3Pi
final,49643.311978,2,681,5,16,0,1,0,0,+,B3Sigma-
final,49647.946483,2,682,5,15,0,1,1,1,+,B3Sigma-
final,49661.576216,2,683,8,72,1,1,1,2,+,Cp3Pi
final,49663.607789,2,684,8,72,1,1,0,1,+,Cp3Pi
final,49747.301973,2,685,8,71,1,1,-1,0,+,Cp3Pi
final,49764.531788,2,686,6,9,1,1,0,1,+,C3Pi
final,49795.424259,2,687,8,73,1,1,1,2,+,Cp3Pi
final,49869.983728,2,688,8,72,1,1,-1,0,+,Cp3Pi
final,49877.948343,2,689,8,73,1,1,0,1,+,Cp3Pi
final,49938.565131,2,690,8,74,1,1,1,2,+,Cp3Pi
final,49977.325266,2,691,8,73,1,1,-1,0,+,Cp3Pi
final,50012.736985,2,692,8,74,1,1,0,1,+,Cp3Pi
final,50039.630422,2,693,6,10,1,1,1,2,+,C3Pi
final,50057.896687,2,694,5,17,0,1,0,0,+,B3Sigma-
final,50063.894734,2,695,5,16,0,1,1,1,+,B3Sigma-
final,50085.337641,2,696,8,75,1,1,1,2,+,Cp3Pi
final,50095.61267,2,697,8,74,1,1,-1,0,+,Cp3Pi
final,50155.906604,2,698,8,75,1,1,0,1,+,Cp3Pi
final,50217.11808,2,699,6,10,1,1,0,1,+,C3Pi
final,50229.732076,2,700,8,75,1,1,-1,0,+,Cp3Pi
final,50233.050338,2,701,8,76,1,1,1,2,+,Cp3Pi
final,50303.33253,2,702,8,76,1,1,0,1,+,Cp3Pi
final,50368.032391,2,703,6,10,1,1,-1,0,+,C3Pi
final,50376.887863,2,704,5,18,0,1,0,0,+,B3Sigma-
final,50378.612856,2,705,8,77,1,1,1,2,+,Cp3Pi
final,50383.301649,2,706,5,17,0,1,1,1,+,B3Sigma-
final,50402.655731,2,707,8,76,1,1,-1,0,+,Cp3Pi
final,50451.116571,2,708,8,77,1,1,0,1,+,Cp3Pi
final,50492.997359,2,709,6,11,1,1,1,2,+,C3Pi
final,50523.043312,2,710,6,11,1,1,-1,0,+,C3Pi
final,50568.254714,2,711,8,78,1,1,1,2,+,Cp3Pi
final,50593.269672,2,712,5,19,0,1,0,0,+,B3Sigma-
final,50595.037601,2,713,8,78,1,1,0,1,+,Cp3Pi
final,50599.479249,2,714,5,18,0,1,1,1,+,B3Sigma-
final,50670.723747,2,715,8,77,1,1,-1,0,+,Cp3Pi
final,50698.873384,2,716,6,11,1,1,0,1,+,C3Pi
final,50703.973143,2,717,8,79,1,1,1,2,+,Cp3Pi
final,50782.888905,2,718,8,79,1,1,0,1,+,Cp3Pi
final,50795.970731,2,719,5,20,0,1,0,0,+,B3Sigma-
final,50802.509421,2,720,5,19,0,1,1,1,+,B3Sigma-
final,50814.052624,2,721,8,78,1,1,-1,0,+,Cp3Pi
final,50847.085114,2,722,8,80,1,1,1,2,+,Cp3Pi
final,50907.436851,2,723,8,79,1,1,-1,0,+,Cp3Pi
final,50921.322584,2,724,8,80,1,1,0,1,+,Cp3Pi
final,50924.702893,2,725,6,12,1,1,1,2,+,C3Pi
final,50993.897043,2,726,5,21,0,1,0,0,+,B3Sigma-
final,50999.449622,2,727,5,20,0,1,1,1,+,B3Sigma-
final,51003.078697,2,728,6,12,1,1,0,1,+,C3Pi
final,51028.814197,2,729,8,81,1,1,1,2,+,Cp3Pi
final,51052.519712,2,730,8,81,1,1,0,1,+,Cp3Pi
final,51131.21024,2,731,8,82,1,1,0,1,+,Cp3Pi
final,51136.127405,2,732,8,80,1,1,-1,0,+,Cp3Pi
final,51180.553618,2,733,7,0,1,0,0,1,+,e1Pi
final,51181.753145,2,734,8,82,1,1,1,2,+,Cp3Pi
final,51189.57144,2,735,5,22,0,1,0,0,+,B3Sigma-
final,51196.040347,2,736,5,21,0,1,1,1,+,B3Sigma-
final,51256.100473,2,737,8,83,1,1,0,1,+,Cp3Pi
final,51259.908812,2,738,8,81,1,1,-1,0,+,Cp3Pi
final,51327.299694,2,739,6,13,1,1,1,2,+,C3Pi
final,51345.666541,2,740,8,83,1,1,1,2,+,Cp3Pi
final,51350.833372,2,741,6,12,1,1,-1,0,+,C3Pi
final,51373.554072,2,742,5,23,0,1,0,0,+,B3Sigma-
final,51379.749867,2,743,5,22,0,1,1,1,+,B3Sigma-
final,51408.157588,2,744,6,13,1,1,0,1,+,C3Pi
final,51482.047468,2,745,8,82,1,1,-1,0,+,Cp3Pi
final,51502.187752,2,746,8,84,1,1,1,2,+,Cp3Pi
final,51504.485528,2,747,8,84,1,1,0,1,+,Cp3Pi
final,51546.281851,2,748,5,24,0,1,0,0,+,B3Sigma-
final,51552.726896,2,749,5,23,0,1,1,1,+,B3Sigma-
final,51575.399999,2,750,8,85,1,1,0,1,+,Cp3Pi
final,51626.630249,2,751,8,83,1,1,-1,0,+,Cp3Pi
final,51662.887814,2,752,8,85,1,1,1,2,+,Cp3Pi
final,51694.743668,2,753,6,13,1,1,-1,0,+,C3Pi
final,51706.044532,2,754,5,25,0,1,0,0,+,B3Sigma-
final,51712.502062,2,755,5,24,0,1,1,1,+,B3Sigma-
final,51718.469376,2,756,6,14,1,1,1,2,+,C3Pi
final,51733.970215,2,757,6,14,1,1,0,1,+,C3Pi
final,51807.178711,2,758,8,84,1,1,-1,0,+,Cp3Pi
final,51829.586943,2,759,8,86,1,1,1,2,+,Cp3Pi
final,51851.317599,2,760,5,26,0,1,0,0,+,B3Sigma-
final,51858.131374,2,761,5,25,0,1,1,1,+,B3Sigma-
final,51891.5601,2,762,8,86,1,1,0,1,+,Cp3Pi
final,51899.76817,2,763,6,15,1,1,0,1,+,C3Pi
final,51933.124337,2,764,7,1,1,0,0,1,+,e1Pi
final,51965.311207,2,765,8,85,1,1,-1,0,+,Cp3Pi
final,51982.575839,2,766,5,27,0,1,0,0,+,B3Sigma-
final,51988.646153,2,767,8,87,1,1,1,2,+,Cp3Pi
final,51989.266904,2,768,5,26,0,1,1,1,+,B3Sigma-
final,52053.597209,2,769,6,15,1,1,1,2,+,C3Pi
final,52060.627851,2,770,8,87,1,1,0,1,+,Cp3Pi
final,52074.965228,2,771,6,14,1,1,-1,0,+,C3Pi
final,52097.19461,2,772,5,28,0,1,0,0,+,B3Sigma-
final,52105.02965,2,773,5,27,0,1,1,1,+,B3Sigma-
final,52130.30628,2,774,8,86,1,1,-1,0,+,Cp3Pi
final,52165.174781,2,775,8,88,1,1,1,2,+,Cp3Pi
final,52196.95491,2,776,5,29,0,1,0,0,+,B3Sigma-
final,52203.913469,2,777,5,28,0,1,1,1,+,B3Sigma-
final,52212.29701,2,778,8,88,1,1,0,1,+,Cp3Pi
final,52246.784572,2,779,6,16,1,1,0,1,+,C3Pi
final,52278.453318,2,780,5,30,0,1,0,0,+,B3Sigma-
final,52286.009498,2,781,5,29,0,1,1,1,+,B3Sigma-
final,52290.784762,2,782,6,16,1,1,1,2,+,C3Pi
final,52295.053206,2,783,8,87,1,1,-1,0,+,Cp3Pi
final,52339.58134,2,784,8,89,1,1,1,2,+,Cp3Pi
final,52341.761483,2,785,6,17,1,1,1,2,+,C3Pi
final,52342.28963,2,786,5,31,0,1,0,0,+,B3Sigma-
final,52346.355547,2,787,6,18,1,1,1,2,+,C3Pi
final,52348.085712,2,788,5,30,0,1,1,1,+,B3Sigma-
final,52353.622151,2,789,6,19,1,1,1,2,+,C3Pi
final,52363.561297,2,790,6,20,1,1,1,2,+,C3Pi
final,52376.105532,2,791,6,21,1,1,1,2,+,C3Pi
final,52387.394887,2,792,5,32,0,1,0,0,+,B3Sigma-
final,52390.805529,2,793,5,31,0,1,1,1,+,B3Sigma-
final,52391.163813,2,794,6,22,1,1,1,2,+,C3Pi
final,52394.493828,2,795,8,89,1,1,0,1,+,Cp3Pi
final,52408.569764,2,796,6,23,1,1,1,2,+,C3Pi
final,52413.366776,2,797,6,15,1,1,-1,0,+,C3Pi
final,52418.11661,2,798,5,33,0,1,0,0,+,B3Sigma-
final,52420.147456,2,799,5,32,0,1,1,1,+,B3Sigma-
final,52428.231431,2,800,6,24,1,1,1,2,+,C3Pi
final,52438.401348,2,801,5,34,0,1,0,0,+,B3Sigma-
final,52439.895441,2,802,5,33,0,1,1,1,+,B3Sigma-
final,52449.952699,2,803,6,25,1,1,1,2,+,C3Pi
final,52456.582221,2,804,5,35,0,1,0,0,+,B3Sigma-
final,52458.608078,2,805,5,34,0,1,1,1,+,B3Sigma-
final,52464.633568,2,806,8,88,1,1,-1,0,+,Cp3Pi
final,52473.301631,2,807,6,26,1,1,1,2,+,C3Pi
final,52479.143224,2,808,8,90,1,1,0,1,+,Cp3Pi
final,52479.801278,2,809,5,36,0,1,0,0,+,B3Sigma-
final,52481.872327,2,810,5,35,0,1,1,1,+,B3Sigma-
final,52496.03038,2,811,6,27,1,1,1,2,+,C3Pi
final,52507.088811,2,812,5,37,0,1,0,0,+,B3Sigma-
final,52509.409109,2,813,5,36,0,1,1,1,+,B3Sigma-
final,52512.112115,2,814,8,90,1,1,1,2,+,Cp3Pi
final,52522.517931,2,815,6,17,1,1,0,1,+,C3Pi
final,52529.4287,2,816,6,18,1,1,0,1,+,C3Pi
final,52533.853607,2,817,6,28,1,1,1,2,+,C3Pi
final,52535.510277,2,818,6,19,1,1,0,1,+,C3Pi
final,52538.359971,2,819,5,38,0,1,0,0,+,B3Sigma-
final,52540.751708,2,820,5,37,0,1,1,1,+,B3Sigma-
final,52544.856831,2,821,6,20,1,1,0,1,+,C3Pi
final,52555.932907,2,822,6,21,1,1,0,1,+,C3Pi
final,52562.993828,2,823,6,29,1,1,1,2,+,C3Pi
final,52566.417251,2,824,6,22,1,1,0,1,+,C3Pi
final,52573.129545,2,825,5,39,0,1,0,0,+,B3Sigma-
final,52575.189138,2,826,5,38,0,1,1,1,+,B3Sigma-
final,52577.46193,2,827,6,23,1,1,0,1,+,C3Pi
final,52592.427723,2,828,6,24,1,1,0,1,+,C3Pi
final,52595.19134,2,829,6,30,1,1,1,2,+,C3Pi
final,52610.949545,2,830,5,40,0,1,0,0,+,B3Sigma-
final,52611.58223,2,831,6,25,1,1,0,1,+,C3Pi
final,52614.232047,2,832,5,39,0,1,1,1,+,B3Sigma-
final,52624.966504,2,833,8,89,1,1,-1,0,+,Cp3Pi
final,52629.387302,2,834,6,31,1,1,1,2,+,C3Pi
final,52633.505183,2,835,6,26,1,1,0,1,+,C3Pi
final,52652.542565,2,836,5,41,0,1,0,0,+,B3Sigma-
final,52655.039505,2,837,5,40,0,1,1,1,+,B3Sigma-
final,52657.717323,2,838,6,27,1,1,0,1,+,C3Pi
final,52663.448114,2,839,6,32,1,1,1,2,+,C3Pi
final,52669.425995,2,840,6,16,1,1,-1,0,+,C3Pi
final,52678.658437,2,841,7,2,1,0,0,1,+,e1Pi
final,52683.381795,2,842,8,91,1,1,0,1,+,Cp3Pi
final,52685.251264,2,843,8,91,1,1,1,2,+,Cp3Pi
final,52696.450309,2,844,5,42,0,1,0,0,+,B3Sigma-
final,52699.112573,2,845,5,41,0,1,1,1,+,B3Sigma-
final,52699.395505,2,846,6,17,1,1,-1,0,+,C3Pi
final,52703.035431,2,847,6,18,1,1,-1,0,+,C3Pi
final,52710.657925,2,848,6,28,1,1,0,1,+,C3Pi
final,52710.734708,2,849,6,19,1,1,-1,0,+,C3Pi
final,52711.516735,2,850,6,33,1,1,1,2,+,C3Pi
final,52720.503624,2,851,6,20,1,1,-1,0,+,C3Pi
final,52733.043281,2,852,6,21,1,1,-1,0,+,C3Pi
final,52734.036724,2,853,6,29,1,1,0,1,+,C3Pi
final,52743.236261,2,854,5,43,0,1,0,0,+,B3Sigma-
final,52746.565884,2,855,5,42,0,1,1,1,+,B3Sigma-
final,52748.174914,2,856,6,22,1,1,-1,0,+,C3Pi
final,52750.647483,2,857,6,34,1,1,1,2,+,C3Pi
final,52753.216919,2,858,6,30,1,1,0,1,+,C3Pi
final,52765.486956,2,859,6,23,1,1,-1,0,+,C3Pi
final,52780.652277,2,860,5,43,0,1,1,1,+,B3Sigma-
final,52784.022284,2,861,6,24,1,1,-1,0,+,C3Pi
final,52792.506293,2,862,5,44,0,1,0,0,+,B3Sigma-
final,52792.974504,2,863,6,35,1,1,1,2,+,C3Pi
final,52795.884306,2,864,6,31,1,1,0,1,+,C3Pi
final,52799.672166,2,865,8,90,1,1,-1,0,+,Cp3Pi
final,52813.091556,2,866,6,25,1,1,-1,0,+,C3Pi
final,52814.185962,2,867,6,32,1,1,0,1,+,C3Pi
final,52835.359011,2,868,6,26,1,1,-1,0,+,C3Pi
final,52835.501191,2,869,6,36,1,1,1,2,+,C3Pi
final,52844.864114,2,870,5,45,0,1,0,0,+,B3Sigma-
final,52847.245201,2,871,5,44,0,1,1,1,+,B3Sigma-
final,52850.775421,2,872,6,33,1,1,0,1,+,C3Pi
final,52860.389343,2,873,8,92,1,1,1,2,+,Cp3Pi
final,52861.452346,2,874,6,27,1,1,-1,0,+,C3Pi
final,52886.474029,2,875,8,92,1,1,0,1,+,Cp3Pi
final,52889.80806,2,876,6,28,1,1,-1,0,+,C3Pi
final,52890.506701,2,877,6,37,1,1,1,2,+,C3Pi
final,52899.357475,2,878,5,46,0,1,0,0,+,B3Sigma-
final,52902.271539,2,879,5,45,0,1,1,1,+,B3Sigma-
final,52916.114772,2,880,6,34,1,1,0,1,+,C3Pi
final,52920.000329,2,881,6,29,1,1,-1,0,+,C3Pi
final,52937.828035,2,882,6,38,1,1,1,2,+,C3Pi
final,52939.628308,2,883,5,46,0,1,1,1,+,B3Sigma-
final,52950.389031,2,884,6,30,1,1,-1,0,+,C3Pi
final,52956.309943,2,885,5,47,0,1,0,0,+,B3Sigma-
final,52959.770755,2,886,6,35,1,1,0,1,+,C3Pi
final,52974.281353,2,887,8,91,1,1,-1,0,+,Cp3Pi
final,52978.282769,2,888,6,36,1,1,0,1,+,C3Pi
final,52987.954419,2,889,6,39,1,1,1,2,+,C3Pi
final,52996.463743,2,890,6,31,1,1,-1,0,+,C3Pi
final,53015.710782,2,891,5,48,0,1,0,0,+,B3Sigma-
final,53017.577113,2,892,5,47,0,1,1,1,+,B3Sigma-
final,53023.083302,2,893,6,37,1,1,0,1,+,C3Pi
final,53029.868203,2,894,8,93,1,1,1,2,+,Cp3Pi
final,53030.236777,2,895,6,32,1,1,-1,0,+,C3Pi
final,53049.116682,2,896,6,40,1,1,1,2,+,C3Pi
final,53064.44582,2,897,8,93,1,1,0,1,+,Cp3Pi
final,53067.863573,2,898,6,33,1,1,-1,0,+,C3Pi
final,53077.544396,2,899,5,49,0,1,0,0,+,B3Sigma-
final,53081.446674,2,900,5,48,0,1,1,1,+,B3Sigma-
final,53096.571287,2,901,6,38,1,1,0,1,+,C3Pi
final,53099.816202,2,902,6,41,1,1,1,2,+,C3Pi
final,53106.902282,2,903,6,34,1,1,-1,0,+,C3Pi
final,53125.43551,2,904,5,49,0,1,1,1,+,B3Sigma-
final,53140.179985,2,905,5,50,0,1,0,0,+,B3Sigma-
final,53142.756624,2,906,6,35,1,1,-1,0,+,C3Pi
final,53145.20289,2,907,6,39,1,1,0,1,+,C3Pi
final,53156.152408,2,908,6,42,1,1,1,2,+,C3Pi
final,53166.580197,2,909,8,92,1,1,-1,0,+,Cp3Pi
final,53172.142222,2,910,6,40,1,1,0,1,+,C3Pi
final,53203.236404,2,911,6,36,1,1,-1,0,+,C3Pi
final,53206.246693,2,912,8,94,1,1,1,2,+,Cp3Pi
final,53207.727783,2,913,5,51,0,1,0,0,+,B3Sigma-
final,53211.287218,2,914,5,50,0,1,1,1,+,B3Sigma-
final,53222.326171,2,915,6,43,1,1,1,2,+,C3Pi
final,53222.828312,2,916,8,94,1,1,0,1,+,Cp3Pi
final,53247.478941,2,917,6,37,1,1,-1,0,+,C3Pi
final,53267.115774,2,918,6,41,1,1,0,1,+,C3Pi
final,53275.793286,2,919,5,52,0,1,0,0,+,B3Sigma-
final,53278.750125,2,920,6,44,1,1,1,2,+,C3Pi
final,53279.57496,2,921,5,51,0,1,1,1,+,B3Sigma-
final,53291.375474,2,922,8,95,1,1,0,1,+,Cp3Pi
final,53292.735692,2,923,6,38,1,1,-1,0,+,C3Pi
final,53328.482812,2,924,8,93,1,1,-1,0,+,Cp3Pi
final,53339.899766,2,925,6,42,1,1,0,1,+,C3Pi
final,53341.229066,2,926,6,45,1,1,1,2,+,C3Pi
final,53346.910687,2,927,5,53,0,1,0,0,+,B3Sigma-
final,53350.253412,2,928,5,52,0,1,1,1,+,B3Sigma-
final,53358.82761,2,929,6,39,1,1,-1,0,+,C3Pi
final,53387.873282,2,930,8,95,1,1,1,2,+,Cp3Pi
final,53396.613461,2,931,6,43,1,1,0,1,+,C3Pi
final,53404.51877,2,932,6,40,1,1,-1,0,+,C3Pi
final,53409.134984,2,933,6,46,1,1,1,2,+,C3Pi
final,53414.288543,2,934,7,3,1,0,0,1,+,e1Pi
final,53419.360527,2,935,5,54,0,1,0,0,+,B3Sigma-
final,53422.799653,2,936,5,53,0,1,1,1,+,B3Sigma-
final,53446.887481,2,937,6,44,1,1,0,1,+,C3Pi
final,53455.417228,2,938,6,41,1,1,-1,0,+,C3Pi
final,53469.157857,2,939,8,96,1,1,0,1,+,Cp3Pi
final,53474.738798,2,940,6,47,1,1,1,2,+,C3Pi
final,53493.845705,2,941,5,55,0,1,0,0,+,B3Sigma-
final,53497.635938,2,942,5,54,0,1,1,1,+,B3Sigma-
final,53501.615537,2,943,6,42,1,1,-1,0,+,C3Pi
final,53524.099309,2,944,6,45,1,1,0,1,+,C3Pi
final,53531.127508,2,945,8,94,1,1,-1,0,+,Cp3Pi
final,53543.0952,2,946,6,48,1,1,1,2,+,C3Pi
final,53568.304465,2,947,8,96,1,1,1,2,+,Cp3Pi
final,53570.904994,2,948,5,56,0,1,0,0,+,B3Sigma-
final,53574.394043,2,949,5,55,0,1,1,1,+,B3Sigma-
final,53577.879002,2,950,6,43,1,1,-1,0,+,C3Pi
final,53586.960862,2,951,6,46,1,1,0,1,+,C3Pi
final,53615.176275,2,952,6,49,1,1,1,2,+,C3Pi
final,53632.767209,2,953,6,47,1,1,0,1,+,C3Pi
final,53634.106421,2,954,6,44,1,1,-1,0,+,C3Pi
final,53649.673638,2,955,5,57,0,1,0,0,+,B3Sigma-
final,53653.403122,2,956,5,56,0,1,1,1,+,B3Sigma-
final,53659.635947,2,957,8,97,1,1,0,1,+,Cp3Pi
final,53684.981741,2,958,8,95,1,1,-1,0,+,Cp3Pi
final,53687.735524,2,959,6,50,1,1,1,2,+,C3Pi
final,53713.923481,2,960,6,45,1,1,-1,0,+,C3Pi
final,53725.106477,2,961,6,48,1,1,0,1,+,C3Pi
final,53730.71106,2,962,5,58,0,1,0,0,+,B3Sigma-
final,53734.181018,2,963,5,57,0,1,1,1,+,B3Sigma-
final,53747.382181,2,964,8,97,1,1,1,2,+,Cp3Pi
final,53762.822298,2,965,6,51,1,1,1,2,+,C3Pi
final,53766.653385,2,966,6,46,1,1,-1,0,+,C3Pi
final,53793.251216,2,967,6,49,1,1,0,1,+,C3Pi
final,53813.14964,2,968,5,59,0,1,0,0,+,B3Sigma-
final,53815.964081,2,969,5,58,0,1,1,1,+,B3Sigma-
final,53818.716942,2,970,6,50,1,1,0,1,+,C3Pi
final,53829.120746,2,971,6,47,1,1,-1,0,+,C3Pi
final,53839.038457,2,972,6,52,1,1,1,2,+,C3Pi
final,53869.840775,2,973,6,51,1,1,0,1,+,C3Pi
final,53876.215443,2,974,8,96,1,1,-1,0,+,Cp3Pi
final,53898.491204,2,975,5,60,0,1,0,0,+,B3Sigma-
final,53901.807174,2,976,5,59,0,1,1,1,+,B3Sigma-
final,53908.002553,2,977,6,48,1,1,-1,0,+,C3Pi
final,53917.32738,2,978,6,53,1,1,1,2,+,C3Pi
final,53928.844788,2,979,8,98,1,1,1,2,+,Cp3Pi
final,53943.423008,2,980,8,98,1,1,0,1,+,Cp3Pi
final,53971.147585,2,981,6,49,1,1,-1,0,+,C3Pi
final,53985.590358,2,982,5,61,0,1,0,0,+,B3Sigma-
final,53988.175478,2,983,5,60,0,1,1,1,+,B3Sigma-
final,53996.176961,2,984,6,52,1,1,0,1,+,C3Pi
final,53997.426198,2,985,6,54,1,1,1,2,+,C3Pi
final,54021.794712,2,986,6,53,1,1,0,1,+,C3Pi
final,54038.036526,2,987,6,50,1,1,-1,0,+,C3Pi
final,54067.962103,2,988,8,97,1,1,-1,0,+,Cp3Pi
final,54074.146708,2,989,5,62,0,1,0,0,+,B3Sigma-
final,54077.016464,2,990,5,61,0,1,1,1,+,B3Sigma-
final,54079.231654,2,991,6,55,1,1,1,2,+,C3Pi
final,54099.25718,2,992,6,54,1,1,0,1,+,C3Pi
final,54111.493429,2,993,8,99,1,1,1,2,+,Cp3Pi
final,54120.411646,2,994,6,51,1,1,-1,0,+,C3Pi
final,54138.404474,2,995,7,4,1,0,0,1,+,e1Pi
final,54162.966527,2,996,6,56,1,1,1,2,+,C3Pi
final,54164.589045,2,997,5,63,0,1,0,0,+,B3Sigma-
final,54166.720289,2,998,5,62,0,1,1,1,+,B3Sigma-
final,54176.611485,2,999,8,99,1,1,0,1,+,Cp3Pi
final,54182.754466,2,1000,6,55,1,1,0,1,+,C3Pi
final,54193.602105,2,1001,6,52,1,1,-1,0,+,C3Pi
final,54244.529097,2,1002,8,98,1,1,-1,0,+,Cp3Pi
final,54247.853459,2,1003,6,57,1,1,1,2,+,C3Pi
final,54256.304144,2,1004,5,63,0,1,1,1,+,B3Sigma-
final,54257.719707,2,1005,5,64,0,1,0,0,+,B3Sigma-
final,54264.828412,2,1006,6,56,1,1,0,1,+,C3Pi
final,54276.61383,2,1007,6,53,1,1,-1,0,+,C3Pi
final,54295.465559,2,1008,8,100,1,1,1,2,+,Cp3Pi
final,54335.512693,2,1009,6,58,1,1,1,2,+,C3Pi
final,54343.002574,2,1010,5,64,0,1,1,1,+,B3Sigma-
final,54351.350794,2,1011,6,54,1,1,-1,0,+,C3Pi
final,54353.625425,2,1012,8,99,1,1,-1,0,+,Cp3Pi
final,54356.520393,2,1013,6,57,1,1,0,1,+,C3Pi
final,54362.581481,2,1014,8,100,1,1,0,1,+,Cp3Pi
final,54423.328099,2,1015,6,59,1,1,1,2,+,C3Pi
final,54424.630632,2,1016,6,55,1,1,-1,0,+,C3Pi
final,54429.38732,2,1017,5,65,0,1,1,1,+,B3Sigma-
final,54440.677211,2,1018,5,65,0,1,0,0,+,B3Sigma-
final,54448.075252,2,1019,6,56,1,1,-1,0,+,C3Pi
final,54452.192167,2,1020,6,58,1,1,0,1,+,C3Pi
final,54480.682615,2,1021,8,101,1,1,1,2,+,Cp3Pi
final,54515.311331,2,1022,6,60,1,1,1,2,+,C3Pi
final,54516.93514,2,1023,6,57,1,1,-1,0,+,C3Pi
final,54519.439393,2,1024,8,100,1,1,-1,0,+,Cp3Pi
final,54545.643067,2,1025,5,66,0,1,0,0,+,B3Sigma-
final,54546.845914,2,1026,8,101,1,1,0,1,+,Cp3Pi
final,54550.605559,2,1027,5,66,0,1,1,1,+,B3Sigma-
final,54602.416766,2,1028,6,58,1,1,-1,0,+,C3Pi
final,54605.777446,2,1029,6,61,1,1,1,2,+,C3Pi
final,54606.234624,2,1030,6,59,1,1,0,1,+,C3Pi
final,54616.878532,2,1031,8,101,1,1,-1,0,+,Cp3Pi
final,54645.728823,2,1032,5,67,0,1,0,0,+,B3Sigma-
final,54649.84446,2,1033,5,67,0,1,1,1,+,B3Sigma-
final,54667.479311,2,1034,8,102,1,1,1,2,+,Cp3Pi
final,54692.333528,2,1035,6,59,1,1,-1,0,+,C3Pi
final,54696.851933,2,1036,6,60,1,1,0,1,+,C3Pi
final,54702.210038,2,1037,6,62,1,1,1,2,+,C3Pi
final,54733.684685,2,1038,8,102,1,1,0,1,+,Cp3Pi
final,54747.211799,2,1039,5,68,0,1,0,0,+,B3Sigma-
final,54751.625615,2,1040,5,68,0,1,1,1,+,B3Sigma-
final,54780.987164,2,1041,6,60,1,1,-1,0,+,C3Pi
final,54789.839209,2,1042,6,61,1,1,0,1,+,C3Pi
final,54794.937006,2,1043,6,63,1,1,1,2,+,C3Pi
final,54800.971092,2,1044,8,102,1,1,-1,0,+,Cp3Pi
final,54849.927547,2,1045,7,5,1,0,0,1,+,e1Pi
final,54850.462186,2,1046,5,69,0,1,0,0,+,B3Sigma-
final,54854.794727,2,1047,5,69,0,1,1,1,+,B3Sigma-
final,54856.368799,2,1048,8,103,1,1,1,2,+,Cp3Pi
final,54872.772035,2,1049,6,61,1,1,-1,0,+,C3Pi
final,54883.465883,2,1050,6,62,1,1,0,1,+,C3Pi
final,54895.448903,2,1051,6,64,1,1,1,2,+,C3Pi
final,54921.954346,2,1052,8,103,1,1,0,1,+,Cp3Pi
final,54954.228827,2,1053,5,70,0,1,0,0,+,B3Sigma-
final,54959.886689,2,1054,5,70,0,1,1,1,+,B3Sigma-
final,54966.989713,2,1055,6,62,1,1,-1,0,+,C3Pi
final,54980.664619,2,1056,6,63,1,1,0,1,+,C3Pi
final,54987.963637,2,1057,8,103,1,1,-1,0,+,Cp3Pi
final,54990.365751,2,1058,6,65,1,1,1,2,+,C3Pi
final,55047.675978,2,1059,8,104,1,1,1,2,+,Cp3Pi
final,55055.088435,2,1060,5,71,0,1,0,0,+,B3Sigma-
final,55065.381167,2,1061,5,71,0,1,1,1,+,B3Sigma-
final,55068.030564,2,1062,6,64,1,1,0,1,+,C3Pi
final,55077.60146,2,1063,6,65,1,1,0,1,+,C3Pi
final,55094.760899,2,1064,6,66,1,1,1,2,+,C3Pi
final,55112.242244,2,1065,8,104,1,1,0,1,+,Cp3Pi
final,55152.639907,2,1066,6,63,1,1,-1,0,+,C3Pi
final,55172.071393,2,1067,5,72,0,1,1,1,+,B3Sigma-
final,55174.148091,2,1068,5,72,0,1,0,0,+,B3Sigma-
final,55177.855109,2,1069,6,64,1,1,-1,0,+,C3Pi
final,55181.332467,2,1070,6,66,1,1,0,1,+,C3Pi
final,55191.815536,2,1071,6,67,1,1,1,2,+,C3Pi
final,55241.574167,2,1072,8,105,1,1,1,2,+,Cp3Pi
final,55250.921707,2,1073,6,65,1,1,-1,0,+,C3Pi
final,55272.237263,2,1074,8,105,1,1,0,1,+,Cp3Pi
final,55285.196842,2,1075,5,73,0,1,0,0,+,B3Sigma-
final,55289.128802,2,1076,5,73,0,1,1,1,+,B3Sigma-
final,55300.095049,2,1077,6,68,1,1,1,2,+,C3Pi
final,55305.318874,2,1078,6,67,1,1,0,1,+,C3Pi
final,55349.573597,2,1079,6,66,1,1,-1,0,+,C3Pi
final,55367.736118,2,1080,8,104,1,1,-1,0,+,Cp3Pi
final,55378.941246,2,1081,5,74,0,1,1,1,+,B3Sigma-
final,55397.572829,2,1082,5,74,0,1,0,0,+,B3Sigma-
final,55398.698845,2,1083,6,69,1,1,1,2,+,C3Pi
final,55401.222492,2,1084,6,68,1,1,0,1,+,C3Pi
final,55438.40287,2,1085,8,106,1,1,1,2,+,Cp3Pi
final,55451.729961,2,1086,5,75,0,1,0,0,+,B3Sigma-
final,55475.758309,2,1087,8,106,1,1,0,1,+,Cp3Pi
final,55502.299505,2,1088,6,69,1,1,0,1,+,C3Pi
final,55511.460459,2,1089,6,70,1,1,1,2,+,C3Pi
final,55511.53347,2,1090,5,75,0,1,1,1,+,B3Sigma-
final,55515.172304,2,1091,6,70,1,1,0,1,+,C3Pi
final,55547.892107,2,1092,7,6,1,0,0,1,+,e1Pi
final,55549.708456,2,1093,6,67,1,1,-1,0,+,C3Pi
final,55563.59571,2,1094,8,105,1,1,-1,0,+,Cp3Pi
final,55588.838961,2,1095,8,107,1,1,0,1,+,Cp3Pi
final,55609.286273,2,1096,6,71,1,1,1,2,+,C3Pi
final,55627.41101,2,1097,5,76,0,1,0,0,+,B3Sigma-
final,55630.725364,2,1098,5,76,0,1,1,1,+,B3Sigma-
final,55639.699016,2,1099,8,107,1,1,1,2,+,Cp3Pi
final,55658.867009,2,1100,6,68,1,1,-1,0,+,C3Pi
final,55679.604264,2,1101,6,71,1,1,0,1,+,C3Pi
final,55707.375078,2,1102,6,72,1,1,0,1,+,C3Pi
final,55729.047856,2,1103,6,72,1,1,1,2,+,C3Pi
final,55743.242343,2,1104,5,77,0,1,0,0,+,B3Sigma-
final,55747.799352,2,1105,5,77,0,1,1,1,+,B3Sigma-
final,55749.814156,2,1106,8,106,1,1,-1,0,+,Cp3Pi
final,55769.805626,2,1107,6,69,1,1,-1,0,+,C3Pi
final,55804.347751,2,1108,8,108,1,1,0,1,+,Cp3Pi
final,55818.625961,2,1109,8,108,1,1,1,2,+,Cp3Pi
final,55850.278143,2,1110,6,73,1,1,1,2,+,C3Pi
final,55863.226592,2,1111,5,78,0,1,0,0,+,B3Sigma-
final,55866.809481,2,1112,5,78,0,1,1,1,+,B3Sigma-
final,55873.20008,2,1113,6,70,1,1,-1,0,+,C3Pi
final,55882.332843,2,1114,6,73,1,1,0,1,+,C3Pi
final,55922.308304,2,1115,8,109,1,1,0,1,+,Cp3Pi
final,55944.791536,2,1116,8,107,1,1,-1,0,+,Cp3Pi
final,55952.683525,2,1117,6,74,1,1,1,2,+,C3Pi
final,55982.049949,2,1118,6,71,1,1,-1,0,+,C3Pi
final,55987.171468,2,1119,5,79,0,1,1,1,+,B3Sigma-
final,55989.40264,2,1120,5,79,0,1,0,0,+,B3Sigma-
final,56023.715922,2,1121,8,109,1,1,1,2,+,Cp3Pi
final,56025.476766,2,1122,6,74,1,1,0,1,+,C3Pi
final,56073.205334,2,1123,6,75,1,1,1,2,+,C3Pi
final,56084.784768,2,1124,6,75,1,1,0,1,+,C3Pi
final,56088.734098,2,1125,6,72,1,1,-1,0,+,C3Pi
final,56109.063607,2,1126,5,80,0,1,0,0,+,B3Sigma-
final,56110.974595,2,1127,5,80,0,1,1,1,+,B3Sigma-
final,56144.57823,2,1128,8,108,1,1,-1,0,+,Cp3Pi
final,56146.013143,2,1129,8,110,1,1,0,1,+,Cp3Pi
final,56181.782463,2,1130,6,76,1,1,1,2,+,C3Pi
final,56205.93648,2,1131,6,73,1,1,-1,0,+,C3Pi
final,56228.226272,2,1132,8,110,1,1,1,2,+,Cp3Pi
final,56231.385867,2,1133,7,7,1,0,0,1,+,e1Pi
final,56231.809879,2,1134,5,81,0,1,1,1,+,B3Sigma-
final,56234.640659,2,1135,5,81,0,1,0,0,+,B3Sigma-
final,56252.043098,2,1136,6,76,1,1,0,1,+,C3Pi
final,56291.403076,2,1137,6,77,1,1,0,1,+,C3Pi
final,56305.472815,2,1138,6,77,1,1,1,2,+,C3Pi
final,56310.741704,2,1139,6,74,1,1,-1,0,+,C3Pi
final,56348.829397,2,1140,8,109,1,1,-1,0,+,Cp3Pi
final,56356.832743,2,1141,5,82,0,1,1,1,+,B3Sigma-
final,56360.663641,2,1142,5,82,0,1,0,0,+,B3Sigma-
final,56378.862507,2,1143,8,111,1,1,0,1,+,Cp3Pi
final,56411.340324,2,1144,6,78,1,1,1,2,+,C3Pi
final,56433.843519,2,1145,6,75,1,1,-1,0,+,C3Pi
final,56439.065963,2,1146,8,111,1,1,1,2,+,Cp3Pi
final,56469.144175,2,1147,5,83,0,1,1,1,+,B3Sigma-
final,56487.441597,2,1148,5,83,0,1,0,0,+,B3Sigma-
final,56489.219946,2,1149,6,78,1,1,0,1,+,C3Pi
final,56509.919791,2,1150,6,79,1,1,0,1,+,C3Pi
final,56529.718825,2,1151,8,110,1,1,-1,0,+,Cp3Pi
final,56545.119245,2,1152,6,79,1,1,1,2,+,C3Pi
final,56564.323163,2,1153,6,76,1,1,-1,0,+,C3Pi
final,56602.554586,2,1154,5,84,0,1,1,1,+,B3Sigma-
final,56617.473251,2,1155,5,84,0,1,0,0,+,B3Sigma-
final,56625.780362,2,1156,8,112,1,1,1,2,+,Cp3Pi
final,56626.048204,2,1157,8,112,1,1,0,1,+,Cp3Pi
final,56666.905761,2,1158,6,77,1,1,-1,0,+,C3Pi
final,56672.551706,2,1159,6,80,1,1,1,2,+,C3Pi
final,56685.533377,2,1160,6,80,1,1,0,1,+,C3Pi
final,56731.554422,2,1161,5,85,0,1,1,1,+,B3Sigma-
final,56741.248936,2,1162,8,111,1,1,-1,0,+,Cp3Pi
final,56749.086479,2,1163,5,85,0,1,0,0,+,B3Sigma-
final,56757.413607,2,1164,6,81,1,1,0,1,+,C3Pi
final,56790.683053,2,1165,6,81,1,1,1,2,+,C3Pi
final,56795.2595,2,1166,6,78,1,1,-1,0,+,C3Pi
final,56833.763961,2,1167,8,113,1,1,1,2,+,Cp3Pi
final,56846.031268,2,1168,8,113,1,1,0,1,+,Cp3Pi
final,56880.438201,2,1169,5,86,0,1,0,0,+,B3Sigma-
final,56884.336112,2,1170,5,86,0,1,1,1,+,B3Sigma-
final,56899.912474,2,1171,7,8,1,0,0,1,+,e1Pi
final,56900.07027,2,1172,6,82,1,1,0,1,+,C3Pi
final,56904.106591,2,1173,6,79,1,1,-1,0,+,C3Pi
final,56921.092884,2,1174,6,82,1,1,1,2,+,C3Pi
final,56954.337294,2,1175,8,112,1,1,-1,0,+,Cp3Pi
final,56977.606148,2,1176,8,114,1,1,0,1,+,Cp3Pi
final,57014.42631,2,1177,5,87,0,1,0,0,+,B3Sigma-
final,57021.911288,2,1178,5,87,0,1,1,1,+,B3Sigma-
final,57029.265878,2,1179,8,114,1,1,1,2,+,Cp3Pi
final,57036.99232,2,1180,6,80,1,1,-1,0,+,C3Pi
final,57055.094408,2,1181,6,83,1,1,1,2,+,C3Pi
final,57084.403951,2,1182,6,83,1,1,0,1,+,C3Pi
final,57116.474229,2,1183,5,88,0,1,1,1,+,B3Sigma-
final,57134.661971,2,1184,6,81,1,1,-1,0,+,C3Pi
final,57152.78517,2,1185,5,88,0,1,0,0,+,B3Sigma-
final,57158.405576,2,1186,6,84,1,1,0,1,+,C3Pi
final,57177.440744,2,1187,6,84,1,1,1,2,+,C3Pi
final,57177.806287,2,1188,8,113,1,1,-1,0,+,Cp3Pi
final,57229.857035,2,1189,8,115,1,1,0,1,+,Cp3Pi
final,57241.059507,2,1190,8,115,1,1,1,2,+,Cp3Pi
final,57276.620993,2,1191,6,82,1,1,-1,0,+,C3Pi
final,57291.889297,2,1192,5,89,0,1,1,1,+,B3Sigma-
final,57295.351584,2,1193,5,89,0,1,0,0,+,B3Sigma-
final,57305.803249,2,1194,6,85,1,1,0,1,+,C3Pi
final,57310.830494,2,1195,6,85,1,1,1,2,+,C3Pi
final,57358.307777,2,1196,8,114,1,1,-1,0,+,Cp3Pi
final,57364.627885,2,1197,8,116,1,1,0,1,+,Cp3Pi
final,57413.381106,2,1198,6,83,1,1,-1,0,+,C3Pi
final,57433.258415,2,1199,5,90,0,1,1,1,+,B3Sigma-
final,57435.309646,2,1200,5,90,0,1,0,0,+,B3Sigma-
final,57436.059462,2,1201,6,86,1,1,1,2,+,C3Pi
final,57454.350149,2,1202,8,116,1,1,1,2,+,Cp3Pi
final,57485.24608,2,1203,6,86,1,1,0,1,+,C3Pi
final,57518.511013,2,1204,8,117,1,1,0,1,+,Cp3Pi
final,57528.707085,2,1205,6,84,1,1,-1,0,+,C3Pi
final,57553.09249,2,1206,7,9,1,0,0,1,+,e1Pi
final,57569.645341,2,1207,5,91,0,1,0,0,+,B3Sigma-
final,57575.181114,2,1208,5,91,0,1,1,1,+,B3Sigma-
final,57577.228954,2,1209,6,87,1,1,1,2,+,C3Pi
final,57581.740782,2,1210,8,115,1,1,-1,0,+,Cp3Pi
final,57626.276416,2,1211,6,87,1,1,0,1,+,C3Pi
final,57655.110366,2,1212,8,117,1,1,1,2,+,Cp3Pi
final,57669.570736,2,1213,6,85,1,1,-1,0,+,C3Pi
final,57711.075032,2,1214,5,92,0,1,1,1,+,B3Sigma-
final,57714.475016,2,1215,6,88,1,1,1,2,+,C3Pi
final,57716.273068,2,1216,5,92,0,1,0,0,+,B3Sigma-
final,57722.571129,2,1217,6,88,1,1,0,1,+,C3Pi
final,57765.162321,2,1218,8,118,1,1,0,1,+,Cp3Pi
final,57768.950464,2,1219,8,116,1,1,-1,0,+,Cp3Pi
final,57813.000281,2,1220,6,86,1,1,-1,0,+,C3Pi
final,57848.999773,2,1221,6,89,1,1,1,2,+,C3Pi
final,57859.479879,2,1222,5,93,0,1,1,1,+,B3Sigma-
final,57861.586478,2,1223,5,93,0,1,0,0,+,B3Sigma-
final,57867.040187,2,1224,8,118,1,1,1,2,+,Cp3Pi
final,57894.592452,2,1225,6,89,1,1,0,1,+,C3Pi
final,57930.948356,2,1226,6,87,1,1,-1,0,+,C3Pi
final,57932.30867,2,1227,8,119,1,1,0,1,+,Cp3Pi
final,57990.806341,2,1228,8,117,1,1,-1,0,+,Cp3Pi
final,57990.822092,2,1229,6,90,1,1,1,2,+,C3Pi
final,58005.452074,2,1230,5,94,0,1,1,1,+,B3Sigma-
final,58008.145771,2,1231,5,94,0,1,0,0,+,B3Sigma-
final,58037.234796,2,1232,6,90,1,1,0,1,+,C3Pi
final,58073.97017,2,1233,6,88,1,1,-1,0,+,C3Pi
final,58074.804883,2,1234,8,119,1,1,1,2,+,Cp3Pi
final,58132.187562,2,1235,6,91,1,1,1,2,+,C3Pi
final,58134.758087,2,1236,5,95,0,1,1,1,+,B3Sigma-
final,58152.958447,2,1237,5,95,0,1,0,0,+,B3Sigma-
final,58155.050467,2,1238,6,91,1,1,0,1,+,C3Pi
final,58180.220262,2,1239,8,120,1,1,0,1,+,Cp3Pi
final,58186.57533,2,1240,8,118,1,1,-1,0,+,Cp3Pi
final,58189.788048,2,1241,7,10,1,0,0,1,+,e1Pi
final,58224.282134,2,1242,6,89,1,1,-1,0,+,C3Pi
final,58273.361088,2,1243,6,92,1,1,1,2,+,C3Pi
final,58287.671988,2,1244,8,120,1,1,1,2,+,Cp3Pi
final,58297.444858,2,1245,5,96,0,1,1,1,+,B3Sigma-
final,58303.088173,2,1246,5,96,0,1,0,0,+,B3Sigma-
final,58319.500696,2,1247,6,92,1,1,0,1,+,C3Pi
final,58345.378318,2,1248,6,90,1,1,-1,0,+,C3Pi
final,58353.38214,2,1249,8,121,1,1,0,1,+,Cp3Pi
final,58413.74776,2,1250,8,119,1,1,-1,0,+,Cp3Pi
final,58418.420512,2,1251,6,93,1,1,1,2,+,C3Pi
final,58445.961459,2,1252,5,97,0,1,1,1,+,B3Sigma-
final,58454.062197,2,1253,5,97,0,1,0,0,+,B3Sigma-
final,58467.160587,2,1254,6,93,1,1,0,1,+,C3Pi
final,58491.539816,2,1255,6,91,1,1,-1,0,+,C3Pi
final,58499.682126,2,1256,8,121,1,1,1,2,+,Cp3Pi
final,58561.974464,2,1257,5,98,0,1,1,1,+,B3Sigma-
final,58564.121526,2,1258,6,94,1,1,1,2,+,C3Pi
final,58595.477174,2,1259,6,94,1,1,0,1,+,C3Pi
final,58603.669154,2,1260,5,98,0,1,0,0,+,B3Sigma-
final,58614.458293,2,1261,8,120,1,1,-1,0,+,Cp3Pi
final,58616.595483,2,1262,6,92,1,1,-1,0,+,C3Pi
final,58646.188419,2,1263,8,121,1,1,-1,0,+,Cp3Pi
final,58710.887416,2,1264,6,95,1,1,1,2,+,C3Pi
final,58714.388688,2,1265,8,122,1,1,1,2,+,Cp3Pi
final,58739.373412,2,1266,5,99,0,1,1,1,+,B3Sigma-
final,58758.794681,2,1267,5,99,0,1,0,0,+,B3Sigma-
final,58767.713805,2,1268,6,95,1,1,0,1,+,C3Pi
final,58773.971231,2,1269,6,93,1,1,-1,0,+,C3Pi
final,58780.270335,2,1270,8,122,1,1,0,1,+,Cp3Pi
final,58809.262179,2,1271,7,11,1,0,0,1,+,e1Pi
final,58842.223614,2,1272,6,94,1,1,-1,0,+,C3Pi
final,58859.934923,2,1273,6,96,1,1,1,2,+,C3Pi
final,58889.563877,2,1274,5,100,0,1,1,1,+,B3Sigma-
final,58913.914928,2,1275,5,100,0,1,0,0,+,B3Sigma-
final,58922.034304,2,1276,6,96,1,1,0,1,+,C3Pi
final,58924.127119,2,1277,8,122,1,1,-1,0,+,Cp3Pi
final,58929.735805,2,1278,8,123,1,1,1,2,+,Cp3Pi
final,58993.452089,2,1279,8,123,1,1,0,1,+,Cp3Pi
final,59010.16488,2,1280,6,97,1,1,1,2,+,C3Pi
final,59040.212051,2,1281,5,101,0,1,1,1,+,B3Sigma-
final,59046.377252,2,1282,6,95,1,1,-1,0,+,C3Pi
final,59072.580611,2,1283,5,101,0,1,0,0,+,B3Sigma-
final,59078.102764,2,1284,6,97,1,1,0,1,+,C3Pi
final,59079.117611,2,1285,8,123,1,1,-1,0,+,Cp3Pi
final,59146.622758,2,1286,8,124,1,1,1,2,+,Cp3Pi
final,59162.067502,2,1287,6,98,1,1,1,2,+,C3Pi
final,59188.802444,2,1288,8,124,1,1,0,1,+,Cp3Pi
final,59212.519548,2,1289,8,125,1,1,0,1,+,Cp3Pi
final,59212.672329,2,1290,6,96,1,1,-1,0,+,C3Pi
final,59232.321949,2,1291,5,102,0,1,0,0,+,B3Sigma-
final,59236.34754,2,1292,5,102,0,1,1,1,+,B3Sigma-
final,59275.937091,2,1293,6,97,1,1,-1,0,+,C3Pi
final,59315.092266,2,1294,6,99,1,1,1,2,+,C3Pi
final,59342.695666,2,1295,6,98,1,1,0,1,+,C3Pi
final,59365.201836,2,1296,8,125,1,1,1,2,+,Cp3Pi
final,59366.320464,2,1297,5,103,0,1,0,0,+,B3Sigma-
final,59392.102281,2,1298,5,103,0,1,1,1,+,B3Sigma-
final,59395.934745,2,1299,6,99,1,1,0,1,+,C3Pi
final,59410.84534,2,1300,7,12,1,0,0,1,+,e1Pi
final,59429.165478,2,1301,6,100,1,1,0,1,+,C3Pi
final,59469.987603,2,1302,6,100,1,1,1,2,+,C3Pi
final,59488.193311,2,1303,8,124,1,1,-1,0,+,Cp3Pi
final,59496.903765,2,1304,8,126,1,1,0,1,+,Cp3Pi
final,59522.541361,2,1305,6,98,1,1,-1,0,+,C3Pi
final,59553.626114,2,1306,5,104,0,1,0,0,+,B3Sigma-
final,59557.197077,2,1307,5,104,0,1,1,1,+,B3Sigma-
final,59584.534207,2,1308,8,126,1,1,1,2,+,Cp3Pi
final,59626.627038,2,1309,6,101,1,1,1,2,+,C3Pi
final,59646.655989,2,1310,6,101,1,1,0,1,+,C3Pi
final,59654.102372,2,1311,8,127,1,1,0,1,+,Cp3Pi
final,59668.443894,2,1312,6,99,1,1,-1,0,+,C3Pi
final,59714.219987,2,1313,8,125,1,1,-1,0,+,Cp3Pi
final,59717.09232,2,1314,5,105,0,1,0,0,+,B3Sigma-
final,59720.085109,2,1315,5,105,0,1,1,1,+,B3Sigma-
final,59783.117492,2,1316,6,102,1,1,1,2,+,C3Pi
final,59806.843479,2,1317,8,127,1,1,1,2,+,Cp3Pi
final,59808.97956,2,1318,8,128,1,1,0,1,+,Cp3Pi
final,59825.952324,2,1319,6,100,1,1,-1,0,+,C3Pi
final,59869.270147,2,1320,5,106,0,1,1,1,+,B3Sigma-
final,59881.48139,2,1321,5,106,0,1,0,0,+,B3Sigma-
final,59884.607975,2,1322,6,102,1,1,0,1,+,C3Pi
final,59932.007312,2,1323,8,126,1,1,-1,0,+,Cp3Pi
final,59943.263745,2,1324,6,103,1,1,1,2,+,C3Pi
final,59967.508501,2,1325,8,129,1,1,0,1,+,Cp3Pi
final,59984.01242,2,1326,6,101,1,1,-1,0,+,C3Pi
final,59993.495665,2,1327,7,13,1,0,0,1,+,e1Pi
final,60028.197218,2,1328,8,128,1,1,1,2,+,Cp3Pi
final,60047.688706,2,1329,5,107,0,1,0,0,+,B3Sigma-
final,60050.320062,2,1330,5,107,0,1,1,1,+,B3Sigma-
final,60091.59407,2,1331,6,103,1,1,0,1,+,C3Pi
final,60104.575585,2,1332,6,104,1,1,1,2,+,C3Pi
final,60127.516073,2,1333,6,104,1,1,0,1,+,C3Pi
final,60136.591901,2,1334,6,102,1,1,-1,0,+,C3Pi
final,60159.023279,2,1335,8,127,1,1,-1,0,+,Cp3Pi
final,60215.472251,2,1336,5,108,0,1,0,0,+,B3Sigma-
final,60217.866495,2,1337,5,108,0,1,1,1,+,B3Sigma-
final,60249.298604,2,1338,8,129,1,1,1,2,+,Cp3Pi
final,60269.405007,2,1339,6,105,1,1,1,2,+,C3Pi
final,60289.073531,2,1340,8,130,1,1,0,1,+,Cp3Pi
final,60299.702875,2,1341,6,103,1,1,-1,0,+,C3Pi
final,60314.934902,2,1342,6,105,1,1,0,1,+,C3Pi
final,60378.217148,2,1343,8,128,1,1,-1,0,+,Cp3Pi
final,60384.93419,2,1344,5,109,0,1,0,0,+,B3Sigma-
final,60387.058538,2,1345,5,109,0,1,1,1,+,B3Sigma-
final,60429.344952,2,1346,6,106,1,1,1,2,+,C3Pi
final,60452.214324,2,1347,6,106,1,1,0,1,+,C3Pi
final,60461.518877,2,1348,6,104,1,1,-1,0,+,C3Pi
final,60478.03889,2,1349,8,130,1,1,1,2,+,Cp3Pi
final,60539.237736,2,1350,5,110,0,1,1,1,+,B3Sigma-
final,60555.498333,2,1351,5,110,0,1,0,0,+,B3Sigma-
final,60556.490184,2,1352,7,14,1,0,0,1,+,e1Pi
final,60557.643478,2,1353,6,105,1,1,-1,0,+,C3Pi
final,60595.631801,2,1354,6,107,1,1,1,2,+,C3Pi
final,60601.64854,2,1355,8,129,1,1,-1,0,+,Cp3Pi
final,60616.985849,2,1356,6,107,1,1,0,1,+,C3Pi
final,60625.407405,2,1357,6,106,1,1,-1,0,+,C3Pi
final,60702.812308,2,1358,8,131,1,1,1,2,+,Cp3Pi
final,60727.016912,2,1359,5,111,0,1,1,1,+,B3Sigma-
final,60729.469867,2,1360,5,111,0,1,0,0,+,B3Sigma-
final,60763.527268,2,1361,6,108,1,1,1,2,+,C3Pi
final,60765.76025,2,1362,8,131,1,1,0,1,+,Cp3Pi
final,60783.624053,2,1363,6,108,1,1,0,1,+,C3Pi
final,60787.50585,2,1364,8,130,1,1,-1,0,+,Cp3Pi
final,60829.459585,2,1365,8,131,1,1,-1,0,+,Cp3Pi
final,60900.330348,2,1366,5,112,0,1,1,1,+,B3Sigma-
final,60903.250069,2,1367,5,112,0,1,0,0,+,B3Sigma-
final,60921.452638,2,1368,6,109,1,1,1,2,+,C3Pi
final,60940.633017,2,1369,8,132,1,1,1,2,+,Cp3Pi
final,60951.202583,2,1370,6,107,1,1,-1,0,+,C3Pi
final,60953.737143,2,1371,8,132,1,1,-1,0,+,Cp3Pi
final,60993.324581,2,1372,8,132,1,1,0,1,+,Cp3Pi
final,61055.925182,2,1373,5,113,0,1,0,0,+,B3Sigma-
final,61074.851189,2,1374,5,113,0,1,1,1,+,B3Sigma-
final,61078.617016,2,1375,6,109,1,1,0,1,+,C3Pi
final,61098.750305,2,1376,7,15,1,0,0,1,+,e1Pi
final,61099.242982,2,1377,6,110,1,1,1,2,+,C3Pi
final,61120.793549,2,1378,6,108,1,1,-1,0,+,C3Pi
final,61121.55687,2,1379,6,110,1,1,0,1,+,C3Pi
final,61161.311937,2,1380,8,133,1,1,1,2,+,Cp3Pi
final,61221.143402,2,1381,8,133,1,1,0,1,+,Cp3Pi
final,61250.914284,2,1382,5,114,0,1,1,1,+,B3Sigma-
final,61255.013247,2,1383,5,114,0,1,0,0,+,B3Sigma-
final,61271.885835,2,1384,6,111,1,1,1,2,+,C3Pi
final,61283.677732,2,1385,6,109,1,1,-1,0,+,C3Pi
final,61290.914564,2,1386,8,133,1,1,-1,0,+,Cp3Pi
final,61293.149461,2,1387,6,111,1,1,0,1,+,C3Pi
final,61389.313554,2,1388,8,134,1,1,1,2,+,Cp3Pi
final,61425.615388,2,1389,5,115,0,1,1,1,+,B3Sigma-
final,61433.067754,2,1390,5,115,0,1,0,0,+,B3Sigma-
final,61446.405526,2,1391,6,112,1,1,1,2,+,C3Pi
final,61452.053586,2,1392,8,134,1,1,0,1,+,Cp3Pi
final,61460.386444,2,1393,6,110,1,1,-1,0,+,C3Pi
final,61467.684218,2,1394,6,112,1,1,0,1,+,C3Pi
final,61514.51687,2,1395,6,111,1,1,-1,0,+,C3Pi
final,61603.860368,2,1396,5,116,0,1,1,1,+,B3Sigma-
final,61608.858682,2,1397,6,113,1,1,1,2,+,C3Pi
final,61612.275453,2,1398,5,116,0,1,0,0,+,B3Sigma-
final,61619.415024,2,1399,7,16,1,0,0,1,+,e1Pi
final,61632.459181,2,1400,8,135,1,1,1,2,+,Cp3Pi
final,61632.961577,2,1401,6,112,1,1,-1,0,+,C3Pi
final,61641.917568,2,1402,6,113,1,1,0,1,+,C3Pi
final,61683.848343,2,1403,8,135,1,1,0,1,+,Cp3Pi
final,61745.467508,2,1404,8,134,1,1,-1,0,+,Cp3Pi
final,61782.57983,2,1405,5,117,0,1,1,1,+,B3Sigma-
final,61792.067078,2,1406,5,117,0,1,0,0,+,B3Sigma-
final,61792.683538,2,1407,6,114,1,1,1,2,+,C3Pi
final,61807.96011,2,1408,6,113,1,1,-1,0,+,C3Pi
final,61820.007446,2,1409,6,114,1,1,0,1,+,C3Pi
final,61856.89996,2,1410,8,136,1,1,1,2,+,Cp3Pi
final,61915.0785,2,1411,8,136,1,1,0,1,+,Cp3Pi
final,61962.659342,2,1412,5,118,0,1,1,1,+,B3Sigma-
final,61970.208733,2,1413,5,118,0,1,0,0,+,B3Sigma-
final,61971.642925,2,1414,6,115,1,1,1,2,+,C3Pi
final,61978.773723,2,1415,8,135,1,1,-1,0,+,Cp3Pi
final,61986.584589,2,1416,6,114,1,1,-1,0,+,C3Pi
final,62000.104942,2,1417,6,115,1,1,0,1,+,C3Pi
final,62088.330388,2,1418,8,137,1,1,1,2,+,Cp3Pi
final,62117.405229,2,1419,7,17,1,0,0,1,+,e1Pi
final,62135.948097,2,1420,8,137,1,1,0,1,+,Cp3Pi
final,62149.545313,2,1421,5,119,0,1,0,0,+,B3Sigma-
final,62152.308308,2,1422,6,116,1,1,1,2,+,C3Pi
final,62155.302184,2,1423,5,119,0,1,1,1,+,B3Sigma-
final,62168.363215,2,1424,6,115,1,1,-1,0,+,C3Pi
final,62182.433044,2,1425,6,116,1,1,0,1,+,C3Pi
final,62211.909632,2,1426,8,136,1,1,-1,0,+,Cp3Pi
final,62314.501251,2,1427,8,138,1,1,1,2,+,Cp3Pi
final,62321.169157,2,1428,5,120,0,1,1,1,+,B3Sigma-
final,62328.38571,2,1429,5,120,0,1,0,0,+,B3Sigma-
final,62341.451794,2,1430,6,117,1,1,1,2,+,C3Pi
final,62353.278237,2,1431,6,116,1,1,-1,0,+,C3Pi
final,62365.682409,2,1432,6,117,1,1,0,1,+,C3Pi
final,62386.760403,2,1433,8,138,1,1,0,1,+,Cp3Pi
final,62446.636236,2,1434,8,137,1,1,-1,0,+,Cp3Pi
final,62504.095311,2,1435,5,121,0,1,1,1,+,B3Sigma-
final,62508.197419,2,1436,5,121,0,1,0,0,+,B3Sigma-
final,62509.031363,2,1437,6,118,1,1,1,2,+,C3Pi
final,62540.259024,2,1438,6,117,1,1,-1,0,+,C3Pi
final,62552.052554,2,1439,6,118,1,1,0,1,+,C3Pi
final,62565.033934,2,1440,8,139,1,1,1,2,+,Cp3Pi
final,62591.707477,2,1441,7,18,1,0,0,1,+,e1Pi
final,62621.268087,2,1442,8,139,1,1,0,1,+,Cp3Pi
final,62680.384714,2,1443,8,138,1,1,-1,0,+,Cp3Pi
final,62688.500803,2,1444,5,122,0,1,1,1,+,B3Sigma-
final,62691.490063,2,1445,5,122,0,1,0,0,+,B3Sigma-
final,62694.628365,2,1446,6,119,1,1,1,2,+,C3Pi
final,62729.025879,2,1447,6,118,1,1,-1,0,+,C3Pi
final,62739.945796,2,1448,6,119,1,1,0,1,+,C3Pi
final,62799.94004,2,1449,8,140,1,1,1,2,+,Cp3Pi
final,62853.1825,2,1450,8,140,1,1,0,1,+,Cp3Pi
final,62870.435887,2,1451,5,123,0,1,0,0,+,B3Sigma-
final,62878.595985,2,1452,5,123,0,1,1,1,+,B3Sigma-
final,62881.206632,2,1453,6,120,1,1,1,2,+,C3Pi
final,62917.686728,2,1454,8,139,1,1,-1,0,+,Cp3Pi
final,62922.80608,2,1455,6,119,1,1,-1,0,+,C3Pi
final,62929.552969,2,1456,6,120,1,1,0,1,+,C3Pi
final,63034.118267,2,1457,8,141,1,1,1,2,+,Cp3Pi
final,63041.276636,2,1458,7,19,1,0,0,1,+,e1Pi
final,63053.965572,2,1459,6,120,1,1,-1,0,+,C3Pi
final,63054.843421,2,1460,8,141,1,1,0,1,+,Cp3Pi
final,63071.998711,2,1461,6,121,1,1,1,2,+,C3Pi
final,63101.837569,2,1462,5,124,0,1,1,1,+,B3Sigma-
final,63110.998997,2,1463,5,124,0,1,0,0,+,B3Sigma-
final,63120.913928,2,1464,6,121,1,1,0,1,+,C3Pi
final,63159.760296,2,1465,8,140,1,1,-1,0,+,Cp3Pi
final,63239.882934,2,1466,5,125,0,1,0,0,+,B3Sigma-
final,63243.435412,2,1467,5,125,0,1,1,1,+,B3Sigma-
final,63247.057397,2,1468,6,122,1,1,1,2,+,C3Pi
final,63286.875516,2,1469,8,142,1,1,1,2,+,Cp3Pi
final,63304.457839,2,1470,6,121,1,1,-1,0,+,C3Pi
final,63313.375893,2,1471,6,122,1,1,0,1,+,C3Pi
final,63340.022436,2,1472,8,142,1,1,0,1,+,Cp3Pi
final,63398.425572,2,1473,8,141,1,1,-1,0,+,Cp3Pi
final,63427.770016,2,1474,5,126,0,1,0,0,+,B3Sigma-
final,63433.119485,2,1475,5,126,0,1,1,1,+,B3Sigma-
final,63440.39883,2,1476,6,123,1,1,1,2,+,C3Pi
final,63465.010211,2,1477,7,20,1,0,0,1,+,e1Pi
final,63499.415165,2,1478,6,122,1,1,-1,0,+,C3Pi
final,63507.873502,2,1479,6,123,1,1,0,1,+,C3Pi
final,63523.909295,2,1480,8,143,1,1,1,2,+,Cp3Pi
final,63578.442057,2,1481,8,143,1,1,0,1,+,Cp3Pi
final,63611.947498,2,1482,8,142,1,1,-1,0,+,Cp3Pi
final,63625.552666,2,1483,5,127,0,1,1,1,+,B3Sigma-
final,63632.888309,2,1484,6,124,1,1,1,2,+,C3Pi
final,63643.433601,2,1485,6,123,1,1,-1,0,+,C3Pi
final,63695.898934,2,1486,5,127,0,1,0,0,+,B3Sigma-
final,63703.838136,2,1487,6,124,1,1,0,1,+,C3Pi
final,63763.84133,2,1488,8,144,1,1,1,2,+,Cp3Pi
final,63802.496191,2,1489,5,128,0,1,0,0,+,B3Sigma-
final,63804.024668,2,1490,8,144,1,1,0,1,+,Cp3Pi
final,63827.437286,2,1491,6,125,1,1,1,2,+,C3Pi
final,63833.869248,2,1492,6,125,1,1,0,1,+,C3Pi
final,63861.877742,2,1493,7,21,1,0,0,1,+,e1Pi
final,63883.921374,2,1494,8,143,1,1,-1,0,+,Cp3Pi
final,63894.522701,2,1495,5,128,0,1,1,1,+,B3Sigma-
final,63901.32991,2,1496,6,126,1,1,0,1,+,C3Pi
final,63993.976764,2,1497,6,124,1,1,-1,0,+,C3Pi
final,63998.784414,2,1498,8,145,1,1,1,2,+,Cp3Pi
final,64003.133366,2,1499,8,145,1,1,0,1,+,Cp3Pi
final,64030.105658,2,1500,6,126,1,1,1,2,+,C3Pi
final,64071.185213,2,1501,5,129,0,1,1,1,+,B3Sigma-
final,64092.735874,2,1502,5,129,0,1,0,0,+,B3Sigma-
final,64100.337932,2,1503,6,127,1,1,0,1,+,C3Pi
final,64127.996921,2,1504,8,144,1,1,-1,0,+,Cp3Pi
final,64187.361771,2,1505,6,125,1,1,-1,0,+,C3Pi
final,64199.23231,2,1506,8,146,1,1,0,1,+,Cp3Pi
final,64208.422041,2,1507,6,127,1,1,1,2,+,C3Pi
final,64230.843301,2,1508,7,22,1,0,0,1,+,e1Pi
final,64260.872489,2,1509,8,146,1,1,1,2,+,Cp3Pi
final,64293.695557,2,1510,5,130,0,1,0,0,+,B3Sigma-
final,64300.542668,2,1511,5,130,0,1,1,1,+,B3Sigma-
final,64314.303179,2,1512,6,128,1,1,0,1,+,C3Pi
final,64367.044017,2,1513,8,145,1,1,-1,0,+,Cp3Pi
final,64387.416374,2,1514,6,126,1,1,-1,0,+,C3Pi
final,64396.669997,2,1515,5,131,0,1,1,1,+,B3Sigma-
final,64407.941467,2,1516,6,128,1,1,1,2,+,C3Pi
final,64496.039735,2,1517,5,131,0,1,0,0,+,B3Sigma-
final,64502.647178,2,1518,6,129,1,1,0,1,+,C3Pi
final,64504.176533,2,1519,8,147,1,1,1,2,+,Cp3Pi
final,64556.29126,2,1520,8,147,1,1,0,1,+,Cp3Pi
final,64570.898102,2,1521,7,23,1,0,0,1,+,e1Pi
final,64573.687151,2,1522,6,127,1,1,-1,0,+,C3Pi
final,64597.871492,2,1523,5,132,0,1,1,1,+,B3Sigma-
final,64607.594795,2,1524,6,129,1,1,1,2,+,C3Pi
final,64622.697634,2,1525,8,146,1,1,-1,0,+,Cp3Pi
final,64699.870615,2,1526,5,132,0,1,0,0,+,B3Sigma-
final,64706.111237,2,1527,6,130,1,1,0,1,+,C3Pi
final,64749.226846,2,1528,8,148,1,1,1,2,+,Cp3Pi
final,64771.928252,2,1529,6,128,1,1,-1,0,+,C3Pi
final,64781.839315,2,1530,8,148,1,1,0,1,+,Cp3Pi
final,64809.625785,2,1531,6,130,1,1,1,2,+,C3Pi
final,64818.321597,2,1532,6,131,1,1,0,1,+,C3Pi
final,64868.842894,2,1533,8,147,1,1,-1,0,+,Cp3Pi
final,64881.135274,2,1534,7,24,1,0,0,1,+,e1Pi
final,64905.309828,2,1535,5,133,0,1,0,0,+,B3Sigma-
final,64911.017963,2,1536,5,133,0,1,1,1,+,B3Sigma-
final,64971.036856,2,1537,6,129,1,1,-1,0,+,C3Pi
final,64987.099583,2,1538,8,149,1,1,0,1,+,Cp3Pi
final,64988.941761,2,1539,8,149,1,1,1,2,+,Cp3Pi
final,65020.368654,2,1540,6,131,1,1,1,2,+,C3Pi
final,65061.668314,2,1541,6,132,1,1,0,1,+,C3Pi
final,65109.453554,2,1542,5,134,0,1,0,0,+,B3Sigma-
final,65117.034665,2,1543,5,134,0,1,1,1,+,B3Sigma-
final,65119.127647,2,1544,8,148,1,1,-1,0,+,Cp3Pi
final,65160.767559,2,1545,7,25,1,0,0,1,+,e1Pi
final,65172.121548,2,1546,6,130,1,1,-1,0,+,C3Pi
final,65191.639901,2,1547,5,135,0,1,1,1,+,B3Sigma-
final,65209.192949,2,1548,6,132,1,1,1,2,+,C3Pi
final,65319.751843,2,1549,5,135,0,1,0,0,+,B3Sigma-
final,65324.946378,2,1550,6,133,1,1,0,1,+,C3Pi
final,65369.655215,2,1551,6,131,1,1,-1,0,+,C3Pi
final,65391.93253,2,1552,5,136,0,1,1,1,+,B3Sigma-
final,65409.318627,2,1553,7,26,1,0,0,1,+,e1Pi
final,65411.706886,2,1554,6,133,1,1,1,2,+,C3Pi
final,65529.139647,2,1555,5,136,0,1,0,0,+,B3Sigma-
final,65533.97773,2,1556,6,134,1,1,0,1,+,C3Pi
final,65570.501011,2,1557,6,132,1,1,-1,0,+,C3Pi
final,65595.100585,2,1558,5,137,0,1,1,1,+,B3Sigma-
final,65616.417561,2,1559,6,134,1,1,1,2,+,C3Pi
final,65627.676919,2,1560,7,27,1,0,0,1,+,e1Pi
final,65739.940528,2,1561,5,137,0,1,0,0,+,B3Sigma-
final,65744.408532,2,1562,6,135,1,1,0,1,+,C3Pi
final,65773.317438,2,1563,6,133,1,1,-1,0,+,C3Pi
final,65800.333421,2,1564,5,138,0,1,1,1,+,B3Sigma-
final,65819.005697,2,1565,7,28,1,0,0,1,+,e1Pi
final,65822.822009,2,1566,6,135,1,1,1,2,+,C3Pi
final,65952.078895,2,1567,5,138,0,1,0,0,+,B3Sigma-
final,65956.226766,2,1568,6,136,1,1,0,1,+,C3Pi
final,65971.116222,2,1569,7,29,1,0,0,1,+,e1Pi
final,65978.166369,2,1570,6,134,1,1,-1,0,+,C3Pi
final,66007.350036,2,1571,5,139,0,1,1,1,+,B3Sigma-
final,66030.694786,2,1572,6,136,1,1,1,2,+,C3Pi
final,66037.460191,2,1573,7,30,1,0,0,1,+,e1Pi
final,66104.928462,2,1574,7,31,1,0,0,1,+,e1Pi
final,66151.842406,2,1575,7,32,1,0,0,1,+,e1Pi
final,66165.454538,2,1576,5,139,0,1,0,0,+,B3Sigma-
final,66169.395411,2,1577,6,135,1,1,-1,0,+,C3Pi
final,66185.048326,2,1578,5,140,0,1,0,0,+,B3Sigma-
final,66193.022881,2,1579,7,33,1,0,0,1,+,e1Pi
final,66215.945672,2,1580,6,137,1,1,0,1,+,C3Pi
final,66223.375405,2,1581,7,34,1,0,0,1,+,e1Pi
final,66239.94172,2,1582,6,137,1,1,1,2,+,C3Pi
final,66244.30513,2,1583,7,35,1,0,0,1,+,e1Pi
final,66261.232137,2,1584,7,36,1,0,0,1,+,e1Pi
final,66281.044225,2,1585,7,37,1,0,0,1,+,e1Pi
final,66304.8842,2,1586,7,38,1,0,0,1,+,e1Pi
final,66332.722461,2,1587,7,39,1,0,0,1,+,e1Pi
final,66364.504566,2,1588,7,40,1,0,0,1,+,e1Pi
final,66379.778849,2,1589,6,136,1,1,-1,0,+,C3Pi
final,66383.808007,2,1590,5,140,0,1,1,1,+,B3Sigma-
final,66394.063564,2,1591,5,141,0,1,0,0,+,B3Sigma-
final,66399.638775,2,1592,7,41,1,0,0,1,+,e1Pi
final,66426.037452,2,1593,6,138,1,1,0,1,+,C3Pi
final,66437.155387,2,1594,7,42,1,0,0,1,+,e1Pi
final,66450.575297,2,1595,6,138,1,1,1,2,+,C3Pi
final,66476.644912,2,1596,7,43,1,0,0,1,+,e1Pi
final,66519.001824,2,1597,7,44,1,0,0,1,+,e1Pi
final,66564.916308,2,1598,7,45,1,0,0,1,+,e1Pi
final,66594.228414,2,1599,6,137,1,1,-1,0,+,C3Pi
final,66599.338927,2,1600,5,141,0,1,1,1,+,B3Sigma-
final,66605.87238,2,1601,6,138,1,1,-1,0,+,C3Pi
final,66613.479422,2,1602,7,46,1,0,0,1,+,e1Pi
final,66637.688654,2,1603,6,139,1,1,0,1,+,C3Pi
final,66662.656665,2,1604,6,139,1,1,1,2,+,C3Pi
final,66663.43488,2,1605,7,47,1,0,0,1,+,e1Pi
final,66715.37378,2,1606,7,48,1,0,0,1,+,e1Pi
final,66770.748278,2,1607,7,49,1,0,0,1,+,e1Pi
final,66807.770147,2,1608,5,142,0,1,0,0,+,B3Sigma-
final,66816.065928,2,1609,5,142,0,1,1,1,+,B3Sigma-
final,66821.281977,2,1610,6,139,1,1,-1,0,+,C3Pi
final,66828.88348,2,1611,7,50,1,0,0,1,+,e1Pi
final,66851.048912,2,1612,6,140,1,1,0,1,+,C3Pi
final,66876.22652,2,1613,6,140,1,1,1,2,+,C3Pi
final,66888.2432,2,1614,7,51,1,0,0,1,+,e1Pi
final,66949.470862,2,1615,7,52,1,0,0,1,+,e1Pi
final,67013.90949,2,1616,7,53,1,0,0,1,+,e1Pi
final,67021.059907,2,1617,5,143,0,1,0,0,+,B3Sigma-
final,67034.071147,2,1618,5,143,0,1,1,1,+,B3Sigma-
final,67039.664751,2,1619,6,140,1,1,-1,0,+,C3Pi
final,67066.272368,2,1620,6,141,1,1,0,1,+,C3Pi
final,67080.524995,2,1621,7,54,1,0,0,1,+,e1Pi
final,67091.276771,2,1622,6,141,1,1,1,2,+,C3Pi
final,67148.338757,2,1623,7,55,1,0,0,1,+,e1Pi
final,67218.656728,2,1624,7,56,1,0,0,1,+,e1Pi
final,67235.16594,2,1625,5,144,0,1,0,0,+,B3Sigma-
final,67253.16255,2,1626,5,144,0,1,1,1,+,B3Sigma-
final,67260.183051,2,1627,6,141,1,1,-1,0,+,C3Pi
final,67283.428383,2,1628,6,142,1,1,0,1,+,C3Pi
final,67291.76427,2,1629,7,57,1,0,0,1,+,e1Pi
final,67307.76951,2,1630,6,142,1,1,1,2,+,C3Pi
final,67366.204389,2,1631,7,58,1,0,0,1,+,e1Pi
final,67442.351615,2,1632,7,59,1,0,0,1,+,e1Pi
final,67450.530845,2,1633,5,145,0,1,0,0,+,B3Sigma-
final,67473.151145,2,1634,5,145,0,1,1,1,+,B3Sigma-
final,67482.349874,2,1635,6,142,1,1,-1,0,+,C3Pi
final,67502.528381,2,1636,6,143,1,1,0,1,+,C3Pi
final,67521.33319,2,1637,7,60,1,0,0,1,+,e1Pi
final,67525.675744,2,1638,6,143,1,1,1,2,+,C3Pi
final,67602.18681,2,1639,7,61,1,0,0,1,+,e1Pi
final,67667.25567,2,1640,5,146,0,1,0,0,+,B3Sigma-
final,67684.425641,2,1641,7,62,1,0,0,1,+,e1Pi
final,67693.954141,2,1642,5,146,0,1,1,1,+,B3Sigma-
final,67705.991333,2,1643,6,143,1,1,-1,0,+,C3Pi
final,67723.597977,2,1644,6,144,1,1,0,1,+,C3Pi
final,67744.994488,2,1645,6,144,1,1,1,2,+,C3Pi
final,67769.043937,2,1646,7,63,1,0,0,1,+,e1Pi
final,67855.766005,2,1647,7,64,1,0,0,1,+,e1Pi
final,67885.332696,2,1648,5,147,0,1,0,0,+,B3Sigma-
final,67915.630337,2,1649,5,147,0,1,1,1,+,B3Sigma-
final,67931.344542,2,1650,6,144,1,1,-1,0,+,C3Pi
final,67944.003903,2,1651,7,65,1,0,0,1,+,e1Pi
final,67946.736653,2,1652,6,145,1,1,0,1,+,C3Pi
final,67965.74164,2,1653,6,145,1,1,1,2,+,C3Pi
final,68034.362002,2,1654,7,66,1,0,0,1,+,e1Pi
final,68104.736289,2,1655,6,145,1,1,-1,0,+,C3Pi
final,68126.764332,2,1656,7,67,1,0,0,1,+,e1Pi
final,68138.356132,2,1657,5,148,0,1,1,1,+,B3Sigma-
final,68158.223333,2,1658,5,148,0,1,0,0,+,B3Sigma-
final,68171.78844,2,1659,6,146,1,1,0,1,+,C3Pi
final,68187.929159,2,1660,6,146,1,1,1,2,+,C3Pi
final,68220.731308,2,1661,7,68,1,0,0,1,+,e1Pi
final,68316.698265,2,1662,7,69,1,0,0,1,+,e1Pi
final,68325.947689,2,1663,5,149,0,1,0,0,+,B3Sigma-
final,68361.964765,2,1664,5,149,0,1,1,1,+,B3Sigma-
final,68386.298248,2,1665,6,146,1,1,-1,0,+,C3Pi
final,68398.558314,2,1666,6,147,1,1,0,1,+,C3Pi
final,68411.555389,2,1667,6,147,1,1,1,2,+,C3Pi
final,68414.695891,2,1668,7,70,1,0,0,1,+,e1Pi
final,68514.308718,2,1669,7,71,1,0,0,1,+,e1Pi
final,68548.197876,2,1670,6,147,1,1,-1,0,+,C3Pi
final,68590.551792,2,1671,6,148,1,1,0,1,+,C3Pi
final,68615.768961,2,1672,7,72,1,0,0,1,+,e1Pi
final,68636.599393,2,1673,6,148,1,1,1,2,+,C3Pi
final,68719.182848,2,1674,7,73,1,0,0,1,+,e1Pi
final,68769.892118,2,1675,6,148,1,1,-1,0,+,C3Pi
final,68810.802145,2,1676,6,149,1,1,0,1,+,C3Pi
final,68824.316967,2,1677,7,74,1,0,0,1,+,e1Pi
final,68863.091772,2,1678,6,149,1,1,1,2,+,C3Pi
final,68931.242789,2,1679,7,75,1,0,0,1,+,e1Pi
final,68990.091611,2,1680,6,149,1,1,-1,0,+,C3Pi
final,69037.270968,2,1681,6,150,1,1,0,1,+,C3Pi
final,69039.987122,2,1682,7,76,1,0,0,1,+,e1Pi
final,69150.470859,2,1683,7,77,1,0,0,1,+,e1Pi
final,69216.640753,2,1684,6,150,1,1,-1,0,+,C3Pi
final,69262.762524,2,1685,7,78,1,0,0,1,+,e1Pi
final,69376.810828,2,1686,7,79,1,0,0,1,+,e1Pi
final,69492.552726,2,1687,7,80,1,0,0,1,+,e1Pi
final,69610.075918,2,1688,7,81,1,0,0,1,+,e1Pi
final,69729.353277,2,1689,7,82,1,0,0,1,+,e1Pi
final,69850.307718,2,1690,7,83,1,0,0,1,+,e1Pi
final,69972.977849,2,1691,7,84,1,0,0,1,+,e1Pi
final,70097.382081,2,1692,7,85,1,0,0,1,+,e1Pi
final,70223.480606,2,1693,7,86,1,0,0,1,+,e1Pi
final,70351.251955,2,1694,7,87,1,0,0,1,+,e1Pi
final,70480.708731,2,1695,7,88,1,0,0,1,+,e1Pi
final,70611.86186,2,1696,7,89,1,0,0,1,+,e1Pi
final,70744.680271,2,1697,7,90,1,0,0,1,+,e1Pi
final,70879.142107,2,1698,7,91,1,0,0,1,+,e1Pi
final,71015.272996,2,1699,7,92,1,0,0,1,+,e1Pi
final,71153.06995,2,1700,7,93,1,0,0,1,+,e1Pi
final,71292.492903,2,1701,7,94,1,0,0,1,+,e1Pi
final,71433.546569,2,1702,7,95,1,0,0,1,+,e1Pi
final,71576.251729,2,1703,7,96,1,0,0,1,+,e1Pi
final,71720.581226,2,1704,7,97,1,0,0,1,+,e1Pi
final,71866.515793,2,1705,7,98,1,0,0,1,+,e1Pi
final,72014.074805,2,1706,7,99,1,0,0,1,+,e1Pi
final,72163.254605,2,1707,7,100,1,0,0,1,+,e1Pi
final,72314.026226,2,1708,7,101,1,0,0,1,+,e1Pi
final,72466.391971,2,1709,7,102,1,0,0,1,+,e1Pi
final,72620.366137,2,1710,7,103,1,0,0,1,+,e1Pi
final,72775.927684,2,1711,7,104,1,0,0,1,+,e1Pi
final,72933.061733,2,1712,7,105,1,0,0,1,+,e1Pi
final,73091.784483,2,1713,7,106,1,0,0,1,+,e1Pi
final,73252.089062,2,1714,7,107,1,0,0,1,+,e1Pi
final,73413.952331,2,1715,7,108,1,0,0,1,+,e1Pi
final,73577.381858,2,1716,7,109,1,0,0,1,+,e1Pi
final,73742.384314,2,1717,7,110,1,0,0,1,+,e1Pi
final,73908.938183,2,1718,7,111,1,0,0,1,+,e1Pi
final,74077.040324,2,1719,7,112,1,0,0,1,+,e1Pi
final,74246.701282,2,1720,7,113,1,0,0,1,+,e1Pi
final,74417.906534,2,1721,7,114,1,0,0,1,+,e1Pi
final,74590.645626,2,1722,7,115,1,0,0,1,+,e1Pi
final,74764.926395,2,1723,7,116,1,0,0,1,+,e1Pi
final,74940.747044,2,1724,7,117,1,0,0,1,+,e1Pi
final,75118.091267,2,1725,7,118,1,0,0,1,+,e1Pi
final,75296.961297,2,1726,7,119,1,0,0,1,+,e1Pi
final,75477.364286,2,1727,7,120,1,0,0,1,+,e1Pi
final,75659.277714,2,1728,7,121,1,0,0,1,+,e1Pi
final,75842.704704,2,1729,7,122,1,0,0,1,+,e1Pi
final,76027.651807,2,1730,7,123,1,0,0,1,+,e1Pi
final,76214.100741,2,1731,7,124,1,0,0,1,+,e1Pi
final,76402.055722,2,1732,7,125,1,0,0,1,+,e1Pi
final,76591.51402,2,1733,7,126,1,0,0,1,+,e1Pi
final,76782.472871,2,1734,7,127,1,0,0,1,+,e1Pi
final,76974.923386,2,1735,7,128,1,0,0,1,+,e1Pi
final,77168.864439,2,1736,7,129,1,0,0,1,+,e1Pi
final,77364.30418,2,1737,7,130,1,0,0,1,+,e1Pi
final,77561.218102,2,1738,7,131,1,0,0,1,+,e1Pi
final,77759.622891,2,1739,7,132,1,0,0,1,+,e1Pi
final,77959.513346,2,1740,7,133,1,0,0,1,+,e1Pi
final,78160.871413,2,1741,7,134,1,0,0,1,+,e1Pi
final,78363.715399,2,1742,7,135,1,0,0,1,+,e1Pi
final,78568.024263,2,1743,7,136,1,0,0,1,+,e1Pi
final,78773.804282,2,1744,7,137,1,0,0,1,+,e1Pi
final,78981.04683,2,1745,7,138,1,0,0,1,+,e1Pi
final,79189.750566,2,1746,7,139,1,0,0,1,+,e1Pi
final,79399.920432,2,1747,7,140,1,0,0,1,+,e1Pi
final,79611.538361,2,1748,7,141,1,0,0,1,+,e1Pi
final,79824.628364,2,1749,7,142,1,0,0,1,+,e1Pi
final,80039.164979,2,1750,7,143,1,0,0,1,+,e1Pi
final,80255.152437,2,1751,7,144,1,0,0,1,+,e1Pi
final,80472.594055,2,1752,7,145,1,0,0,1,+,e1Pi
final,80691.468169,2,1753,7,146,1,0,0,1,+,e1Pi
final,80911.794361,2,1754,7,147,1,0,0,1,+,e1Pi
final,81133.557992,2,1755,7,148,1,0,0,1,+,e1Pi
final,81356.766811,2,1756,7,149,1,0,0,1,+,e1Pi
final,13.426701,2,1,1,0,0,1,-1,-1,-,X3Sig-
final,1151.422502,2,2,1,1,0,1,-1,-1,-,X3Sig-
final,2276.709214,2,3,1,2,0,1,-1,-1,-,X3Sig-
final,3389.354741,2,4,1,3,0,1,-1,-1,-,X3Sig-
final,4489.403261,2,5,1,4,0,1,-1,-1,-,X3Sig-
final,5576.884739,2,6,1,5,0,1,-1,-1,-,X3Sig-
final,5873.075153,2,7,2,0,-2,0,0,-2,-,a1Delta
final,6651.789043,2,8,1,6,0,1,-1,-1,-,X3Sig-
final,6974.409193,2,9,2,1,-2,0,0,-2,-,a1Delta
final,7714.097753,2,10,1,7,0,1,-1,-1,-,X3Sig-
final,8062.137739,2,11,2,2,-2,0,0,-2,-,a1Delta
final,8763.812171,2,12,1,8,0,1,-1,-1,-,X3Sig-
final,9136.324833,2,13,2,3,-2,0,0,-2,-,a1Delta
final,9800.875574,2,14,1,9,0,1,-1,-1,-,X3Sig-
final,10197.014196,2,15,2,4,-2,0,0,-2,-,a1Delta
final,10825.237678,2,16,1,10,0,1,-1,-1,-,X3Sig-
final,11244.232169,2,17,2,5,-2,0,0,-2,-,a1Delta
final,11836.861989,2,18,1,11,0,1,-1,-1,-,X3Sig-
final,12278.004603,2,19,2,6,-2,0,0,-2,-,a1Delta
final,12835.679203,2,20,1,12,0,1,-1,-1,-,X3Sig-
final,13298.293454,2,21,2,7,-2,0,0,-2,-,a1Delta
final,13821.609616,2,22,1,13,0,1,-1,-1,-,X3Sig-
final,14305.073941,2,23,2,8,-2,0,0,-2,-,a1Delta
final,14794.567822,2,24,1,14,0,1,-1,-1,-,X3Sig-
final,15298.31974,2,25,2,9,-2,0,0,-2,-,a1Delta
final,15754.461782,2,26,1,15,0,1,-1,-1,-,X3Sig-
final,16277.907607,2,27,2,10,-2,0,0,-2,-,a1Delta
final,16701.197592,2,28,1,16,0,1,-1,-1,-,X3Sig-
final,17243.807804,2,29,2,11,-2,0,0,-2,-,a1Delta
final,17634.667675,2,30,1,17,0,1,-1,-1,-,X3Sig-
final,18195.960646,2,31,2,12,-2,0,0,-2,-,a1Delta
final,18554.767682,2,32,1,18,0,1,-1,-1,-,X3Sig-
final,19134.240225,2,33,2,13,-2,0,0,-2,-,a1Delta
final,19461.370267,2,34,1,19,0,1,-1,-1,-,X3Sig-
final,20058.509039,2,35,2,14,-2,0,0,-2,-,a1Delta
final,20354.344992,2,36,1,20,0,1,-1,-1,-,X3Sig-
final,20968.664895,2,37,2,15,-2,0,0,-2,-,a1Delta
final,21233.557796,2,38,1,21,0,1,-1,-1,-,X3Sig-
final,21864.599152,2,39,2,16,-2,0,0,-2,-,a1Delta
final,22098.871756,2,40,1,22,0,1,-1,-1,-,X3Sig-
final,22746.110601,2,41,2,17,-2,0,0,-2,-,a1Delta
final,22950.141862,2,42,1,23,0,1,-1,-1,-,X3Sig-
final,23613.066662,2,43,2,18,-2,0,0,-2,-,a1Delta
final,23787.206242,2,44,1,24,0,1,-1,-1,-,X3Sig-
final,24465.308626,2,45,2,19,-2,0,0,-2,-,a1Delta
final,24609.907888,2,46,1,25,0,1,-1,-1,-,X3Sig-
final,25302.632561,2,47,2,20,-2,0,0,-2,-,a1Delta
final,25418.079082,2,48,1,26,0,1,-1,-1,-,X3Sig-
final,26124.86133,2,49,2,21,-2,0,0,-2,-,a1Delta
final,26211.555276,2,50,1,27,0,1,-1,-1,-,X3Sig-
final,26931.787327,2,51,2,22,-2,0,0,-2,-,a1Delta
final,26990.149368,2,52,1,28,0,1,-1,-1,-,X3Sig-
final,27723.20671,2,53,2,23,-2,0,0,-2,-,a1Delta
final,27753.679853,2,54,1,29,0,1,-1,-1,-,X3Sig-
final,28498.893778,2,55,2,24,-2,0,0,-2,-,a1Delta
final,28501.955987,2,56,1,30,0,1,-1,-1,-,X3Sig-
final,29234.790066,2,57,1,31,0,1,-1,-1,-,X3Sig-
final,29258.60897,2,58,2,25,-2,0,0,-2,-,a1Delta
final,29951.971589,2,59,1,32,0,1,-1,-1,-,X3Sig-
final,30002.131627,2,60,2,26,-2,0,0,-2,-,a1Delta
final,30653.296064,2,61,1,33,0,1,-1,-1,-,X3Sig-
final,30729.192871,2,62,2,27,-2,0,0,-2,-,a1Delta
final,31338.552747,2,63,1,34,0,1,-1,-1,-,X3Sig-
final,31439.530114,2,64,2,28,-2,0,0,-2,-,a1Delta
final,32007.525008,2,65,1,35,0,1,-1,-1,-,X3Sig-
final,32132.89281,2,66,2,29,-2,0,0,-2,-,a1Delta
final,32659.986257,2,67,1,36,0,1,-1,-1,-,X3Sig-
final,32808.975652,2,68,2,30,-2,0,0,-2,-,a1Delta
final,33295.703633,2,69,1,37,0,1,-1,-1,-,X3Sig-
final,33467.493479,2,70,2,31,-2,0,0,-2,-,a1Delta
final,33914.448185,2,71,1,38,0,1,-1,-1,-,X3Sig-
final,34108.160501,2,72,2,32,-2,0,0,-2,-,a1Delta
final,34515.974462,2,73,1,39,0,1,-1,-1,-,X3Sig-
final,34730.63877,2,74,2,33,-2,0,0,-2,-,a1Delta
final,35100.037987,2,75,1,40,0,1,-1,-1,-,X3Sig-
final,35334.614693,2,76,2,34,-2,0,0,-2,-,a1Delta
final,35666.381569,2,77,1,41,0,1,-1,-1,-,X3Sig-
final,35919.760866,2,78,2,35,-2,0,0,-2,-,a1Delta
final,36214.747006,2,79,1,42,0,1,-1,-1,-,X3Sig-
final,36485.705255,2,80,2,36,-2,0,0,-2,-,a1Delta
final,36744.875067,2,81,1,43,0,1,-1,-1,-,X3Sig-
final,37032.105503,2,82,2,37,-2,0,0,-2,-,a1Delta
final,37256.489422,2,83,1,44,0,1,-1,-1,-,X3Sig-
final,37558.595741,2,84,2,38,-2,0,0,-2,-,a1Delta
final,37749.311868,2,85,1,45,0,1,-1,-1,-,X3Sig-
final,37945.220777,2,86,4,0,-1,1,1,0,-,A3Pi
final,38064.770801,2,87,2,39,-2,0,0,-2,-,a1Delta
final,38099.165577,2,88,4,0,-1,1,0,-1,-,A3Pi
final,38223.061993,2,89,1,46,0,1,-1,-1,-,X3Sig-
final,38262.009945,2,90,4,0,-1,1,-1,-2,-,A3Pi
final,38364.32088,2,91,4,1,-1,1,1,0,-,A3Pi
final,38516.035464,2,92,4,1,-1,1,0,-1,-,A3Pi
final,38550.254158,2,93,2,40,-2,0,0,-2,-,a1Delta
final,38676.573845,2,94,4,1,-1,1,-1,-2,-,A3Pi
final,38677.449867,2,95,1,47,0,1,-1,-1,-,X3Sig-
final,38773.942051,2,96,4,2,-1,1,1,0,-,A3Pi
final,38923.703408,2,97,4,2,-1,1,0,-1,-,A3Pi
final,39014.63066,2,98,2,41,-2,0,0,-2,-,a1Delta
final,39082.25014,2,99,4,2,-1,1,-1,-2,-,A3Pi
final,39112.180712,2,100,1,48,0,1,-1,-1,-,X3Sig-
final,39179.915961,2,101,4,3,-1,1,1,0,-,A3Pi
final,39327.772905,2,102,4,3,-1,1,0,-1,-,A3Pi
final,39457.463207,2,103,2,42,-2,0,0,-2,-,a1Delta
final,39484.315153,2,104,4,3,-1,1,-1,-2,-,A3Pi
final,39526.953288,2,105,1,49,0,1,-1,-1,-,X3Sig-
final,39582.328866,2,106,4,4,-1,1,1,0,-,A3Pi
final,39728.229618,2,107,4,4,-1,1,0,-1,-,A3Pi
final,39878.33675,2,108,2,43,-2,0,0,-2,-,a1Delta
final,39882.69258,2,109,4,4,-1,1,-1,-2,-,A3Pi
final,39921.45676,2,110,1,50,0,1,-1,-1,-,X3Sig-
final,39980.960481,2,111,4,5,-1,1,1,0,-,A3Pi
final,40124.805781,2,112,4,5,-1,1,0,-1,-,A3Pi
final,40276.778907,2,113,2,44,-2,0,0,-2,-,a1Delta
final,40277.063029,2,114,4,5,-1,1,-1,-2,-,A3Pi
final,40295.378078,2,115,1,51,0,1,-1,-1,-,X3Sig-
final,40375.013579,2,116,4,6,-1,1,1,0,-,A3Pi
final,40516.609279,2,117,4,6,-1,1,0,-1,-,A3Pi
final,40648.400106,2,118,1,52,0,1,-1,-1,-,X3Sig-
final,40652.333735,2,119,2,45,-2,0,0,-2,-,a1Delta
final,40666.432671,2,120,4,6,-1,1,-1,-2,-,A3Pi
final,40762.86437,2,121,4,7,-1,1,1,0,-,A3Pi
final,40901.937387,2,122,4,7,-1,1,0,-1,-,A3Pi
final,40980.197004,2,123,1,53,0,1,-1,-1,-,X3Sig-
final,41004.523045,2,124,2,46,-2,0,0,-2,-,a1Delta
final,41049.002676,2,125,4,7,-1,1,-1,-2,-,A3Pi
final,41142.608387,2,126,4,8,-1,1,1,0,-,A3Pi
final,41278.711289,2,127,4,8,-1,1,0,-1,-,A3Pi
final,41290.436806,2,128,1,54,0,1,-1,-1,-,X3Sig-
final,41332.838437,2,129,2,47,-2,0,0,-2,-,a1Delta
final,41385.586297,2,130,5,0,0,1,-1,-1,-,B3Sigma-
final,41422.50575,2,131,4,8,-1,1,-1,-2,-,A3Pi
final,41511.914561,2,132,4,9,-1,1,1,0,-,A3Pi
final,41578.780888,2,133,1,55,0,1,-1,-1,-,X3Sig-
final,41636.792942,2,134,2,48,-2,0,0,-2,-,a1Delta
final,41644.417255,2,135,4,9,-1,1,0,-1,-,A3Pi
final,41784.22665,2,136,4,9,-1,1,-1,-2,-,A3Pi
final,41844.88084,2,137,1,56,0,1,-1,-1,-,X3Sig-
final,41867.992892,2,138,4,10,-1,1,1,0,-,A3Pi
final,41915.84366,2,139,2,49,-2,0,0,-2,-,a1Delta
final,41996.027251,2,140,4,10,-1,1,0,-1,-,A3Pi
final,42006.020906,2,141,5,1,0,1,-1,-1,-,B3Sigma-
final,42088.389313,2,142,1,57,0,1,-1,-1,-,X3Sig-
final,42130.84538,2,143,4,10,-1,1,-1,-2,-,A3Pi
final,42169.494467,2,144,2,50,-2,0,0,-2,-,a1Delta
final,42207.5941,2,145,4,11,-1,1,1,0,-,A3Pi
final,42329.91851,2,146,4,11,-1,1,0,-1,-,A3Pi
final,42397.194911,2,147,2,51,-2,0,0,-2,-,a1Delta
final,42458.194673,2,148,4,11,-1,1,-1,-2,-,A3Pi
final,42526.809249,2,149,4,12,-1,1,1,0,-,A3Pi
final,42598.392557,2,150,2,52,-2,0,0,-2,-,a1Delta
final,42616.610376,2,151,5,2,0,1,-1,-1,-,B3Sigma-
final,42641.499848,2,152,4,12,-1,1,0,-1,-,A3Pi
final,42760.812345,2,153,4,12,-1,1,-1,-2,-,A3Pi
final,42772.542457,2,154,2,53,-2,0,0,-2,-,a1Delta
final,42820.471924,2,155,4,13,-1,1,1,0,-,A3Pi
final,42919.074032,2,156,2,54,-2,0,0,-2,-,a1Delta
final,42924.629053,2,157,4,13,-1,1,0,-1,-,A3Pi
final,43031.066361,2,158,4,13,-1,1,-1,-2,-,A3Pi
final,43037.383646,2,159,2,55,-2,0,0,-2,-,a1Delta
final,43081.557178,2,160,4,14,-1,1,1,0,-,A3Pi
final,43087.378836,2,161,8,0,-1,1,-1,-2,-,Cp3Pi
final,43119.743562,2,162,8,1,-1,1,-1,-2,-,Cp3Pi
final,43125.765598,2,163,2,56,-2,0,0,-2,-,a1Delta
final,43148.432907,2,164,8,2,-1,1,-1,-2,-,Cp3Pi
final,43156.496474,2,165,8,0,-1,1,0,-1,-,Cp3Pi
final,43164.915019,2,166,4,14,-1,1,-1,-2,-,A3Pi
final,43170.358162,2,167,4,14,-1,1,0,-1,-,A3Pi
final,43171.47622,2,168,8,3,-1,1,-1,-2,-,Cp3Pi
final,43185.117394,2,169,8,1,-1,1,0,-1,-,Cp3Pi
final,43185.862553,2,170,4,15,-1,1,-1,-2,-,A3Pi
final,43191.945127,2,171,8,4,-1,1,-1,-2,-,Cp3Pi
final,43192.62175,2,172,2,57,-2,0,0,-2,-,a1Delta
final,43202.505605,2,173,4,16,-1,1,-1,-2,-,A3Pi
final,43207.055936,2,174,8,2,-1,1,0,-1,-,Cp3Pi
final,43214.122067,2,175,8,5,-1,1,-1,-2,-,Cp3Pi
final,43217.431027,2,176,5,3,0,1,-1,-1,-,B3Sigma-
final,43218.612171,2,177,4,17,-1,1,-1,-2,-,A3Pi
final,43223.48954,2,178,8,3,-1,1,0,-1,-,Cp3Pi
final,43223.735989,2,179,4,15,-1,1,0,-1,-,A3Pi
final,43224.10301,2,180,8,0,-1,1,1,0,-,Cp3Pi
final,43230.410707,2,181,4,16,-1,1,0,-1,-,A3Pi
final,43239.058337,2,182,4,18,-1,1,-1,-2,-,A3Pi
final,43240.210555,2,183,8,6,-1,1,-1,-2,-,Cp3Pi
final,43242.520536,2,184,8,4,-1,1,0,-1,-,Cp3Pi
final,43242.790315,2,185,4,17,-1,1,0,-1,-,A3Pi
final,43246.42952,2,186,8,1,-1,1,1,0,-,Cp3Pi
final,43256.744186,2,187,4,19,-1,1,-1,-2,-,A3Pi
final,43257.385919,2,188,8,2,-1,1,1,0,-,Cp3Pi
final,43260.419308,2,189,4,18,-1,1,0,-1,-,A3Pi
final,43263.623631,2,190,4,20,-1,1,-1,-2,-,A3Pi
final,43265.280184,2,191,4,15,-1,1,1,0,-,A3Pi
final,43266.211697,2,192,8,5,-1,1,0,-1,-,Cp3Pi
final,43270.299585,2,193,8,7,-1,1,-1,-2,-,Cp3Pi
final,43273.598365,2,194,8,3,-1,1,1,0,-,Cp3Pi
final,43274.092134,2,195,4,16,-1,1,1,0,-,A3Pi
final,43282.155029,2,196,4,19,-1,1,0,-1,-,A3Pi
final,43284.01476,2,197,4,17,-1,1,1,0,-,A3Pi
final,43292.036216,2,198,4,21,-1,1,-1,-2,-,A3Pi
final,43293.669116,2,199,8,6,-1,1,0,-1,-,Cp3Pi
final,43294.537259,2,200,8,4,-1,1,1,0,-,Cp3Pi
final,43299.440316,2,201,4,18,-1,1,1,0,-,A3Pi
final,43301.818603,2,202,4,19,-1,1,1,0,-,A3Pi
final,43303.824946,2,203,8,8,-1,1,-1,-2,-,Cp3Pi
final,43307.223508,2,204,4,20,-1,1,0,-1,-,A3Pi
final,43319.387472,2,205,8,5,-1,1,1,0,-,Cp3Pi
final,43323.381377,2,206,4,22,-1,1,-1,-2,-,A3Pi
final,43323.830075,2,207,4,20,-1,1,1,0,-,A3Pi
final,43324.687736,2,208,8,7,-1,1,0,-1,-,Cp3Pi
final,43335.720028,2,209,4,21,-1,1,0,-1,-,A3Pi
final,43340.61306,2,210,8,9,-1,1,-1,-2,-,Cp3Pi
final,43347.911095,2,211,8,6,-1,1,1,0,-,Cp3Pi
final,43349.007667,2,212,4,21,-1,1,1,0,-,A3Pi
final,43356.713871,2,213,4,23,-1,1,-1,-2,-,A3Pi
final,43359.038113,2,214,8,8,-1,1,0,-1,-,Cp3Pi
final,43364.139641,2,215,4,22,-1,1,0,-1,-,A3Pi
final,43367.186437,2,216,4,23,-1,1,0,-1,-,A3Pi
final,43377.411398,2,217,4,22,-1,1,1,0,-,A3Pi
final,43379.530646,2,218,8,7,-1,1,1,0,-,Cp3Pi
final,43380.381734,2,219,8,10,-1,1,-1,-2,-,Cp3Pi
final,43391.427303,2,220,4,24,-1,1,-1,-2,-,A3Pi
final,43396.459161,2,221,8,9,-1,1,0,-1,-,Cp3Pi
final,43400.458187,2,222,4,24,-1,1,0,-1,-,A3Pi
final,43408.820487,2,223,4,23,-1,1,1,0,-,A3Pi
final,43413.736596,2,224,4,25,-1,1,-1,-2,-,A3Pi
final,43414.41322,2,225,8,8,-1,1,1,0,-,Cp3Pi
final,43423.069588,2,226,8,11,-1,1,-1,-2,-,Cp3Pi
final,43428.570722,2,227,4,26,-1,1,-1,-2,-,A3Pi
final,43434.909609,2,228,4,25,-1,1,0,-1,-,A3Pi
final,43436.813846,2,229,8,10,-1,1,0,-1,-,Cp3Pi
final,43441.853491,2,230,4,24,-1,1,1,0,-,A3Pi
final,43452.240887,2,231,8,9,-1,1,1,0,-,Cp3Pi
final,43458.26705,2,232,4,25,-1,1,1,0,-,A3Pi
final,43462.094049,2,233,4,27,-1,1,-1,-2,-,A3Pi
final,43467.197532,2,234,4,26,-1,1,0,-1,-,A3Pi
final,43468.461752,2,235,8,12,-1,1,-1,-2,-,Cp3Pi
final,43476.784955,2,236,4,26,-1,1,1,0,-,A3Pi
final,43479.943897,2,237,8,11,-1,1,0,-1,-,Cp3Pi
final,43486.558892,2,238,4,27,-1,1,0,-1,-,A3Pi
final,43492.941951,2,239,8,10,-1,1,1,0,-,Cp3Pi
final,43492.999794,2,240,4,28,-1,1,-1,-2,-,A3Pi
final,43510.411765,2,241,4,27,-1,1,1,0,-,A3Pi
final,43512.606685,2,242,4,28,-1,1,0,-1,-,A3Pi
final,43516.567401,2,243,8,13,-1,1,-1,-2,-,Cp3Pi
final,43523.788269,2,244,4,29,-1,1,-1,-2,-,A3Pi
final,43525.745621,2,245,8,12,-1,1,0,-1,-,Cp3Pi
final,43536.34651,2,246,8,11,-1,1,1,0,-,Cp3Pi
final,43540.421839,2,247,4,28,-1,1,1,0,-,A3Pi
final,43545.936891,2,248,4,29,-1,1,0,-1,-,A3Pi
final,43558.133565,2,249,4,30,-1,1,-1,-2,-,A3Pi
final,43567.21449,2,250,8,14,-1,1,-1,-2,-,Cp3Pi
final,43568.253772,2,251,4,29,-1,1,1,0,-,A3Pi
final,43574.14317,2,252,8,13,-1,1,0,-1,-,Cp3Pi
final,43580.169238,2,253,4,30,-1,1,0,-1,-,A3Pi
final,43582.433789,2,254,8,12,-1,1,1,0,-,Cp3Pi
final,43595.323608,2,255,4,31,-1,1,-1,-2,-,A3Pi
final,43600.632125,2,256,4,30,-1,1,1,0,-,A3Pi
final,43616.137217,2,257,4,31,-1,1,0,-1,-,A3Pi
final,43620.363666,2,258,8,15,-1,1,-1,-2,-,Cp3Pi
final,43625.069498,2,259,8,14,-1,1,0,-1,-,Cp3Pi
final,43631.05349,2,260,8,13,-1,1,1,0,-,Cp3Pi
final,43634.573287,2,261,4,32,-1,1,-1,-2,-,A3Pi
final,43636.447726,2,262,4,31,-1,1,1,0,-,A3Pi
final,43654.481725,2,263,4,32,-1,1,0,-1,-,A3Pi
final,43674.309778,2,264,4,32,-1,1,1,0,-,A3Pi
final,43675.796923,2,265,4,33,-1,1,-1,-2,-,A3Pi
final,43675.963682,2,266,8,16,-1,1,-1,-2,-,Cp3Pi
final,43678.429495,2,267,8,15,-1,1,0,-1,-,Cp3Pi
final,43682.242065,2,268,8,14,-1,1,1,0,-,Cp3Pi
final,43694.992611,2,269,4,33,-1,1,0,-1,-,A3Pi
final,43714.135015,2,270,4,33,-1,1,1,0,-,A3Pi
final,43718.993824,2,271,4,34,-1,1,-1,-2,-,A3Pi
final,43733.911469,2,272,8,17,-1,1,-1,-2,-,Cp3Pi
final,43734.239784,2,273,8,16,-1,1,0,-1,-,Cp3Pi
final,43735.836659,2,274,8,15,-1,1,1,0,-,Cp3Pi
final,43737.554903,2,275,4,34,-1,1,0,-1,-,A3Pi
final,43756.003344,2,276,4,34,-1,1,1,0,-,A3Pi
final,43764.116783,2,277,4,35,-1,1,-1,-2,-,A3Pi
final,43782.065561,2,278,4,35,-1,1,0,-1,-,A3Pi
final,43791.846168,2,279,8,16,-1,1,1,0,-,Cp3Pi
final,43792.411894,2,280,8,17,-1,1,0,-1,-,Cp3Pi
final,43794.195777,2,281,8,18,-1,1,-1,-2,-,Cp3Pi
final,43799.861226,2,282,4,35,-1,1,1,0,-,A3Pi
final,43808.608244,2,283,5,4,0,1,-1,-1,-,B3Sigma-
final,43811.161558,2,284,4,36,-1,1,-1,-2,-,A3Pi
final,43828.493673,2,285,4,36,-1,1,0,-1,-,A3Pi
final,43845.638218,2,286,4,36,-1,1,1,0,-,A3Pi
final,43850.219004,2,287,8,17,-1,1,1,0,-,Cp3Pi
final,43852.900109,2,288,8,18,-1,1,0,-1,-,Cp3Pi
final,43856.69349,2,289,8,19,-1,1,-1,-2,-,Cp3Pi
final,43860.083999,2,290,4,37,-1,1,-1,-2,-,A3Pi
final,43876.802824,2,291,4,37,-1,1,0,-1,-,A3Pi
final,43893.343547,2,292,4,37,-1,1,1,0,-,A3Pi
final,43910.844194,2,293,4,38,-1,1,-1,-2,-,A3Pi
final,43910.867539,2,294,8,18,-1,1,1,0,-,Cp3Pi
final,43915.627707,2,295,8,19,-1,1,0,-1,-,Cp3Pi
final,43921.40348,2,296,8,20,-1,1,-1,-2,-,Cp3Pi
final,43926.940019,2,297,4,38,-1,1,0,-1,-,A3Pi
final,43942.924837,2,298,4,38,-1,1,1,0,-,A3Pi
final,43963.409122,2,299,4,39,-1,1,-1,-2,-,A3Pi
final,43973.774663,2,300,8,19,-1,1,1,0,-,Cp3Pi
final,43978.917097,2,301,4,39,-1,1,0,-1,-,A3Pi
final,43980.368692,2,302,6,0,-1,1,-1,-2,-,C3Pi
final,43980.510112,2,303,8,20,-1,1,0,-1,-,Cp3Pi
final,43988.324317,2,304,8,21,-1,1,-1,-2,-,Cp3Pi
final,43994.358238,2,305,4,39,-1,1,1,0,-,A3Pi
final,44017.747795,2,306,4,40,-1,1,-1,-2,-,A3Pi
final,44032.708965,2,307,4,40,-1,1,0,-1,-,A3Pi
final,44038.820908,2,308,8,20,-1,1,1,0,-,Cp3Pi
final,44047.597938,2,309,8,21,-1,1,0,-1,-,Cp3Pi
final,44047.605986,2,310,4,40,-1,1,1,0,-,A3Pi
final,44057.297579,2,311,8,22,-1,1,-1,-2,-,Cp3Pi
final,44073.852306,2,312,4,41,-1,1,-1,-2,-,A3Pi
final,44088.287408,2,313,4,41,-1,1,0,-1,-,A3Pi
final,44102.641651,2,314,4,41,-1,1,1,0,-,A3Pi
final,44106.094457,2,315,8,21,-1,1,1,0,-,Cp3Pi
final,44116.743033,2,316,8,22,-1,1,0,-1,-,Cp3Pi
final,44128.401411,2,317,8,23,-1,1,-1,-2,-,Cp3Pi
final,44131.721816,2,318,4,42,-1,1,-1,-2,-,A3Pi
final,44145.621396,2,319,4,42,-1,1,0,-1,-,A3Pi
final,44159.461179,2,320,4,42,-1,1,1,0,-,A3Pi
final,44162.916509,2,321,6,0,-1,1,0,-1,-,C3Pi
final,44175.435917,2,322,8,22,-1,1,1,0,-,Cp3Pi
final,44187.998779,2,323,8,23,-1,1,0,-1,-,Cp3Pi
final,44191.317324,2,324,4,43,-1,1,-1,-2,-,A3Pi
final,44201.545593,2,325,8,24,-1,1,-1,-2,-,Cp3Pi
final,44204.695775,2,326,4,43,-1,1,0,-1,-,A3Pi
final,44218.04065,2,327,4,43,-1,1,1,0,-,A3Pi
final,44246.839531,2,328,8,23,-1,1,1,0,-,Cp3Pi
final,44252.619588,2,329,4,44,-1,1,-1,-2,-,A3Pi
final,44261.333303,2,330,8,24,-1,1,0,-1,-,Cp3Pi
final,44265.497504,2,331,4,44,-1,1,0,-1,-,A3Pi
final,44276.669523,2,332,8,25,-1,1,-1,-2,-,Cp3Pi
final,44278.369455,2,333,4,44,-1,1,1,0,-,A3Pi
final,44315.622602,2,334,4,45,-1,1,-1,-2,-,A3Pi
final,44320.336439,2,335,8,24,-1,1,1,0,-,Cp3Pi
final,44328.00719,2,336,4,45,-1,1,0,-1,-,A3Pi
final,44336.635743,2,337,8,25,-1,1,0,-1,-,Cp3Pi
final,44340.424344,2,338,4,45,-1,1,1,0,-,A3Pi
final,44345.856296,2,339,6,0,-1,1,1,0,-,C3Pi
final,44353.785594,2,340,8,26,-1,1,-1,-2,-,Cp3Pi
final,44380.304596,2,341,4,46,-1,1,-1,-2,-,A3Pi
final,44391.92488,2,342,5,5,0,1,-1,-1,-,B3Sigma-
final,44392.382249,2,343,4,46,-1,1,0,-1,-,A3Pi
final,44395.790049,2,344,8,25,-1,1,1,0,-,Cp3Pi
final,44404.184152,2,345,4,46,-1,1,1,0,-,A3Pi
final,44413.919128,2,346,8,26,-1,1,0,-1,-,Cp3Pi
final,44432.832238,2,347,8,27,-1,1,-1,-2,-,Cp3Pi
final,44446.656931,2,348,4,47,-1,1,-1,-2,-,A3Pi
final,44458.120106,2,349,4,47,-1,1,0,-1,-,A3Pi
final,44469.627731,2,350,4,47,-1,1,1,0,-,A3Pi
final,44473.245631,2,351,8,26,-1,1,1,0,-,Cp3Pi
final,44493.124667,2,352,8,27,-1,1,0,-1,-,Cp3Pi
final,44513.765487,2,353,8,28,-1,1,-1,-2,-,Cp3Pi
final,44514.681769,2,354,4,48,-1,1,-1,-2,-,A3Pi
final,44525.677925,2,355,4,48,-1,1,0,-1,-,A3Pi
final,44536.763271,2,356,4,48,-1,1,1,0,-,A3Pi
final,44552.62352,2,357,8,27,-1,1,1,0,-,Cp3Pi
final,44574.234194,2,358,8,28,-1,1,0,-1,-,Cp3Pi
final,44584.327479,2,359,4,49,-1,1,-1,-2,-,A3Pi
final,44594.89039,2,360,4,49,-1,1,0,-1,-,A3Pi
final,44596.596271,2,361,8,29,-1,1,-1,-2,-,Cp3Pi
final,44605.56461,2,362,4,49,-1,1,1,0,-,A3Pi
final,44633.906686,2,363,8,28,-1,1,1,0,-,Cp3Pi
final,44655.611129,2,364,4,50,-1,1,-1,-2,-,A3Pi
final,44657.225522,2,365,8,29,-1,1,0,-1,-,Cp3Pi
final,44665.751017,2,366,4,50,-1,1,0,-1,-,A3Pi
final,44673.113969,2,367,6,1,-1,1,-1,-2,-,C3Pi
final,44676.017497,2,368,4,50,-1,1,1,0,-,A3Pi
final,44681.266079,2,369,8,30,-1,1,-1,-2,-,Cp3Pi
final,44717.054352,2,370,8,29,-1,1,1,0,-,Cp3Pi
final,44728.537421,2,371,4,51,-1,1,-1,-2,-,A3Pi
final,44738.23777,2,372,4,51,-1,1,0,-1,-,A3Pi
final,44742.088385,2,373,8,30,-1,1,0,-1,-,Cp3Pi
final,44748.121679,2,374,4,51,-1,1,1,0,-,A3Pi
final,44767.713416,2,375,8,31,-1,1,-1,-2,-,Cp3Pi
final,44802.073546,2,376,8,30,-1,1,1,0,-,Cp3Pi
final,44803.080239,2,377,4,52,-1,1,-1,-2,-,A3Pi
final,44812.348124,2,378,4,52,-1,1,0,-1,-,A3Pi
final,44821.951411,2,379,4,52,-1,1,1,0,-,A3Pi
final,44828.716369,2,380,8,31,-1,1,0,-1,-,Cp3Pi
final,44853.322563,2,381,6,1,-1,1,0,-1,-,C3Pi
final,44855.964671,2,382,8,32,-1,1,-1,-2,-,Cp3Pi
final,44879.238819,2,383,4,53,-1,1,-1,-2,-,A3Pi
final,44888.063777,2,384,4,53,-1,1,0,-1,-,A3Pi
final,44888.877909,2,385,8,31,-1,1,1,0,-,Cp3Pi
final,44897.613698,2,386,4,53,-1,1,1,0,-,A3Pi
final,44917.133513,2,387,8,32,-1,1,0,-1,-,Cp3Pi
final,44945.977968,2,388,8,33,-1,1,-1,-2,-,Cp3Pi
final,44956.955465,2,389,4,54,-1,1,-1,-2,-,A3Pi
final,44965.347483,2,390,4,54,-1,1,0,-1,-,A3Pi
final,44968.859493,2,391,5,6,0,1,-1,-1,-,B3Sigma-
final,44975.481513,2,392,4,54,-1,1,1,0,-,A3Pi
final,44977.478627,2,393,8,32,-1,1,1,0,-,Cp3Pi
final,45007.323605,2,394,8,33,-1,1,0,-1,-,Cp3Pi
final,45036.237815,2,395,4,55,-1,1,-1,-2,-,A3Pi
final,45037.719992,2,396,8,34,-1,1,-1,-2,-,Cp3Pi
final,45038.261177,2,397,6,1,-1,1,1,0,-,C3Pi
final,45044.292379,2,398,4,55,-1,1,0,-1,-,A3Pi
final,45055.67302,2,399,4,55,-1,1,1,0,-,A3Pi
final,45067.839429,2,400,8,33,-1,1,1,0,-,Cp3Pi
final,45099.245303,2,401,8,34,-1,1,0,-1,-,Cp3Pi
final,45118.854553,2,402,4,56,-1,1,-1,-2,-,A3Pi
final,45124.786739,2,403,4,56,-1,1,0,-1,-,A3Pi
final,45131.140223,2,404,8,35,-1,1,-1,-2,-,Cp3Pi
final,45140.17189,2,405,4,56,-1,1,1,0,-,A3Pi
final,45159.932401,2,406,8,34,-1,1,1,0,-,Cp3Pi
final,45192.862569,2,407,8,35,-1,1,0,-1,-,Cp3Pi
final,45206.793182,2,408,4,57,-1,1,0,-1,-,A3Pi
final,45224.143874,2,409,4,57,-1,1,1,0,-,A3Pi
final,45226.020014,2,410,6,2,-1,1,1,0,-,C3Pi
final,45226.263784,2,411,8,36,-1,1,-1,-2,-,Cp3Pi
final,45253.718576,2,412,8,35,-1,1,1,0,-,Cp3Pi
final,45288.176342,2,413,8,36,-1,1,0,-1,-,Cp3Pi
final,45323.029992,2,414,8,37,-1,1,-1,-2,-,Cp3Pi
final,45349.205723,2,415,8,36,-1,1,1,0,-,Cp3Pi
final,45351.468022,2,416,6,2,-1,1,-1,-2,-,C3Pi
final,45385.124067,2,417,8,37,-1,1,0,-1,-,Cp3Pi
final,45421.45076,2,418,8,38,-1,1,-1,-2,-,Cp3Pi
final,45446.338231,2,419,8,37,-1,1,1,0,-,Cp3Pi
final,45483.725561,2,420,8,38,-1,1,0,-1,-,Cp3Pi
final,45515.927683,2,421,6,2,-1,1,0,-1,-,C3Pi
final,45521.466304,2,422,8,39,-1,1,-1,-2,-,Cp3Pi
final,45545.116171,2,423,8,38,-1,1,1,0,-,Cp3Pi
final,45549.725313,2,424,5,7,0,1,-1,-1,-,B3Sigma-
final,45583.935947,2,425,8,39,-1,1,0,-1,-,Cp3Pi
final,45623.074755,2,426,8,40,-1,1,-1,-2,-,Cp3Pi
final,45645.503984,2,427,8,39,-1,1,1,0,-,Cp3Pi
final,45685.73698,2,428,8,40,-1,1,0,-1,-,Cp3Pi
final,45716.080809,2,429,6,3,-1,1,1,0,-,C3Pi
final,45726.238991,2,430,8,41,-1,1,-1,-2,-,Cp3Pi
final,45747.47702,2,431,8,40,-1,1,1,0,-,Cp3Pi
final,45789.093687,2,432,8,41,-1,1,0,-1,-,Cp3Pi
final,45830.947075,2,433,8,42,-1,1,-1,-2,-,Cp3Pi
final,45851.01846,2,434,8,41,-1,1,1,0,-,Cp3Pi
final,45893.982833,2,435,8,42,-1,1,0,-1,-,Cp3Pi
final,45937.18401,2,436,8,43,-1,1,-1,-2,-,Cp3Pi
final,45956.090782,2,437,8,42,-1,1,1,0,-,Cp3Pi
final,46000.405627,2,438,8,43,-1,1,0,-1,-,Cp3Pi
final,46012.684815,2,439,6,3,-1,1,-1,-2,-,C3Pi
final,46044.92922,2,440,8,44,-1,1,-1,-2,-,Cp3Pi
final,46062.694411,2,441,8,43,-1,1,1,0,-,Cp3Pi
final,46087.346394,2,442,5,8,0,1,-1,-1,-,B3Sigma-
final,46108.341907,2,443,8,44,-1,1,0,-1,-,Cp3Pi
final,46154.166153,2,444,8,45,-1,1,-1,-2,-,Cp3Pi
final,46170.806749,2,445,8,44,-1,1,1,0,-,Cp3Pi
final,46195.123646,2,446,6,3,-1,1,0,-1,-,C3Pi
final,46217.765266,2,447,8,45,-1,1,0,-1,-,Cp3Pi
final,46264.880151,2,448,8,46,-1,1,-1,-2,-,Cp3Pi
final,46280.409825,2,449,8,45,-1,1,1,0,-,Cp3Pi
final,46328.654242,2,450,8,46,-1,1,0,-1,-,Cp3Pi
final,46376.683028,2,451,6,4,-1,1,1,0,-,C3Pi
final,46377.05089,2,452,8,47,-1,1,-1,-2,-,Cp3Pi
final,46391.481254,2,453,8,46,-1,1,1,0,-,Cp3Pi
final,46440.993894,2,454,8,47,-1,1,0,-1,-,Cp3Pi
final,46490.663823,2,455,8,48,-1,1,-1,-2,-,Cp3Pi
final,46504.004669,2,456,8,47,-1,1,1,0,-,Cp3Pi
final,46554.768235,2,457,8,48,-1,1,0,-1,-,Cp3Pi
final,46605.698872,2,458,8,49,-1,1,-1,-2,-,Cp3Pi
final,46617.964511,2,459,8,48,-1,1,1,0,-,Cp3Pi
final,46635.076244,2,460,5,9,0,1,-1,-1,-,B3Sigma-
final,46655.98671,2,461,6,4,-1,1,-1,-2,-,C3Pi
final,46670.018378,2,462,8,49,-1,1,0,-1,-,Cp3Pi
final,46722.148165,2,463,8,50,-1,1,-1,-2,-,Cp3Pi
final,46733.339536,2,464,8,49,-1,1,1,0,-,Cp3Pi
final,46786.585069,2,465,8,50,-1,1,0,-1,-,Cp3Pi
final,46836.037193,2,466,6,4,-1,1,0,-1,-,C3Pi
final,46839.99834,2,467,8,51,-1,1,-1,-2,-,Cp3Pi
final,46850.112301,2,468,8,50,-1,1,1,0,-,Cp3Pi
final,46904.551635,2,469,8,51,-1,1,0,-1,-,Cp3Pi
final,46959.235932,2,470,8,52,-1,1,-1,-2,-,Cp3Pi
final,46968.271303,2,471,8,51,-1,1,1,0,-,Cp3Pi
final,47019.003806,2,472,6,5,-1,1,1,0,-,C3Pi
final,47023.85166,2,473,8,52,-1,1,0,-1,-,Cp3Pi
final,47079.846943,2,474,8,53,-1,1,-1,-2,-,Cp3Pi
final,47087.80175,2,475,8,52,-1,1,1,0,-,Cp3Pi
final,47143.856458,2,476,8,53,-1,1,0,-1,-,Cp3Pi
final,47171.317139,2,477,5,10,0,1,-1,-1,-,B3Sigma-
final,47201.823003,2,478,8,54,-1,1,-1,-2,-,Cp3Pi
final,47208.680282,2,479,8,53,-1,1,1,0,-,Cp3Pi
final,47267.060129,2,480,8,54,-1,1,0,-1,-,Cp3Pi
final,47279.219899,2,481,6,5,-1,1,-1,-2,-,C3Pi
final,47325.158245,2,482,8,55,-1,1,-1,-2,-,Cp3Pi
final,47330.892822,2,483,8,54,-1,1,1,0,-,Cp3Pi
final,47390.305401,2,484,8,55,-1,1,0,-1,-,Cp3Pi
final,47449.841145,2,485,8,56,-1,1,-1,-2,-,Cp3Pi
final,47454.430947,2,486,8,55,-1,1,1,0,-,Cp3Pi
final,47457.705985,2,487,6,5,-1,1,0,-1,-,C3Pi
final,47514.911702,2,488,8,56,-1,1,0,-1,-,Cp3Pi
final,47575.856109,2,489,8,57,-1,1,-1,-2,-,Cp3Pi
final,47579.277771,2,490,8,56,-1,1,1,0,-,Cp3Pi
final,47640.265986,2,491,6,6,-1,1,1,0,-,C3Pi
final,47640.309568,2,492,8,57,-1,1,0,-1,-,Cp3Pi
final,47695.914924,2,493,5,11,0,1,-1,-1,-,B3Sigma-
final,47703.184368,2,494,8,58,-1,1,-1,-2,-,Cp3Pi
final,47705.410037,2,495,8,57,-1,1,1,0,-,Cp3Pi
final,47769.322947,2,496,8,58,-1,1,0,-1,-,Cp3Pi
final,47831.781923,2,497,8,59,-1,1,-1,-2,-,Cp3Pi
final,47832.797716,2,498,8,58,-1,1,1,0,-,Cp3Pi
final,47877.425359,2,499,6,6,-1,1,-1,-2,-,C3Pi
final,47897.463772,2,500,8,59,-1,1,0,-1,-,Cp3Pi
final,47961.411263,2,501,8,59,-1,1,1,0,-,Cp3Pi
final,47961.756974,2,502,8,60,-1,1,-1,-2,-,Cp3Pi
final,48027.056471,2,503,8,60,-1,1,0,-1,-,Cp3Pi
final,48053.555515,2,504,6,6,-1,1,0,-1,-,C3Pi
final,48091.195147,2,505,8,60,-1,1,1,0,-,Cp3Pi
final,48092.86974,2,506,8,61,-1,1,-1,-2,-,Cp3Pi
final,48158.200499,2,507,8,61,-1,1,0,-1,-,Cp3Pi
final,48206.47083,2,508,5,12,0,1,-1,-1,-,B3Sigma-
final,48221.29118,2,509,8,61,-1,1,1,0,-,Cp3Pi
final,48225.098131,2,510,8,62,-1,1,-1,-2,-,Cp3Pi
final,48234.292815,2,511,6,7,-1,1,1,0,-,C3Pi
final,48290.372491,2,512,8,62,-1,1,0,-1,-,Cp3Pi
final,48354.346842,2,513,8,62,-1,1,1,0,-,Cp3Pi
final,48357.74121,2,514,8,63,-1,1,-1,-2,-,Cp3Pi
final,48423.184554,2,515,8,63,-1,1,0,-1,-,Cp3Pi
final,48440.305882,2,516,6,7,-1,1,-1,-2,-,C3Pi
final,48487.146325,2,517,8,63,-1,1,1,0,-,Cp3Pi
final,48496.422527,2,518,8,64,-1,1,-1,-2,-,Cp3Pi
final,48554.216049,2,519,8,64,-1,1,0,-1,-,Cp3Pi
final,48613.064165,2,520,6,7,-1,1,0,-1,-,C3Pi
final,48620.08423,2,521,8,64,-1,1,1,0,-,Cp3Pi
final,48629.989563,2,522,8,65,-1,1,-1,-2,-,Cp3Pi
final,48696.830575,2,523,8,65,-1,1,0,-1,-,Cp3Pi
final,48705.64729,2,524,5,13,0,1,-1,-1,-,B3Sigma-
final,48745.175409,2,525,8,65,-1,1,1,0,-,Cp3Pi
final,48764.515122,2,526,8,66,-1,1,-1,-2,-,Cp3Pi
final,48793.770486,2,527,6,8,-1,1,1,0,-,C3Pi
final,48830.810893,2,528,8,66,-1,1,0,-1,-,Cp3Pi
final,48892.280335,2,529,8,67,-1,1,-1,-2,-,Cp3Pi
final,48898.196876,2,530,8,66,-1,1,1,0,-,Cp3Pi
final,48963.338469,2,531,8,67,-1,1,0,-1,-,Cp3Pi
final,48976.134515,2,532,6,8,-1,1,-1,-2,-,C3Pi
final,49030.564212,2,533,8,67,-1,1,1,0,-,Cp3Pi
final,49065.914786,2,534,8,68,-1,1,-1,-2,-,Cp3Pi
final,49082.636123,2,535,8,68,-1,1,0,-1,-,Cp3Pi
final,49160.307185,2,536,8,68,-1,1,1,0,-,Cp3Pi
final,49166.250124,2,537,6,8,-1,1,0,-1,-,C3Pi
final,49188.440567,2,538,5,14,0,1,-1,-1,-,B3Sigma-
final,49196.295627,2,539,8,69,-1,1,-1,-2,-,Cp3Pi
final,49273.534713,2,540,8,69,-1,1,1,0,-,Cp3Pi
final,49274.137195,2,541,8,69,-1,1,0,-1,-,Cp3Pi
final,49331.324003,2,542,8,70,-1,1,-1,-2,-,Cp3Pi
final,49367.269919,2,543,6,9,-1,1,1,0,-,C3Pi
final,49404.755422,2,544,8,70,-1,1,0,-1,-,Cp3Pi
final,49457.579483,2,545,8,71,-1,1,-1,-2,-,Cp3Pi
final,49482.33626,2,546,8,70,-1,1,1,0,-,Cp3Pi
final,49537.986534,2,547,8,71,-1,1,0,-1,-,Cp3Pi
final,49555.615748,2,548,6,9,-1,1,-1,-2,-,C3Pi
final,49613.465087,2,549,8,71,-1,1,1,0,-,Cp3Pi
final,49646.998764,2,550,5,15,0,1,-1,-1,-,B3Sigma-
final,49661.576196,2,551,8,72,-1,1,-1,-2,-,Cp3Pi
final,49663.587708,2,552,8,72,-1,1,0,-1,-,Cp3Pi
final,49746.088054,2,553,8,72,-1,1,1,0,-,Cp3Pi
final,49764.531726,2,554,6,9,-1,1,0,-1,-,C3Pi
final,49795.424259,2,555,8,73,-1,1,-1,-2,-,Cp3Pi
final,49869.360379,2,556,8,73,-1,1,1,0,-,Cp3Pi
final,49877.948286,2,557,8,73,-1,1,0,-1,-,Cp3Pi
final,49938.565131,2,558,8,74,-1,1,-1,-2,-,Cp3Pi
final,49977.581126,2,559,6,10,-1,1,1,0,-,C3Pi
final,50012.736989,2,560,8,74,-1,1,0,-1,-,Cp3Pi
final,50039.630423,2,561,6,10,-1,1,-1,-2,-,C3Pi
final,50063.223592,2,562,5,16,0,1,-1,-1,-,B3Sigma-
final,50085.337641,2,563,8,75,-1,1,-1,-2,-,Cp3Pi
final,50094.783436,2,564,8,74,-1,1,1,0,-,Cp3Pi
final,50155.906602,2,565,8,75,-1,1,0,-1,-,Cp3Pi
final,50217.117938,2,566,6,10,-1,1,0,-1,-,C3Pi
final,50229.425675,2,567,8,75,-1,1,1,0,-,Cp3Pi
final,50233.050338,2,568,8,76,-1,1,-1,-2,-,Cp3Pi
final,50303.332532,2,569,8,76,-1,1,0,-1,-,Cp3Pi
final,50367.468999,2,570,8,76,-1,1,1,0,-,Cp3Pi
final,50378.612801,2,571,8,77,-1,1,-1,-2,-,Cp3Pi
final,50382.819817,2,572,5,17,0,1,-1,-1,-,B3Sigma-
final,50401.268602,2,573,6,11,-1,1,1,0,-,C3Pi
final,50451.11656,2,574,8,77,-1,1,0,-1,-,Cp3Pi
final,50492.997359,2,575,6,11,-1,1,-1,-2,-,C3Pi
final,50522.848636,2,576,8,77,-1,1,1,0,-,Cp3Pi
final,50568.254714,2,577,8,78,-1,1,-1,-2,-,Cp3Pi
final,50594.996959,2,578,8,78,-1,1,0,-1,-,Cp3Pi
final,50599.053251,2,579,5,18,0,1,-1,-1,-,B3Sigma-
final,50670.440779,2,580,8,78,-1,1,1,0,-,Cp3Pi
final,50698.873292,2,581,6,11,-1,1,0,-1,-,C3Pi
final,50703.973143,2,582,8,79,-1,1,-1,-2,-,Cp3Pi
final,50782.891425,2,583,8,79,-1,1,0,-1,-,Cp3Pi
final,50802.107307,2,584,5,19,0,1,-1,-1,-,B3Sigma-
final,50813.57619,2,585,8,79,-1,1,1,0,-,Cp3Pi
final,50847.085114,2,586,8,80,-1,1,-1,-2,-,Cp3Pi
final,50906.603748,2,587,6,12,-1,1,1,0,-,C3Pi
final,50921.322592,2,588,8,80,-1,1,0,-1,-,Cp3Pi
final,50924.702893,2,589,6,12,-1,1,-1,-2,-,C3Pi
final,50996.392099,2,590,8,80,-1,1,1,0,-,Cp3Pi
final,51002.575243,2,591,5,20,0,1,-1,-1,-,B3Sigma-
final,51028.814197,2,592,8,81,-1,1,-1,-2,-,Cp3Pi
final,51052.519584,2,593,8,81,-1,1,0,-1,-,Cp3Pi
final,51131.210144,2,594,6,12,-1,1,0,-1,-,C3Pi
final,51135.85621,2,595,8,81,-1,1,1,0,-,Cp3Pi
final,51180.553363,2,596,7,0,-1,0,0,-1,-,e1Pi
final,51181.753145,2,597,8,82,-1,1,-1,-2,-,Cp3Pi
final,51195.668184,2,598,5,21,0,1,-1,-1,-,B3Sigma-
final,51256.100465,2,599,8,82,-1,1,0,-1,-,Cp3Pi
final,51259.245563,2,600,8,82,-1,1,1,0,-,Cp3Pi
final,51327.299694,2,601,6,13,-1,1,-1,-2,-,C3Pi
final,51345.666541,2,602,8,83,-1,1,-1,-2,-,Cp3Pi
final,51350.638417,2,603,6,13,-1,1,1,0,-,C3Pi
final,51379.383196,2,604,5,22,0,1,-1,-1,-,B3Sigma-
final,51408.157425,2,605,8,83,-1,1,0,-1,-,Cp3Pi
final,51481.789607,2,606,8,83,-1,1,1,0,-,Cp3Pi
final,51502.187752,2,607,8,84,-1,1,-1,-2,-,Cp3Pi
final,51504.485194,2,608,6,13,-1,1,0,-1,-,C3Pi
final,51552.396649,2,609,5,23,0,1,-1,-1,-,B3Sigma-
final,51575.399356,2,610,8,84,-1,1,0,-1,-,Cp3Pi
final,51626.200078,2,611,8,84,-1,1,1,0,-,Cp3Pi
final,51662.887814,2,612,8,85,-1,1,-1,-2,-,Cp3Pi
final,51694.044936,2,613,6,14,-1,1,1,0,-,C3Pi
final,51712.19861,2,614,5,24,0,1,-1,-1,-,B3Sigma-
final,51718.469375,2,615,6,14,-1,1,-1,-2,-,C3Pi
final,51733.969672,2,616,8,85,-1,1,0,-1,-,Cp3Pi
final,51807.027365,2,617,8,85,-1,1,1,0,-,Cp3Pi
final,51829.586943,2,618,8,86,-1,1,-1,-2,-,Cp3Pi
final,51857.861408,2,619,5,25,0,1,-1,-1,-,B3Sigma-
final,51891.559648,2,620,6,14,-1,1,0,-1,-,C3Pi
final,51899.76793,2,621,8,86,-1,1,0,-1,-,Cp3Pi
final,51933.124085,2,622,7,1,-1,0,0,-1,-,e1Pi
final,51965.692996,2,623,8,86,-1,1,1,0,-,Cp3Pi
final,51988.645919,2,624,8,87,-1,1,-1,-2,-,Cp3Pi
final,51989.018946,2,625,5,26,0,1,-1,-1,-,B3Sigma-
final,52053.597209,2,626,6,15,-1,1,-1,-2,-,C3Pi
final,52060.628079,2,627,8,87,-1,1,0,-1,-,Cp3Pi
final,52073.705448,2,628,6,15,-1,1,1,0,-,C3Pi
final,52104.836506,2,629,5,27,0,1,-1,-1,-,B3Sigma-
final,52129.783525,2,630,8,87,-1,1,1,0,-,Cp3Pi
final,52165.174781,2,631,8,88,-1,1,-1,-2,-,Cp3Pi
final,52203.721131,2,632,5,28,0,1,-1,-1,-,B3Sigma-
final,52212.292234,2,633,6,15,-1,1,0,-1,-,C3Pi
final,52246.784026,2,634,8,88,-1,1,0,-1,-,Cp3Pi
final,52285.85427,2,635,5,29,0,1,-1,-1,-,B3Sigma-
final,52290.784761,2,636,6,16,-1,1,-1,-2,-,C3Pi
final,52294.360052,2,637,8,88,-1,1,1,0,-,Cp3Pi
final,52339.581374,2,638,8,89,-1,1,-1,-2,-,Cp3Pi
final,52341.763444,2,639,6,17,-1,1,-1,-2,-,C3Pi
final,52346.354601,2,640,6,18,-1,1,-1,-2,-,C3Pi
final,52347.900227,2,641,5,30,0,1,-1,-1,-,B3Sigma-
final,52353.622065,2,642,6,19,-1,1,-1,-2,-,C3Pi
final,52363.561295,2,643,6,20,-1,1,-1,-2,-,C3Pi
final,52376.10554,2,644,6,21,-1,1,-1,-2,-,C3Pi
final,52390.584748,2,645,5,31,0,1,-1,-1,-,B3Sigma-
final,52391.158868,2,646,6,22,-1,1,-1,-2,-,C3Pi
final,52394.479804,2,647,8,89,-1,1,0,-1,-,Cp3Pi
final,52408.569768,2,648,6,23,-1,1,-1,-2,-,C3Pi
final,52412.004672,2,649,6,16,-1,1,1,0,-,C3Pi
final,52419.824644,2,650,5,32,0,1,-1,-1,-,B3Sigma-
final,52428.231434,2,651,6,24,-1,1,-1,-2,-,C3Pi
final,52439.566094,2,652,5,33,0,1,-1,-1,-,B3Sigma-
final,52449.9527,2,653,6,25,-1,1,-1,-2,-,C3Pi
final,52458.406691,2,654,5,34,0,1,-1,-1,-,B3Sigma-
final,52464.124271,2,655,8,89,-1,1,1,0,-,Cp3Pi
final,52473.301633,2,656,6,26,-1,1,-1,-2,-,C3Pi
final,52479.155228,2,657,6,16,-1,1,0,-1,-,C3Pi
final,52481.641833,2,658,5,35,0,1,-1,-1,-,B3Sigma-
final,52496.030384,2,659,6,27,-1,1,-1,-2,-,C3Pi
final,52509.179565,2,660,5,36,0,1,-1,-1,-,B3Sigma-
final,52512.112071,2,661,8,90,-1,1,-1,-2,-,Cp3Pi
final,52522.513625,2,662,6,17,-1,1,0,-1,-,C3Pi
final,52529.427573,2,663,6,18,-1,1,0,-1,-,C3Pi
final,52533.853658,2,664,6,28,-1,1,-1,-2,-,C3Pi
final,52535.5073,2,665,6,19,-1,1,0,-1,-,C3Pi
final,52540.519855,2,666,5,37,0,1,-1,-1,-,B3Sigma-
final,52544.852529,2,667,6,20,-1,1,0,-1,-,C3Pi
final,52555.930821,2,668,6,21,-1,1,0,-1,-,C3Pi
final,52562.993835,2,669,6,29,-1,1,-1,-2,-,C3Pi
final,52566.416062,2,670,8,90,-1,1,0,-1,-,Cp3Pi
final,52574.981898,2,671,5,38,0,1,-1,-1,-,B3Sigma-
final,52577.422938,2,672,6,22,-1,1,0,-1,-,C3Pi
final,52592.425412,2,673,6,23,-1,1,0,-1,-,C3Pi
final,52595.19134,2,674,6,30,-1,1,-1,-2,-,C3Pi
final,52611.496041,2,675,6,24,-1,1,0,-1,-,C3Pi
final,52614.067482,2,676,5,39,0,1,-1,-1,-,B3Sigma-
final,52624.20562,2,677,8,90,-1,1,1,0,-,Cp3Pi
final,52629.387299,2,678,6,31,-1,1,-1,-2,-,C3Pi
final,52633.502779,2,679,6,25,-1,1,0,-1,-,C3Pi
final,52654.801774,2,680,5,40,0,1,-1,-1,-,B3Sigma-
final,52657.705197,2,681,6,26,-1,1,0,-1,-,C3Pi
final,52663.448101,2,682,6,32,-1,1,-1,-2,-,C3Pi
final,52666.894777,2,683,6,17,-1,1,1,0,-,C3Pi
final,52678.658187,2,684,7,2,-1,0,0,-1,-,e1Pi
final,52683.379264,2,685,6,27,-1,1,0,-1,-,C3Pi
final,52685.251265,2,686,8,91,-1,1,-1,-2,-,Cp3Pi
final,52686.15293,2,687,6,18,-1,1,1,0,-,C3Pi
final,52691.103355,2,688,6,19,-1,1,1,0,-,C3Pi
final,52698.676941,2,689,6,20,-1,1,1,0,-,C3Pi
final,52698.868027,2,690,5,41,0,1,-1,-1,-,B3Sigma-
final,52708.936976,2,691,6,21,-1,1,1,0,-,C3Pi
final,52710.657567,2,692,6,28,-1,1,0,-1,-,C3Pi
final,52711.516707,2,693,6,33,-1,1,-1,-2,-,C3Pi
final,52721.786105,2,694,6,22,-1,1,1,0,-,C3Pi
final,52734.037701,2,695,8,91,-1,1,0,-1,-,Cp3Pi
final,52737.102774,2,696,6,23,-1,1,1,0,-,C3Pi
final,52746.377329,2,697,5,42,0,1,-1,-1,-,B3Sigma-
final,52750.647443,2,698,6,34,-1,1,-1,-2,-,C3Pi
final,52753.214523,2,699,6,29,-1,1,0,-1,-,C3Pi
final,52754.709663,2,700,6,24,-1,1,1,0,-,C3Pi
final,52774.171619,2,701,6,25,-1,1,1,0,-,C3Pi
final,52780.651021,2,702,6,30,-1,1,0,-1,-,C3Pi
final,52792.973979,2,703,6,35,-1,1,-1,-2,-,C3Pi
final,52792.989677,2,704,6,26,-1,1,1,0,-,C3Pi
final,52795.709297,2,705,5,43,0,1,-1,-1,-,B3Sigma-
final,52805.634371,2,706,8,91,-1,1,1,0,-,Cp3Pi
final,52814.182861,2,707,6,31,-1,1,0,-1,-,C3Pi
final,52825.399816,2,708,6,27,-1,1,1,0,-,C3Pi
final,52835.501191,2,709,6,36,-1,1,-1,-2,-,C3Pi
final,52846.998879,2,710,5,44,0,1,-1,-1,-,B3Sigma-
final,52850.748128,2,711,6,32,-1,1,0,-1,-,C3Pi
final,52851.187229,2,712,6,28,-1,1,1,0,-,C3Pi
final,52860.389342,2,713,8,92,-1,1,-1,-2,-,Cp3Pi
final,52879.616308,2,714,6,29,-1,1,1,0,-,C3Pi
final,52886.47286,2,715,6,33,-1,1,0,-1,-,C3Pi
final,52890.506701,2,716,6,37,-1,1,-1,-2,-,C3Pi
final,52902.025115,2,717,5,45,0,1,-1,-1,-,B3Sigma-
final,52910.002486,2,718,6,30,-1,1,1,0,-,C3Pi
final,52916.112896,2,719,8,92,-1,1,0,-1,-,Cp3Pi
final,52937.828035,2,720,6,38,-1,1,-1,-2,-,C3Pi
final,52939.627007,2,721,6,34,-1,1,0,-1,-,C3Pi
final,52941.368603,2,722,6,31,-1,1,1,0,-,C3Pi
final,52959.570427,2,723,5,46,0,1,-1,-1,-,B3Sigma-
final,52968.362555,2,724,6,32,-1,1,1,0,-,C3Pi
final,52978.280515,2,725,6,35,-1,1,0,-1,-,C3Pi
final,52987.954419,2,726,6,39,-1,1,-1,-2,-,C3Pi
final,52988.743679,2,727,8,92,-1,1,1,0,-,Cp3Pi
final,53017.232061,2,728,5,47,0,1,-1,-1,-,B3Sigma-
final,53020.628961,2,729,6,33,-1,1,1,0,-,C3Pi
final,53023.057171,2,730,6,36,-1,1,0,-1,-,C3Pi
final,53029.868204,2,731,8,93,-1,1,-1,-2,-,Cp3Pi
final,53049.116682,2,732,6,40,-1,1,-1,-2,-,C3Pi
final,53058.212424,2,733,6,34,-1,1,1,0,-,C3Pi
final,53064.44875,2,734,6,37,-1,1,0,-1,-,C3Pi
final,53081.266085,2,735,5,48,0,1,-1,-1,-,B3Sigma-
final,53096.570115,2,736,8,93,-1,1,0,-1,-,Cp3Pi
final,53097.601388,2,737,6,35,-1,1,1,0,-,C3Pi
final,53099.816202,2,738,6,41,-1,1,-1,-2,-,C3Pi
final,53125.4344,2,739,6,38,-1,1,0,-1,-,C3Pi
final,53134.625434,2,740,6,36,-1,1,1,0,-,C3Pi
final,53144.972803,2,741,5,49,0,1,-1,-1,-,B3Sigma-
final,53156.152408,2,742,6,42,-1,1,-1,-2,-,C3Pi
final,53160.327981,2,743,8,93,-1,1,1,0,-,Cp3Pi
final,53172.140251,2,744,6,39,-1,1,0,-1,-,C3Pi
final,53194.300269,2,745,6,37,-1,1,1,0,-,C3Pi
final,53206.246727,2,746,8,94,-1,1,-1,-2,-,Cp3Pi
final,53211.069957,2,747,5,50,0,1,-1,-1,-,B3Sigma-
final,53222.326152,2,748,6,43,-1,1,-1,-2,-,C3Pi
final,53222.826199,2,749,6,40,-1,1,0,-1,-,C3Pi
final,53238.035704,2,750,6,38,-1,1,1,0,-,C3Pi
final,53267.114512,2,751,8,94,-1,1,0,-1,-,Cp3Pi
final,53278.747092,2,752,6,44,-1,1,-1,-2,-,C3Pi
final,53279.372708,2,753,5,51,0,1,-1,-1,-,B3Sigma-
final,53283.660908,2,754,6,39,-1,1,1,0,-,C3Pi
final,53291.374938,2,755,6,41,-1,1,0,-1,-,C3Pi
final,53323.044102,2,756,6,40,-1,1,1,0,-,C3Pi
final,53339.899505,2,757,6,42,-1,1,0,-1,-,C3Pi
final,53341.229059,2,758,6,45,-1,1,-1,-2,-,C3Pi
final,53350.01382,2,759,5,52,0,1,-1,-1,-,B3Sigma-
final,53351.735769,2,760,8,94,-1,1,1,0,-,Cp3Pi
final,53387.873282,2,761,8,95,-1,1,-1,-2,-,Cp3Pi
final,53395.529292,2,762,6,41,-1,1,1,0,-,C3Pi
final,53396.618241,2,763,6,43,-1,1,0,-1,-,C3Pi
final,53409.134988,2,764,6,46,-1,1,-1,-2,-,C3Pi
final,53414.288296,2,765,7,3,-1,0,0,-1,-,e1Pi
final,53422.559634,2,766,5,53,0,1,-1,-1,-,B3Sigma-
final,53446.384079,2,767,6,42,-1,1,1,0,-,C3Pi
final,53446.897791,2,768,8,95,-1,1,0,-1,-,Cp3Pi
final,53469.15677,2,769,6,44,-1,1,0,-1,-,C3Pi
final,53474.738799,2,770,6,47,-1,1,-1,-2,-,C3Pi
final,53494.642536,2,771,6,43,-1,1,1,0,-,C3Pi
final,53497.435282,2,772,5,54,0,1,-1,-1,-,B3Sigma-
final,53524.096554,2,773,6,45,-1,1,0,-1,-,C3Pi
final,53525.468664,2,774,8,95,-1,1,1,0,-,Cp3Pi
final,53543.0952,2,775,6,48,-1,1,-1,-2,-,C3Pi
final,53568.304476,2,776,8,96,-1,1,-1,-2,-,Cp3Pi
final,53568.983725,2,777,6,44,-1,1,1,0,-,C3Pi
final,53574.148836,2,778,5,55,0,1,-1,-1,-,B3Sigma-
final,53586.958593,2,779,6,46,-1,1,0,-1,-,C3Pi
final,53615.176276,2,780,6,49,-1,1,-1,-2,-,C3Pi
final,53624.943916,2,781,6,45,-1,1,1,0,-,C3Pi
final,53632.76972,2,782,8,96,-1,1,0,-1,-,Cp3Pi
final,53653.180726,2,783,5,56,0,1,-1,-1,-,B3Sigma-
final,53659.633456,2,784,6,47,-1,1,0,-1,-,C3Pi
final,53678.394977,2,785,6,46,-1,1,1,0,-,C3Pi
final,53687.735524,2,786,6,50,-1,1,-1,-2,-,C3Pi
final,53708.603125,2,787,8,96,-1,1,1,0,-,Cp3Pi
final,53725.108169,2,788,6,48,-1,1,0,-1,-,C3Pi
final,53733.935805,2,789,5,57,0,1,-1,-1,-,B3Sigma-
final,53747.382181,2,790,8,97,-1,1,-1,-2,-,Cp3Pi
final,53757.459404,2,791,6,47,-1,1,1,0,-,C3Pi
final,53762.822298,2,792,6,51,-1,1,-1,-2,-,C3Pi
final,53793.250391,2,793,6,49,-1,1,0,-1,-,C3Pi
final,53815.785681,2,794,5,58,0,1,-1,-1,-,B3Sigma-
final,53818.659824,2,795,8,97,-1,1,0,-1,-,Cp3Pi
final,53819.543371,2,796,6,48,-1,1,1,0,-,C3Pi
final,53839.038455,2,797,6,52,-1,1,-1,-2,-,C3Pi
final,53869.839474,2,798,6,50,-1,1,0,-1,-,C3Pi
final,53872.262632,2,799,8,97,-1,1,1,0,-,Cp3Pi
final,53900.50653,2,800,6,49,-1,1,1,0,-,C3Pi
final,53901.551202,2,801,5,59,0,1,-1,-1,-,B3Sigma-
final,53917.327376,2,802,6,53,-1,1,-1,-2,-,C3Pi
final,53928.844788,2,803,8,98,-1,1,-1,-2,-,Cp3Pi
final,53943.421464,2,804,6,51,-1,1,0,-1,-,C3Pi
final,53962.14865,2,805,6,50,-1,1,1,0,-,C3Pi
final,53987.840606,2,806,5,60,0,1,-1,-1,-,B3Sigma-
final,53996.172145,2,807,8,98,-1,1,0,-1,-,Cp3Pi
final,53997.426167,2,808,6,54,-1,1,-1,-2,-,C3Pi
final,54021.793107,2,809,6,52,-1,1,0,-1,-,C3Pi
final,54029.833416,2,810,6,51,-1,1,1,0,-,C3Pi
final,54065.205271,2,811,8,98,-1,1,1,0,-,Cp3Pi
final,54076.704371,2,812,5,61,0,1,-1,-1,-,B3Sigma-
final,54079.230682,2,813,6,55,-1,1,-1,-2,-,C3Pi
final,54099.254237,2,814,6,53,-1,1,0,-1,-,C3Pi
final,54111.207181,2,815,6,52,-1,1,1,0,-,C3Pi
final,54111.493429,2,816,8,99,-1,1,-1,-2,-,Cp3Pi
final,54138.40423,2,817,7,4,-1,0,0,-1,-,e1Pi
final,54162.967918,2,818,6,56,-1,1,-1,-2,-,C3Pi
final,54166.323353,2,819,5,62,0,1,-1,-1,-,B3Sigma-
final,54176.599724,2,820,8,99,-1,1,0,-1,-,Cp3Pi
final,54182.751194,2,821,6,54,-1,1,0,-1,-,C3Pi
final,54184.124895,2,822,6,53,-1,1,1,0,-,C3Pi
final,54242.311798,2,823,8,99,-1,1,1,0,-,Cp3Pi
final,54247.853489,2,824,6,57,-1,1,-1,-2,-,C3Pi
final,54256.662128,2,825,6,55,-1,1,0,-1,-,C3Pi
final,54264.761322,2,826,5,63,0,1,-1,-1,-,B3Sigma-
final,54267.998827,2,827,6,54,-1,1,1,0,-,C3Pi
final,54295.465559,2,828,8,100,-1,1,-1,-2,-,Cp3Pi
final,54335.512702,2,829,6,58,-1,1,-1,-2,-,C3Pi
final,54342.998509,2,830,6,56,-1,1,0,-1,-,C3Pi
final,54343.548494,2,831,6,55,-1,1,1,0,-,C3Pi
final,54356.349586,2,832,5,64,0,1,-1,-1,-,B3Sigma-
final,54362.580434,2,833,8,100,-1,1,0,-1,-,Cp3Pi
final,54419.39523,2,834,6,56,-1,1,1,0,-,C3Pi
final,54423.328109,2,835,6,59,-1,1,-1,-2,-,C3Pi
final,54429.38548,2,836,6,57,-1,1,0,-1,-,C3Pi
final,54435.648707,2,837,8,100,-1,1,1,0,-,Cp3Pi
final,54451.978935,2,838,5,65,0,1,-1,-1,-,B3Sigma-
final,54480.682615,2,839,8,101,-1,1,-1,-2,-,Cp3Pi
final,54509.468299,2,840,8,101,-1,1,1,0,-,Cp3Pi
final,54515.311429,2,841,6,60,-1,1,-1,-2,-,C3Pi
final,54516.951027,2,842,6,58,-1,1,0,-1,-,C3Pi
final,54546.70693,2,843,8,101,-1,1,0,-1,-,Cp3Pi
final,54550.449982,2,844,5,66,0,1,-1,-1,-,B3Sigma-
final,54593.097953,2,845,6,57,-1,1,1,0,-,C3Pi
final,54605.775759,2,846,6,61,-1,1,-1,-2,-,C3Pi
final,54606.225393,2,847,6,59,-1,1,0,-1,-,C3Pi
final,54615.589169,2,848,8,102,-1,1,1,0,-,Cp3Pi
final,54649.61968,2,849,5,67,0,1,-1,-1,-,B3Sigma-
final,54667.479311,2,850,8,102,-1,1,-1,-2,-,Cp3Pi
final,54681.950045,2,851,6,58,-1,1,1,0,-,C3Pi
final,54696.840283,2,852,6,60,-1,1,0,-1,-,C3Pi
final,54702.210032,2,853,6,62,-1,1,-1,-2,-,C3Pi
final,54733.685301,2,854,8,102,-1,1,0,-1,-,Cp3Pi
final,54751.424373,2,855,5,68,0,1,-1,-1,-,B3Sigma-
final,54770.279543,2,856,6,59,-1,1,1,0,-,C3Pi
final,54789.832186,2,857,6,61,-1,1,0,-1,-,C3Pi
final,54794.937002,2,858,6,63,-1,1,-1,-2,-,C3Pi
final,54800.546932,2,859,8,103,-1,1,1,0,-,Cp3Pi
final,54849.927306,2,860,7,5,-1,0,0,-1,-,e1Pi
final,54854.602116,2,861,5,69,0,1,-1,-1,-,B3Sigma-
final,54856.368567,2,862,8,103,-1,1,-1,-2,-,Cp3Pi
final,54861.45241,2,863,6,60,-1,1,1,0,-,C3Pi
final,54883.459446,2,864,6,62,-1,1,0,-1,-,C3Pi
final,54895.448902,2,865,6,64,-1,1,-1,-2,-,C3Pi
final,54921.954258,2,866,8,103,-1,1,0,-1,-,Cp3Pi
final,54953.880242,2,867,6,61,-1,1,1,0,-,C3Pi
final,54959.814629,2,868,5,70,0,1,-1,-1,-,B3Sigma-
final,54980.657948,2,869,6,63,-1,1,0,-1,-,C3Pi
final,54987.665838,2,870,8,104,-1,1,1,0,-,Cp3Pi
final,54990.36575,2,871,6,65,-1,1,-1,-2,-,C3Pi
final,55047.675979,2,872,8,104,-1,1,-1,-2,-,Cp3Pi
final,55048.132875,2,873,6,62,-1,1,1,0,-,C3Pi
final,55065.632892,2,874,5,71,0,1,-1,-1,-,B3Sigma-
final,55077.582625,2,875,6,64,-1,1,0,-1,-,C3Pi
final,55094.760898,2,876,6,66,-1,1,-1,-2,-,C3Pi
final,55112.241971,2,877,8,104,-1,1,0,-1,-,Cp3Pi
final,55143.999436,2,878,6,63,-1,1,1,0,-,C3Pi
final,55172.246972,2,879,6,65,-1,1,0,-1,-,C3Pi
final,55176.478909,2,880,6,64,-1,1,1,0,-,C3Pi
final,55181.244463,2,881,5,72,0,1,-1,-1,-,B3Sigma-
final,55191.815532,2,882,6,67,-1,1,-1,-2,-,C3Pi
final,55241.574167,2,883,8,105,-1,1,-1,-2,-,Cp3Pi
final,55241.754816,2,884,6,65,-1,1,1,0,-,C3Pi
final,55272.239459,2,885,6,66,-1,1,0,-1,-,C3Pi
final,55288.897514,2,886,5,73,0,1,-1,-1,-,B3Sigma-
final,55300.09504,2,887,6,68,-1,1,-1,-2,-,C3Pi
final,55305.318059,2,888,8,105,-1,1,0,-1,-,Cp3Pi
final,55340.393979,2,889,8,105,-1,1,1,0,-,Cp3Pi
final,55367.232152,2,890,6,66,-1,1,1,0,-,C3Pi
final,55378.939141,2,891,6,67,-1,1,0,-1,-,C3Pi
final,55398.696555,2,892,6,69,-1,1,-1,-2,-,C3Pi
final,55400.953627,2,893,5,74,0,1,-1,-1,-,B3Sigma-
final,55438.40287,2,894,8,106,-1,1,-1,-2,-,Cp3Pi
final,55442.125458,2,895,6,67,-1,1,1,0,-,C3Pi
final,55475.75542,2,896,6,68,-1,1,0,-1,-,C3Pi
final,55502.300087,2,897,8,106,-1,1,0,-1,-,Cp3Pi
final,55511.500785,2,898,6,70,-1,1,-1,-2,-,C3Pi
final,55514.902299,2,899,5,75,0,1,-1,-1,-,B3Sigma-
final,55541.936322,2,900,8,106,-1,1,1,0,-,Cp3Pi
final,55547.891865,2,901,7,6,-1,0,0,-1,-,e1Pi
final,55561.136949,2,902,6,68,-1,1,1,0,-,C3Pi
final,55588.83527,2,903,6,69,-1,1,0,-1,-,C3Pi
final,55609.286274,2,904,6,71,-1,1,-1,-2,-,C3Pi
final,55630.414193,2,905,5,76,0,1,-1,-1,-,B3Sigma-
final,55639.69901,2,906,8,107,-1,1,-1,-2,-,Cp3Pi
final,55648.946633,2,907,6,69,-1,1,1,0,-,C3Pi
final,55679.602314,2,908,8,107,-1,1,0,-1,-,Cp3Pi
final,55707.372954,2,909,6,70,-1,1,0,-1,-,C3Pi
final,55729.047859,2,910,6,72,-1,1,-1,-2,-,C3Pi
final,55744.136604,2,911,8,107,-1,1,1,0,-,Cp3Pi
final,55747.857318,2,912,5,77,0,1,-1,-1,-,B3Sigma-
final,55762.769203,2,913,6,70,-1,1,1,0,-,C3Pi
final,55804.343997,2,914,6,71,-1,1,0,-1,-,C3Pi
final,55818.625961,2,915,8,108,-1,1,-1,-2,-,Cp3Pi
final,55850.278148,2,916,6,73,-1,1,-1,-2,-,C3Pi
final,55861.838175,2,917,8,108,-1,1,1,0,-,Cp3Pi
final,55866.631485,2,918,5,78,0,1,-1,-1,-,B3Sigma-
final,55882.329876,2,919,8,108,-1,1,0,-1,-,Cp3Pi
final,55922.305248,2,920,6,72,-1,1,0,-1,-,C3Pi
final,55943.305348,2,921,6,71,-1,1,1,0,-,C3Pi
final,55952.683525,2,922,6,74,-1,1,-1,-2,-,C3Pi
final,55975.920243,2,923,6,72,-1,1,1,0,-,C3Pi
final,55987.454162,2,924,5,79,0,1,-1,-1,-,B3Sigma-
final,56023.71592,2,925,8,109,-1,1,-1,-2,-,Cp3Pi
final,56025.472388,2,926,6,73,-1,1,0,-1,-,C3Pi
final,56073.205335,2,927,6,75,-1,1,-1,-2,-,C3Pi
final,56080.222949,2,928,8,109,-1,1,1,0,-,Cp3Pi
final,56084.784809,2,929,8,109,-1,1,0,-1,-,Cp3Pi
final,56109.991937,2,930,5,80,0,1,-1,-1,-,B3Sigma-
final,56143.16315,2,931,6,73,-1,1,1,0,-,C3Pi
final,56146.007233,2,932,6,74,-1,1,0,-1,-,C3Pi
final,56181.782463,2,933,6,76,-1,1,-1,-2,-,C3Pi
final,56197.123753,2,934,6,74,-1,1,1,0,-,C3Pi
final,56228.226306,2,935,8,110,-1,1,-1,-2,-,Cp3Pi
final,56231.385812,2,936,7,7,-1,0,0,-1,-,e1Pi
final,56232.117418,2,937,5,81,0,1,-1,-1,-,B3Sigma-
final,56252.028972,2,938,6,75,-1,1,0,-1,-,C3Pi
final,56291.402126,2,939,8,110,-1,1,0,-1,-,Cp3Pi
final,56302.734523,2,940,8,110,-1,1,1,0,-,Cp3Pi
final,56305.472815,2,941,6,77,-1,1,-1,-2,-,C3Pi
final,56346.567838,2,942,6,75,-1,1,1,0,-,C3Pi
final,56357.030509,2,943,5,82,0,1,-1,-1,-,B3Sigma-
final,56378.845149,2,944,6,76,-1,1,0,-1,-,C3Pi
final,56411.340324,2,945,6,78,-1,1,-1,-2,-,C3Pi
final,56424.540837,2,946,8,111,-1,1,1,0,-,Cp3Pi
final,56439.065963,2,947,8,111,-1,1,-1,-2,-,Cp3Pi
final,56469.146316,2,948,6,77,-1,1,0,-1,-,C3Pi
final,56488.544455,2,949,5,83,0,1,-1,-1,-,B3Sigma-
final,56509.909479,2,950,8,111,-1,1,0,-1,-,Cp3Pi
final,56524.661691,2,951,6,76,-1,1,1,0,-,C3Pi
final,56545.119245,2,952,6,79,-1,1,-1,-2,-,C3Pi
final,56558.607816,2,953,6,77,-1,1,1,0,-,C3Pi
final,56602.568102,2,954,6,78,-1,1,0,-1,-,C3Pi
final,56625.77987,2,955,8,112,-1,1,-1,-2,-,Cp3Pi
final,56625.958653,2,956,5,84,0,1,-1,-1,-,B3Sigma-
final,56657.344641,2,957,8,112,-1,1,1,0,-,Cp3Pi
final,56672.551705,2,958,6,80,-1,1,-1,-2,-,C3Pi
final,56685.53254,2,959,8,112,-1,1,0,-1,-,Cp3Pi
final,56731.564716,2,960,6,79,-1,1,0,-1,-,C3Pi
final,56739.308927,2,961,6,78,-1,1,1,0,-,C3Pi
final,56757.321198,2,962,5,85,0,1,-1,-1,-,B3Sigma-
final,56786.294861,2,963,6,79,-1,1,1,0,-,C3Pi
final,56790.683053,2,964,6,81,-1,1,-1,-2,-,C3Pi
final,56833.763961,2,965,8,113,-1,1,-1,-2,-,Cp3Pi
final,56846.030105,2,966,6,80,-1,1,0,-1,-,C3Pi
final,56884.14833,2,967,5,86,0,1,-1,-1,-,B3Sigma-
final,56894.270627,2,968,8,113,-1,1,1,0,-,Cp3Pi
final,56899.911633,2,969,7,8,-1,0,0,-1,-,e1Pi
final,56900.064954,2,970,8,113,-1,1,0,-1,-,Cp3Pi
final,56921.092883,2,971,6,82,-1,1,-1,-2,-,C3Pi
final,56951.720283,2,972,6,80,-1,1,1,0,-,C3Pi
final,56977.605003,2,973,6,81,-1,1,0,-1,-,C3Pi
final,57021.80901,2,974,5,87,0,1,-1,-1,-,B3Sigma-
final,57025.578085,2,975,8,114,-1,1,1,0,-,Cp3Pi
final,57029.265876,2,976,8,114,-1,1,-1,-2,-,Cp3Pi
final,57055.094408,2,977,6,83,-1,1,-1,-2,-,C3Pi
final,57084.402422,2,978,8,114,-1,1,0,-1,-,Cp3Pi
final,57116.47418,2,979,6,82,-1,1,0,-1,-,C3Pi
final,57130.511014,2,980,6,81,-1,1,1,0,-,C3Pi
final,57158.2554,2,981,5,88,0,1,-1,-1,-,B3Sigma-
final,57170.987075,2,982,6,82,-1,1,1,0,-,C3Pi
final,57177.440765,2,983,6,84,-1,1,-1,-2,-,C3Pi
final,57229.854447,2,984,6,83,-1,1,0,-1,-,C3Pi
final,57241.059507,2,985,8,115,-1,1,-1,-2,-,Cp3Pi
final,57271.848204,2,986,8,115,-1,1,1,0,-,Cp3Pi
final,57292.10394,2,987,5,89,0,1,-1,-1,-,B3Sigma-
final,57305.786403,2,988,8,115,-1,1,0,-1,-,Cp3Pi
final,57310.830482,2,989,6,85,-1,1,-1,-2,-,C3Pi
final,57355.705961,2,990,6,83,-1,1,1,0,-,C3Pi
final,57364.625861,2,991,6,84,-1,1,0,-1,-,C3Pi
final,57408.979893,2,992,8,116,-1,1,1,0,-,Cp3Pi
final,57433.90773,2,993,5,90,0,1,-1,-1,-,B3Sigma-
final,57436.0571,2,994,6,86,-1,1,-1,-2,-,C3Pi
final,57454.350147,2,995,8,116,-1,1,-1,-2,-,Cp3Pi
final,57485.243311,2,996,6,85,-1,1,0,-1,-,C3Pi
final,57518.510442,2,997,8,116,-1,1,0,-1,-,Cp3Pi
final,57522.195514,2,998,6,84,-1,1,1,0,-,C3Pi
final,57553.092255,2,999,7,9,-1,0,0,-1,-,e1Pi
final,57575.101853,2,1000,5,91,0,1,-1,-1,-,B3Sigma-
final,57575.377075,2,1001,6,85,-1,1,1,0,-,C3Pi
final,57577.22891,2,1002,6,87,-1,1,-1,-2,-,C3Pi
final,57626.273103,2,1003,6,86,-1,1,0,-1,-,C3Pi
final,57655.110366,2,1004,8,117,-1,1,-1,-2,-,Cp3Pi
final,57662.319811,2,1005,8,117,-1,1,1,0,-,Cp3Pi
final,57711.171817,2,1006,8,117,-1,1,0,-1,-,Cp3Pi
final,57714.47502,2,1007,6,88,-1,1,-1,-2,-,C3Pi
final,57722.48566,2,1008,5,92,0,1,-1,-1,-,B3Sigma-
final,57765.108956,2,1009,6,87,-1,1,0,-1,-,C3Pi
final,57765.408713,2,1010,6,86,-1,1,1,0,-,C3Pi
final,57807.576804,2,1011,8,118,-1,1,1,0,-,Cp3Pi
final,57848.999784,2,1012,6,89,-1,1,-1,-2,-,C3Pi
final,57860.197689,2,1013,5,93,0,1,-1,-1,-,B3Sigma-
final,57867.040163,2,1014,8,118,-1,1,-1,-2,-,Cp3Pi
final,57894.587243,2,1015,6,88,-1,1,0,-1,-,C3Pi
final,57923.312864,2,1016,6,87,-1,1,1,0,-,C3Pi
final,57932.308234,2,1017,8,118,-1,1,0,-1,-,Cp3Pi
final,57990.308615,2,1018,6,88,-1,1,1,0,-,C3Pi
final,57990.821639,2,1019,6,90,-1,1,-1,-2,-,C3Pi
final,58005.847586,2,1020,5,94,0,1,-1,-1,-,B3Sigma-
final,58037.228315,2,1021,6,89,-1,1,0,-1,-,C3Pi
final,58066.097222,2,1022,8,119,-1,1,1,0,-,Cp3Pi
final,58074.804883,2,1023,8,119,-1,1,-1,-2,-,Cp3Pi
final,58132.187564,2,1024,6,91,-1,1,-1,-2,-,C3Pi
final,58134.762858,2,1025,8,119,-1,1,0,-1,-,Cp3Pi
final,58154.501072,2,1026,5,95,0,1,-1,-1,-,B3Sigma-
final,58180.198896,2,1027,6,90,-1,1,0,-1,-,C3Pi
final,58181.713013,2,1028,6,89,-1,1,1,0,-,C3Pi
final,58189.787815,2,1029,7,10,-1,0,0,-1,-,e1Pi
final,58219.41306,2,1030,8,120,-1,1,1,0,-,Cp3Pi
final,58273.361088,2,1031,6,92,-1,1,-1,-2,-,C3Pi
final,58287.671991,2,1032,8,120,-1,1,-1,-2,-,Cp3Pi
final,58297.575538,2,1033,6,91,-1,1,0,-1,-,C3Pi
final,58319.47539,2,1034,5,96,0,1,-1,-1,-,B3Sigma-
final,58337.024141,2,1035,6,90,-1,1,1,0,-,C3Pi
final,58353.381857,2,1036,8,120,-1,1,0,-1,-,Cp3Pi
final,58412.627564,2,1037,6,91,-1,1,1,0,-,C3Pi
final,58418.420513,2,1038,6,93,-1,1,-1,-2,-,C3Pi
final,58446.032388,2,1039,6,92,-1,1,0,-1,-,C3Pi
final,58467.118494,2,1040,5,97,0,1,-1,-1,-,B3Sigma-
final,58483.137075,2,1041,8,121,-1,1,1,0,-,Cp3Pi
final,58499.682126,2,1042,8,121,-1,1,-1,-2,-,Cp3Pi
final,58561.974605,2,1043,8,121,-1,1,0,-1,-,Cp3Pi
final,58564.121527,2,1044,6,94,-1,1,-1,-2,-,C3Pi
final,58595.519895,2,1045,6,93,-1,1,0,-1,-,C3Pi
final,58607.336969,2,1046,6,92,-1,1,1,0,-,C3Pi
final,58616.434437,2,1047,5,98,0,1,-1,-1,-,B3Sigma-
final,58641.480801,2,1048,8,122,-1,1,1,0,-,Cp3Pi
final,58710.887416,2,1049,6,95,-1,1,-1,-2,-,C3Pi
final,58714.388688,2,1050,8,122,-1,1,-1,-2,-,Cp3Pi
final,58739.382909,2,1051,6,94,-1,1,0,-1,-,C3Pi
final,58764.233473,2,1052,6,93,-1,1,1,0,-,C3Pi
final,58767.662276,2,1053,5,99,0,1,-1,-1,-,B3Sigma-
final,58780.269828,2,1054,8,122,-1,1,0,-1,-,Cp3Pi
final,58809.261949,2,1055,7,11,-1,0,0,-1,-,e1Pi
final,58841.168643,2,1056,6,94,-1,1,1,0,-,C3Pi
final,58859.934923,2,1057,6,96,-1,1,-1,-2,-,C3Pi
final,58889.567706,2,1058,6,95,-1,1,0,-1,-,C3Pi
final,58913.667603,2,1059,8,123,-1,1,1,0,-,Cp3Pi
final,58922.0795,2,1060,5,100,0,1,-1,-1,-,B3Sigma-
final,58929.735805,2,1061,8,123,-1,1,-1,-2,-,Cp3Pi
final,58993.452014,2,1062,8,123,-1,1,0,-1,-,Cp3Pi
final,59010.16488,2,1063,6,97,-1,1,-1,-2,-,C3Pi
final,59040.208399,2,1064,6,96,-1,1,0,-1,-,C3Pi
final,59043.303857,2,1065,6,95,-1,1,1,0,-,C3Pi
final,59072.497888,2,1066,8,124,-1,1,1,0,-,Cp3Pi
final,59078.171072,2,1067,5,101,0,1,-1,-1,-,B3Sigma-
final,59146.622758,2,1068,8,124,-1,1,-1,-2,-,Cp3Pi
final,59162.067502,2,1069,6,98,-1,1,-1,-2,-,C3Pi
final,59188.800814,2,1070,6,97,-1,1,0,-1,-,C3Pi
final,59205.346059,2,1071,6,96,-1,1,1,0,-,C3Pi
final,59212.51946,2,1072,8,124,-1,1,0,-1,-,Cp3Pi
final,59236.063639,2,1073,5,102,0,1,-1,-1,-,B3Sigma-
final,59274.992184,2,1074,6,97,-1,1,1,0,-,C3Pi
final,59315.092266,2,1075,6,99,-1,1,-1,-2,-,C3Pi
final,59342.692915,2,1076,6,98,-1,1,0,-1,-,C3Pi
final,59358.275567,2,1077,8,125,-1,1,1,0,-,Cp3Pi
final,59365.201836,2,1078,8,125,-1,1,-1,-2,-,Cp3Pi
final,59395.621673,2,1079,5,103,0,1,-1,-1,-,B3Sigma-
final,59410.845113,2,1080,7,12,-1,0,0,-1,-,e1Pi
final,59429.165428,2,1081,8,125,-1,1,0,-1,-,Cp3Pi
final,59469.987602,2,1082,6,100,-1,1,-1,-2,-,C3Pi
final,59486.480862,2,1083,6,98,-1,1,1,0,-,C3Pi
final,59496.902057,2,1084,6,99,-1,1,0,-1,-,C3Pi
final,59515.288365,2,1085,8,126,-1,1,1,0,-,Cp3Pi
final,59556.846976,2,1086,5,104,0,1,-1,-1,-,B3Sigma-
final,59584.534207,2,1087,8,126,-1,1,-1,-2,-,Cp3Pi
final,59626.627038,2,1088,6,101,-1,1,-1,-2,-,C3Pi
final,59646.654391,2,1089,8,126,-1,1,0,-1,-,Cp3Pi
final,59654.096428,2,1090,6,100,-1,1,0,-1,-,C3Pi
final,59660.382957,2,1091,6,99,-1,1,1,0,-,C3Pi
final,59713.558561,2,1092,8,127,-1,1,1,0,-,Cp3Pi
final,59719.663256,2,1093,5,105,0,1,-1,-1,-,B3Sigma-
final,59783.117491,2,1094,6,102,-1,1,-1,-2,-,C3Pi
final,59806.843468,2,1095,8,127,-1,1,-1,-2,-,Cp3Pi
final,59808.971672,2,1096,6,101,-1,1,0,-1,-,C3Pi
final,59817.295129,2,1097,6,100,-1,1,1,0,-,C3Pi
final,59869.271577,2,1098,8,127,-1,1,0,-1,-,Cp3Pi
final,59884.19092,2,1099,5,106,0,1,-1,-1,-,B3Sigma-
final,59931.283404,2,1100,6,101,-1,1,1,0,-,C3Pi
final,59943.263745,2,1101,6,103,-1,1,-1,-2,-,C3Pi
final,59967.500191,2,1102,6,102,-1,1,0,-1,-,C3Pi
final,59975.342904,2,1103,8,128,-1,1,1,0,-,Cp3Pi
final,59993.49544,2,1104,7,13,-1,0,0,-1,-,e1Pi
final,60028.197218,2,1105,8,128,-1,1,-1,-2,-,Cp3Pi
final,60049.761555,2,1106,5,107,0,1,-1,-1,-,B3Sigma-
final,60091.594023,2,1107,8,128,-1,1,0,-1,-,Cp3Pi
final,60104.575584,2,1108,6,104,-1,1,-1,-2,-,C3Pi
final,60127.458605,2,1109,6,103,-1,1,0,-1,-,C3Pi
final,60129.011543,2,1110,6,102,-1,1,1,0,-,C3Pi
final,60157.265689,2,1111,8,129,-1,1,1,0,-,Cp3Pi
final,60217.189246,2,1112,5,108,0,1,-1,-1,-,B3Sigma-
final,60249.298604,2,1113,8,129,-1,1,-1,-2,-,Cp3Pi
final,60269.405006,2,1114,6,105,-1,1,-1,-2,-,C3Pi
final,60289.016828,2,1115,6,104,-1,1,0,-1,-,C3Pi
final,60290.758354,2,1116,6,103,-1,1,1,0,-,C3Pi
final,60314.934772,2,1117,8,129,-1,1,0,-1,-,Cp3Pi
final,60378.089237,2,1118,8,130,-1,1,1,0,-,Cp3Pi
final,60386.084649,2,1119,5,109,0,1,-1,-1,-,B3Sigma-
final,60429.344952,2,1120,6,106,-1,1,-1,-2,-,C3Pi
final,60451.928508,2,1121,6,105,-1,1,0,-1,-,C3Pi
final,60452.599811,2,1122,6,104,-1,1,1,0,-,C3Pi
final,60478.03889,2,1123,8,130,-1,1,-1,-2,-,Cp3Pi
final,60539.239854,2,1124,8,130,-1,1,0,-1,-,Cp3Pi
final,60556.489952,2,1125,7,14,-1,0,0,-1,-,e1Pi
final,60556.758407,2,1126,5,110,0,1,-1,-1,-,B3Sigma-
final,60595.6318,2,1127,6,107,-1,1,-1,-2,-,C3Pi
final,60600.60191,2,1128,6,105,-1,1,1,0,-,C3Pi
final,60616.449302,2,1129,6,106,-1,1,0,-1,-,C3Pi
final,60617.174224,2,1130,8,131,-1,1,1,0,-,Cp3Pi
final,60702.812308,2,1131,8,131,-1,1,-1,-2,-,Cp3Pi
final,60727.638778,2,1132,5,111,0,1,-1,-1,-,B3Sigma-
final,60763.527266,2,1133,6,108,-1,1,-1,-2,-,C3Pi
final,60765.759966,2,1134,8,131,-1,1,0,-1,-,Cp3Pi
final,60778.129531,2,1135,6,106,-1,1,1,0,-,C3Pi
final,60783.675853,2,1136,6,107,-1,1,0,-1,-,C3Pi
final,60828.905679,2,1137,8,132,-1,1,1,0,-,Cp3Pi
final,60900.787427,2,1138,5,112,0,1,-1,-1,-,B3Sigma-
final,60921.452638,2,1139,6,109,-1,1,-1,-2,-,C3Pi
final,60940.633003,2,1140,8,132,-1,1,-1,-2,-,Cp3Pi
final,60943.99351,2,1141,6,107,-1,1,1,0,-,C3Pi
final,60951.267444,2,1142,6,108,-1,1,0,-1,-,C3Pi
final,60993.324519,2,1143,8,132,-1,1,0,-1,-,Cp3Pi
final,61055.711307,2,1144,8,133,-1,1,1,0,-,Cp3Pi
final,61075.167553,2,1145,5,113,0,1,-1,-1,-,B3Sigma-
final,61098.750088,2,1146,7,15,-1,0,0,-1,-,e1Pi
final,61099.242981,2,1147,6,110,-1,1,-1,-2,-,C3Pi
final,61111.131141,2,1148,6,108,-1,1,1,0,-,C3Pi
final,61121.240136,2,1149,6,109,-1,1,0,-1,-,C3Pi
final,61161.311937,2,1150,8,133,-1,1,-1,-2,-,Cp3Pi
final,61221.144083,2,1151,8,133,-1,1,0,-1,-,Cp3Pi
final,61251.179403,2,1152,5,114,0,1,-1,-1,-,B3Sigma-
final,61271.885831,2,1153,6,111,-1,1,-1,-2,-,C3Pi
final,61278.901465,2,1154,6,109,-1,1,1,0,-,C3Pi
final,61284.908399,2,1155,8,134,-1,1,1,0,-,Cp3Pi
final,61293.086578,2,1156,6,110,-1,1,0,-1,-,C3Pi
final,61389.313554,2,1157,8,134,-1,1,-1,-2,-,Cp3Pi
final,61425.741253,2,1158,5,115,0,1,-1,-1,-,B3Sigma-
final,61446.405513,2,1159,6,112,-1,1,-1,-2,-,C3Pi
final,61449.581382,2,1160,6,110,-1,1,1,0,-,C3Pi
final,61452.049959,2,1161,8,134,-1,1,0,-1,-,Cp3Pi
final,61467.659912,2,1162,6,111,-1,1,0,-1,-,C3Pi
final,61514.076955,2,1163,6,111,-1,1,1,0,-,C3Pi
final,61603.965119,2,1164,6,112,-1,1,0,-1,-,C3Pi
final,61608.85874,2,1165,6,113,-1,1,-1,-2,-,C3Pi
final,61619.414812,2,1166,7,16,-1,0,0,-1,-,e1Pi
final,61621.145701,2,1167,6,112,-1,1,1,0,-,C3Pi
final,61632.459506,2,1168,8,135,-1,1,-1,-2,-,Cp3Pi
final,61641.886767,2,1169,5,116,0,1,-1,-1,-,B3Sigma-
final,61683.848244,2,1170,8,135,-1,1,0,-1,-,Cp3Pi
final,61745.189556,2,1171,8,135,-1,1,1,0,-,Cp3Pi
final,61782.65813,2,1172,6,113,-1,1,0,-1,-,C3Pi
final,61792.683258,2,1173,6,114,-1,1,-1,-2,-,C3Pi
final,61794.203462,2,1174,8,136,-1,1,1,0,-,Cp3Pi
final,61819.972561,2,1175,5,117,0,1,-1,-1,-,B3Sigma-
final,61856.89996,2,1176,8,136,-1,1,-1,-2,-,Cp3Pi
final,61915.078633,2,1177,8,136,-1,1,0,-1,-,Cp3Pi
final,61962.724728,2,1178,6,114,-1,1,0,-1,-,C3Pi
final,61968.492695,2,1179,6,113,-1,1,1,0,-,C3Pi
final,61971.64282,2,1180,6,115,-1,1,-1,-2,-,C3Pi
final,61977.859829,2,1181,6,114,-1,1,1,0,-,C3Pi
final,62000.062019,2,1182,5,118,0,1,-1,-1,-,B3Sigma-
final,62088.330388,2,1183,8,137,-1,1,-1,-2,-,Cp3Pi
final,62117.405021,2,1184,7,17,-1,0,0,-1,-,e1Pi
final,62135.966169,2,1185,6,115,-1,1,0,-1,-,C3Pi
final,62144.64309,2,1186,8,137,-1,1,1,0,-,Cp3Pi
final,62152.308308,2,1187,6,116,-1,1,-1,-2,-,C3Pi
final,62155.289014,2,1188,8,137,-1,1,0,-1,-,Cp3Pi
final,62182.383116,2,1189,5,119,0,1,-1,-1,-,B3Sigma-
final,62211.385095,2,1190,8,138,-1,1,1,0,-,Cp3Pi
final,62314.501255,2,1191,8,138,-1,1,-1,-2,-,Cp3Pi
final,62321.143678,2,1192,6,116,-1,1,0,-1,-,C3Pi
final,62322.205448,2,1193,6,115,-1,1,1,0,-,C3Pi
final,62341.451807,2,1194,6,117,-1,1,-1,-2,-,C3Pi
final,62365.614457,2,1195,5,120,0,1,-1,-1,-,B3Sigma-
final,62386.760013,2,1196,8,138,-1,1,0,-1,-,Cp3Pi
final,62446.209292,2,1197,6,116,-1,1,1,0,-,C3Pi
final,62501.208496,2,1198,6,117,-1,1,0,-1,-,C3Pi
final,62504.188087,2,1199,5,121,0,1,-1,-1,-,B3Sigma-
final,62509.030842,2,1200,6,118,-1,1,-1,-2,-,C3Pi
final,62551.973962,2,1201,6,118,-1,1,0,-1,-,C3Pi
final,62565.033932,2,1202,8,139,-1,1,-1,-2,-,Cp3Pi
final,62591.707275,2,1203,7,18,-1,0,0,-1,-,e1Pi
final,62621.268038,2,1204,8,139,-1,1,0,-1,-,Cp3Pi
final,62677.515985,2,1205,6,117,-1,1,1,0,-,C3Pi
final,62686.620267,2,1206,8,139,-1,1,1,0,-,Cp3Pi
final,62688.59129,2,1207,5,122,0,1,-1,-1,-,B3Sigma-
final,62694.628305,2,1208,6,119,-1,1,-1,-2,-,C3Pi
final,62739.85526,2,1209,6,119,-1,1,0,-1,-,C3Pi
final,62799.94004,2,1210,8,140,-1,1,-1,-2,-,Cp3Pi
final,62853.183275,2,1211,8,140,-1,1,0,-1,-,Cp3Pi
final,62862.956398,2,1212,6,118,-1,1,1,0,-,C3Pi
final,62878.5842,2,1213,5,123,0,1,-1,-1,-,B3Sigma-
final,62881.206583,2,1214,6,120,-1,1,-1,-2,-,C3Pi
final,62920.726521,2,1215,8,140,-1,1,1,0,-,Cp3Pi
final,62929.443859,2,1216,6,120,-1,1,0,-1,-,C3Pi
final,63034.118267,2,1217,8,141,-1,1,-1,-2,-,Cp3Pi
final,63041.27644,2,1218,7,19,-1,0,0,-1,-,e1Pi
final,63046.709889,2,1219,6,119,-1,1,1,0,-,C3Pi
final,63054.344977,2,1220,8,141,-1,1,0,-1,-,Cp3Pi
final,63071.998712,2,1221,6,121,-1,1,-1,-2,-,C3Pi
final,63101.840726,2,1222,5,124,0,1,-1,-1,-,B3Sigma-
final,63120.807661,2,1223,6,121,-1,1,0,-1,-,C3Pi
final,63159.148092,2,1224,8,141,-1,1,1,0,-,Cp3Pi
final,63232.045348,2,1225,6,120,-1,1,1,0,-,C3Pi
final,63243.389544,2,1226,5,125,0,1,-1,-1,-,B3Sigma-
final,63247.057295,2,1227,6,122,-1,1,-1,-2,-,C3Pi
final,63286.875518,2,1228,8,142,-1,1,-1,-2,-,Cp3Pi
final,63313.251261,2,1229,6,122,-1,1,0,-1,-,C3Pi
final,63340.022184,2,1230,8,142,-1,1,0,-1,-,Cp3Pi
final,63397.33742,2,1231,8,142,-1,1,1,0,-,Cp3Pi
final,63420.365458,2,1232,6,121,-1,1,1,0,-,C3Pi
final,63433.092103,2,1233,5,126,0,1,-1,-1,-,B3Sigma-
final,63440.398818,2,1234,6,123,-1,1,-1,-2,-,C3Pi
final,63465.010021,2,1235,7,20,-1,0,0,-1,-,e1Pi
final,63507.738415,2,1236,6,123,-1,1,0,-1,-,C3Pi
final,63523.909294,2,1237,8,143,-1,1,-1,-2,-,Cp3Pi
final,63578.441982,2,1238,8,143,-1,1,0,-1,-,Cp3Pi
final,63604.167346,2,1239,6,122,-1,1,1,0,-,C3Pi
final,63625.546057,2,1240,5,127,0,1,-1,-1,-,B3Sigma-
final,63632.888305,2,1241,6,124,-1,1,-1,-2,-,C3Pi
final,63642.683729,2,1242,8,143,-1,1,1,0,-,Cp3Pi
final,63703.691188,2,1243,6,124,-1,1,0,-1,-,C3Pi
final,63763.84133,2,1244,8,144,-1,1,-1,-2,-,Cp3Pi
final,63794.392128,2,1245,6,123,-1,1,1,0,-,C3Pi
final,63803.938704,2,1246,8,144,-1,1,0,-1,-,Cp3Pi
final,63827.437286,2,1247,6,125,-1,1,-1,-2,-,C3Pi
final,63833.868295,2,1248,6,125,-1,1,0,-1,-,C3Pi
final,63861.877559,2,1249,7,21,-1,0,0,-1,-,e1Pi
final,63884.209812,2,1250,8,144,-1,1,1,0,-,Cp3Pi
final,63901.161997,2,1251,5,128,0,1,-1,-1,-,B3Sigma-
final,63985.716075,2,1252,6,124,-1,1,1,0,-,C3Pi
final,63998.784321,2,1253,8,145,-1,1,-1,-2,-,Cp3Pi
final,64003.11906,2,1254,8,145,-1,1,0,-1,-,Cp3Pi
final,64030.105658,2,1255,6,126,-1,1,-1,-2,-,C3Pi
final,64071.185338,2,1256,6,126,-1,1,0,-1,-,C3Pi
final,64100.183116,2,1257,5,129,0,1,-1,-1,-,B3Sigma-
final,64126.966936,2,1258,8,145,-1,1,1,0,-,Cp3Pi
final,64179.212368,2,1259,6,125,-1,1,1,0,-,C3Pi
final,64199.221438,2,1260,8,146,-1,1,0,-1,-,Cp3Pi
final,64208.422035,2,1261,6,127,-1,1,-1,-2,-,C3Pi
final,64230.843126,2,1262,7,22,-1,0,0,-1,-,e1Pi
final,64260.872489,2,1263,8,146,-1,1,-1,-2,-,Cp3Pi
final,64300.368696,2,1264,5,130,0,1,-1,-1,-,B3Sigma-
final,64314.301915,2,1265,6,127,-1,1,0,-1,-,C3Pi
final,64362.65812,2,1266,6,126,-1,1,1,0,-,C3Pi
final,64382.730015,2,1267,8,146,-1,1,1,0,-,Cp3Pi
final,64396.658515,2,1268,5,131,0,1,-1,-1,-,B3Sigma-
final,64407.941464,2,1269,6,128,-1,1,-1,-2,-,C3Pi
final,64502.462332,2,1270,6,128,-1,1,0,-1,-,C3Pi
final,64504.176282,2,1271,8,147,-1,1,-1,-2,-,Cp3Pi
final,64556.290104,2,1272,8,147,-1,1,0,-1,-,Cp3Pi
final,64565.35298,2,1273,6,127,-1,1,1,0,-,C3Pi
final,64570.897937,2,1274,7,23,-1,0,0,-1,-,e1Pi
final,64597.867964,2,1275,5,132,0,1,-1,-1,-,B3Sigma-
final,64607.594793,2,1276,6,129,-1,1,-1,-2,-,C3Pi
final,64621.981006,2,1277,8,147,-1,1,1,0,-,Cp3Pi
final,64705.913254,2,1278,6,129,-1,1,0,-1,-,C3Pi
final,64749.226846,2,1279,8,148,-1,1,-1,-2,-,Cp3Pi
final,64763.370124,2,1280,6,128,-1,1,1,0,-,C3Pi
final,64781.828412,2,1281,8,148,-1,1,0,-1,-,Cp3Pi
final,64809.625785,2,1282,6,130,-1,1,-1,-2,-,C3Pi
final,64818.32103,2,1283,6,130,-1,1,0,-1,-,C3Pi
final,64868.466902,2,1284,8,148,-1,1,1,0,-,Cp3Pi
final,64881.135118,2,1285,7,24,-1,0,0,-1,-,e1Pi
final,64910.799735,2,1286,5,133,0,1,-1,-1,-,B3Sigma-
final,64962.456003,2,1287,6,129,-1,1,1,0,-,C3Pi
final,64987.091987,2,1288,8,149,-1,1,0,-1,-,Cp3Pi
final,64988.941608,2,1289,8,149,-1,1,-1,-2,-,Cp3Pi
final,65020.368654,2,1290,6,131,-1,1,-1,-2,-,C3Pi
final,65061.668222,2,1291,6,131,-1,1,0,-1,-,C3Pi
final,65115.461678,2,1292,8,149,-1,1,1,0,-,Cp3Pi
final,65117.119273,2,1293,5,134,0,1,-1,-1,-,B3Sigma-
final,65160.767415,2,1294,7,25,-1,0,0,-1,-,e1Pi
final,65163.870062,2,1295,6,130,-1,1,1,0,-,C3Pi
final,65191.633264,2,1296,5,135,0,1,-1,-1,-,B3Sigma-
final,65209.192947,2,1297,6,132,-1,1,-1,-2,-,C3Pi
final,65324.707139,2,1298,6,132,-1,1,0,-1,-,C3Pi
final,65360.636016,2,1299,6,131,-1,1,1,0,-,C3Pi
final,65391.926591,2,1300,5,136,0,1,-1,-1,-,B3Sigma-
final,65409.318495,2,1301,7,26,-1,0,0,-1,-,e1Pi
final,65411.706885,2,1302,6,133,-1,1,-1,-2,-,C3Pi
final,65533.724528,2,1303,6,133,-1,1,0,-1,-,C3Pi
final,65561.230326,2,1304,6,132,-1,1,1,0,-,C3Pi
final,65595.09514,2,1305,5,137,0,1,-1,-1,-,B3Sigma-
final,65616.41756,2,1306,6,134,-1,1,-1,-2,-,C3Pi
final,65627.676798,2,1307,7,27,-1,0,0,-1,-,e1Pi
final,65744.141313,2,1308,6,134,-1,1,0,-1,-,C3Pi
final,65763.783133,2,1309,6,133,-1,1,1,0,-,C3Pi
final,65800.328321,2,1310,6,135,-1,1,0,-1,-,C3Pi
final,65819.005589,2,1311,7,28,-1,0,0,-1,-,e1Pi
final,65822.822009,2,1312,6,135,-1,1,-1,-2,-,C3Pi
final,65955.954317,2,1313,5,138,0,1,-1,-1,-,B3Sigma-
final,65968.289732,2,1314,6,134,-1,1,1,0,-,C3Pi
final,65971.116143,2,1315,7,29,-1,0,0,-1,-,e1Pi
final,66007.345077,2,1316,6,136,-1,1,0,-1,-,C3Pi
final,66030.694785,2,1317,6,136,-1,1,-1,-2,-,C3Pi
final,66037.460149,2,1318,7,30,-1,0,0,-1,-,e1Pi
final,66104.928414,2,1319,7,31,-1,0,0,-1,-,e1Pi
final,66151.842373,2,1320,7,32,-1,0,0,-1,-,e1Pi
final,66169.144584,2,1321,5,139,0,1,-1,-1,-,B3Sigma-
final,66174.619244,2,1322,6,135,-1,1,1,0,-,C3Pi
final,66193.022859,2,1323,7,33,-1,0,0,-1,-,e1Pi
final,66215.940618,2,1324,6,137,-1,1,0,-1,-,C3Pi
final,66223.375389,2,1325,7,34,-1,0,0,-1,-,e1Pi
final,66239.941719,2,1326,6,137,-1,1,-1,-2,-,C3Pi
final,66244.305118,2,1327,7,35,-1,0,0,-1,-,e1Pi
final,66261.232124,2,1328,7,36,-1,0,0,-1,-,e1Pi
final,66281.044209,2,1329,7,37,-1,0,0,-1,-,e1Pi
final,66304.884182,2,1330,7,38,-1,0,0,-1,-,e1Pi
final,66332.722444,2,1331,7,39,-1,0,0,-1,-,e1Pi
final,66364.504548,2,1332,7,40,-1,0,0,-1,-,e1Pi
final,66382.502719,2,1333,6,136,-1,1,1,0,-,C3Pi
final,66383.674663,2,1334,5,140,0,1,-1,-1,-,B3Sigma-
final,66399.638755,2,1335,7,41,-1,0,0,-1,-,e1Pi
final,66426.031984,2,1336,6,138,-1,1,0,-1,-,C3Pi
final,66437.155365,2,1337,7,42,-1,0,0,-1,-,e1Pi
final,66450.575296,2,1338,6,138,-1,1,-1,-2,-,C3Pi
final,66476.644888,2,1339,7,43,-1,0,0,-1,-,e1Pi
final,66519.0018,2,1340,7,44,-1,0,0,-1,-,e1Pi
final,66564.916285,2,1341,7,45,-1,0,0,-1,-,e1Pi
final,66591.791969,2,1342,6,137,-1,1,1,0,-,C3Pi
final,66599.397947,2,1343,5,141,0,1,-1,-1,-,B3Sigma-
final,66613.479397,2,1344,7,46,-1,0,0,-1,-,e1Pi
final,66637.682246,2,1345,6,139,-1,1,0,-1,-,C3Pi
final,66662.656664,2,1346,6,139,-1,1,-1,-2,-,C3Pi
final,66663.434853,2,1347,7,47,-1,0,0,-1,-,e1Pi
final,66715.373752,2,1348,7,48,-1,0,0,-1,-,e1Pi
final,66770.748251,2,1349,7,49,-1,0,0,-1,-,e1Pi
final,66802.375787,2,1350,6,138,-1,1,1,0,-,C3Pi
final,66816.27995,2,1351,5,142,0,1,-1,-1,-,B3Sigma-
final,66828.883452,2,1352,7,50,-1,0,0,-1,-,e1Pi
final,66851.04065,2,1353,6,140,-1,1,0,-1,-,C3Pi
final,66876.226519,2,1354,6,140,-1,1,-1,-2,-,C3Pi
final,66888.243171,2,1355,7,51,-1,0,0,-1,-,e1Pi
final,66949.470833,2,1356,7,52,-1,0,0,-1,-,e1Pi
final,67013.90946,2,1357,7,53,-1,0,0,-1,-,e1Pi
final,67014.34714,2,1358,6,139,-1,1,1,0,-,C3Pi
final,67034.280048,2,1359,5,143,0,1,-1,-1,-,B3Sigma-
final,67066.26078,2,1360,6,141,-1,1,0,-1,-,C3Pi
final,67080.524964,2,1361,7,54,-1,0,0,-1,-,e1Pi
final,67091.276769,2,1362,6,141,-1,1,-1,-2,-,C3Pi
final,67148.338726,2,1363,7,55,-1,0,0,-1,-,e1Pi
final,67218.656698,2,1364,7,56,-1,0,0,-1,-,e1Pi
final,67227.824519,2,1365,6,140,-1,1,1,0,-,C3Pi
final,67253.311409,2,1366,5,144,0,1,-1,-1,-,B3Sigma-
final,67283.411324,2,1367,6,142,-1,1,0,-1,-,C3Pi
final,67291.764239,2,1368,7,57,-1,0,0,-1,-,e1Pi
final,67307.769508,2,1369,6,142,-1,1,-1,-2,-,C3Pi
final,67366.204356,2,1370,7,58,-1,0,0,-1,-,e1Pi
final,67442.351582,2,1371,7,59,-1,0,0,-1,-,e1Pi
final,67442.849851,2,1372,6,141,-1,1,1,0,-,C3Pi
final,67473.247838,2,1373,5,145,0,1,-1,-1,-,B3Sigma-
final,67502.503054,2,1374,6,143,-1,1,0,-1,-,C3Pi
final,67521.333158,2,1375,7,60,-1,0,0,-1,-,e1Pi
final,67525.67574,2,1376,6,143,-1,1,-1,-2,-,C3Pi
final,67602.186777,2,1377,7,61,-1,0,0,-1,-,e1Pi
final,67659.364776,2,1378,6,142,-1,1,1,0,-,C3Pi
final,67684.425608,2,1379,7,62,-1,0,0,-1,-,e1Pi
final,67694.014585,2,1380,5,146,0,1,-1,-1,-,B3Sigma-
final,67723.561571,2,1381,6,144,-1,1,0,-1,-,C3Pi
final,67744.994482,2,1382,6,144,-1,1,-1,-2,-,C3Pi
final,67769.043904,2,1383,7,63,-1,0,0,-1,-,e1Pi
final,67855.765972,2,1384,7,64,-1,0,0,-1,-,e1Pi
final,67877.278407,2,1385,6,143,-1,1,1,0,-,C3Pi
final,67915.66595,2,1386,5,147,0,1,-1,-1,-,B3Sigma-
final,67944.003866,2,1387,7,65,-1,0,0,-1,-,e1Pi
final,67946.687156,2,1388,6,145,-1,1,0,-1,-,C3Pi
final,67965.741632,2,1389,6,145,-1,1,-1,-2,-,C3Pi
final,68034.361969,2,1390,7,66,-1,0,0,-1,-,e1Pi
final,68096.554064,2,1391,6,144,-1,1,1,0,-,C3Pi
final,68126.764299,2,1392,7,67,-1,0,0,-1,-,e1Pi
final,68138.377353,2,1393,5,148,0,1,-1,-1,-,B3Sigma-
final,68171.724195,2,1394,6,146,-1,1,0,-1,-,C3Pi
final,68187.929144,2,1395,6,146,-1,1,-1,-2,-,C3Pi
final,68220.731274,2,1396,7,68,-1,0,0,-1,-,e1Pi
final,68316.698231,2,1397,7,69,-1,0,0,-1,-,e1Pi
final,68317.233084,2,1398,6,145,-1,1,1,0,-,C3Pi
final,68361.977132,2,1399,5,149,0,1,-1,-1,-,B3Sigma-
final,68398.476543,2,1400,6,147,-1,1,0,-1,-,C3Pi
final,68411.555358,2,1401,6,147,-1,1,-1,-2,-,C3Pi
final,68414.695857,2,1402,7,70,-1,0,0,-1,-,e1Pi
final,68514.308684,2,1403,7,71,-1,0,0,-1,-,e1Pi
final,68539.379046,2,1404,6,146,-1,1,1,0,-,C3Pi
final,68590.54755,2,1405,6,148,-1,1,0,-1,-,C3Pi
final,68615.768928,2,1406,7,72,-1,0,0,-1,-,e1Pi
final,68636.599393,2,1407,6,148,-1,1,-1,-2,-,C3Pi
final,68719.182814,2,1408,7,73,-1,0,0,-1,-,e1Pi
final,68763.009207,2,1409,6,147,-1,1,1,0,-,C3Pi
final,68810.800377,2,1410,6,149,-1,1,0,-1,-,C3Pi
final,68824.316933,2,1411,7,74,-1,0,0,-1,-,e1Pi
final,68863.091772,2,1412,6,149,-1,1,-1,-2,-,C3Pi
final,68931.242755,2,1413,7,75,-1,0,0,-1,-,e1Pi
final,68988.088116,2,1414,6,148,-1,1,1,0,-,C3Pi
final,69037.26978,2,1415,6,149,-1,1,1,0,-,C3Pi
final,69039.987087,2,1416,7,76,-1,0,0,-1,-,e1Pi
final,69150.470825,2,1417,7,77,-1,0,0,-1,-,e1Pi
final,69214.609721,2,1418,6,150,-1,1,1,0,-,C3Pi
final,69262.762491,2,1419,7,78,-1,0,0,-1,-,e1Pi
final,69376.810794,2,1420,7,79,-1,0,0,-1,-,e1Pi
final,69492.552692,2,1421,7,80,-1,0,0,-1,-,e1Pi
final,69610.075883,2,1422,7,81,-1,0,0,-1,-,e1Pi
final,69729.353242,2,1423,7,82,-1,0,0,-1,-,e1Pi
final,69850.307684,2,1424,7,83,-1,0,0,-1,-,e1Pi
final,69972.977816,2,1425,7,84,-1,0,0,-1,-,e1Pi
final,70097.382048,2,1426,7,85,-1,0,0,-1,-,e1Pi
final,70223.480573,2,1427,7,86,-1,0,0,-1,-,e1Pi
final,70351.251922,2,1428,7,87,-1,0,0,-1,-,e1Pi
final,70480.708697,2,1429,7,88,-1,0,0,-1,-,e1Pi
final,70611.861826,2,1430,7,89,-1,0,0,-1,-,e1Pi
final,70744.680238,2,1431,7,90,-1,0,0,-1,-,e1Pi
final,70879.142075,2,1432,7,91,-1,0,0,-1,-,e1Pi
final,71015.272964,2,1433,7,92,-1,0,0,-1,-,e1Pi
final,71153.069918,2,1434,7,93,-1,0,0,-1,-,e1Pi
final,71292.492871,2,1435,7,94,-1,0,0,-1,-,e1Pi
final,71433.546537,2,1436,7,95,-1,0,0,-1,-,e1Pi
final,71576.251696,2,1437,7,96,-1,0,0,-1,-,e1Pi
final,71720.581194,2,1438,7,97,-1,0,0,-1,-,e1Pi
final,71866.515761,2,1439,7,98,-1,0,0,-1,-,e1Pi
final,72014.074774,2,1440,7,99,-1,0,0,-1,-,e1Pi
final,72163.254575,2,1441,7,100,-1,0,0,-1,-,e1Pi
final,72314.026196,2,1442,7,101,-1,0,0,-1,-,e1Pi
final,72466.391941,2,1443,7,102,-1,0,0,-1,-,e1Pi
final,72620.366106,2,1444,7,103,-1,0,0,-1,-,e1Pi
final,72775.927652,2,1445,7,104,-1,0,0,-1,-,e1Pi
final,72933.061702,2,1446,7,105,-1,0,0,-1,-,e1Pi
final,73091.784452,2,1447,7,106,-1,0,0,-1,-,e1Pi
final,73252.089032,2,1448,7,107,-1,0,0,-1,-,e1Pi
final,73413.952301,2,1449,7,108,-1,0,0,-1,-,e1Pi
final,73577.381829,2,1450,7,109,-1,0,0,-1,-,e1Pi
final,73742.384284,2,1451,7,110,-1,0,0,-1,-,e1Pi
final,73908.938153,2,1452,7,111,-1,0,0,-1,-,e1Pi
final,74077.040295,2,1453,7,112,-1,0,0,-1,-,e1Pi
final,74246.701252,2,1454,7,113,-1,0,0,-1,-,e1Pi
final,74417.906504,2,1455,7,114,-1,0,0,-1,-,e1Pi
final,74590.645596,2,1456,7,115,-1,0,0,-1,-,e1Pi
final,74764.926366,2,1457,7,116,-1,0,0,-1,-,e1Pi
final,74940.747015,2,1458,7,117,-1,0,0,-1,-,e1Pi
final,75118.091238,2,1459,7,118,-1,0,0,-1,-,e1Pi
final,75296.961269,2,1460,7,119,-1,0,0,-1,-,e1Pi
final,75477.364257,2,1461,7,120,-1,0,0,-1,-,e1Pi
final,75659.277685,2,1462,7,121,-1,0,0,-1,-,e1Pi
final,75842.704675,2,1463,7,122,-1,0,0,-1,-,e1Pi
final,76027.651778,2,1464,7,123,-1,0,0,-1,-,e1Pi
final,76214.100712,2,1465,7,124,-1,0,0,-1,-,e1Pi
final,76402.055693,2,1466,7,125,-1,0,0,-1,-,e1Pi
final,76591.513992,2,1467,7,126,-1,0,0,-1,-,e1Pi
final,76782.472843,2,1468,7,127,-1,0,0,-1,-,e1Pi
final,76974.923358,2,1469,7,128,-1,0,0,-1,-,e1Pi
final,77168.864411,2,1470,7,129,-1,0,0,-1,-,e1Pi
final,77364.304152,2,1471,7,130,-1,0,0,-1,-,e1Pi
final,77561.218075,2,1472,7,131,-1,0,0,-1,-,e1Pi
final,77759.622863,2,1473,7,132,-1,0,0,-1,-,e1Pi
final,77959.513318,2,1474,7,133,-1,0,0,-1,-,e1Pi
final,78160.871385,2,1475,7,134,-1,0,0,-1,-,e1Pi
final,78363.715371,2,1476,7,135,-1,0,0,-1,-,e1Pi
final,78568.024235,2,1477,7,136,-1,0,0,-1,-,e1Pi
final,78773.804254,2,1478,7,137,-1,0,0,-1,-,e1Pi
final,78981.046803,2,1479,7,138,-1,0,0,-1,-,e1Pi
final,79189.75054,2,1480,7,139,-1,0,0,-1,-,e1Pi
final,79399.920405,2,1481,7,140,-1,0,0,-1,-,e1Pi
final,79611.538335,2,1482,7,141,-1,0,0,-1,-,e1Pi
final,79824.628338,2,1483,7,142,-1,0,0,-1,-,e1Pi
final,80039.164952,2,1484,7,143,-1,0,0,-1,-,e1Pi
final,80255.15241,2,1485,7,144,-1,0,0,-1,-,e1Pi
final,80472.594028,2,1486,7,145,-1,0,0,-1,-,e1Pi
final,80691.468142,2,1487,7,146,-1,0,0,-1,-,e1Pi
final,80911.794334,2,1488,7,147,-1,0,0,-1,-,e1Pi
final,81133.557965,2,1489,7,148,-1,0,0,-1,-,e1Pi
final,81356.766785,2,1490,7,149,-1,0,0,-1,-,e1Pi
final,17.734001,3,1,1,0,0,1,1,1,+,X3Sig-
final,1155.695393,3,2,1,1,0,1,1,1,+,X3Sig-
final,2280.947742,3,3,1,2,0,1,1,1,+,X3Sig-
final,3393.558948,3,4,1,3,0,1,1,1,+,X3Sig-
final,4493.573173,3,5,1,4,0,1,1,1,+,X3Sig-
final,5581.020372,3,6,1,5,0,1,1,1,+,X3Sig-
final,5877.337153,3,7,2,0,2,0,0,2,+,a1Delta
final,6655.890406,3,8,1,6,0,1,1,1,+,X3Sig-
final,6978.634947,3,9,2,1,2,0,0,2,+,a1Delta
final,7718.164804,3,10,1,7,0,1,1,1,+,X3Sig-
final,8066.327268,3,11,2,2,2,0,0,2,+,a1Delta
final,8767.844877,3,12,1,8,0,1,1,1,+,X3Sig-
final,9140.478103,3,13,2,3,2,0,0,2,+,a1Delta
final,9804.873884,3,14,1,9,0,1,1,1,+,X3Sig-
final,10201.131119,3,15,2,4,2,0,0,2,+,a1Delta
final,10829.201499,3,16,1,10,0,1,1,1,+,X3Sig-
final,11248.312587,3,17,2,5,2,0,0,2,+,a1Delta
final,11840.791213,3,18,1,11,0,1,1,1,+,X3Sig-
final,12282.048303,3,19,2,6,2,0,0,2,+,a1Delta
final,12839.57371,3,20,1,12,0,1,1,1,+,X3Sig-
final,13302.300204,3,21,2,7,2,0,0,2,+,a1Delta
final,13825.469252,3,22,1,13,0,1,1,1,+,X3Sig-
final,14309.043339,3,23,2,8,2,0,0,2,+,a1Delta
final,14798.392407,3,24,1,14,0,1,1,1,+,X3Sig-
final,15302.251439,3,25,2,9,2,0,0,2,+,a1Delta
final,15758.251146,3,26,1,15,0,1,1,1,+,X3Sig-
final,16281.801133,3,27,2,10,2,0,0,2,+,a1Delta
final,16704.951516,3,28,1,16,0,1,1,1,+,X3Sig-
final,17247.662609,3,29,2,11,2,0,0,2,+,a1Delta
final,17638.385903,3,30,1,17,0,1,1,1,+,X3Sig-
final,18199.776089,3,31,2,12,2,0,0,2,+,a1Delta
final,18558.449954,3,32,1,18,0,1,1,1,+,X3Sig-
final,19138.015718,3,33,2,13,2,0,0,2,+,a1Delta
final,19465.016306,3,34,1,19,0,1,1,1,+,X3Sig-
final,20062.243803,3,35,2,14,2,0,0,2,+,a1Delta
final,20357.954511,3,36,1,20,0,1,1,1,+,X3Sig-
final,20972.35813,3,37,2,15,2,0,0,2,+,a1Delta
final,21237.130443,3,38,1,21,0,1,1,1,+,X3Sig-
final,21868.25002,3,39,2,16,2,0,0,2,+,a1Delta
final,22102.40717,3,40,1,22,0,1,1,1,+,X3Sig-
final,22749.718204,3,41,2,17,2,0,0,2,+,a1Delta
final,22953.63966,3,42,1,23,0,1,1,1,+,X3Sig-
final,23616.630079,3,43,2,18,2,0,0,2,+,a1Delta
final,23790.666038,3,44,1,24,0,1,1,1,+,X3Sig-
final,24468.82688,3,45,2,19,2,0,0,2,+,a1Delta
final,24613.32923,3,46,1,25,0,1,1,1,+,X3Sig-
final,25306.104756,3,47,2,20,2,0,0,2,+,a1Delta
final,25421.461499,3,48,1,26,0,1,1,1,+,X3Sig-
final,26128.286522,3,49,2,21,2,0,0,2,+,a1Delta
final,26214.898275,3,50,1,27,0,1,1,1,+,X3Sig-
final,26935.164602,3,51,2,22,2,0,0,2,+,a1Delta
final,26993.452446,3,52,1,28,0,1,1,1,+,X3Sig-
final,27726.535313,3,53,2,23,2,0,0,2,+,a1Delta
final,27756.94244,3,54,1,29,0,1,1,1,+,X3Sig-
final,28502.172963,3,55,2,24,2,0,0,2,+,a1Delta
final,28505.177492,3,56,1,30,0,1,1,1,+,X3Sig-
final,29237.969867,3,57,1,31,0,1,1,1,+,X3Sig-
final,29261.838175,3,58,2,25,2,0,0,2,+,a1Delta
final,29955.109047,3,59,1,32,0,1,1,1,+,X3Sig-
final,30005.31048,3,60,2,26,2,0,0,2,+,a1Delta
final,30656.39047,3,61,1,33,0,1,1,1,+,X3Sig-
final,30732.321106,3,62,2,27,2,0,0,2,+,a1Delta
final,31341.603371,3,63,1,34,0,1,1,1,+,X3Sig-
final,31442.607751,3,64,2,28,2,0,0,2,+,a1Delta
final,32010.531059,3,65,1,35,0,1,1,1,+,X3Sig-
final,32135.920058,3,66,2,29,2,0,0,2,+,a1Delta
final,32662.946943,3,67,1,36,0,1,1,1,+,X3Sig-
final,32811.952866,3,68,2,30,2,0,0,2,+,a1Delta
final,33298.618078,3,69,1,37,0,1,1,1,+,X3Sig-
final,33470.421247,3,70,2,31,2,0,0,2,+,a1Delta
final,33917.31546,3,71,1,38,0,1,1,1,+,X3Sig-
final,34111.039435,3,72,2,32,2,0,0,2,+,a1Delta
final,34518.7936,3,73,1,39,0,1,1,1,+,X3Sig-
final,34733.469455,3,74,2,33,2,0,0,2,+,a1Delta
final,35102.80797,3,75,1,40,0,1,1,1,+,X3Sig-
final,35337.397652,3,76,2,34,2,0,0,2,+,a1Delta
final,35669.101318,3,77,1,41,0,1,1,1,+,X3Sig-
final,35922.496265,3,78,2,35,2,0,0,2,+,a1Delta
final,36217.415337,3,79,1,42,0,1,1,1,+,X3Sig-
final,36488.392862,3,80,2,36,2,0,0,2,+,a1Delta
final,36747.490761,3,81,1,43,0,1,1,1,+,X3Sig-
final,37034.744629,3,82,2,37,2,0,0,2,+,a1Delta
final,37259.051193,3,83,1,44,0,1,1,1,+,X3Sig-
final,37561.185006,3,84,2,38,2,0,0,2,+,a1Delta
final,37751.818312,3,85,1,45,0,1,1,1,+,X3Sig-
final,37948.827801,3,86,4,0,1,1,-1,0,+,A3Pi
final,38067.308277,3,87,2,39,2,0,0,2,+,a1Delta
final,38102.801676,3,88,4,0,1,1,0,1,+,A3Pi
final,38225.511627,3,89,1,46,0,1,1,1,+,X3Sig-
final,38265.667639,3,90,4,0,1,1,1,2,+,A3Pi
final,38367.800846,3,91,4,1,1,1,-1,0,+,A3Pi
final,38519.542604,3,92,4,1,1,1,0,1,+,A3Pi
final,38552.737438,3,93,2,40,2,0,0,2,+,a1Delta
final,38679.841099,3,94,1,47,0,1,1,1,+,X3Sig-
final,38680.100667,3,95,4,1,1,1,1,2,+,A3Pi
final,38777.32493,3,96,4,2,1,1,-1,0,+,A3Pi
final,38927.112343,3,97,4,2,1,1,0,1,+,A3Pi
final,39017.05684,3,98,2,41,2,0,0,2,+,a1Delta
final,39085.677624,3,99,4,2,1,1,1,2,+,A3Pi
final,39114.511831,3,100,1,48,0,1,1,1,+,X3Sig-
final,39183.215139,3,101,4,3,1,1,-1,0,+,A3Pi
final,39331.096935,3,102,4,3,1,1,0,1,+,A3Pi
final,39459.829243,3,103,2,42,2,0,0,2,+,a1Delta
final,39487.656587,3,104,4,3,1,1,1,2,+,A3Pi
final,39529.222481,3,105,1,49,0,1,1,1,+,X3Sig-
final,39585.555049,3,106,4,4,1,1,-1,0,+,A3Pi
final,39731.479585,3,107,4,4,1,1,0,1,+,A3Pi
final,39880.639461,3,108,2,43,2,0,0,2,+,a1Delta
final,39885.95896,3,109,4,4,1,1,1,2,+,A3Pi
final,39923.662059,3,110,1,50,0,1,1,1,+,X3Sig-
final,39984.118916,3,111,4,5,1,1,-1,0,+,A3Pi
final,40127.986765,3,112,4,5,1,1,0,1,+,A3Pi
final,40279.015045,3,113,2,44,2,0,0,2,+,a1Delta
final,40280.259197,3,114,4,5,1,1,1,2,+,A3Pi
final,40297.517341,3,115,1,51,0,1,1,1,+,X3Sig-
final,40378.106499,3,116,4,6,1,1,-1,0,+,A3Pi
final,40519.723279,3,117,4,6,1,1,0,1,+,A3Pi
final,40650.471018,3,118,1,52,0,1,1,1,+,X3Sig-
final,40654.49996,3,119,2,45,2,0,0,2,+,a1Delta
final,40669.560451,3,120,4,6,1,1,1,2,+,A3Pi
final,40765.891435,3,121,4,7,1,1,-1,0,+,A3Pi
final,40904.983721,3,122,4,7,1,1,0,1,+,A3Pi
final,40982.197083,3,123,1,53,0,1,1,1,+,X3Sig-
final,41006.615841,3,124,2,46,2,0,0,2,+,a1Delta
final,41052.060928,3,125,4,7,1,1,1,2,+,A3Pi
final,41145.566961,3,126,4,8,1,1,-1,0,+,A3Pi
final,41281.686691,3,127,4,8,1,1,0,1,+,A3Pi
final,41292.363389,3,128,1,54,0,1,1,1,+,X3Sig-
final,41334.854113,3,129,2,47,2,0,0,2,+,a1Delta
final,41388.581779,3,130,5,0,0,1,1,1,+,B3Sigma-
final,41425.490497,3,131,4,8,1,1,1,2,+,A3Pi
final,41514.799995,3,132,4,9,1,1,-1,0,+,A3Pi
final,41580.631147,3,133,1,55,0,1,1,1,+,X3Sig-
final,41638.727295,3,134,2,48,2,0,0,2,+,a1Delta
final,41647.316277,3,135,4,9,1,1,0,1,+,A3Pi
final,41787.131492,3,136,4,9,1,1,1,2,+,A3Pi
final,41846.652109,3,137,1,56,0,1,1,1,+,X3Sig-
final,41870.797955,3,138,4,10,1,1,-1,0,+,A3Pi
final,41917.692146,3,139,2,49,2,0,0,2,+,a1Delta
final,41998.841751,3,140,4,10,1,1,0,1,+,A3Pi
final,42008.985486,3,141,5,1,0,1,1,1,+,B3Sigma-
final,42090.086827,3,142,1,57,0,1,1,1,+,X3Sig-
final,42133.660704,3,143,4,10,1,1,1,2,+,A3Pi
final,42171.251818,3,144,2,50,2,0,0,2,+,a1Delta
final,42210.308871,3,145,4,11,1,1,-1,0,+,A3Pi
final,42332.636316,3,146,4,11,1,1,0,1,+,A3Pi
final,42398.855164,3,147,2,51,2,0,0,2,+,a1Delta
final,42460.905788,3,148,4,11,1,1,1,2,+,A3Pi
final,42529.419478,3,149,4,12,1,1,-1,0,+,A3Pi
final,42599.948438,3,150,2,52,2,0,0,2,+,a1Delta
final,42619.544124,3,151,5,2,0,1,1,1,+,B3Sigma-
final,42644.103957,3,152,4,12,1,1,0,1,+,A3Pi
final,42763.397976,3,153,4,12,1,1,1,2,+,A3Pi
final,42773.98564,3,154,2,53,2,0,0,2,+,a1Delta
final,42822.957042,3,155,4,13,1,1,-1,0,+,A3Pi
final,42920.393967,3,156,2,54,2,0,0,2,+,a1Delta
final,42927.093301,3,157,4,13,1,1,0,1,+,A3Pi
final,43033.491685,3,158,4,13,1,1,1,2,+,A3Pi
final,43038.565272,3,159,2,55,2,0,0,2,+,a1Delta
final,43083.884297,3,160,4,14,1,1,-1,0,+,A3Pi
final,43088.016798,3,161,8,0,1,1,1,2,+,Cp3Pi
final,43120.346719,3,162,8,1,1,1,1,2,+,Cp3Pi
final,43126.76583,3,163,2,56,2,0,0,2,+,a1Delta
final,43148.983782,3,164,8,2,1,1,1,2,+,Cp3Pi
final,43157.11978,3,165,8,0,1,1,0,1,+,Cp3Pi
final,43165.624085,3,166,4,14,1,1,1,2,+,A3Pi
final,43171.975604,3,167,8,3,1,1,1,2,+,Cp3Pi
final,43172.638175,3,168,4,14,1,1,0,1,+,A3Pi
final,43185.694902,3,169,8,1,1,1,0,1,+,Cp3Pi
final,43186.395677,3,170,4,15,1,1,1,2,+,A3Pi
final,43192.422115,3,171,8,4,1,1,1,2,+,Cp3Pi
final,43193.292782,3,172,2,57,2,0,0,2,+,a1Delta
final,43202.999977,3,173,4,16,1,1,1,2,+,A3Pi
final,43207.551366,3,174,8,2,1,1,0,1,+,Cp3Pi
final,43214.614067,3,175,8,5,1,1,1,2,+,Cp3Pi
final,43219.098456,3,176,4,17,1,1,1,2,+,A3Pi
final,43220.334105,3,177,5,3,0,1,1,1,+,B3Sigma-
final,43223.954203,3,178,8,3,1,1,0,1,+,Cp3Pi
final,43224.317599,3,179,4,15,1,1,0,1,+,A3Pi
final,43224.705598,3,180,8,0,1,1,-1,0,+,Cp3Pi
final,43230.865845,3,181,4,16,1,1,0,1,+,A3Pi
final,43239.558375,3,182,4,18,1,1,1,2,+,A3Pi
final,43240.720285,3,183,8,6,1,1,1,2,+,Cp3Pi
final,43243.005594,3,184,8,4,1,1,0,1,+,Cp3Pi
final,43243.257663,3,185,4,17,1,1,0,1,+,A3Pi
final,43246.933028,3,186,8,1,1,1,-1,0,+,Cp3Pi
final,43257.828317,3,187,8,2,1,1,-1,0,+,Cp3Pi
final,43258.943195,3,188,4,19,1,1,1,2,+,A3Pi
final,43260.902164,3,189,4,18,1,1,0,1,+,A3Pi
final,43264.136726,3,190,4,20,1,1,1,2,+,A3Pi
final,43265.649059,3,191,4,15,1,1,-1,0,+,A3Pi
final,43266.716448,3,192,8,5,1,1,0,1,+,Cp3Pi
final,43270.825176,3,193,8,7,1,1,1,2,+,Cp3Pi
final,43274.081953,3,194,8,3,1,1,-1,0,+,Cp3Pi
final,43274.681866,3,195,4,16,1,1,-1,0,+,A3Pi
final,43282.658607,3,196,4,19,1,1,0,1,+,A3Pi
final,43284.504799,3,197,4,17,1,1,-1,0,+,A3Pi
final,43292.562832,3,198,4,21,1,1,1,2,+,A3Pi
final,43294.191015,3,199,8,6,1,1,0,1,+,Cp3Pi
final,43295.040825,3,200,8,4,1,1,-1,0,+,Cp3Pi
final,43301.551992,3,201,4,18,1,1,-1,0,+,A3Pi
final,43302.311356,3,202,4,19,1,1,-1,0,+,A3Pi
final,43304.364155,3,203,8,8,1,1,1,2,+,Cp3Pi
final,43307.744855,3,204,4,20,1,1,0,1,+,A3Pi
final,43319.903979,3,205,8,5,1,1,-1,0,+,Cp3Pi
final,43323.928937,3,206,4,22,1,1,1,2,+,A3Pi
final,43324.340974,3,207,4,20,1,1,-1,0,+,A3Pi
final,43325.222198,3,208,8,7,1,1,0,1,+,Cp3Pi
final,43336.254335,3,209,4,21,1,1,0,1,+,A3Pi
final,43341.164162,3,210,8,9,1,1,1,2,+,Cp3Pi
final,43348.442313,3,211,8,6,1,1,-1,0,+,Cp3Pi
final,43349.537237,3,212,4,21,1,1,-1,0,+,A3Pi
final,43357.285767,3,213,4,23,1,1,1,2,+,A3Pi
final,43359.584607,3,214,8,8,1,1,0,1,+,Cp3Pi
final,43366.126345,3,215,4,22,1,1,0,1,+,A3Pi
final,43367.760613,3,216,4,23,1,1,0,1,+,A3Pi
final,43377.953539,3,217,4,22,1,1,-1,0,+,A3Pi
final,43380.073808,3,218,8,7,1,1,-1,0,+,Cp3Pi
final,43380.943668,3,219,8,10,1,1,1,2,+,Cp3Pi
final,43392.042874,3,220,4,24,1,1,1,2,+,A3Pi
final,43397.016227,3,221,8,9,1,1,0,1,+,Cp3Pi
final,43401.038901,3,222,4,24,1,1,0,1,+,A3Pi
final,43409.382015,3,223,4,23,1,1,-1,0,+,A3Pi
final,43414.966577,3,224,8,8,1,1,-1,0,+,Cp3Pi
final,43415.383904,3,225,4,25,1,1,1,2,+,A3Pi
final,43423.64153,3,226,8,11,1,1,1,2,+,Cp3Pi
final,43429.347918,3,227,4,26,1,1,1,2,+,A3Pi
final,43435.531088,3,228,4,25,1,1,0,1,+,A3Pi
final,43437.381595,3,229,8,10,1,1,0,1,+,Cp3Pi
final,43442.453943,3,230,4,24,1,1,-1,0,+,A3Pi
final,43452.804302,3,231,8,9,1,1,-1,0,+,Cp3Pi
final,43459.987257,3,232,4,25,1,1,-1,0,+,A3Pi
final,43462.872317,3,233,4,27,1,1,1,2,+,A3Pi
final,43468.037938,3,234,4,26,1,1,0,1,+,A3Pi
final,43469.043021,3,235,8,12,1,1,1,2,+,Cp3Pi
final,43477.443303,3,236,4,26,1,1,-1,0,+,A3Pi
final,43480.520715,3,237,8,11,1,1,0,1,+,Cp3Pi
final,43487.764229,3,238,4,27,1,1,0,1,+,A3Pi
final,43493.515197,3,239,8,10,1,1,-1,0,+,Cp3Pi
final,43493.952225,3,240,4,28,1,1,1,2,+,A3Pi
final,43511.126578,3,241,4,27,1,1,-1,0,+,A3Pi
final,43513.502891,3,242,4,28,1,1,0,1,+,A3Pi
final,43517.157099,3,243,8,13,1,1,1,2,+,Cp3Pi
final,43524.756192,3,244,4,29,1,1,1,2,+,A3Pi
final,43526.331882,3,245,8,12,1,1,0,1,+,Cp3Pi
final,43536.928717,3,246,8,11,1,1,-1,0,+,Cp3Pi
final,43541.317495,3,247,4,28,1,1,-1,0,+,A3Pi
final,43546.826265,3,248,4,29,1,1,0,1,+,A3Pi
final,43559.07276,3,249,4,30,1,1,1,2,+,A3Pi
final,43567.812772,3,250,8,14,1,1,1,2,+,Cp3Pi
final,43569.21956,3,251,4,29,1,1,-1,0,+,A3Pi
final,43574.737695,3,252,8,13,1,1,0,1,+,Cp3Pi
final,43581.092719,3,253,4,30,1,1,0,1,+,A3Pi
final,43583.024969,3,254,8,12,1,1,-1,0,+,Cp3Pi
final,43596.260124,3,255,4,31,1,1,1,2,+,A3Pi
final,43601.54598,3,256,4,30,1,1,-1,0,+,A3Pi
final,43617.070851,3,257,4,31,1,1,0,1,+,A3Pi
final,43620.969617,3,258,8,15,1,1,1,2,+,Cp3Pi
final,43625.672612,3,259,8,14,1,1,0,1,+,Cp3Pi
final,43631.652775,3,260,8,13,1,1,-1,0,+,Cp3Pi
final,43635.515728,3,261,4,32,1,1,1,2,+,A3Pi
final,43637.355666,3,262,4,31,1,1,-1,0,+,A3Pi
final,43655.41628,3,263,4,32,1,1,0,1,+,A3Pi
final,43675.230242,3,264,4,32,1,1,-1,0,+,A3Pi
final,43676.576982,3,265,8,16,1,1,1,2,+,Cp3Pi
final,43676.746352,3,266,4,33,1,1,1,2,+,A3Pi
final,43679.040502,3,267,8,15,1,1,0,1,+,Cp3Pi
final,43682.849534,3,268,8,14,1,1,-1,0,+,Cp3Pi
final,43695.931152,3,269,4,33,1,1,0,1,+,A3Pi
final,43715.064435,3,270,4,33,1,1,-1,0,+,A3Pi
final,43719.949305,3,271,4,34,1,1,1,2,+,A3Pi
final,43734.526685,3,272,8,17,1,1,1,2,+,Cp3Pi
final,43734.862966,3,273,8,16,1,1,0,1,+,Cp3Pi
final,43736.452625,3,274,8,15,1,1,-1,0,+,Cp3Pi
final,43738.499654,3,275,4,34,1,1,0,1,+,A3Pi
final,43756.941392,3,276,4,34,1,1,-1,0,+,A3Pi
final,43765.077972,3,277,4,35,1,1,1,2,+,A3Pi
final,43783.017052,3,278,4,35,1,1,0,1,+,A3Pi
final,43792.463919,3,279,8,16,1,1,-1,0,+,Cp3Pi
final,43793.040074,3,280,8,17,1,1,0,1,+,Cp3Pi
final,43794.826054,3,281,8,18,1,1,1,2,+,Cp3Pi
final,43800.80763,3,282,4,35,1,1,-1,0,+,A3Pi
final,43811.481699,3,283,5,4,0,1,1,1,+,B3Sigma-
final,43812.128376,3,284,4,36,1,1,1,2,+,A3Pi
final,43829.452586,3,285,4,36,1,1,0,1,+,A3Pi
final,43846.59287,3,286,4,36,1,1,-1,0,+,A3Pi
final,43850.847345,3,287,8,17,1,1,-1,0,+,Cp3Pi
final,43853.532783,3,288,8,18,1,1,0,1,+,Cp3Pi
final,43857.330725,3,289,8,19,1,1,1,2,+,Cp3Pi
final,43861.056397,3,290,4,37,1,1,1,2,+,A3Pi
final,43877.769388,3,291,4,37,1,1,0,1,+,A3Pi
final,43894.306566,3,292,4,37,1,1,-1,0,+,A3Pi
final,43911.503006,3,293,8,18,1,1,-1,0,+,Cp3Pi
final,43911.823087,3,294,4,38,1,1,1,2,+,A3Pi
final,43916.267737,3,295,8,19,1,1,0,1,+,Cp3Pi
final,43922.047095,3,296,8,20,1,1,1,2,+,Cp3Pi
final,43927.914154,3,297,4,38,1,1,0,1,+,A3Pi
final,43943.895952,3,298,4,38,1,1,-1,0,+,A3Pi
final,43964.394446,3,299,4,39,1,1,1,2,+,A3Pi
final,43974.417496,3,300,8,19,1,1,-1,0,+,Cp3Pi
final,43979.897387,3,301,4,39,1,1,0,1,+,A3Pi
final,43981.157678,3,302,8,20,1,1,0,1,+,Cp3Pi
final,43983.783529,3,303,6,0,1,1,1,2,+,C3Pi
final,43988.974931,3,304,8,21,1,1,1,2,+,Cp3Pi
final,43995.338082,3,305,4,39,1,1,-1,0,+,A3Pi
final,44018.739696,3,306,4,40,1,1,1,2,+,A3Pi
final,44033.697104,3,307,4,40,1,1,0,1,+,A3Pi
final,44039.470678,3,308,8,20,1,1,-1,0,+,Cp3Pi
final,44048.251606,3,309,8,21,1,1,0,1,+,Cp3Pi
final,44048.594249,3,310,4,40,1,1,-1,0,+,A3Pi
final,44057.95509,3,311,8,22,1,1,1,2,+,Cp3Pi
final,44074.850047,3,312,4,41,1,1,1,2,+,A3Pi
final,44089.282849,3,313,4,41,1,1,0,1,+,A3Pi
final,44103.638408,3,314,4,41,1,1,-1,0,+,A3Pi
final,44106.751116,3,315,8,21,1,1,-1,0,+,Cp3Pi
final,44117.403598,3,316,8,22,1,1,0,1,+,Cp3Pi
final,44129.065325,3,317,8,23,1,1,1,2,+,Cp3Pi
final,44132.725218,3,318,4,42,1,1,1,2,+,A3Pi
final,44146.624195,3,319,4,42,1,1,0,1,+,A3Pi
final,44160.466853,3,320,4,42,1,1,-1,0,+,A3Pi
final,44166.348768,3,321,6,0,1,1,0,1,+,C3Pi
final,44176.099292,3,322,8,22,1,1,-1,0,+,Cp3Pi
final,44188.665423,3,323,8,23,1,1,0,1,+,Cp3Pi
final,44192.326991,3,324,4,43,1,1,1,2,+,A3Pi
final,44202.216308,3,325,8,24,1,1,1,2,+,Cp3Pi
final,44205.705866,3,326,4,43,1,1,0,1,+,A3Pi
final,44219.054688,3,327,4,43,1,1,-1,0,+,A3Pi
final,44247.509117,3,328,8,23,1,1,-1,0,+,Cp3Pi
final,44253.635162,3,329,4,44,1,1,1,2,+,A3Pi
final,44262.006823,3,330,8,24,1,1,0,1,+,Cp3Pi
final,44266.514524,3,331,4,44,1,1,0,1,+,A3Pi
final,44277.346653,3,332,8,25,1,1,1,2,+,Cp3Pi
final,44279.391903,3,333,4,44,1,1,-1,0,+,A3Pi
final,44316.643957,3,334,4,45,1,1,1,2,+,A3Pi
final,44321.012605,3,335,8,24,1,1,-1,0,+,Cp3Pi
final,44329.031243,3,336,4,45,1,1,0,1,+,A3Pi
final,44337.315672,3,337,8,25,1,1,0,1,+,Cp3Pi
final,44341.45542,3,338,4,45,1,1,-1,0,+,A3Pi
final,44349.311588,3,339,6,0,1,1,-1,0,+,C3Pi
final,44354.4692,3,340,8,26,1,1,1,2,+,Cp3Pi
final,44381.331601,3,341,4,46,1,1,1,2,+,A3Pi
final,44393.228947,3,342,4,46,1,1,0,1,+,A3Pi
final,44394.954199,3,343,5,5,0,1,1,1,+,B3Sigma-
final,44396.472843,3,344,8,25,1,1,-1,0,+,Cp3Pi
final,44405.224028,3,345,4,46,1,1,-1,0,+,A3Pi
final,44414.605491,3,346,8,26,1,1,0,1,+,Cp3Pi
final,44433.522302,3,347,8,27,1,1,1,2,+,Cp3Pi
final,44447.689255,3,348,4,47,1,1,1,2,+,A3Pi
final,44459.158098,3,349,4,47,1,1,0,1,+,A3Pi
final,44470.676051,3,350,4,47,1,1,-1,0,+,A3Pi
final,44473.935125,3,351,8,26,1,1,-1,0,+,Cp3Pi
final,44493.817454,3,352,8,27,1,1,0,1,+,Cp3Pi
final,44514.464427,3,353,8,28,1,1,1,2,+,Cp3Pi
final,44515.716916,3,354,4,48,1,1,1,2,+,A3Pi
final,44526.7228,3,355,4,48,1,1,0,1,+,A3Pi
final,44537.820954,3,356,4,48,1,1,-1,0,+,A3Pi
final,44553.318951,3,357,8,27,1,1,-1,0,+,Cp3Pi
final,44574.93337,3,358,8,28,1,1,0,1,+,Cp3Pi
final,44585.370259,3,359,4,49,1,1,1,2,+,A3Pi
final,44595.941946,3,360,4,49,1,1,0,1,+,A3Pi
final,44597.299051,3,361,8,29,1,1,1,2,+,Cp3Pi
final,44606.6313,3,362,4,49,1,1,-1,0,+,A3Pi
final,44634.608533,3,363,8,28,1,1,-1,0,+,Cp3Pi
final,44656.65859,3,364,4,50,1,1,1,2,+,A3Pi
final,44657.930885,3,365,8,29,1,1,0,1,+,Cp3Pi
final,44666.809132,3,366,4,50,1,1,0,1,+,A3Pi
final,44676.488342,3,367,6,1,1,1,1,2,+,C3Pi
final,44677.092412,3,368,4,50,1,1,-1,0,+,A3Pi
final,44681.975354,3,369,8,30,1,1,1,2,+,Cp3Pi
final,44717.762399,3,370,8,29,1,1,-1,0,+,Cp3Pi
final,44729.588962,3,371,4,51,1,1,1,2,+,A3Pi
final,44739.302375,3,372,4,51,1,1,0,1,+,A3Pi
final,44742.800378,3,373,8,30,1,1,0,1,+,Cp3Pi
final,44749.20241,3,374,4,51,1,1,-1,0,+,A3Pi
final,44768.429089,3,375,8,31,1,1,1,2,+,Cp3Pi
final,44802.787889,3,376,8,30,1,1,-1,0,+,Cp3Pi
final,44804.135757,3,377,4,52,1,1,1,2,+,A3Pi
final,44813.420035,3,378,4,52,1,1,0,1,+,A3Pi
final,44823.031127,3,379,4,52,1,1,-1,0,+,A3Pi
final,44829.434615,3,380,8,31,1,1,0,1,+,Cp3Pi
final,44856.686491,3,381,8,32,1,1,1,2,+,Cp3Pi
final,44856.705601,3,382,6,1,1,1,0,1,+,C3Pi
final,44880.298129,3,383,4,53,1,1,1,2,+,A3Pi
final,44889.143276,3,384,4,53,1,1,0,1,+,A3Pi
final,44889.598931,3,385,8,31,1,1,-1,0,+,Cp3Pi
final,44898.682308,3,386,4,53,1,1,-1,0,+,A3Pi
final,44917.857895,3,387,8,32,1,1,0,1,+,Cp3Pi
final,44946.706157,3,388,8,33,1,1,1,2,+,Cp3Pi
final,44958.019103,3,389,4,54,1,1,1,2,+,A3Pi
final,44966.447755,3,390,4,54,1,1,0,1,+,A3Pi
final,44971.671043,3,391,5,6,0,1,1,1,+,B3Sigma-
final,44976.520702,3,392,4,54,1,1,-1,0,+,A3Pi
final,44978.207144,3,393,8,32,1,1,-1,0,+,Cp3Pi
final,45008.054237,3,394,8,33,1,1,0,1,+,Cp3Pi
final,45037.305238,3,395,4,55,1,1,1,2,+,A3Pi
final,45038.456752,3,396,8,34,1,1,1,2,+,Cp3Pi
final,45041.676144,3,397,6,1,1,1,-1,0,+,C3Pi
final,45045.392233,3,398,4,55,1,1,0,1,+,A3Pi
final,45056.667033,3,399,4,55,1,1,-1,0,+,A3Pi
final,45068.57266,3,400,8,33,1,1,-1,0,+,Cp3Pi
final,45099.982252,3,401,8,34,1,1,0,1,+,Cp3Pi
final,45119.875163,3,402,4,56,1,1,1,2,+,A3Pi
final,45125.908582,3,403,4,56,1,1,0,1,+,A3Pi
final,45131.881031,3,404,8,35,1,1,1,2,+,Cp3Pi
final,45141.088812,3,405,4,56,1,1,-1,0,+,A3Pi
final,45160.671954,3,406,8,34,1,1,-1,0,+,Cp3Pi
final,45193.605789,3,407,8,35,1,1,0,1,+,Cp3Pi
final,45207.856737,3,408,4,57,1,1,0,1,+,A3Pi
final,45226.1218,3,409,4,57,1,1,-1,0,+,A3Pi
final,45226.818168,3,410,4,58,1,1,-1,0,+,A3Pi
final,45227.010889,3,411,8,36,1,1,1,2,+,Cp3Pi
final,45254.464395,3,412,8,35,1,1,-1,0,+,Cp3Pi
final,45288.925834,3,413,8,36,1,1,0,1,+,Cp3Pi
final,45323.783296,3,414,8,37,1,1,1,2,+,Cp3Pi
final,45349.957745,3,415,8,36,1,1,-1,0,+,Cp3Pi
final,45354.791479,3,416,6,2,1,1,1,2,+,C3Pi
final,45385.879875,3,417,8,37,1,1,0,1,+,Cp3Pi
final,45422.210299,3,418,8,38,1,1,1,2,+,Cp3Pi
final,45447.096603,3,419,8,37,1,1,-1,0,+,Cp3Pi
final,45484.487525,3,420,8,38,1,1,0,1,+,Cp3Pi
final,45518.994625,3,421,5,7,0,1,1,1,+,B3Sigma-
final,45522.232222,3,422,8,39,1,1,1,2,+,Cp3Pi
final,45545.880727,3,423,8,38,1,1,-1,0,+,Cp3Pi
final,45552.783568,3,424,6,2,1,1,0,1,+,C3Pi
final,45584.704264,3,425,8,39,1,1,0,1,+,Cp3Pi
final,45623.846942,3,426,8,40,1,1,1,2,+,Cp3Pi
final,45646.274936,3,427,8,39,1,1,-1,0,+,Cp3Pi
final,45686.511576,3,428,8,40,1,1,0,1,+,Cp3Pi
final,45719.443583,3,429,6,2,1,1,-1,0,+,C3Pi
final,45727.017594,3,430,8,41,1,1,1,2,+,Cp3Pi
final,45748.254234,3,431,8,40,1,1,-1,0,+,Cp3Pi
final,45789.874772,3,432,8,41,1,1,0,1,+,Cp3Pi
final,45831.731956,3,433,8,42,1,1,1,2,+,Cp3Pi
final,45851.802126,3,434,8,41,1,1,-1,0,+,Cp3Pi
final,45894.770237,3,435,8,42,1,1,0,1,+,Cp3Pi
final,45937.975223,3,436,8,43,1,1,1,2,+,Cp3Pi
final,45956.880809,3,437,8,42,1,1,-1,0,+,Cp3Pi
final,46001.199337,3,438,8,43,1,1,0,1,+,Cp3Pi
final,46015.957918,3,439,6,3,1,1,1,2,+,C3Pi
final,46045.726747,3,440,8,44,1,1,1,2,+,Cp3Pi
final,46063.490788,3,441,8,43,1,1,-1,0,+,Cp3Pi
final,46090.110428,3,442,5,8,0,1,1,1,+,B3Sigma-
final,46109.142001,3,443,8,44,1,1,0,1,+,Cp3Pi
final,46154.969997,3,444,8,45,1,1,1,2,+,Cp3Pi
final,46171.609476,3,445,8,44,1,1,-1,0,+,Cp3Pi
final,46198.40328,3,446,6,3,1,1,0,1,+,C3Pi
final,46218.571708,3,447,8,45,1,1,0,1,+,Cp3Pi
final,46265.690308,3,448,8,46,1,1,1,2,+,Cp3Pi
final,46281.218952,3,449,8,45,1,1,-1,0,+,Cp3Pi
final,46329.467089,3,450,8,46,1,1,0,1,+,Cp3Pi
final,46377.867396,3,451,8,47,1,1,1,2,+,Cp3Pi
final,46379.994269,3,452,6,3,1,1,-1,0,+,C3Pi
final,46392.296796,3,453,8,46,1,1,-1,0,+,Cp3Pi
final,46441.813161,3,454,8,47,1,1,0,1,+,Cp3Pi
final,46491.486681,3,455,8,48,1,1,1,2,+,Cp3Pi
final,46504.826649,3,456,8,47,1,1,-1,0,+,Cp3Pi
final,46555.59414,3,457,8,48,1,1,0,1,+,Cp3Pi
final,46606.528091,3,458,8,49,1,1,1,2,+,Cp3Pi
final,46618.792931,3,459,8,48,1,1,-1,0,+,Cp3Pi
final,46637.79343,3,460,5,9,0,1,1,1,+,B3Sigma-
final,46659.208141,3,461,6,4,1,1,1,2,+,C3Pi
final,46670.852775,3,462,8,49,1,1,0,1,+,Cp3Pi
final,46722.983716,3,463,8,50,1,1,1,2,+,Cp3Pi
final,46734.174477,3,464,8,49,1,1,-1,0,+,Cp3Pi
final,46787.423959,3,465,8,50,1,1,0,1,+,Cp3Pi
final,46839.272703,3,466,6,4,1,1,0,1,+,C3Pi
final,46840.840218,3,467,8,51,1,1,1,2,+,Cp3Pi
final,46850.953747,3,468,8,50,1,1,-1,0,+,Cp3Pi
final,46905.397134,3,469,8,51,1,1,0,1,+,Cp3Pi
final,46960.08415,3,470,8,52,1,1,1,2,+,Cp3Pi
final,46969.119257,3,471,8,51,1,1,-1,0,+,Cp3Pi
final,47022.259992,3,472,6,4,1,1,-1,0,+,C3Pi
final,47024.70481,3,473,8,52,1,1,0,1,+,Cp3Pi
final,47080.70148,3,474,8,53,1,1,1,2,+,Cp3Pi
final,47088.656269,3,475,8,52,1,1,-1,0,+,Cp3Pi
final,47144.767543,3,476,8,53,1,1,0,1,+,Cp3Pi
final,47173.939352,3,477,5,10,0,1,1,1,+,B3Sigma-
final,47202.683897,3,478,8,54,1,1,1,2,+,Cp3Pi
final,47209.541458,3,479,8,53,1,1,-1,0,+,Cp3Pi
final,47267.930489,3,480,8,54,1,1,0,1,+,Cp3Pi
final,47282.38264,3,481,6,5,1,1,1,2,+,C3Pi
final,47326.025365,3,482,8,55,1,1,1,2,+,Cp3Pi
final,47331.760607,3,483,8,54,1,1,-1,0,+,Cp3Pi
final,47391.178586,3,484,8,55,1,1,0,1,+,Cp3Pi
final,47450.714533,3,485,8,56,1,1,1,2,+,Cp3Pi
final,47455.305356,3,486,8,55,1,1,-1,0,+,Cp3Pi
final,47460.88355,3,487,6,5,1,1,0,1,+,C3Pi
final,47515.792731,3,488,8,56,1,1,0,1,+,Cp3Pi
final,47576.735826,3,489,8,57,1,1,1,2,+,Cp3Pi
final,47580.15892,3,490,8,56,1,1,-1,0,+,Cp3Pi
final,47641.211619,3,491,8,57,1,1,0,1,+,Cp3Pi
final,47643.473314,3,492,6,5,1,1,-1,0,+,C3Pi
final,47698.509723,3,493,5,11,0,1,1,1,+,B3Sigma-
final,47704.070921,3,494,8,58,1,1,1,2,+,Cp3Pi
final,47706.298536,3,495,8,57,1,1,-1,0,+,Cp3Pi
final,47770.230372,3,496,8,58,1,1,0,1,+,Cp3Pi
final,47832.676343,3,497,8,59,1,1,1,2,+,Cp3Pi
final,47833.692792,3,498,8,58,1,1,-1,0,+,Cp3Pi
final,47880.518036,3,499,6,6,1,1,1,2,+,C3Pi
final,47898.363556,3,500,8,59,1,1,0,1,+,Cp3Pi
final,47962.313637,3,501,8,59,1,1,-1,0,+,Cp3Pi
final,47962.657215,3,502,8,60,1,1,1,2,+,Cp3Pi
final,48027.973615,3,503,8,60,1,1,0,1,+,Cp3Pi
final,48056.648128,3,504,6,6,1,1,0,1,+,C3Pi
final,48092.105721,3,505,8,60,1,1,-1,0,+,Cp3Pi
final,48093.776663,3,506,8,61,1,1,1,2,+,Cp3Pi
final,48159.11627,3,507,8,61,1,1,0,1,+,Cp3Pi
final,48209.079493,3,508,5,12,0,1,1,1,+,B3Sigma-
final,48222.3421,3,509,8,61,1,1,-1,0,+,Cp3Pi
final,48226.014794,3,510,8,62,1,1,1,2,+,Cp3Pi
final,48237.27518,3,511,6,6,1,1,-1,0,+,C3Pi
final,48291.296708,3,512,8,62,1,1,0,1,+,Cp3Pi
final,48355.276839,3,513,8,62,1,1,-1,0,+,Cp3Pi
final,48358.694006,3,514,8,63,1,1,1,2,+,Cp3Pi
final,48424.12406,3,515,8,63,1,1,0,1,+,Cp3Pi
final,48443.152347,3,516,6,7,1,1,1,2,+,C3Pi
final,48488.087854,3,517,8,63,1,1,-1,0,+,Cp3Pi
final,48497.458504,3,518,8,64,1,1,1,2,+,Cp3Pi
final,48555.295579,3,519,8,64,1,1,0,1,+,Cp3Pi
final,48615.794008,3,520,6,7,1,1,0,1,+,C3Pi
final,48621.058904,3,521,8,64,1,1,-1,0,+,Cp3Pi
final,48630.951562,3,522,8,65,1,1,1,2,+,Cp3Pi
final,48697.983211,3,523,8,65,1,1,0,1,+,Cp3Pi
final,48708.111946,3,524,5,13,0,1,1,1,+,B3Sigma-
final,48746.594546,3,525,8,65,1,1,-1,0,+,Cp3Pi
final,48765.515204,3,526,8,66,1,1,1,2,+,Cp3Pi
final,48796.138819,3,527,6,7,1,1,-1,0,+,C3Pi
final,48831.814013,3,528,8,66,1,1,0,1,+,Cp3Pi
final,48893.540079,3,529,8,67,1,1,1,2,+,Cp3Pi
final,48899.275125,3,530,8,66,1,1,-1,0,+,Cp3Pi
final,48964.417632,3,531,8,67,1,1,0,1,+,Cp3Pi
final,48978.22169,3,532,6,8,1,1,1,2,+,C3Pi
final,49031.619842,3,533,8,67,1,1,-1,0,+,Cp3Pi
final,49067.196337,3,534,8,68,1,1,1,2,+,Cp3Pi
final,49084.128855,3,535,8,68,1,1,0,1,+,Cp3Pi
final,49161.483862,3,536,8,68,1,1,-1,0,+,Cp3Pi
final,49168.121844,3,537,6,8,1,1,0,1,+,C3Pi
final,49190.909312,3,538,5,14,0,1,1,1,+,B3Sigma-
final,49197.376806,3,539,8,69,1,1,1,2,+,Cp3Pi
final,49275.092728,3,540,8,69,1,1,-1,0,+,Cp3Pi
final,49275.426151,3,541,8,69,1,1,0,1,+,Cp3Pi
final,49332.445092,3,542,8,70,1,1,1,2,+,Cp3Pi
final,49368.892175,3,543,6,8,1,1,-1,0,+,C3Pi
final,49405.885556,3,544,8,70,1,1,0,1,+,Cp3Pi
final,49458.987384,3,545,8,71,1,1,1,2,+,Cp3Pi
final,49483.594876,3,546,8,70,1,1,-1,0,+,Cp3Pi
final,49539.180952,3,547,8,71,1,1,0,1,+,Cp3Pi
final,49557.369613,3,548,6,9,1,1,1,2,+,C3Pi
final,49614.638224,3,549,8,71,1,1,-1,0,+,Cp3Pi
final,49649.316045,3,550,5,15,0,1,1,1,+,B3Sigma-
final,49662.864801,3,551,8,72,1,1,1,2,+,Cp3Pi
final,49665.195428,3,552,8,72,1,1,0,1,+,Cp3Pi
final,49747.331682,3,553,8,72,1,1,-1,0,+,Cp3Pi
final,49766.170414,3,554,6,9,1,1,0,1,+,C3Pi
final,49796.508807,3,555,8,73,1,1,1,2,+,Cp3Pi
final,49870.843073,3,556,8,73,1,1,-1,0,+,Cp3Pi
final,49879.225468,3,557,8,73,1,1,0,1,+,Cp3Pi
final,49939.60717,3,558,8,74,1,1,1,2,+,Cp3Pi
final,49979.152432,3,559,6,9,1,1,-1,0,+,C3Pi
final,50013.840128,3,560,8,74,1,1,0,1,+,Cp3Pi
final,50042.32522,3,561,6,10,1,1,1,2,+,C3Pi
final,50065.532515,3,562,5,16,0,1,1,1,+,B3Sigma-
final,50086.359409,3,563,8,75,1,1,1,2,+,Cp3Pi
final,50096.068199,3,564,8,74,1,1,-1,0,+,Cp3Pi
final,50156.959186,3,565,8,75,1,1,0,1,+,Cp3Pi
final,50219.776329,3,566,6,10,1,1,0,1,+,C3Pi
final,50230.549386,3,567,8,75,1,1,-1,0,+,Cp3Pi
final,50234.09667,3,568,8,76,1,1,1,2,+,Cp3Pi
final,50304.408359,3,569,8,76,1,1,0,1,+,Cp3Pi
final,50368.741427,3,570,8,76,1,1,-1,0,+,Cp3Pi
final,50379.774902,3,571,8,77,1,1,1,2,+,Cp3Pi
final,50384.856269,3,572,5,17,0,1,1,1,+,B3Sigma-
final,50403.678576,3,573,6,10,1,1,-1,0,+,C3Pi
final,50452.208866,3,574,8,77,1,1,0,1,+,Cp3Pi
final,50494.971433,3,575,6,11,1,1,1,2,+,C3Pi
final,50523.978579,3,576,8,77,1,1,-1,0,+,Cp3Pi
final,50569.714349,3,577,8,78,1,1,1,2,+,Cp3Pi
final,50596.277835,3,578,8,78,1,1,0,1,+,Cp3Pi
final,50600.875756,3,579,5,18,0,1,1,1,+,B3Sigma-
final,50671.575344,3,580,8,78,1,1,-1,0,+,Cp3Pi
final,50700.922354,3,581,6,11,1,1,0,1,+,C3Pi
final,50705.044232,3,582,8,79,1,1,1,2,+,Cp3Pi
final,50784.208876,3,583,8,79,1,1,0,1,+,Cp3Pi
final,50803.938566,3,584,5,19,0,1,1,1,+,B3Sigma-
final,50814.922127,3,585,8,79,1,1,-1,0,+,Cp3Pi
final,50848.334243,3,586,8,80,1,1,1,2,+,Cp3Pi
final,50908.695484,3,587,6,11,1,1,-1,0,+,C3Pi
final,50922.434701,3,588,8,80,1,1,0,1,+,Cp3Pi
final,50926.86398,3,589,6,12,1,1,1,2,+,C3Pi
final,50997.618692,3,590,8,80,1,1,-1,0,+,Cp3Pi
final,51004.342118,3,591,5,20,0,1,1,1,+,B3Sigma-
final,51029.994343,3,592,8,81,1,1,1,2,+,Cp3Pi
final,51054.084922,3,593,8,81,1,1,0,1,+,Cp3Pi
final,51133.041343,3,594,6,12,1,1,0,1,+,C3Pi
final,51137.043049,3,595,8,81,1,1,-1,0,+,Cp3Pi
final,51182.806979,3,596,8,82,1,1,1,2,+,Cp3Pi
final,51183.887798,3,597,7,0,1,0,0,1,+,e1Pi
final,51197.389341,3,598,5,21,0,1,1,1,+,B3Sigma-
final,51257.26805,3,599,8,82,1,1,0,1,+,Cp3Pi
final,51260.949198,3,600,8,82,1,1,-1,0,+,Cp3Pi
final,51329.31138,3,601,6,13,1,1,1,2,+,C3Pi
final,51347.192206,3,602,8,83,1,1,1,2,+,Cp3Pi
final,51352.268599,3,603,6,12,1,1,-1,0,+,C3Pi
final,51381.044141,3,604,5,22,0,1,1,1,+,B3Sigma-
final,51409.244957,3,605,8,83,1,1,0,1,+,Cp3Pi
final,51482.96209,3,606,8,83,1,1,-1,0,+,Cp3Pi
final,51503.250218,3,607,8,84,1,1,1,2,+,Cp3Pi
final,51506.809864,3,608,6,13,1,1,0,1,+,C3Pi
final,51553.986079,3,609,5,23,0,1,1,1,+,B3Sigma-
final,51576.608253,3,610,8,84,1,1,0,1,+,Cp3Pi
final,51627.468565,3,611,8,84,1,1,-1,0,+,Cp3Pi
final,51664.024643,3,612,8,85,1,1,1,2,+,Cp3Pi
final,51696.203279,3,613,6,13,1,1,-1,0,+,C3Pi
final,51713.715735,3,614,5,24,0,1,1,1,+,B3Sigma-
final,51720.779987,3,615,6,14,1,1,1,2,+,C3Pi
final,51735.06132,3,616,8,85,1,1,0,1,+,Cp3Pi
final,51808.223473,3,617,8,85,1,1,-1,0,+,Cp3Pi
final,51830.646486,3,618,8,86,1,1,1,2,+,Cp3Pi
final,51859.30659,3,619,5,25,0,1,1,1,+,B3Sigma-
final,51893.517306,3,620,6,14,1,1,0,1,+,C3Pi
final,51901.270549,3,621,8,86,1,1,0,1,+,Cp3Pi
final,51936.434049,3,622,7,1,1,0,0,1,+,e1Pi
final,51966.792111,3,623,8,86,1,1,-1,0,+,Cp3Pi
final,51989.872151,3,624,8,87,1,1,1,2,+,Cp3Pi
final,51990.380698,3,625,5,26,0,1,1,1,+,B3Sigma-
final,52055.658165,3,626,6,15,1,1,1,2,+,C3Pi
final,52061.720787,3,627,8,87,1,1,0,1,+,Cp3Pi
final,52076.054638,3,628,6,14,1,1,-1,0,+,C3Pi
final,52106.105954,3,629,5,27,0,1,1,1,+,B3Sigma-
final,52130.912408,3,630,8,87,1,1,-1,0,+,Cp3Pi
final,52166.265356,3,631,8,88,1,1,1,2,+,Cp3Pi
final,52204.91242,3,632,5,28,0,1,1,1,+,B3Sigma-
final,52213.968311,3,633,6,15,1,1,0,1,+,C3Pi
final,52248.386041,3,634,8,88,1,1,0,1,+,Cp3Pi
final,52286.896726,3,635,5,29,0,1,1,1,+,B3Sigma-
final,52292.576622,3,636,6,16,1,1,1,2,+,C3Pi
final,52295.482878,3,637,8,88,1,1,-1,0,+,Cp3Pi
final,52340.618648,3,638,8,89,1,1,1,2,+,Cp3Pi
final,52342.383209,3,639,6,17,1,1,1,2,+,C3Pi
final,52346.99865,3,640,6,18,1,1,1,2,+,C3Pi
final,52348.811425,3,641,5,30,0,1,1,1,+,B3Sigma-
final,52354.29689,3,642,6,19,1,1,1,2,+,C3Pi
final,52364.246816,3,643,6,20,1,1,1,2,+,C3Pi
final,52376.804501,3,644,6,21,1,1,1,2,+,C3Pi
final,52391.375227,3,645,5,31,0,1,1,1,+,B3Sigma-
final,52391.894473,3,646,6,22,1,1,1,2,+,C3Pi
final,52395.57483,3,647,8,89,1,1,0,1,+,Cp3Pi
final,52409.308366,3,648,6,23,1,1,1,2,+,C3Pi
final,52414.207285,3,649,6,15,1,1,-1,0,+,C3Pi
final,52420.448207,3,650,5,32,0,1,1,1,+,B3Sigma-
final,52428.990051,3,651,6,24,1,1,1,2,+,C3Pi
final,52440.105766,3,652,5,33,0,1,1,1,+,B3Sigma-
final,52450.734226,3,653,6,25,1,1,1,2,+,C3Pi
final,52458.958575,3,654,5,34,0,1,1,1,+,B3Sigma-
final,52465.2378,3,655,8,89,1,1,-1,0,+,Cp3Pi
final,52474.108361,3,656,6,26,1,1,1,2,+,C3Pi
final,52480.916437,3,657,6,16,1,1,0,1,+,C3Pi
final,52482.279928,3,658,5,35,0,1,1,1,+,B3Sigma-
final,52496.885164,3,659,6,27,1,1,1,2,+,C3Pi
final,52509.802064,3,660,5,36,0,1,1,1,+,B3Sigma-
final,52512.993126,3,661,8,90,1,1,1,2,+,Cp3Pi
final,52523.433249,3,662,6,17,1,1,0,1,+,C3Pi
final,52529.84813,3,663,6,18,1,1,0,1,+,C3Pi
final,52534.682441,3,664,6,28,1,1,1,2,+,C3Pi
final,52536.198458,3,665,6,19,1,1,0,1,+,C3Pi
final,52541.173663,3,666,5,37,0,1,1,1,+,B3Sigma-
final,52545.521828,3,667,6,20,1,1,0,1,+,C3Pi
final,52556.674232,3,668,6,21,1,1,0,1,+,C3Pi
final,52563.824561,3,669,6,29,1,1,1,2,+,C3Pi
final,52567.269965,3,670,8,90,1,1,0,1,+,Cp3Pi
final,52575.672786,3,671,5,38,0,1,1,1,+,B3Sigma-
final,52578.175965,3,672,6,22,1,1,0,1,+,C3Pi
final,52593.159704,3,673,6,23,1,1,0,1,+,C3Pi
final,52596.030186,3,674,6,30,1,1,1,2,+,C3Pi
final,52612.238808,3,675,6,24,1,1,0,1,+,C3Pi
final,52614.760111,3,676,5,39,0,1,1,1,+,B3Sigma-
final,52625.499787,3,677,8,90,1,1,-1,0,+,Cp3Pi
final,52630.234333,3,678,6,31,1,1,1,2,+,C3Pi
final,52634.270802,3,679,6,25,1,1,0,1,+,C3Pi
final,52655.509102,3,680,5,40,0,1,1,1,+,B3Sigma-
final,52658.490736,3,681,6,26,1,1,0,1,+,C3Pi
final,52664.316866,3,682,6,32,1,1,1,2,+,C3Pi
final,52668.535731,3,683,6,16,1,1,-1,0,+,C3Pi
final,52681.941043,3,684,7,2,1,0,0,1,+,e1Pi
final,52684.190616,3,685,6,27,1,1,0,1,+,C3Pi
final,52686.189394,3,686,8,91,1,1,1,2,+,Cp3Pi
final,52686.670878,3,687,6,17,1,1,-1,0,+,C3Pi
final,52691.727713,3,688,6,18,1,1,-1,0,+,C3Pi
final,52699.33716,3,689,6,19,1,1,-1,0,+,C3Pi
final,52699.593049,3,690,5,41,0,1,1,1,+,B3Sigma-
final,52709.619223,3,691,6,20,1,1,-1,0,+,C3Pi
final,52711.489953,3,692,6,28,1,1,0,1,+,C3Pi
final,52712.407758,3,693,6,33,1,1,1,2,+,C3Pi
final,52722.487681,3,694,6,21,1,1,-1,0,+,C3Pi
final,52734.921953,3,695,6,29,1,1,0,1,+,C3Pi
final,52737.824097,3,696,6,22,1,1,-1,0,+,C3Pi
final,52747.119624,3,697,5,42,0,1,1,1,+,B3Sigma-
final,52751.522369,3,698,6,34,1,1,1,2,+,C3Pi
final,52754.074452,3,699,8,91,1,1,0,1,+,Cp3Pi
final,52755.454672,3,700,6,23,1,1,-1,0,+,C3Pi
final,52774.955115,3,701,6,24,1,1,-1,0,+,C3Pi
final,52781.490658,3,702,6,30,1,1,0,1,+,C3Pi
final,52793.845262,3,703,6,35,1,1,1,2,+,C3Pi
final,52793.886739,3,704,6,25,1,1,-1,0,+,C3Pi
final,52796.463611,3,705,5,43,0,1,1,1,+,B3Sigma-
final,52806.513746,3,706,8,91,1,1,-1,0,+,Cp3Pi
final,52815.030996,3,707,6,31,1,1,0,1,+,C3Pi
final,52826.183427,3,708,6,26,1,1,-1,0,+,C3Pi
final,52836.383291,3,709,6,36,1,1,1,2,+,C3Pi
final,52847.780754,3,710,5,44,0,1,1,1,+,B3Sigma-
final,52851.588808,3,711,6,32,1,1,0,1,+,C3Pi
final,52851.984237,3,712,6,27,1,1,-1,0,+,C3Pi
final,52861.36712,3,713,8,92,1,1,1,2,+,Cp3Pi
final,52880.431109,3,714,6,28,1,1,-1,0,+,C3Pi
final,52887.349382,3,715,6,33,1,1,0,1,+,C3Pi
final,52891.420937,3,716,6,37,1,1,1,2,+,C3Pi
final,52902.807806,3,717,5,45,0,1,1,1,+,B3Sigma-
final,52910.840673,3,718,6,29,1,1,-1,0,+,C3Pi
final,52917.026574,3,719,8,92,1,1,0,1,+,Cp3Pi
final,52938.724538,3,720,6,38,1,1,1,2,+,C3Pi
final,52940.522889,3,721,6,34,1,1,0,1,+,C3Pi
final,52942.243407,3,722,6,30,1,1,-1,0,+,C3Pi
final,52960.363347,3,723,5,46,0,1,1,1,+,B3Sigma-
final,52969.303116,3,724,6,31,1,1,-1,0,+,C3Pi
final,52979.166436,3,725,6,35,1,1,0,1,+,C3Pi
final,52988.846401,3,726,6,39,1,1,1,2,+,C3Pi
final,52989.61566,3,727,8,92,1,1,-1,0,+,Cp3Pi
final,53018.064714,3,728,5,47,0,1,1,1,+,B3Sigma-
final,53021.48151,3,729,6,32,1,1,-1,0,+,C3Pi
final,53023.916988,3,730,6,36,1,1,0,1,+,C3Pi
final,53030.828153,3,731,8,93,1,1,1,2,+,Cp3Pi
final,53050.089815,3,732,6,40,1,1,1,2,+,C3Pi
final,53059.083402,3,733,6,33,1,1,-1,0,+,C3Pi
final,53065.346929,3,734,6,37,1,1,0,1,+,C3Pi
final,53082.07716,3,735,5,48,0,1,1,1,+,B3Sigma-
final,53097.516317,3,736,8,93,1,1,0,1,+,Cp3Pi
final,53098.497989,3,737,6,34,1,1,-1,0,+,C3Pi
final,53100.732162,3,738,6,41,1,1,1,2,+,C3Pi
final,53126.370268,3,739,6,38,1,1,0,1,+,C3Pi
final,53135.561781,3,740,6,35,1,1,-1,0,+,C3Pi
final,53145.79206,3,741,5,49,0,1,1,1,+,B3Sigma-
final,53157.059043,3,742,6,42,1,1,1,2,+,C3Pi
final,53161.247274,3,743,8,93,1,1,-1,0,+,Cp3Pi
final,53173.057935,3,744,6,39,1,1,0,1,+,C3Pi
final,53195.197752,3,745,6,36,1,1,-1,0,+,C3Pi
final,53207.210353,3,746,8,94,1,1,1,2,+,Cp3Pi
final,53211.898943,3,747,5,50,0,1,1,1,+,B3Sigma-
final,53223.321102,3,748,6,43,1,1,1,2,+,C3Pi
final,53223.745941,3,749,6,40,1,1,0,1,+,C3Pi
final,53238.949838,3,750,6,37,1,1,-1,0,+,C3Pi
final,53268.053543,3,751,8,94,1,1,0,1,+,Cp3Pi
final,53279.657107,3,752,6,44,1,1,1,2,+,C3Pi
final,53280.229939,3,753,5,51,0,1,1,1,+,B3Sigma-
final,53284.591633,3,754,6,38,1,1,-1,0,+,C3Pi
final,53292.361412,3,755,6,41,1,1,0,1,+,C3Pi
final,53323.988853,3,756,6,39,1,1,-1,0,+,C3Pi
final,53340.829165,3,757,6,42,1,1,0,1,+,C3Pi
final,53342.154089,3,758,6,45,1,1,1,2,+,C3Pi
final,53350.861875,3,759,5,52,0,1,1,1,+,B3Sigma-
final,53352.674788,3,760,8,94,1,1,-1,0,+,Cp3Pi
final,53388.90767,3,761,8,95,1,1,1,2,+,Cp3Pi
final,53396.464766,3,762,6,40,1,1,-1,0,+,C3Pi
final,53397.546247,3,763,6,43,1,1,0,1,+,C3Pi
final,53410.102556,3,764,6,46,1,1,1,2,+,C3Pi
final,53417.541635,3,765,7,3,1,0,0,1,+,e1Pi
final,53423.416261,3,766,5,53,0,1,1,1,+,B3Sigma-
final,53447.317842,3,767,6,41,1,1,-1,0,+,C3Pi
final,53447.860714,3,768,8,95,1,1,0,1,+,Cp3Pi
final,53470.172627,3,769,6,44,1,1,0,1,+,C3Pi
final,53475.67543,3,770,6,47,1,1,1,2,+,C3Pi
final,53495.585482,3,771,6,42,1,1,-1,0,+,C3Pi
final,53498.299849,3,772,5,54,0,1,1,1,+,B3Sigma-
final,53525.04147,3,773,6,45,1,1,0,1,+,C3Pi
final,53526.444908,3,774,8,95,1,1,-1,0,+,Cp3Pi
final,53544.022579,3,775,6,48,1,1,1,2,+,C3Pi
final,53569.387444,3,776,8,96,1,1,1,2,+,Cp3Pi
final,53569.951589,3,777,6,43,1,1,-1,0,+,C3Pi
final,53575.021318,3,778,5,55,0,1,1,1,+,B3Sigma-
final,53587.886977,3,779,6,46,1,1,0,1,+,C3Pi
final,53616.127665,3,780,6,49,1,1,1,2,+,C3Pi
final,53625.897435,3,781,6,44,1,1,-1,0,+,C3Pi
final,53633.790296,3,782,8,96,1,1,0,1,+,Cp3Pi
final,53654.060577,3,783,5,56,0,1,1,1,+,B3Sigma-
final,53660.627278,3,784,6,47,1,1,0,1,+,C3Pi
final,53679.340811,3,785,6,45,1,1,-1,0,+,C3Pi
final,53688.68205,3,786,6,50,1,1,1,2,+,C3Pi
final,53709.617815,3,787,8,96,1,1,-1,0,+,Cp3Pi
final,53726.056476,3,788,6,48,1,1,0,1,+,C3Pi
final,53734.821506,3,789,5,57,0,1,1,1,+,B3Sigma-
final,53748.452315,3,790,8,97,1,1,1,2,+,Cp3Pi
final,53758.43959,3,791,6,46,1,1,-1,0,+,C3Pi
final,53763.793348,3,792,6,51,1,1,1,2,+,C3Pi
final,53794.18237,3,793,6,49,1,1,0,1,+,C3Pi
final,53816.739666,3,794,5,58,0,1,1,1,+,B3Sigma-
final,53819.687185,3,795,8,97,1,1,0,1,+,Cp3Pi
final,53820.498228,3,796,6,47,1,1,-1,0,+,C3Pi
final,53839.998516,3,797,6,52,1,1,1,2,+,C3Pi
final,53870.805403,3,798,6,50,1,1,0,1,+,C3Pi
final,53873.241297,3,799,8,97,1,1,-1,0,+,Cp3Pi
final,53901.543,3,800,6,48,1,1,-1,0,+,C3Pi
final,53902.449962,3,801,5,59,0,1,1,1,+,B3Sigma-
final,53918.290533,3,802,6,53,1,1,1,2,+,C3Pi
final,53929.93652,3,803,8,98,1,1,1,2,+,Cp3Pi
final,53944.370972,3,804,6,51,1,1,0,1,+,C3Pi
final,53963.123201,3,805,6,49,1,1,-1,0,+,C3Pi
final,53988.74918,3,806,5,60,0,1,1,1,+,B3Sigma-
final,53997.23986,3,807,8,98,1,1,0,1,+,Cp3Pi
final,53998.399131,3,808,6,54,1,1,1,2,+,C3Pi
final,54022.782341,3,809,6,52,1,1,0,1,+,C3Pi
final,54030.782025,3,810,6,50,1,1,-1,0,+,C3Pi
final,54066.27459,3,811,8,98,1,1,-1,0,+,Cp3Pi
final,54077.600217,3,812,5,61,0,1,1,1,+,B3Sigma-
final,54080.228645,3,813,6,55,1,1,1,2,+,C3Pi
final,54100.217106,3,814,6,53,1,1,0,1,+,C3Pi
final,54112.206093,3,815,6,51,1,1,-1,0,+,C3Pi
final,54112.58169,3,816,8,99,1,1,1,2,+,Cp3Pi
final,54141.626144,3,817,7,4,1,0,0,1,+,e1Pi
final,54163.926411,3,818,6,56,1,1,1,2,+,C3Pi
final,54167.265867,3,819,5,62,0,1,1,1,+,B3Sigma-
final,54177.588384,3,820,8,99,1,1,0,1,+,Cp3Pi
final,54183.831108,3,821,6,54,1,1,0,1,+,C3Pi
final,54185.090852,3,822,6,52,1,1,-1,0,+,C3Pi
final,54243.349598,3,823,8,99,1,1,-1,0,+,Cp3Pi
final,54248.838624,3,824,6,57,1,1,1,2,+,C3Pi
final,54257.617382,3,825,6,55,1,1,0,1,+,C3Pi
final,54265.714584,3,826,5,63,0,1,1,1,+,B3Sigma-
final,54269.040656,3,827,6,53,1,1,-1,0,+,C3Pi
final,54296.556352,3,828,8,100,1,1,1,2,+,Cp3Pi
final,54336.486368,3,829,6,58,1,1,1,2,+,C3Pi
final,54343.956012,3,830,6,56,1,1,0,1,+,C3Pi
final,54344.537015,3,831,6,54,1,1,-1,0,+,C3Pi
final,54357.296834,3,832,5,64,0,1,1,1,+,B3Sigma-
final,54363.692072,3,833,8,100,1,1,0,1,+,Cp3Pi
final,54420.365846,3,834,6,55,1,1,-1,0,+,C3Pi
final,54424.325351,3,835,6,59,1,1,1,2,+,C3Pi
final,54430.373255,3,836,6,57,1,1,0,1,+,C3Pi
final,54436.768045,3,837,8,100,1,1,-1,0,+,Cp3Pi
final,54452.92157,3,838,5,65,0,1,1,1,+,B3Sigma-
final,54481.774988,3,839,8,101,1,1,1,2,+,Cp3Pi
final,54510.455649,3,840,6,56,1,1,-1,0,+,C3Pi
final,54516.277901,3,841,6,60,1,1,1,2,+,C3Pi
final,54517.9643,3,842,6,58,1,1,0,1,+,C3Pi
final,54547.796676,3,843,8,101,1,1,0,1,+,Cp3Pi
final,54551.419386,3,844,5,66,0,1,1,1,+,B3Sigma-
final,54594.063518,3,845,6,57,1,1,-1,0,+,C3Pi
final,54606.7152,3,846,6,61,1,1,1,2,+,C3Pi
final,54607.293968,3,847,6,59,1,1,0,1,+,C3Pi
final,54616.728631,3,848,8,101,1,1,-1,0,+,Cp3Pi
final,54650.572119,3,849,5,67,0,1,1,1,+,B3Sigma-
final,54668.569537,3,850,8,102,1,1,1,2,+,Cp3Pi
final,54682.943097,3,851,6,58,1,1,-1,0,+,C3Pi
final,54697.839424,3,852,6,60,1,1,0,1,+,C3Pi
final,54703.219418,3,853,6,62,1,1,1,2,+,C3Pi
final,54734.793164,3,854,8,102,1,1,0,1,+,Cp3Pi
final,54752.382222,3,855,5,68,0,1,1,1,+,B3Sigma-
final,54771.262616,3,856,6,59,1,1,-1,0,+,C3Pi
final,54790.824478,3,857,6,61,1,1,0,1,+,C3Pi
final,54795.975692,3,858,6,63,1,1,1,2,+,C3Pi
final,54801.684218,3,859,8,102,1,1,-1,0,+,Cp3Pi
final,54853.116006,3,860,7,5,1,0,0,1,+,e1Pi
final,54855.561853,3,861,5,69,0,1,1,1,+,B3Sigma-
final,54857.456123,3,862,8,103,1,1,1,2,+,Cp3Pi
final,54862.454067,3,863,6,60,1,1,-1,0,+,C3Pi
final,54884.479632,3,864,6,62,1,1,0,1,+,C3Pi
final,54896.468603,3,865,6,64,1,1,1,2,+,C3Pi
final,54923.056532,3,866,8,103,1,1,0,1,+,Cp3Pi
final,54954.879149,3,867,6,61,1,1,-1,0,+,C3Pi
final,54960.783098,3,868,5,70,0,1,1,1,+,B3Sigma-
final,54981.663639,3,869,6,63,1,1,0,1,+,C3Pi
final,54988.80198,3,870,8,103,1,1,-1,0,+,Cp3Pi
final,54991.416124,3,871,6,65,1,1,1,2,+,C3Pi
final,55048.750983,3,872,8,104,1,1,1,2,+,Cp3Pi
final,55049.13986,3,873,6,62,1,1,-1,0,+,C3Pi
final,55066.616463,3,874,5,71,0,1,1,1,+,B3Sigma-
final,55078.61517,3,875,6,64,1,1,0,1,+,C3Pi
final,55095.795971,3,876,6,66,1,1,1,2,+,C3Pi
final,55113.332682,3,877,8,104,1,1,0,1,+,Cp3Pi
final,55145.017,3,878,6,63,1,1,-1,0,+,C3Pi
final,55173.241015,3,879,6,65,1,1,0,1,+,C3Pi
final,55177.610574,3,880,8,104,1,1,-1,0,+,Cp3Pi
final,55182.24754,3,881,5,72,0,1,1,1,+,B3Sigma-
final,55192.880356,3,882,6,67,1,1,1,2,+,C3Pi
final,55242.640554,3,883,8,105,1,1,1,2,+,Cp3Pi
final,55242.769389,3,884,6,64,1,1,-1,0,+,C3Pi
final,55273.297011,3,885,6,66,1,1,0,1,+,C3Pi
final,55289.891711,3,886,5,73,0,1,1,1,+,B3Sigma-
final,55301.147385,3,887,6,68,1,1,1,2,+,C3Pi
final,55306.388934,3,888,8,105,1,1,0,1,+,Cp3Pi
final,55341.436672,3,889,6,65,1,1,-1,0,+,C3Pi
final,55368.349652,3,890,8,105,1,1,-1,0,+,Cp3Pi
final,55379.9704,3,891,6,67,1,1,0,1,+,C3Pi
final,55399.760722,3,892,6,69,1,1,1,2,+,C3Pi
final,55401.958392,3,893,5,74,0,1,1,1,+,B3Sigma-
final,55439.46333,3,894,8,106,1,1,1,2,+,Cp3Pi
final,55443.150785,3,895,6,66,1,1,-1,0,+,C3Pi
final,55476.850695,3,896,6,68,1,1,0,1,+,C3Pi
final,55503.347148,3,897,8,106,1,1,0,1,+,Cp3Pi
final,55512.558787,3,898,6,70,1,1,1,2,+,C3Pi
final,55515.906918,3,899,5,75,0,1,1,1,+,B3Sigma-
final,55543.024605,3,900,6,67,1,1,-1,0,+,C3Pi
final,55551.045532,3,901,7,6,1,0,0,1,+,e1Pi
final,55562.217012,3,902,8,106,1,1,-1,0,+,Cp3Pi
final,55589.887047,3,903,6,69,1,1,0,1,+,C3Pi
final,55610.366158,3,904,6,71,1,1,1,2,+,C3Pi
final,55631.415598,3,905,5,76,0,1,1,1,+,B3Sigma-
final,55640.762806,3,906,8,107,1,1,1,2,+,Cp3Pi
final,55649.986662,3,907,6,68,1,1,-1,0,+,C3Pi
final,55680.713425,3,908,8,107,1,1,0,1,+,Cp3Pi
final,55708.409701,3,909,6,70,1,1,0,1,+,C3Pi
final,55730.123232,3,910,6,72,1,1,1,2,+,C3Pi
final,55745.283431,3,911,8,107,1,1,-1,0,+,Cp3Pi
final,55748.865244,3,912,5,77,0,1,1,1,+,B3Sigma-
final,55763.795658,3,913,6,69,1,1,-1,0,+,C3Pi
final,55805.414822,3,914,6,71,1,1,0,1,+,C3Pi
final,55819.70154,3,915,8,108,1,1,1,2,+,Cp3Pi
final,55851.354894,3,916,6,73,1,1,1,2,+,C3Pi
final,55862.896272,3,917,6,70,1,1,-1,0,+,C3Pi
final,55867.648017,3,918,5,78,0,1,1,1,+,B3Sigma-
final,55883.424049,3,919,8,108,1,1,0,1,+,Cp3Pi
final,55923.360482,3,920,6,72,1,1,0,1,+,C3Pi
final,55944.447864,3,921,8,108,1,1,-1,0,+,Cp3Pi
final,55953.766058,3,922,6,74,1,1,1,2,+,C3Pi
final,55976.954072,3,923,6,71,1,1,-1,0,+,C3Pi
final,55988.471972,3,924,5,79,0,1,1,1,+,B3Sigma-
final,56024.79043,3,925,8,109,1,1,1,2,+,Cp3Pi
final,56026.560476,3,926,6,73,1,1,0,1,+,C3Pi
final,56074.295372,3,927,6,75,1,1,1,2,+,C3Pi
final,56081.305726,3,928,6,72,1,1,-1,0,+,C3Pi
final,56085.866608,3,929,8,109,1,1,0,1,+,Cp3Pi
final,56111.013866,3,930,5,80,0,1,1,1,+,B3Sigma-
final,56144.280371,3,931,8,109,1,1,-1,0,+,Cp3Pi
final,56147.083095,3,932,6,74,1,1,0,1,+,C3Pi
final,56182.865017,3,933,6,76,1,1,1,2,+,C3Pi
final,56198.182742,3,934,6,73,1,1,-1,0,+,C3Pi
final,56229.313092,3,935,8,110,1,1,1,2,+,Cp3Pi
final,56233.156314,3,936,5,81,0,1,1,1,+,B3Sigma-
final,56234.503298,3,937,7,7,1,0,0,1,+,e1Pi
final,56253.115569,3,938,6,75,1,1,0,1,+,C3Pi
final,56292.476666,3,939,8,110,1,1,0,1,+,Cp3Pi
final,56303.847524,3,940,6,74,1,1,-1,0,+,C3Pi
final,56306.567399,3,941,6,77,1,1,1,2,+,C3Pi
final,56347.654784,3,942,8,110,1,1,-1,0,+,Cp3Pi
final,56358.074454,3,943,5,82,0,1,1,1,+,B3Sigma-
final,56379.924391,3,944,6,76,1,1,0,1,+,C3Pi
final,56412.414004,3,945,6,78,1,1,1,2,+,C3Pi
final,56425.625314,3,946,6,75,1,1,-1,0,+,C3Pi
final,56440.177514,3,947,8,111,1,1,1,2,+,Cp3Pi
final,56470.236365,3,948,6,77,1,1,0,1,+,C3Pi
final,56489.589176,3,949,5,83,0,1,1,1,+,B3Sigma-
final,56510.990623,3,950,8,111,1,1,0,1,+,Cp3Pi
final,56525.797143,3,951,6,76,1,1,-1,0,+,C3Pi
final,56546.213092,3,952,6,79,1,1,1,2,+,C3Pi
final,56559.673852,3,953,8,111,1,1,-1,0,+,Cp3Pi
final,56603.653172,3,954,6,78,1,1,0,1,+,C3Pi
final,56626.866994,3,955,8,112,1,1,1,2,+,Cp3Pi
final,56627.01657,3,956,5,84,0,1,1,1,+,B3Sigma-
final,56658.453086,3,957,6,77,1,1,-1,0,+,C3Pi
final,56673.662568,3,958,6,80,1,1,1,2,+,C3Pi
final,56686.619489,3,959,8,112,1,1,0,1,+,Cp3Pi
final,56732.656584,3,960,6,79,1,1,0,1,+,C3Pi
final,56740.423367,3,961,8,112,1,1,-1,0,+,Cp3Pi
final,56758.37872,3,962,5,85,0,1,1,1,+,B3Sigma-
final,56787.384619,3,963,6,78,1,1,-1,0,+,C3Pi
final,56791.769564,3,964,6,81,1,1,1,2,+,C3Pi
final,56834.880134,3,965,8,113,1,1,1,2,+,Cp3Pi
final,56847.127688,3,966,6,80,1,1,0,1,+,C3Pi
final,56885.202218,3,967,5,86,0,1,1,1,+,B3Sigma-
final,56895.397385,3,968,6,79,1,1,-1,0,+,C3Pi
final,56901.141383,3,969,8,113,1,1,0,1,+,Cp3Pi
final,56903.008459,3,970,7,8,1,0,0,1,+,e1Pi
final,56922.197701,3,971,6,82,1,1,1,2,+,C3Pi
final,56952.813445,3,972,8,113,1,1,-1,0,+,Cp3Pi
final,56978.713296,3,973,6,81,1,1,0,1,+,C3Pi
final,57022.859582,3,974,5,87,0,1,1,1,+,B3Sigma-
final,57026.698003,3,975,6,80,1,1,-1,0,+,C3Pi
final,57030.350752,3,976,8,114,1,1,1,2,+,Cp3Pi
final,57056.228735,3,977,6,83,1,1,1,2,+,C3Pi
final,57085.490145,3,978,8,114,1,1,0,1,+,Cp3Pi
final,57117.595425,3,979,6,82,1,1,0,1,+,C3Pi
final,57131.635712,3,980,6,81,1,1,-1,0,+,C3Pi
final,57159.314147,3,981,5,88,0,1,1,1,+,B3Sigma-
final,57172.086637,3,982,8,114,1,1,-1,0,+,Cp3Pi
final,57178.540156,3,983,6,84,1,1,1,2,+,C3Pi
final,57230.96144,3,984,6,83,1,1,0,1,+,C3Pi
final,57242.180768,3,985,8,115,1,1,1,2,+,Cp3Pi
final,57272.978938,3,986,6,82,1,1,-1,0,+,C3Pi
final,57293.168025,3,987,5,89,0,1,1,1,+,B3Sigma-
final,57306.886018,3,988,8,115,1,1,0,1,+,Cp3Pi
final,57311.947493,3,989,6,85,1,1,1,2,+,C3Pi
final,57356.809231,3,990,8,115,1,1,-1,0,+,Cp3Pi
final,57365.749436,3,991,6,84,1,1,0,1,+,C3Pi
final,57410.10958,3,992,6,83,1,1,-1,0,+,C3Pi
final,57434.964277,3,993,5,90,0,1,1,1,+,B3Sigma-
final,57437.144585,3,994,6,86,1,1,1,2,+,C3Pi
final,57455.506287,3,995,8,116,1,1,1,2,+,Cp3Pi
final,57486.335423,3,996,6,85,1,1,0,1,+,C3Pi
final,57519.648211,3,997,8,116,1,1,0,1,+,Cp3Pi
final,57523.32475,3,998,6,84,1,1,-1,0,+,C3Pi
final,57556.131646,3,999,7,9,1,0,0,1,+,e1Pi
final,57576.149642,3,1000,5,91,0,1,1,1,+,B3Sigma-
final,57576.495141,3,1001,8,116,1,1,-1,0,+,Cp3Pi
final,57578.352632,3,1002,6,87,1,1,1,2,+,C3Pi
final,57627.38798,3,1003,6,86,1,1,0,1,+,C3Pi
final,57656.239624,3,1004,8,117,1,1,1,2,+,Cp3Pi
final,57663.46043,3,1005,6,85,1,1,-1,0,+,C3Pi
final,57712.254723,3,1006,8,117,1,1,0,1,+,Cp3Pi
final,57715.593766,3,1007,6,88,1,1,1,2,+,C3Pi
final,57723.590397,3,1008,5,92,0,1,1,1,+,B3Sigma-
final,57766.19916,3,1009,6,87,1,1,0,1,+,C3Pi
final,57766.560937,3,1010,8,117,1,1,-1,0,+,Cp3Pi
final,57808.723032,3,1011,6,86,1,1,-1,0,+,C3Pi
final,57850.088369,3,1012,6,89,1,1,1,2,+,C3Pi
final,57861.275127,3,1013,5,93,0,1,1,1,+,B3Sigma-
final,57868.202639,3,1014,8,118,1,1,1,2,+,Cp3Pi
final,57895.686612,3,1015,6,88,1,1,0,1,+,C3Pi
final,57924.447397,3,1016,6,87,1,1,-1,0,+,C3Pi
final,57933.457409,3,1017,8,118,1,1,0,1,+,Cp3Pi
final,57991.431249,3,1018,8,118,1,1,-1,0,+,Cp3Pi
final,57991.93471,3,1019,6,90,1,1,1,2,+,C3Pi
final,58006.933882,3,1020,5,94,0,1,1,1,+,B3Sigma-
final,58038.346907,3,1021,6,89,1,1,0,1,+,C3Pi
final,58067.248137,3,1022,6,88,1,1,-1,0,+,C3Pi
final,58075.94447,3,1023,8,119,1,1,1,2,+,Cp3Pi
final,58133.310623,3,1024,6,91,1,1,1,2,+,C3Pi
final,58135.87544,3,1025,8,119,1,1,0,1,+,Cp3Pi
final,58155.604921,3,1026,5,95,0,1,1,1,+,B3Sigma-
final,58181.317591,3,1027,6,90,1,1,0,1,+,C3Pi
final,58182.840515,3,1028,8,119,1,1,-1,0,+,Cp3Pi
final,58192.785219,3,1029,7,10,1,0,0,1,+,e1Pi
final,58220.576583,3,1030,6,89,1,1,-1,0,+,C3Pi
final,58274.463245,3,1031,6,92,1,1,1,2,+,C3Pi
final,58288.836323,3,1032,8,120,1,1,1,2,+,Cp3Pi
final,58298.669529,3,1033,6,91,1,1,0,1,+,C3Pi
final,58320.576082,3,1034,5,96,0,1,1,1,+,B3Sigma-
final,58338.164145,3,1035,6,90,1,1,-1,0,+,C3Pi
final,58354.543225,3,1036,8,120,1,1,0,1,+,Cp3Pi
final,58413.762848,3,1037,8,120,1,1,-1,0,+,Cp3Pi
final,58419.543133,3,1038,6,93,1,1,1,2,+,C3Pi
final,58447.140449,3,1039,6,92,1,1,0,1,+,C3Pi
final,58468.228486,3,1040,5,97,0,1,1,1,+,B3Sigma-
final,58484.296668,3,1041,6,91,1,1,-1,0,+,C3Pi
final,58500.831654,3,1042,8,121,1,1,1,2,+,Cp3Pi
final,58563.107659,3,1043,8,121,1,1,0,1,+,Cp3Pi
final,58565.250981,3,1044,6,94,1,1,1,2,+,C3Pi
final,58596.652855,3,1045,6,93,1,1,0,1,+,C3Pi
final,58608.446031,3,1046,6,92,1,1,-1,0,+,C3Pi
final,58617.550595,3,1047,5,98,0,1,1,1,+,B3Sigma-
final,58642.661964,3,1048,8,121,1,1,-1,0,+,Cp3Pi
final,58711.995332,3,1049,6,95,1,1,1,2,+,C3Pi
final,58715.563259,3,1050,8,122,1,1,1,2,+,Cp3Pi
final,58740.492361,3,1051,6,94,1,1,0,1,+,C3Pi
final,58765.363969,3,1052,6,93,1,1,-1,0,+,C3Pi
final,58768.775195,3,1053,5,99,0,1,1,1,+,B3Sigma-
final,58781.444449,3,1054,8,122,1,1,0,1,+,Cp3Pi
final,58812.215781,3,1055,7,11,1,0,0,1,+,e1Pi
final,58842.320361,3,1056,8,122,1,1,-1,0,+,Cp3Pi
final,58861.067466,3,1057,6,96,1,1,1,2,+,C3Pi
final,58890.694482,3,1058,6,95,1,1,0,1,+,C3Pi
final,58914.825187,3,1059,6,94,1,1,-1,0,+,C3Pi
final,58923.191032,3,1060,5,100,0,1,1,1,+,B3Sigma-
final,58930.892103,3,1061,8,123,1,1,1,2,+,Cp3Pi
final,58994.607022,3,1062,8,123,1,1,0,1,+,Cp3Pi
final,59011.300422,3,1063,6,97,1,1,1,2,+,C3Pi
final,59041.342739,3,1064,6,96,1,1,0,1,+,C3Pi
final,59044.428211,3,1065,8,123,1,1,-1,0,+,Cp3Pi
final,59073.691836,3,1066,6,95,1,1,-1,0,+,C3Pi
final,59079.283607,3,1067,5,101,0,1,1,1,+,B3Sigma-
final,59147.788391,3,1068,8,124,1,1,1,2,+,Cp3Pi
final,59163.19885,3,1069,6,98,1,1,1,2,+,C3Pi
final,59189.915689,3,1070,6,97,1,1,0,1,+,C3Pi
final,59206.489864,3,1071,6,96,1,1,-1,0,+,C3Pi
final,59213.705778,3,1072,8,124,1,1,0,1,+,Cp3Pi
final,59237.176557,3,1073,5,102,0,1,1,1,+,B3Sigma-
final,59276.163226,3,1074,8,124,1,1,-1,0,+,Cp3Pi
final,59316.23701,3,1075,6,99,1,1,1,2,+,C3Pi
final,59343.826945,3,1076,6,98,1,1,0,1,+,C3Pi
final,59359.438159,3,1077,6,97,1,1,-1,0,+,C3Pi
final,59366.360918,3,1078,8,125,1,1,1,2,+,Cp3Pi
final,59396.738029,3,1079,5,103,0,1,1,1,+,B3Sigma-
final,59413.75288,3,1080,7,12,1,0,0,1,+,e1Pi
final,59430.336159,3,1081,8,125,1,1,0,1,+,Cp3Pi
final,59471.132179,3,1082,6,100,1,1,1,2,+,C3Pi
final,59487.614549,3,1083,8,125,1,1,-1,0,+,Cp3Pi
final,59498.048714,3,1084,6,99,1,1,0,1,+,C3Pi
final,59516.484786,3,1085,6,98,1,1,-1,0,+,C3Pi
final,59557.965829,3,1086,5,104,0,1,1,1,+,B3Sigma-
final,59585.702683,3,1087,8,126,1,1,1,2,+,Cp3Pi
final,59627.768598,3,1088,6,101,1,1,1,2,+,C3Pi
final,59647.783123,3,1089,8,126,1,1,0,1,+,Cp3Pi
final,59655.281213,3,1090,6,100,1,1,0,1,+,C3Pi
final,59661.534209,3,1091,6,99,1,1,-1,0,+,C3Pi
final,59714.749345,3,1092,8,126,1,1,-1,0,+,Cp3Pi
final,59720.784927,3,1093,5,105,0,1,1,1,+,B3Sigma-
final,59784.282831,3,1094,6,102,1,1,1,2,+,C3Pi
final,59807.989852,3,1095,8,127,1,1,1,2,+,Cp3Pi
final,59810.113914,3,1096,6,101,1,1,0,1,+,C3Pi
final,59818.463912,3,1097,6,100,1,1,-1,0,+,C3Pi
final,59870.454003,3,1098,8,127,1,1,0,1,+,Cp3Pi
final,59885.314705,3,1099,5,106,0,1,1,1,+,B3Sigma-
final,59932.453575,3,1100,8,127,1,1,-1,0,+,Cp3Pi
final,59944.419565,3,1101,6,103,1,1,1,2,+,C3Pi
final,59968.643228,3,1102,6,102,1,1,0,1,+,C3Pi
final,59976.530674,3,1103,6,101,1,1,-1,0,+,C3Pi
final,59996.35493,3,1104,7,13,1,0,0,1,+,e1Pi
final,60029.365246,3,1105,8,128,1,1,1,2,+,Cp3Pi
final,60050.891009,3,1106,5,107,0,1,1,1,+,B3Sigma-
final,60092.773966,3,1107,8,128,1,1,0,1,+,Cp3Pi
final,60105.728981,3,1108,6,104,1,1,1,2,+,C3Pi
final,60128.556493,3,1109,6,103,1,1,0,1,+,C3Pi
final,60130.210364,3,1110,6,102,1,1,-1,0,+,C3Pi
final,60158.4776,3,1111,8,128,1,1,-1,0,+,Cp3Pi
final,60218.321433,3,1112,5,108,0,1,1,1,+,B3Sigma-
final,60250.48851,3,1113,8,129,1,1,1,2,+,Cp3Pi
final,60270.542815,3,1114,6,105,1,1,1,2,+,C3Pi
final,60290.118875,3,1115,6,104,1,1,0,1,+,C3Pi
final,60291.977366,3,1116,6,103,1,1,-1,0,+,C3Pi
final,60316.119651,3,1117,8,129,1,1,0,1,+,Cp3Pi
final,60379.282452,3,1118,8,129,1,1,-1,0,+,Cp3Pi
final,60387.219936,3,1119,5,109,0,1,1,1,+,B3Sigma-
final,60430.51658,3,1120,6,106,1,1,1,2,+,C3Pi
final,60452.957865,3,1121,6,104,1,1,-1,0,+,C3Pi
final,60453.904085,3,1122,6,105,1,1,0,1,+,C3Pi
final,60479.203141,3,1123,8,130,1,1,1,2,+,Cp3Pi
final,60540.429988,3,1124,8,130,1,1,0,1,+,Cp3Pi
final,60557.895706,3,1125,5,110,0,1,1,1,+,B3Sigma-
final,60559.298449,3,1126,7,14,1,0,0,1,+,e1Pi
final,60596.798008,3,1127,6,107,1,1,1,2,+,C3Pi
final,60601.764902,3,1128,8,130,1,1,-1,0,+,Cp3Pi
final,60617.525664,3,1129,6,105,1,1,-1,0,+,C3Pi
final,60618.467952,3,1130,6,106,1,1,0,1,+,C3Pi
final,60703.989999,3,1131,8,131,1,1,1,2,+,Cp3Pi
final,60728.784555,3,1132,5,111,0,1,1,1,+,B3Sigma-
final,60764.688464,3,1133,6,108,1,1,1,2,+,C3Pi
final,60766.957015,3,1134,8,131,1,1,0,1,+,Cp3Pi
final,60779.270794,3,1135,6,106,1,1,-1,0,+,C3Pi
final,60784.860283,3,1136,6,107,1,1,0,1,+,C3Pi
final,60830.113548,3,1137,8,131,1,1,-1,0,+,Cp3Pi
final,60901.935718,3,1138,5,112,0,1,1,1,+,B3Sigma-
final,60922.65463,3,1139,6,109,1,1,1,2,+,C3Pi
final,60941.774033,3,1140,8,132,1,1,1,2,+,Cp3Pi
final,60945.149549,3,1141,6,107,1,1,-1,0,+,C3Pi
final,60952.465041,3,1142,6,108,1,1,0,1,+,C3Pi
final,60994.513079,3,1143,8,132,1,1,0,1,+,Cp3Pi
final,61056.914634,3,1144,8,132,1,1,-1,0,+,Cp3Pi
final,61076.319063,3,1145,5,113,0,1,1,1,+,B3Sigma-
final,61100.424026,3,1146,6,110,1,1,1,2,+,C3Pi
final,61101.504804,3,1147,7,15,1,0,0,1,+,e1Pi
final,61112.2978,3,1148,6,108,1,1,-1,0,+,C3Pi
final,61122.42806,3,1149,6,109,1,1,0,1,+,C3Pi
final,61162.484232,3,1150,8,133,1,1,1,2,+,Cp3Pi
final,61222.343491,3,1151,8,133,1,1,0,1,+,Cp3Pi
final,61252.332073,3,1152,5,114,0,1,1,1,+,B3Sigma-
final,61273.062275,3,1153,6,111,1,1,1,2,+,C3Pi
final,61280.047346,3,1154,6,109,1,1,-1,0,+,C3Pi
final,61286.140056,3,1155,8,133,1,1,-1,0,+,Cp3Pi
final,61294.271313,3,1156,6,110,1,1,0,1,+,C3Pi
final,61390.498473,3,1157,8,134,1,1,1,2,+,Cp3Pi
final,61426.912262,3,1158,5,115,0,1,1,1,+,B3Sigma-
final,61447.576958,3,1159,6,112,1,1,1,2,+,C3Pi
final,61450.75389,3,1160,6,110,1,1,-1,0,+,C3Pi
final,61453.251589,3,1161,8,134,1,1,0,1,+,Cp3Pi
final,61468.832037,3,1162,6,111,1,1,0,1,+,C3Pi
final,61515.289679,3,1163,8,134,1,1,-1,0,+,Cp3Pi
final,61605.133185,3,1164,6,112,1,1,0,1,+,C3Pi
final,61610.066194,3,1165,6,113,1,1,1,2,+,C3Pi
final,61622.112491,3,1166,7,16,1,0,0,1,+,e1Pi
final,61622.324143,3,1167,6,111,1,1,-1,0,+,C3Pi
final,61633.613879,3,1168,8,135,1,1,1,2,+,Cp3Pi
final,61643.080081,3,1169,5,116,0,1,1,1,+,B3Sigma-
final,61685.041309,3,1170,8,135,1,1,0,1,+,Cp3Pi
final,61746.405065,3,1171,8,135,1,1,-1,0,+,Cp3Pi
final,61783.827256,3,1172,6,113,1,1,0,1,+,C3Pi
final,61793.87948,3,1173,6,114,1,1,1,2,+,C3Pi
final,61795.386755,3,1174,6,112,1,1,-1,0,+,C3Pi
final,61821.155433,3,1175,5,117,0,1,1,1,+,B3Sigma-
final,61858.079096,3,1176,8,136,1,1,1,2,+,Cp3Pi
final,61916.284906,3,1177,8,136,1,1,0,1,+,Cp3Pi
final,61963.888343,3,1178,6,114,1,1,0,1,+,C3Pi
final,61969.698999,3,1179,6,113,1,1,-1,0,+,C3Pi
final,61972.837851,3,1180,6,115,1,1,1,2,+,C3Pi
final,61979.064054,3,1181,8,136,1,1,-1,0,+,Cp3Pi
final,62001.24282,3,1182,5,118,0,1,1,1,+,B3Sigma-
final,62089.520597,3,1183,8,137,1,1,1,2,+,Cp3Pi
final,62120.042392,3,1184,7,17,1,0,0,1,+,e1Pi
final,62137.174446,3,1185,6,115,1,1,0,1,+,C3Pi
final,62145.837924,3,1186,6,114,1,1,-1,0,+,C3Pi
final,62153.496697,3,1187,6,116,1,1,1,2,+,C3Pi
final,62156.471088,3,1188,8,137,1,1,0,1,+,Cp3Pi
final,62183.560722,3,1189,5,119,0,1,1,1,+,B3Sigma-
final,62212.604075,3,1190,8,137,1,1,-1,0,+,Cp3Pi
final,62315.707549,3,1191,8,138,1,1,1,2,+,Cp3Pi
final,62322.281039,3,1192,6,116,1,1,0,1,+,C3Pi
final,62323.461566,3,1193,6,115,1,1,-1,0,+,C3Pi
final,62342.629,3,1194,6,117,1,1,1,2,+,C3Pi
final,62366.800615,3,1195,5,120,0,1,1,1,+,B3Sigma-
final,62387.955269,3,1196,8,138,1,1,0,1,+,Cp3Pi
final,62447.4356,3,1197,8,138,1,1,-1,0,+,Cp3Pi
final,62502.373113,3,1198,6,116,1,1,-1,0,+,C3Pi
final,62505.397222,3,1199,6,117,1,1,0,1,+,C3Pi
final,62510.254444,3,1200,6,118,1,1,1,2,+,C3Pi
final,62553.154178,3,1201,5,121,0,1,1,1,+,B3Sigma-
final,62566.220171,3,1202,8,139,1,1,1,2,+,Cp3Pi
final,62594.280382,3,1203,7,18,1,0,0,1,+,e1Pi
final,62622.478076,3,1204,8,139,1,1,0,1,+,Cp3Pi
final,62678.761483,3,1205,6,117,1,1,-1,0,+,C3Pi
final,62687.769213,3,1206,8,139,1,1,-1,0,+,Cp3Pi
final,62689.800722,3,1207,6,118,1,1,0,1,+,C3Pi
final,62695.849425,3,1208,6,119,1,1,1,2,+,C3Pi
final,62741.037078,3,1209,5,122,0,1,1,1,+,B3Sigma-
final,62801.13451,3,1210,8,140,1,1,1,2,+,Cp3Pi
final,62854.409553,3,1211,8,140,1,1,0,1,+,Cp3Pi
final,62864.16175,3,1212,6,118,1,1,-1,0,+,C3Pi
final,62879.743337,3,1213,6,119,1,1,0,1,+,C3Pi
final,62882.441809,3,1214,6,120,1,1,1,2,+,C3Pi
final,62921.948992,3,1215,8,140,1,1,-1,0,+,Cp3Pi
final,62930.626877,3,1216,5,123,0,1,1,1,+,B3Sigma-
final,63035.324677,3,1217,8,141,1,1,1,2,+,Cp3Pi
final,63043.781251,3,1218,7,19,1,0,0,1,+,e1Pi
final,63047.902302,3,1219,6,119,1,1,-1,0,+,C3Pi
final,63055.573517,3,1220,6,120,1,1,0,1,+,C3Pi
final,63073.20347,3,1221,6,121,1,1,1,2,+,C3Pi
final,63103.0436,3,1222,8,141,1,1,0,1,+,Cp3Pi
final,63121.991182,3,1223,5,124,0,1,1,1,+,B3Sigma-
final,63160.380368,3,1224,8,141,1,1,-1,0,+,Cp3Pi
final,63233.239514,3,1225,6,120,1,1,-1,0,+,C3Pi
final,63244.583557,3,1226,6,121,1,1,0,1,+,C3Pi
final,63248.310281,3,1227,6,122,1,1,1,2,+,C3Pi
final,63288.067764,3,1228,8,142,1,1,1,2,+,Cp3Pi
final,63314.440789,3,1229,5,125,0,1,1,1,+,B3Sigma-
final,63341.234127,3,1230,8,142,1,1,0,1,+,Cp3Pi
final,63398.588923,3,1231,8,142,1,1,-1,0,+,Cp3Pi
final,63421.548982,3,1232,6,121,1,1,-1,0,+,C3Pi
final,63434.295717,3,1233,6,122,1,1,0,1,+,C3Pi
final,63441.638788,3,1234,6,123,1,1,1,2,+,C3Pi
final,63467.441992,3,1235,7,20,1,0,0,1,+,e1Pi
final,63508.928087,3,1236,5,126,0,1,1,1,+,B3Sigma-
final,63525.109842,3,1237,8,143,1,1,1,2,+,Cp3Pi
final,63579.66763,3,1238,8,143,1,1,0,1,+,Cp3Pi
final,63605.393391,3,1239,6,122,1,1,-1,0,+,C3Pi
final,63626.738243,3,1240,6,123,1,1,0,1,+,C3Pi
final,63634.127685,3,1241,6,124,1,1,1,2,+,C3Pi
final,63643.905651,3,1242,8,143,1,1,-1,0,+,Cp3Pi
final,63704.883576,3,1243,5,127,0,1,1,1,+,B3Sigma-
final,63765.048632,3,1244,8,144,1,1,1,2,+,Cp3Pi
final,63795.604905,3,1245,6,123,1,1,-1,0,+,C3Pi
final,63805.183783,3,1246,6,124,1,1,0,1,+,C3Pi
final,63828.651018,3,1247,6,125,1,1,1,2,+,C3Pi
final,63835.077135,3,1248,8,144,1,1,0,1,+,Cp3Pi
final,63864.231634,3,1249,7,21,1,0,0,1,+,e1Pi
final,63885.445426,3,1250,8,144,1,1,-1,0,+,Cp3Pi
final,63902.356753,3,1251,5,128,0,1,1,1,+,B3Sigma-
final,63986.927371,3,1252,6,124,1,1,-1,0,+,C3Pi
final,63999.988501,3,1253,8,145,1,1,1,2,+,Cp3Pi
final,64004.370307,3,1254,6,125,1,1,0,1,+,C3Pi
final,64031.318171,3,1255,6,126,1,1,1,2,+,C3Pi
final,64072.401625,3,1256,8,145,1,1,0,1,+,Cp3Pi
final,64101.379869,3,1257,5,129,0,1,1,1,+,B3Sigma-
final,64128.214692,3,1258,8,145,1,1,-1,0,+,Cp3Pi
final,64180.416492,3,1259,6,125,1,1,-1,0,+,C3Pi
final,64200.434932,3,1260,6,126,1,1,0,1,+,C3Pi
final,64209.672537,3,1261,6,127,1,1,1,2,+,C3Pi
final,64233.11391,3,1262,7,22,1,0,0,1,+,e1Pi
final,64262.080187,3,1263,8,146,1,1,1,2,+,Cp3Pi
final,64301.571165,3,1264,5,130,0,1,1,1,+,B3Sigma-
final,64315.525857,3,1265,8,146,1,1,0,1,+,Cp3Pi
final,64363.921761,3,1266,6,126,1,1,-1,0,+,C3Pi
final,64383.921968,3,1267,8,146,1,1,-1,0,+,Cp3Pi
final,64397.873253,3,1268,6,127,1,1,0,1,+,C3Pi
final,64409.192344,3,1269,6,128,1,1,1,2,+,C3Pi
final,64503.661392,3,1270,5,131,0,1,1,1,+,B3Sigma-
final,64505.394746,3,1271,8,147,1,1,1,2,+,Cp3Pi
final,64557.529492,3,1272,8,147,1,1,0,1,+,Cp3Pi
final,64566.589686,3,1273,6,127,1,1,-1,0,+,C3Pi
final,64573.079444,3,1274,7,23,1,0,0,1,+,e1Pi
final,64599.069431,3,1275,6,128,1,1,0,1,+,C3Pi
final,64608.848494,3,1276,6,129,1,1,1,2,+,C3Pi
final,64623.214282,3,1277,8,147,1,1,-1,0,+,Cp3Pi
final,64707.118677,3,1278,5,132,0,1,1,1,+,B3Sigma-
final,64750.458868,3,1279,8,148,1,1,1,2,+,Cp3Pi
final,64764.5973,3,1280,6,128,1,1,-1,0,+,C3Pi
final,64783.086904,3,1281,6,129,1,1,0,1,+,C3Pi
final,64810.856639,3,1282,6,130,1,1,1,2,+,C3Pi
final,64819.538398,3,1283,8,148,1,1,0,1,+,Cp3Pi
final,64869.70481,3,1284,8,148,1,1,-1,0,+,Cp3Pi
final,64883.220729,3,1285,7,24,1,0,0,1,+,e1Pi
final,64912.008023,3,1286,5,133,0,1,1,1,+,B3Sigma-
final,64963.682405,3,1287,6,129,1,1,-1,0,+,C3Pi
final,64988.274675,3,1288,6,130,1,1,0,1,+,C3Pi
final,64990.199822,3,1289,8,149,1,1,1,2,+,Cp3Pi
final,65021.619253,3,1290,6,131,1,1,1,2,+,C3Pi
final,65062.894084,3,1291,8,149,1,1,0,1,+,Cp3Pi
final,65116.742019,3,1292,8,149,1,1,-1,0,+,Cp3Pi
final,65118.330114,3,1293,5,134,0,1,1,1,+,B3Sigma-
final,65162.749982,3,1294,7,25,1,0,0,1,+,e1Pi
final,65165.086662,3,1295,6,130,1,1,-1,0,+,C3Pi
final,65192.871106,3,1296,6,131,1,1,0,1,+,C3Pi
final,65210.452598,3,1297,6,132,1,1,1,2,+,C3Pi
final,65325.922081,3,1298,5,135,0,1,1,1,+,B3Sigma-
final,65361.880812,3,1299,6,131,1,1,-1,0,+,C3Pi
final,65393.166177,3,1300,6,132,1,1,0,1,+,C3Pi
final,65411.191448,3,1301,7,26,1,0,0,1,+,e1Pi
final,65412.963013,3,1302,6,133,1,1,1,2,+,C3Pi
final,65534.942746,3,1303,5,136,0,1,1,1,+,B3Sigma-
final,65562.481684,3,1304,6,132,1,1,-1,0,+,C3Pi
final,65596.333231,3,1305,6,133,1,1,0,1,+,C3Pi
final,65617.672515,3,1306,6,134,1,1,1,2,+,C3Pi
final,65629.439784,3,1307,7,27,1,0,0,1,+,e1Pi
final,65745.362327,3,1308,5,137,0,1,1,1,+,B3Sigma-
final,65765.035288,3,1309,6,133,1,1,-1,0,+,C3Pi
final,65801.564994,3,1310,6,134,1,1,0,1,+,C3Pi
final,65820.655632,3,1311,7,28,1,0,0,1,+,e1Pi
final,65824.078022,3,1312,6,135,1,1,1,2,+,C3Pi
final,65957.177618,3,1313,5,138,0,1,1,1,+,B3Sigma-
final,65969.541103,3,1314,6,134,1,1,-1,0,+,C3Pi
final,65972.501623,3,1315,7,29,1,0,0,1,+,e1Pi
final,66008.582024,3,1316,6,135,1,1,0,1,+,C3Pi
final,66031.95354,3,1317,6,136,1,1,1,2,+,C3Pi
final,66038.506949,3,1318,7,30,1,0,0,1,+,e1Pi
final,66106.012921,3,1319,7,31,1,0,0,1,+,e1Pi
final,66152.766807,3,1320,7,32,1,0,0,1,+,e1Pi
final,66170.368922,3,1321,5,139,0,1,1,1,+,B3Sigma-
final,66175.872448,3,1322,6,135,1,1,-1,0,+,C3Pi
final,66193.786758,3,1323,7,33,1,0,0,1,+,e1Pi
final,66217.179458,3,1324,6,136,1,1,0,1,+,C3Pi
final,66224.035625,3,1325,7,34,1,0,0,1,+,e1Pi
final,66241.203753,3,1326,6,137,1,1,1,2,+,C3Pi
final,66244.873853,3,1327,7,35,1,0,0,1,+,e1Pi
final,66261.795732,3,1328,7,36,1,0,0,1,+,e1Pi
final,66281.657474,3,1329,7,37,1,0,0,1,+,e1Pi
final,66305.525319,3,1330,7,38,1,0,0,1,+,e1Pi
final,66333.370036,3,1331,7,39,1,0,0,1,+,e1Pi
final,66365.159073,3,1332,7,40,1,0,0,1,+,e1Pi
final,66383.736865,3,1333,6,136,1,1,-1,0,+,C3Pi
final,66384.923866,3,1334,5,140,0,1,1,1,+,B3Sigma-
final,66400.316964,3,1335,7,41,1,0,0,1,+,e1Pi
final,66427.273094,3,1336,6,137,1,1,0,1,+,C3Pi
final,66437.871857,3,1337,7,42,1,0,0,1,+,e1Pi
final,66451.840173,3,1338,6,138,1,1,1,2,+,C3Pi
final,66477.386748,3,1339,7,43,1,0,0,1,+,e1Pi
final,66519.740077,3,1340,7,44,1,0,0,1,+,e1Pi
final,66565.652648,3,1341,7,45,1,0,0,1,+,e1Pi
final,66593.04483,3,1342,6,137,1,1,-1,0,+,C3Pi
final,66600.636409,3,1343,5,141,0,1,1,1,+,B3Sigma-
final,66614.240551,3,1344,7,46,1,0,0,1,+,e1Pi
final,66638.924743,3,1345,6,138,1,1,0,1,+,C3Pi
final,66663.923707,3,1346,6,139,1,1,1,2,+,C3Pi
final,66664.22845,3,1347,7,47,1,0,0,1,+,e1Pi
final,66716.169077,3,1348,7,48,1,0,0,1,+,e1Pi
final,66771.534016,3,1349,7,49,1,0,0,1,+,e1Pi
final,66803.633548,3,1350,6,138,1,1,-1,0,+,C3Pi
final,66817.521433,3,1351,5,142,0,1,1,1,+,B3Sigma-
final,66829.68631,3,1352,7,50,1,0,0,1,+,e1Pi
final,66852.283233,3,1353,6,139,1,1,0,1,+,C3Pi
final,66877.495486,3,1354,6,140,1,1,1,2,+,C3Pi
final,66889.073813,3,1355,7,51,1,0,0,1,+,e1Pi
final,66950.302495,3,1356,7,52,1,0,0,1,+,e1Pi
final,67014.737487,3,1357,7,53,1,0,0,1,+,e1Pi
final,67015.607746,3,1358,6,139,1,1,-1,0,+,C3Pi
final,67035.525065,3,1359,5,143,0,1,1,1,+,B3Sigma-
final,67067.502784,3,1360,6,140,1,1,0,1,+,C3Pi
final,67081.372717,3,1361,7,54,1,0,0,1,+,e1Pi
final,67092.547977,3,1362,6,141,1,1,1,2,+,C3Pi
final,67149.201554,3,1363,7,55,1,0,0,1,+,e1Pi
final,67219.514301,3,1364,7,56,1,0,0,1,+,e1Pi
final,67229.086654,3,1365,6,140,1,1,-1,0,+,C3Pi
final,67254.560527,3,1366,5,144,0,1,1,1,+,B3Sigma-
final,67284.653032,3,1367,6,141,1,1,0,1,+,C3Pi
final,67292.629991,3,1368,7,57,1,0,0,1,+,e1Pi
final,67309.043468,3,1369,6,142,1,1,1,2,+,C3Pi
final,67367.090289,3,1370,7,58,1,0,0,1,+,e1Pi
final,67443.239059,3,1371,7,59,1,0,0,1,+,e1Pi
final,67444.113437,3,1372,6,141,1,1,-1,0,+,C3Pi
final,67474.501587,3,1373,6,142,1,1,0,1,+,C3Pi
final,67503.744849,3,1374,5,145,0,1,1,1,+,B3Sigma-
final,67522.220036,3,1375,7,60,1,0,0,1,+,e1Pi
final,67526.952779,3,1376,6,143,1,1,1,2,+,C3Pi
final,67603.089031,3,1377,7,61,1,0,0,1,+,e1Pi
final,67660.630652,3,1378,6,142,1,1,-1,0,+,C3Pi
final,67685.336502,3,1379,7,62,1,0,0,1,+,e1Pi
final,67695.273288,3,1380,6,143,1,1,0,1,+,C3Pi
final,67724.802309,3,1381,5,146,0,1,1,1,+,B3Sigma-
final,67746.274695,3,1382,6,144,1,1,1,2,+,C3Pi
final,67769.954923,3,1383,7,63,1,0,0,1,+,e1Pi
final,67856.686664,3,1384,7,64,1,0,0,1,+,e1Pi
final,67878.547322,3,1385,6,143,1,1,-1,0,+,C3Pi
final,67916.929732,3,1386,6,144,1,1,0,1,+,C3Pi
final,67944.933161,3,1387,7,65,1,0,0,1,+,e1Pi
final,67947.924509,3,1388,5,147,0,1,1,1,+,B3Sigma-
final,67967.025156,3,1389,6,145,1,1,1,2,+,C3Pi
final,68035.29343,3,1390,7,66,1,0,0,1,+,e1Pi
final,68097.82597,3,1391,6,144,1,1,-1,0,+,C3Pi
final,68127.703973,3,1392,7,67,1,0,0,1,+,e1Pi
final,68139.652699,3,1393,6,145,1,1,0,1,+,C3Pi
final,68172.957185,3,1394,5,148,0,1,1,1,+,B3Sigma-
final,68189.21635,3,1395,6,146,1,1,1,2,+,C3Pi
final,68221.678988,3,1396,7,68,1,0,0,1,+,e1Pi
final,68317.648474,3,1397,7,69,1,0,0,1,+,e1Pi
final,68318.507351,3,1398,6,145,1,1,-1,0,+,C3Pi
final,68363.261451,3,1399,6,146,1,1,0,1,+,C3Pi
final,68399.723332,3,1400,5,149,0,1,1,1,+,B3Sigma-
final,68412.846814,3,1401,6,147,1,1,1,2,+,C3Pi
final,68415.652637,3,1402,7,70,1,0,0,1,+,e1Pi
final,68515.273331,3,1403,7,71,1,0,0,1,+,e1Pi
final,68540.655347,3,1404,6,146,1,1,-1,0,+,C3Pi
final,68591.81202,3,1405,6,147,1,1,0,1,+,C3Pi
final,68616.737484,3,1406,7,72,1,0,0,1,+,e1Pi
final,68637.873793,3,1407,6,148,1,1,1,2,+,C3Pi
final,68720.156568,3,1408,7,73,1,0,0,1,+,e1Pi
final,68764.287624,3,1409,6,147,1,1,-1,0,+,C3Pi
final,68812.076902,3,1410,6,148,1,1,0,1,+,C3Pi
final,68825.297039,3,1411,7,74,1,0,0,1,+,e1Pi
final,68864.355058,3,1412,6,149,1,1,1,2,+,C3Pi
final,68932.227784,3,1413,7,75,1,0,0,1,+,e1Pi
final,68989.37264,3,1414,6,148,1,1,-1,0,+,C3Pi
final,69038.562661,3,1415,6,149,1,1,0,1,+,C3Pi
final,69040.977494,3,1416,7,76,1,0,0,1,+,e1Pi
final,69151.466369,3,1417,7,77,1,0,0,1,+,e1Pi
final,69215.927055,3,1418,6,149,1,1,-1,0,+,C3Pi
final,69263.762646,3,1419,7,78,1,0,0,1,+,e1Pi
final,69377.816506,3,1420,7,79,1,0,0,1,+,e1Pi
final,69493.563437,3,1421,7,80,1,0,0,1,+,e1Pi
final,69611.090842,3,1422,7,81,1,0,0,1,+,e1Pi
final,69730.373208,3,1423,7,82,1,0,0,1,+,e1Pi
final,69851.332738,3,1424,7,83,1,0,0,1,+,e1Pi
final,69974.007237,3,1425,7,84,1,0,0,1,+,e1Pi
final,70098.415861,3,1426,7,85,1,0,0,1,+,e1Pi
final,70224.519092,3,1427,7,86,1,0,0,1,+,e1Pi
final,70352.295043,3,1428,7,87,1,0,0,1,+,e1Pi
final,70481.756047,3,1429,7,88,1,0,0,1,+,e1Pi
final,70612.913389,3,1430,7,89,1,0,0,1,+,e1Pi
final,70745.736303,3,1431,7,90,1,0,0,1,+,e1Pi
final,70880.202448,3,1432,7,91,1,0,0,1,+,e1Pi
final,71016.337287,3,1433,7,92,1,0,0,1,+,e1Pi
final,71154.138403,3,1434,7,93,1,0,0,1,+,e1Pi
final,71293.565667,3,1435,7,94,1,0,0,1,+,e1Pi
final,71434.623279,3,1436,7,95,1,0,0,1,+,e1Pi
final,71577.332297,3,1437,7,96,1,0,0,1,+,e1Pi
final,71721.665902,3,1438,7,97,1,0,0,1,+,e1Pi
final,71867.604436,3,1439,7,98,1,0,0,1,+,e1Pi
final,72015.167157,3,1440,7,99,1,0,0,1,+,e1Pi
final,72164.350807,3,1441,7,100,1,0,0,1,+,e1Pi
final,72315.126371,3,1442,7,101,1,0,0,1,+,e1Pi
final,72467.495802,3,1443,7,102,1,0,0,1,+,e1Pi
final,72621.473589,3,1444,7,103,1,0,0,1,+,e1Pi
final,72777.038935,3,1445,7,104,1,0,0,1,+,e1Pi
final,72934.176658,3,1446,7,105,1,0,0,1,+,e1Pi
final,73092.902896,3,1447,7,106,1,0,0,1,+,e1Pi
final,73253.211098,3,1448,7,107,1,0,0,1,+,e1Pi
final,73415.078009,3,1449,7,108,1,0,0,1,+,e1Pi
final,73578.510961,3,1450,7,109,1,0,0,1,+,e1Pi
final,73743.516859,3,1451,7,110,1,0,0,1,+,e1Pi
final,73910.07427,3,1452,7,111,1,0,0,1,+,e1Pi
final,74078.179794,3,1453,7,112,1,0,0,1,+,e1Pi
final,74247.844076,3,1454,7,113,1,0,0,1,+,e1Pi
final,74419.052756,3,1455,7,114,1,0,0,1,+,e1Pi
final,74591.795203,3,1456,7,115,1,0,0,1,+,e1Pi
final,74766.0792,3,1457,7,116,1,0,0,1,+,e1Pi
final,74941.903123,3,1458,7,117,1,0,0,1,+,e1Pi
final,75119.250654,3,1459,7,118,1,0,0,1,+,e1Pi
final,75298.123834,3,1460,7,119,1,0,0,1,+,e1Pi
final,75478.530007,3,1461,7,120,1,0,0,1,+,e1Pi
final,75660.446705,3,1462,7,121,1,0,0,1,+,e1Pi
final,75843.876795,3,1463,7,122,1,0,0,1,+,e1Pi
final,76028.827029,3,1464,7,123,1,0,0,1,+,e1Pi
final,76215.279121,3,1465,7,124,1,0,0,1,+,e1Pi
final,76403.237168,3,1466,7,125,1,0,0,1,+,e1Pi
final,76592.698525,3,1467,7,126,1,0,0,1,+,e1Pi
final,76783.660423,3,1468,7,127,1,0,0,1,+,e1Pi
final,76976.114021,3,1469,7,128,1,0,0,1,+,e1Pi
final,77170.058017,3,1470,7,129,1,0,0,1,+,e1Pi
final,77365.500755,3,1471,7,130,1,0,0,1,+,e1Pi
final,77562.417692,3,1472,7,131,1,0,0,1,+,e1Pi
final,77760.825302,3,1473,7,132,1,0,0,1,+,e1Pi
final,77960.718737,3,1474,7,133,1,0,0,1,+,e1Pi
final,78162.079687,3,1475,7,134,1,0,0,1,+,e1Pi
final,78364.926528,3,1476,7,135,1,0,0,1,+,e1Pi
final,78569.238315,3,1477,7,136,1,0,0,1,+,e1Pi
final,78775.021174,3,1478,7,137,1,0,0,1,+,e1Pi
final,78982.266631,3,1479,7,138,1,0,0,1,+,e1Pi
final,79190.973141,3,1480,7,139,1,0,0,1,+,e1Pi
final,79401.145854,3,1481,7,140,1,0,0,1,+,e1Pi
final,79612.76653,3,1482,7,141,1,0,0,1,+,e1Pi
final,79825.859219,3,1483,7,142,1,0,0,1,+,e1Pi
final,80040.398674,3,1484,7,143,1,0,0,1,+,e1Pi
final,80256.388827,3,1485,7,144,1,0,0,1,+,e1Pi
final,80473.833292,3,1486,7,145,1,0,0,1,+,e1Pi
final,80692.710238,3,1487,7,146,1,0,0,1,+,e1Pi
final,80913.039374,3,1488,7,147,1,0,0,1,+,e1Pi
final,81134.806527,3,1489,7,148,1,0,0,1,+,e1Pi
final,81358.023202,3,1490,7,149,1,0,0,1,+,e1Pi
final,6.412674,3,1,1,0,0,1,0,0,-,X3Sig-
final,19.935576,3,2,1,0,0,1,-1,-1,-,X3Sig-
final,1144.339591,3,3,1,1,0,1,0,0,-,X3Sig-
final,1157.855565,3,4,1,1,0,1,-1,-1,-,X3Sig-
final,2269.554438,3,5,1,2,0,1,0,0,-,X3Sig-
final,2283.066654,3,6,1,2,0,1,-1,-1,-,X3Sig-
final,3382.125526,3,7,1,3,0,1,0,0,-,X3Sig-
final,3395.636785,3,8,1,3,0,1,-1,-1,-,X3Sig-
final,4482.098909,3,9,1,4,0,1,0,0,-,X3Sig-
final,4495.61032,3,10,1,4,0,1,-1,-1,-,X3Sig-
final,5569.514338,3,11,1,5,0,1,0,0,-,X3Sig-
final,5583.018225,3,12,1,5,0,1,-1,-1,-,X3Sig-
final,5877.337153,3,13,2,0,-2,0,0,-2,-,a1Delta
final,6644.352268,3,14,1,6,0,1,0,0,-,X3Sig-
final,6657.849121,3,15,1,6,0,1,-1,-1,-,X3Sig-
final,6978.634947,3,16,2,1,-2,0,0,-2,-,a1Delta
final,7706.5837,3,17,1,7,0,1,0,0,-,X3Sig-
final,7720.083363,3,18,1,7,0,1,-1,-1,-,X3Sig-
final,8066.327268,3,19,2,2,-2,0,0,-2,-,a1Delta
final,8756.233362,3,20,1,8,0,1,0,0,-,X3Sig-
final,8769.724608,3,21,1,8,0,1,-1,-1,-,X3Sig-
final,9140.478103,3,22,2,3,-2,0,0,-2,-,a1Delta
final,9793.219829,3,23,1,9,0,1,0,0,-,X3Sig-
final,9806.713718,3,24,1,9,0,1,-1,-1,-,X3Sig-
final,10201.131119,3,25,2,4,-2,0,0,-2,-,a1Delta
final,10485.80601,3,26,3,0,0,0,0,0,-,b1Sig+
final,10817.485011,3,27,1,10,0,1,0,0,-,X3Sig-
final,10830.9998,3,28,1,10,0,1,-1,-1,-,X3Sig-
final,11248.312587,3,29,2,5,-2,0,0,-2,-,a1Delta
final,11539.959792,3,30,3,1,0,0,0,0,-,b1Sig+
final,11829.00931,3,31,1,11,0,1,0,0,-,X3Sig-
final,11842.547594,3,32,1,11,0,1,-1,-1,-,X3Sig-
final,12282.048303,3,33,2,6,-2,0,0,-2,-,a1Delta
final,12579.678988,3,34,3,2,0,0,0,0,-,b1Sig+
final,12827.721326,3,35,1,12,0,1,0,0,-,X3Sig-
final,12841.287403,3,36,1,12,0,1,-1,-1,-,X3Sig-
final,13302.300204,3,37,2,7,-2,0,0,-2,-,a1Delta
final,13604.884768,3,38,3,3,0,0,0,0,-,b1Sig+
final,13813.535317,3,39,1,13,0,1,0,0,-,X3Sig-
final,13827.139746,3,40,1,13,0,1,-1,-1,-,X3Sig-
final,14309.043339,3,41,2,8,-2,0,0,-2,-,a1Delta
final,14615.489446,3,42,3,4,0,0,0,0,-,b1Sig+
final,14786.370991,3,43,1,14,0,1,0,0,-,X3Sig-
final,14800.019583,3,44,1,14,0,1,-1,-1,-,X3Sig-
final,15302.251439,3,45,2,9,-2,0,0,-2,-,a1Delta
final,15611.35202,3,46,3,5,0,0,0,0,-,b1Sig+
final,15746.140088,3,47,1,15,0,1,0,0,-,X3Sig-
final,15759.834917,3,48,1,15,0,1,-1,-1,-,X3Sig-
final,16281.801133,3,49,2,10,-2,0,0,-2,-,a1Delta
final,16592.369602,3,50,3,6,0,0,0,0,-,b1Sig+
final,16692.748466,3,51,1,16,0,1,0,0,-,X3Sig-
final,16706.492104,3,52,1,16,0,1,-1,-1,-,X3Sig-
final,17247.662609,3,53,2,11,-2,0,0,-2,-,a1Delta
final,17558.44636,3,54,3,7,0,0,0,0,-,b1Sig+
final,17626.078347,3,55,1,17,0,1,0,0,-,X3Sig-
final,17639.88235,3,56,1,17,0,1,-1,-1,-,X3Sig-
final,18199.776089,3,57,2,12,-2,0,0,-2,-,a1Delta
final,18509.414388,3,58,3,8,0,0,0,0,-,b1Sig+
final,18546.027595,3,59,1,18,0,1,0,0,-,X3Sig-
final,18559.901393,3,60,1,18,0,1,-1,-1,-,X3Sig-
final,19138.015718,3,61,2,13,-2,0,0,-2,-,a1Delta
final,19445.181678,3,62,3,9,0,0,0,0,-,b1Sig+
final,19452.468859,3,63,1,19,0,1,0,0,-,X3Sig-
final,19466.422037,3,64,1,19,0,1,-1,-1,-,X3Sig-
final,20062.243803,3,65,2,14,-2,0,0,-2,-,a1Delta
final,20345.27442,3,66,1,20,0,1,0,0,-,X3Sig-
final,20359.31437,3,67,1,20,0,1,-1,-1,-,X3Sig-
final,20365.598872,3,68,3,10,0,0,0,0,-,b1Sig+
final,20972.35813,3,69,2,15,-2,0,0,-2,-,a1Delta
final,21224.310564,3,70,1,21,0,1,0,0,-,X3Sig-
final,21238.444175,3,71,1,21,0,1,-1,-1,-,X3Sig-
final,21270.514483,3,72,3,11,0,0,0,0,-,b1Sig+
final,21868.25002,3,73,2,16,-2,0,0,-2,-,a1Delta
final,22089.435469,3,74,1,22,0,1,0,0,-,X3Sig-
final,22103.674101,3,75,1,22,0,1,-1,-1,-,X3Sig-
final,22159.817111,3,76,3,12,0,0,0,0,-,b1Sig+
final,22749.718204,3,77,2,17,-2,0,0,-2,-,a1Delta
final,22940.502779,3,78,1,23,0,1,0,0,-,X3Sig-
final,22954.859206,3,79,1,23,0,1,-1,-1,-,X3Sig-
final,23033.378452,3,80,3,13,0,0,0,0,-,b1Sig+
final,23616.630079,3,81,2,18,-2,0,0,-2,-,a1Delta
final,23777.351755,3,82,1,24,0,1,0,0,-,X3Sig-
final,23791.837794,3,83,1,24,0,1,-1,-1,-,X3Sig-
final,23891.023343,3,84,3,14,0,0,0,0,-,b1Sig+
final,24468.82688,3,85,2,19,-2,0,0,-2,-,a1Delta
final,24599.826111,3,86,1,25,0,1,0,0,-,X3Sig-
final,24614.452908,3,87,1,25,0,1,-1,-1,-,X3Sig-
final,24732.584845,3,88,3,15,0,0,0,0,-,b1Sig+
final,25306.104756,3,89,2,20,-2,0,0,-2,-,a1Delta
final,25407.744423,3,90,1,26,0,1,0,0,-,X3Sig-
final,25422.535925,3,91,1,26,0,1,-1,-1,-,X3Sig-
final,25557.926285,3,92,3,16,0,0,0,0,-,b1Sig+
final,26128.286522,3,93,2,21,-2,0,0,-2,-,a1Delta
final,26200.944583,3,94,1,27,0,1,0,0,-,X3Sig-
final,26215.922719,3,95,1,27,0,1,-1,-1,-,X3Sig-
final,26366.912051,3,96,3,17,0,0,0,0,-,b1Sig+
final,26935.164602,3,97,2,22,-2,0,0,-2,-,a1Delta
final,26979.240582,3,98,1,28,0,1,0,0,-,X3Sig-
final,26994.426467,3,99,1,28,0,1,-1,-1,-,X3Sig-
final,27159.365466,3,100,3,18,0,0,0,0,-,b1Sig+
final,27726.535313,3,101,2,23,-2,0,0,-2,-,a1Delta
final,27742.45398,3,102,1,29,0,1,0,0,-,X3Sig-
final,27757.866052,3,103,1,29,0,1,-1,-1,-,X3Sig-
final,27935.145635,3,104,3,19,0,0,0,0,-,b1Sig+
final,28490.387447,3,105,1,30,0,1,0,0,-,X3Sig-
final,28502.172963,3,106,2,24,-2,0,0,-2,-,a1Delta
final,28506.050478,3,107,1,30,0,1,-1,-1,-,X3Sig-
final,28694.099839,3,108,3,20,0,0,0,0,-,b1Sig+
final,29222.864559,3,109,1,31,0,1,0,0,-,X3Sig-
final,29238.792817,3,110,1,31,0,1,-1,-1,-,X3Sig-
final,29261.838175,3,111,2,25,-2,0,0,-2,-,a1Delta
final,29436.03493,3,112,3,21,0,0,0,0,-,b1Sig+
final,29939.701678,3,113,1,32,0,1,0,0,-,X3Sig-
final,29955.884004,3,114,1,32,0,1,-1,-1,-,X3Sig-
final,30005.31048,3,115,2,26,-2,0,0,-2,-,a1Delta
final,30160.804905,3,116,3,22,0,0,0,0,-,b1Sig+
final,30640.758881,3,117,1,33,0,1,0,0,-,X3Sig-
final,30657.122187,3,118,1,33,0,1,-1,-1,-,X3Sig-
final,30732.321106,3,119,2,27,-2,0,0,-2,-,a1Delta
final,30868.226103,3,120,3,23,0,0,0,0,-,b1Sig+
final,31325.887232,3,121,1,34,0,1,0,0,-,X3Sig-
final,31342.29852,3,122,1,34,0,1,-1,-1,-,X3Sig-
final,31442.607751,3,123,2,28,-2,0,0,-2,-,a1Delta
final,31558.172269,3,124,3,24,0,0,0,0,-,b1Sig+
final,31994.835223,3,125,1,35,0,1,0,0,-,X3Sig-
final,32011.193926,3,126,1,35,0,1,-1,-1,-,X3Sig-
final,32135.920058,3,127,2,29,-2,0,0,-2,-,a1Delta
final,32230.43142,3,128,3,25,0,0,0,0,-,b1Sig+
final,32647.145686,3,129,1,36,0,1,0,0,-,X3Sig-
final,32663.57208,3,130,1,36,0,1,-1,-1,-,X3Sig-
final,32811.952866,3,131,2,30,-2,0,0,-2,-,a1Delta
final,32884.834558,3,132,3,26,0,0,0,0,-,b1Sig+
final,33282.322099,3,133,1,37,0,1,0,0,-,X3Sig-
final,33299.191334,3,134,1,37,0,1,-1,-1,-,X3Sig-
final,33470.421247,3,135,2,31,-2,0,0,-2,-,a1Delta
final,33521.222592,3,136,3,27,0,0,0,0,-,b1Sig+
final,33900.29807,3,137,1,38,0,1,0,0,-,X3Sig-
final,33917.831894,3,138,1,38,0,1,-1,-1,-,X3Sig-
final,34111.039435,3,139,2,32,-2,0,0,-2,-,a1Delta
final,34139.386972,3,140,3,28,0,0,0,0,-,b1Sig+
final,34501.339947,3,141,1,39,0,1,0,0,-,X3Sig-
final,34519.264596,3,142,1,39,0,1,-1,-1,-,X3Sig-
final,34733.469455,3,143,2,33,-2,0,0,-2,-,a1Delta
final,34739.20581,3,144,3,29,0,0,0,0,-,b1Sig+
final,35085.132331,3,145,1,40,0,1,0,0,-,X3Sig-
final,35103.240857,3,146,1,40,0,1,-1,-1,-,X3Sig-
final,35320.469796,3,147,3,30,0,0,0,0,-,b1Sig+
final,35337.397652,3,148,2,34,-2,0,0,-2,-,a1Delta
final,35650.698108,3,149,1,41,0,1,0,0,-,X3Sig-
final,35669.486019,3,150,1,41,0,1,-1,-1,-,X3Sig-
final,35882.990757,3,151,3,31,0,0,0,0,-,b1Sig+
final,35922.496265,3,152,2,35,-2,0,0,-2,-,a1Delta
final,36197.874992,3,153,1,42,0,1,0,0,-,X3Sig-
final,36217.747476,3,154,1,42,0,1,-1,-1,-,X3Sig-
final,36426.594367,3,155,3,32,0,0,0,0,-,b1Sig+
final,36488.392862,3,156,2,36,-2,0,0,-2,-,a1Delta
final,36727.067347,3,157,1,43,0,1,0,0,-,X3Sig-
final,36747.779281,3,158,1,43,0,1,-1,-1,-,X3Sig-
final,36951.057423,3,159,3,33,0,0,0,0,-,b1Sig+
final,37034.744629,3,160,2,37,-2,0,0,-2,-,a1Delta
final,37237.503047,3,161,1,44,0,1,0,0,-,X3Sig-
final,37259.297248,3,162,1,44,0,1,-1,-1,-,X3Sig-
final,37456.26071,3,163,3,34,0,0,0,0,-,b1Sig+
final,37561.185006,3,164,2,38,-2,0,0,-2,-,a1Delta
final,37728.541608,3,165,1,45,0,1,0,0,-,X3Sig-
final,37752.02038,3,166,1,45,0,1,-1,-1,-,X3Sig-
final,37942.064746,3,167,3,35,0,0,0,0,-,b1Sig+
final,37946.690863,3,168,4,0,-1,1,1,0,-,A3Pi
final,38067.308277,3,169,2,39,-2,0,0,-2,-,a1Delta
final,38102.798458,3,170,4,0,-1,1,0,-1,-,A3Pi
final,38200.710467,3,171,1,46,0,1,0,0,-,X3Sig-
final,38225.676959,3,172,1,46,0,1,-1,-1,-,X3Sig-
final,38265.667639,3,173,4,0,-1,1,-1,-2,-,A3Pi
final,38365.637906,3,174,4,1,-1,1,1,0,-,A3Pi
final,38408.283223,3,175,3,36,0,0,0,0,-,b1Sig+
final,38519.538855,3,176,4,1,-1,1,0,-1,-,A3Pi
final,38552.737438,3,177,2,40,-2,0,0,-2,-,a1Delta
final,38653.284572,3,178,1,47,0,1,0,0,-,X3Sig-
final,38679.973463,3,179,1,47,0,1,-1,-1,-,X3Sig-
final,38680.100666,3,180,4,1,-1,1,-1,-2,-,A3Pi
final,38775.09715,3,181,4,2,-1,1,1,0,-,A3Pi
final,38854.74664,3,182,3,37,0,0,0,0,-,b1Sig+
final,38927.108322,3,183,4,2,-1,1,0,-1,-,A3Pi
final,39017.05684,3,184,2,41,-2,0,0,-2,-,a1Delta
final,39085.380144,3,185,1,48,0,1,0,0,-,X3Sig-
final,39085.677624,3,186,4,2,-1,1,-1,-2,-,A3Pi
final,39114.612509,3,187,1,48,0,1,-1,-1,-,X3Sig-
final,39180.992271,3,188,4,3,-1,1,1,0,-,A3Pi
final,39281.25732,3,189,3,38,0,0,0,0,-,b1Sig+
final,39331.092808,3,190,4,3,-1,1,0,-1,-,A3Pi
final,39459.829243,3,191,2,42,-2,0,0,-2,-,a1Delta
final,39487.656587,3,192,4,3,-1,1,-1,-2,-,A3Pi
final,39497.661825,3,193,1,49,0,1,0,0,-,X3Sig-
final,39529.297243,3,194,1,49,0,1,-1,-1,-,X3Sig-
final,39583.360082,3,195,4,4,-1,1,1,0,-,A3Pi
final,39687.671025,3,196,3,39,0,0,0,0,-,b1Sig+
final,39731.475442,3,197,4,4,-1,1,0,-1,-,A3Pi
final,39880.639461,3,198,2,43,-2,0,0,-2,-,a1Delta
final,39885.95896,3,199,4,4,-1,1,-1,-2,-,A3Pi
final,39889.218215,3,200,1,50,0,1,0,0,-,X3Sig-
final,39923.715004,3,201,1,50,0,1,-1,-1,-,X3Sig-
final,39981.962049,3,202,4,5,-1,1,1,0,-,A3Pi
final,40073.84876,3,203,3,40,0,0,0,0,-,b1Sig+
final,40127.982652,3,204,4,5,-1,1,0,-1,-,A3Pi
final,40259.083943,3,205,1,51,0,1,0,0,-,X3Sig-
final,40279.015045,3,206,2,44,-2,0,0,-2,-,a1Delta
final,40280.259196,3,207,4,5,-1,1,-1,-2,-,A3Pi
final,40297.551398,3,208,1,51,0,1,-1,-1,-,X3Sig-
final,40375.99492,3,209,4,6,-1,1,1,0,-,A3Pi
final,40439.639596,3,210,3,41,0,0,0,0,-,b1Sig+
final,40519.719227,3,211,4,6,-1,1,0,-1,-,A3Pi
final,40608.171794,3,212,1,52,0,1,0,0,-,X3Sig-
final,40650.490633,3,213,1,52,0,1,-1,-1,-,X3Sig-
final,40654.49996,3,214,2,45,-2,0,0,-2,-,a1Delta
final,40669.56045,3,215,4,6,-1,1,-1,-2,-,A3Pi
final,40763.839238,3,216,4,7,-1,1,1,0,-,A3Pi
final,40784.926994,3,217,3,42,0,0,0,0,-,b1Sig+
final,40904.979758,3,218,4,7,-1,1,0,-1,-,A3Pi
final,40935.09561,3,219,1,53,0,1,0,0,-,X3Sig-
final,40982.205937,3,220,1,53,0,1,-1,-1,-,X3Sig-
final,41006.615841,3,221,2,46,-2,0,0,-2,-,a1Delta
final,41052.060927,3,222,4,7,-1,1,-1,-2,-,A3Pi
final,41109.565961,3,223,3,43,0,0,0,0,-,b1Sig+
final,41143.572754,3,224,4,8,-1,1,1,0,-,A3Pi
final,41238.923412,3,225,1,54,0,1,0,0,-,X3Sig-
final,41281.682831,3,226,4,8,-1,1,0,-1,-,A3Pi
final,41292.36443,3,227,1,54,0,1,-1,-1,-,X3Sig-
final,41334.854113,3,228,2,47,-2,0,0,-2,-,a1Delta
final,41381.134235,3,229,5,0,0,1,0,0,-,B3Sigma-
final,41390.251698,3,230,5,0,0,1,-1,-1,-,B3Sigma-
final,41413.46882,3,231,3,44,0,0,0,0,-,b1Sig+
final,41425.490496,3,232,4,8,-1,1,-1,-2,-,A3Pi
final,41512.848299,3,233,4,9,-1,1,1,0,-,A3Pi
final,41521.112206,3,234,1,55,0,1,0,0,-,X3Sig-
final,41580.627228,3,235,1,55,0,1,-1,-1,-,X3Sig-
final,41638.727295,3,236,2,48,-2,0,0,-2,-,a1Delta
final,41647.312517,3,237,4,9,-1,1,0,-1,-,A3Pi
final,41696.47665,3,238,3,45,0,0,0,0,-,b1Sig+
final,41779.721221,3,239,1,56,0,1,0,0,-,X3Sig-
final,41787.131491,3,240,4,9,-1,1,-1,-2,-,A3Pi
final,41846.645916,3,241,1,56,0,1,-1,-1,-,X3Sig-
final,41868.88451,3,242,4,10,-1,1,1,0,-,A3Pi
final,41917.692146,3,243,2,49,-2,0,0,-2,-,a1Delta
final,41958.374216,3,244,3,46,0,0,0,0,-,b1Sig+
final,41998.83692,3,245,4,10,-1,1,0,-1,-,A3Pi
final,42001.529883,3,246,5,1,0,1,0,0,-,B3Sigma-
final,42010.617825,3,247,5,1,0,1,-1,-1,-,B3Sigma-
final,42018.947451,3,248,1,57,0,1,0,0,-,X3Sig-
final,42090.095003,3,249,1,57,0,1,-1,-1,-,X3Sig-
final,42133.660703,3,250,4,10,-1,1,-1,-2,-,A3Pi
final,42171.251818,3,251,2,50,-2,0,0,-2,-,a1Delta
final,42198.958043,3,252,3,47,0,0,0,0,-,b1Sig+
final,42208.43712,3,253,4,11,-1,1,1,0,-,A3Pi
final,42332.632801,3,254,4,11,-1,1,0,-1,-,A3Pi
final,42398.855164,3,255,2,51,-2,0,0,-2,-,a1Delta
final,42411.842746,3,256,3,48,0,0,0,0,-,b1Sig+
final,42460.905788,3,257,4,11,-1,1,-1,-2,-,A3Pi
final,42527.57979,3,258,4,12,-1,1,1,0,-,A3Pi
final,42550.536313,3,259,3,49,0,0,0,0,-,b1Sig+
final,42599.948438,3,260,2,52,-2,0,0,-2,-,a1Delta
final,42612.084392,3,261,5,2,0,1,0,0,-,B3Sigma-
final,42621.140924,3,262,5,2,0,1,-1,-1,-,B3Sigma-
final,42644.100756,3,263,4,12,-1,1,0,-1,-,A3Pi
final,42704.132246,3,264,3,50,0,0,0,0,-,b1Sig+
final,42763.397975,3,265,4,12,-1,1,-1,-2,-,A3Pi
final,42773.98564,3,266,2,53,-2,0,0,-2,-,a1Delta
final,42821.146459,3,267,4,13,-1,1,1,0,-,A3Pi
final,42832.050619,3,268,3,51,0,0,0,0,-,b1Sig+
final,42920.393967,3,269,2,54,-2,0,0,-2,-,a1Delta
final,42927.09004,3,270,4,13,-1,1,0,-1,-,A3Pi
final,42941.007319,3,271,3,52,0,0,0,0,-,b1Sig+
final,43022.30683,3,272,3,53,0,0,0,0,-,b1Sig+
final,43033.491685,3,273,4,13,-1,1,-1,-2,-,A3Pi
final,43038.565272,3,274,2,55,-2,0,0,-2,-,a1Delta
final,43077.644384,3,275,3,54,0,0,0,0,-,b1Sig+
final,43082.079446,3,276,4,14,-1,1,1,0,-,A3Pi
final,43088.016798,3,277,8,0,-1,1,-1,-2,-,Cp3Pi
final,43117.96886,3,278,3,55,0,0,0,0,-,b1Sig+
final,43120.346719,3,279,8,1,-1,1,-1,-2,-,Cp3Pi
final,43126.76583,3,280,2,56,-2,0,0,-2,-,a1Delta
final,43148.983782,3,281,8,2,-1,1,-1,-2,-,Cp3Pi
final,43153.074773,3,282,3,56,0,0,0,0,-,b1Sig+
final,43157.1231,3,283,8,0,-1,1,0,-1,-,Cp3Pi
final,43165.624085,3,284,4,14,-1,1,-1,-2,-,A3Pi
final,43171.975604,3,285,8,3,-1,1,-1,-2,-,Cp3Pi
final,43172.634978,3,286,4,14,-1,1,0,-1,-,A3Pi
final,43174.620695,3,287,3,57,0,0,0,0,-,b1Sig+
final,43185.697908,3,288,8,1,-1,1,0,-1,-,Cp3Pi
final,43186.395677,3,289,4,15,-1,1,-1,-2,-,A3Pi
final,43192.422115,3,290,8,4,-1,1,-1,-2,-,Cp3Pi
final,43193.292782,3,291,2,57,-2,0,0,-2,-,a1Delta
final,43202.999977,3,292,4,16,-1,1,-1,-2,-,A3Pi
final,43207.553958,3,293,8,2,-1,1,0,-1,-,Cp3Pi
final,43212.843075,3,294,5,3,0,1,0,0,-,B3Sigma-
final,43214.614067,3,295,8,5,-1,1,-1,-2,-,Cp3Pi
final,43219.098456,3,296,4,17,-1,1,-1,-2,-,A3Pi
final,43221.891276,3,297,5,3,0,1,-1,-1,-,B3Sigma-
final,43223.956654,3,298,8,3,-1,1,0,-1,-,Cp3Pi
final,43224.317528,3,299,4,15,-1,1,0,-1,-,A3Pi
final,43230.865876,3,300,4,16,-1,1,0,-1,-,A3Pi
final,43239.558375,3,301,4,18,-1,1,-1,-2,-,A3Pi
final,43240.720285,3,302,8,6,-1,1,-1,-2,-,Cp3Pi
final,43243.006262,3,303,8,4,-1,1,0,-1,-,Cp3Pi
final,43243.257657,3,304,4,17,-1,1,0,-1,-,A3Pi
final,43258.943195,3,305,4,19,-1,1,-1,-2,-,A3Pi
final,43260.902087,3,306,4,18,-1,1,0,-1,-,A3Pi
final,43264.136726,3,307,4,20,-1,1,-1,-2,-,A3Pi
final,43264.34051,3,308,4,15,-1,1,1,0,-,A3Pi
final,43266.717192,3,309,8,5,-1,1,0,-1,-,Cp3Pi
final,43270.825176,3,310,8,7,-1,1,-1,-2,-,Cp3Pi
final,43272.529267,3,311,4,16,-1,1,1,0,-,A3Pi
final,43281.832317,3,312,8,0,-1,1,1,0,-,Cp3Pi
final,43282.658252,3,313,4,19,-1,1,0,-1,-,A3Pi
final,43283.886368,3,314,4,17,-1,1,1,0,-,A3Pi
final,43292.562832,3,315,4,21,-1,1,-1,-2,-,A3Pi
final,43294.192657,3,316,8,6,-1,1,0,-1,-,Cp3Pi
final,43299.692963,3,317,4,18,-1,1,1,0,-,A3Pi
final,43300.276879,3,318,4,19,-1,1,1,0,-,A3Pi
final,43304.364155,3,319,8,8,-1,1,-1,-2,-,Cp3Pi
final,43305.09683,3,320,8,1,-1,1,1,0,-,Cp3Pi
final,43307.744698,3,321,4,20,-1,1,0,-1,-,A3Pi
final,43317.035026,3,322,8,2,-1,1,1,0,-,Cp3Pi
final,43322.123161,3,323,4,20,-1,1,1,0,-,A3Pi
final,43323.928937,3,324,4,22,-1,1,-1,-2,-,A3Pi
final,43324.761551,3,325,8,3,-1,1,1,0,-,Cp3Pi
final,43325.222484,3,326,8,7,-1,1,0,-1,-,Cp3Pi
final,43333.758656,3,327,8,4,-1,1,1,0,-,Cp3Pi
final,43336.254453,3,328,4,21,-1,1,0,-1,-,A3Pi
final,43341.164162,3,329,8,9,-1,1,-1,-2,-,Cp3Pi
final,43347.737788,3,330,4,21,-1,1,1,0,-,A3Pi
final,43351.49871,3,331,8,5,-1,1,1,0,-,Cp3Pi
final,43357.285767,3,332,4,23,-1,1,-1,-2,-,A3Pi
final,43359.584763,3,333,8,8,-1,1,0,-1,-,Cp3Pi
final,43366.123059,3,334,4,22,-1,1,0,-1,-,A3Pi
final,43366.616787,3,335,8,6,-1,1,1,0,-,Cp3Pi
final,43367.760622,3,336,4,23,-1,1,0,-1,-,A3Pi
final,43377.338154,3,337,4,22,-1,1,1,0,-,A3Pi
final,43380.943668,3,338,8,10,-1,1,-1,-2,-,Cp3Pi
final,43392.042874,3,339,4,24,-1,1,-1,-2,-,A3Pi
final,43395.106317,3,340,8,7,-1,1,1,0,-,Cp3Pi
final,43397.017888,3,341,8,9,-1,1,0,-1,-,Cp3Pi
final,43401.038675,3,342,4,24,-1,1,0,-1,-,A3Pi
final,43408.747204,3,343,4,23,-1,1,1,0,-,A3Pi
final,43415.383902,3,344,4,25,-1,1,-1,-2,-,A3Pi
final,43423.64153,3,345,8,11,-1,1,-1,-2,-,Cp3Pi
final,43427.981624,3,346,8,8,-1,1,1,0,-,Cp3Pi
final,43429.347918,3,347,4,26,-1,1,-1,-2,-,A3Pi
final,43435.530568,3,348,4,25,-1,1,0,-1,-,A3Pi
final,43437.382522,3,349,8,10,-1,1,0,-1,-,Cp3Pi
final,43441.682577,3,350,4,24,-1,1,1,0,-,A3Pi
final,43458.037653,3,351,4,25,-1,1,1,0,-,A3Pi
final,43461.913044,3,352,8,9,-1,1,1,0,-,Cp3Pi
final,43462.872119,3,353,4,27,-1,1,-1,-2,-,A3Pi
final,43468.030598,3,354,4,26,-1,1,0,-1,-,A3Pi
final,43469.043021,3,355,8,12,-1,1,-1,-2,-,Cp3Pi
final,43476.647316,3,356,4,26,-1,1,1,0,-,A3Pi
final,43480.521432,3,357,8,11,-1,1,0,-1,-,Cp3Pi
final,43487.760204,3,358,4,27,-1,1,0,-1,-,A3Pi
final,43493.952207,3,359,4,28,-1,1,-1,-2,-,A3Pi
final,43502.138087,3,360,8,10,-1,1,1,0,-,Cp3Pi
final,43510.260813,3,361,4,27,-1,1,1,0,-,A3Pi
final,43513.494403,3,362,4,28,-1,1,0,-1,-,A3Pi
final,43517.157099,3,363,8,13,-1,1,-1,-2,-,Cp3Pi
final,43524.75619,3,364,4,29,-1,1,-1,-2,-,A3Pi
final,43526.33256,3,365,8,12,-1,1,0,-1,-,Cp3Pi
final,43540.056958,3,366,4,28,-1,1,1,0,-,A3Pi
final,43545.290714,3,367,8,11,-1,1,1,0,-,Cp3Pi
final,43546.822075,3,368,4,29,-1,1,0,-1,-,A3Pi
final,43559.072759,3,369,4,30,-1,1,-1,-2,-,A3Pi
final,43567.812772,3,370,8,14,-1,1,-1,-2,-,Cp3Pi
final,43568.029401,3,371,4,29,-1,1,1,0,-,A3Pi
final,43574.738467,3,372,8,13,-1,1,0,-1,-,Cp3Pi
final,43581.090222,3,373,4,30,-1,1,0,-1,-,A3Pi
final,43589.642432,3,374,8,12,-1,1,1,0,-,Cp3Pi
final,43596.260123,3,375,4,31,-1,1,-1,-2,-,A3Pi
final,43600.507419,3,376,4,30,-1,1,1,0,-,A3Pi
final,43617.069201,3,377,4,31,-1,1,0,-1,-,A3Pi
final,43620.969617,3,378,8,15,-1,1,-1,-2,-,Cp3Pi
final,43625.673568,3,379,8,14,-1,1,0,-1,-,Cp3Pi
final,43635.515728,3,380,4,32,-1,1,-1,-2,-,A3Pi
final,43636.02467,3,381,4,31,-1,1,1,0,-,A3Pi
final,43637.63103,3,382,8,13,-1,1,1,0,-,Cp3Pi
final,43655.414941,3,383,4,32,-1,1,0,-1,-,A3Pi
final,43674.130613,3,384,4,32,-1,1,1,0,-,A3Pi
final,43676.576982,3,385,8,16,-1,1,-1,-2,-,Cp3Pi
final,43676.746352,3,386,4,33,-1,1,-1,-2,-,A3Pi
final,43679.041797,3,387,8,15,-1,1,0,-1,-,Cp3Pi
final,43688.504451,3,388,8,14,-1,1,1,0,-,Cp3Pi
final,43695.929952,3,389,4,33,-1,1,0,-1,-,A3Pi
final,43713.991936,3,390,4,33,-1,1,1,0,-,A3Pi
final,43719.949304,3,391,4,34,-1,1,-1,-2,-,A3Pi
final,43734.52676,3,392,8,17,-1,1,-1,-2,-,Cp3Pi
final,43734.86567,3,393,8,16,-1,1,0,-1,-,Cp3Pi
final,43738.498284,3,394,4,34,-1,1,0,-1,-,A3Pi
final,43741.508076,3,395,8,15,-1,1,1,0,-,Cp3Pi
final,43755.867568,3,396,4,34,-1,1,1,0,-,A3Pi
final,43765.077972,3,397,4,35,-1,1,-1,-2,-,A3Pi
final,43783.01584,3,398,4,35,-1,1,0,-1,-,A3Pi
final,43793.031503,3,399,8,17,-1,1,0,-1,-,Cp3Pi
final,43794.826051,3,400,8,18,-1,1,-1,-2,-,Cp3Pi
final,43796.529617,3,401,8,16,-1,1,1,0,-,Cp3Pi
final,43799.808266,3,402,4,35,-1,1,1,0,-,A3Pi
final,43803.988214,3,403,5,4,0,1,0,0,-,B3Sigma-
final,43812.128271,3,404,4,36,-1,1,-1,-2,-,A3Pi
final,43813.006124,3,405,5,4,0,1,-1,-1,-,B3Sigma-
final,43829.451368,3,406,4,36,-1,1,0,-1,-,A3Pi
final,43845.481784,3,407,4,36,-1,1,1,0,-,A3Pi
final,43853.529223,3,408,8,18,-1,1,0,-1,-,Cp3Pi
final,43854.629637,3,409,8,17,-1,1,1,0,-,Cp3Pi
final,43857.330725,3,410,8,19,-1,1,-1,-2,-,Cp3Pi
final,43861.056396,3,411,4,37,-1,1,-1,-2,-,A3Pi
final,43877.768125,3,412,4,37,-1,1,0,-1,-,A3Pi
final,43893.205546,3,413,4,37,-1,1,1,0,-,A3Pi
final,43911.823086,3,414,4,38,-1,1,-1,-2,-,A3Pi
final,43915.225075,3,415,8,18,-1,1,1,0,-,Cp3Pi
final,43916.269233,3,416,8,19,-1,1,0,-1,-,Cp3Pi
final,43922.047095,3,417,8,20,-1,1,-1,-2,-,Cp3Pi
final,43927.912861,3,418,4,38,-1,1,0,-1,-,A3Pi
final,43942.803622,3,419,4,38,-1,1,1,0,-,A3Pi
final,43964.394445,3,420,4,39,-1,1,-1,-2,-,A3Pi
final,43977.888084,3,421,8,19,-1,1,1,0,-,Cp3Pi
final,43979.896262,3,422,4,39,-1,1,0,-1,-,A3Pi
final,43981.158016,3,423,8,20,-1,1,0,-1,-,Cp3Pi
final,43983.783529,3,424,6,0,-1,1,-1,-2,-,C3Pi
final,43988.974931,3,425,8,21,-1,1,-1,-2,-,Cp3Pi
final,43994.263907,3,426,4,39,-1,1,1,0,-,A3Pi
final,44018.739696,3,427,4,40,-1,1,-1,-2,-,A3Pi
final,44033.69549,3,428,4,40,-1,1,0,-1,-,A3Pi
final,44042.463008,3,429,8,20,-1,1,1,0,-,Cp3Pi
final,44047.561155,3,430,4,40,-1,1,1,0,-,A3Pi
final,44048.251761,3,431,8,21,-1,1,0,-1,-,Cp3Pi
final,44057.95509,3,432,8,22,-1,1,-1,-2,-,Cp3Pi
final,44074.850047,3,433,4,41,-1,1,-1,-2,-,A3Pi
final,44089.281145,3,434,4,41,-1,1,0,-1,-,A3Pi
final,44102.496448,3,435,4,41,-1,1,1,0,-,A3Pi
final,44109.578331,3,436,8,21,-1,1,1,0,-,Cp3Pi
final,44117.403701,3,437,8,22,-1,1,0,-1,-,Cp3Pi
final,44129.065325,3,438,8,23,-1,1,-1,-2,-,Cp3Pi
final,44132.725217,3,439,4,42,-1,1,-1,-2,-,A3Pi
final,44146.622355,3,440,4,42,-1,1,0,-1,-,A3Pi
final,44159.354667,3,441,4,42,-1,1,1,0,-,A3Pi
final,44166.349823,3,442,6,0,-1,1,0,-1,-,C3Pi
final,44178.801231,3,443,8,22,-1,1,1,0,-,Cp3Pi
final,44188.665509,3,444,8,23,-1,1,0,-1,-,Cp3Pi
final,44192.32699,3,445,4,43,-1,1,-1,-2,-,A3Pi
final,44202.216308,3,446,8,24,-1,1,-1,-2,-,Cp3Pi
final,44205.703852,3,447,4,43,-1,1,0,-1,-,A3Pi
final,44217.948219,3,448,4,43,-1,1,1,0,-,A3Pi
final,44250.016672,3,449,8,23,-1,1,1,0,-,Cp3Pi
final,44253.635162,3,450,4,44,-1,1,-1,-2,-,A3Pi
final,44262.006906,3,451,8,24,-1,1,0,-1,-,Cp3Pi
final,44266.512324,3,452,4,44,-1,1,0,-1,-,A3Pi
final,44277.346653,3,453,8,25,-1,1,-1,-2,-,Cp3Pi
final,44278.286691,3,454,4,44,-1,1,1,0,-,A3Pi
final,44316.643956,3,455,4,45,-1,1,-1,-2,-,A3Pi
final,44323.255615,3,456,8,24,-1,1,1,0,-,Cp3Pi
final,44329.028923,3,457,4,45,-1,1,0,-1,-,A3Pi
final,44337.315764,3,458,8,25,-1,1,0,-1,-,Cp3Pi
final,44340.356903,3,459,4,45,-1,1,1,0,-,A3Pi
final,44348.703385,3,460,6,0,-1,1,1,0,-,C3Pi
final,44354.4692,3,461,8,26,-1,1,-1,-2,-,Cp3Pi
final,44381.3316,3,462,4,46,-1,1,-1,-2,-,A3Pi
final,44391.039239,3,463,5,5,0,1,0,0,-,B3Sigma-
final,44393.255963,3,464,4,46,-1,1,0,-1,-,A3Pi
final,44397.534673,3,465,5,5,0,1,-1,-1,-,B3Sigma-
final,44398.531888,3,466,8,25,-1,1,1,0,-,Cp3Pi
final,44404.174309,3,467,4,46,-1,1,1,0,-,A3Pi
final,44414.605581,3,468,8,26,-1,1,0,-1,-,Cp3Pi
final,44433.522302,3,469,8,27,-1,1,-1,-2,-,Cp3Pi
final,44447.689253,3,470,4,47,-1,1,-1,-2,-,A3Pi
final,44459.154926,3,471,4,47,-1,1,0,-1,-,A3Pi
final,44469.519844,3,472,4,47,-1,1,1,0,-,A3Pi
final,44476.042941,3,473,8,26,-1,1,1,0,-,Cp3Pi
final,44493.817536,3,474,8,27,-1,1,0,-1,-,Cp3Pi
final,44514.464427,3,475,8,28,-1,1,-1,-2,-,Cp3Pi
final,44515.716914,3,476,4,48,-1,1,-1,-2,-,A3Pi
final,44526.7193,3,477,4,48,-1,1,0,-1,-,A3Pi
final,44536.691255,3,478,4,48,-1,1,1,0,-,A3Pi
final,44555.289604,3,479,8,27,-1,1,1,0,-,Cp3Pi
final,44574.933449,3,480,8,28,-1,1,0,-1,-,Cp3Pi
final,44585.370256,3,481,4,49,-1,1,-1,-2,-,A3Pi
final,44595.938068,3,482,4,49,-1,1,0,-1,-,A3Pi
final,44597.299051,3,483,8,29,-1,1,-1,-2,-,Cp3Pi
final,44605.509595,3,484,4,49,-1,1,1,0,-,A3Pi
final,44636.374423,3,485,8,28,-1,1,1,0,-,Cp3Pi
final,44656.658586,3,486,4,50,-1,1,-1,-2,-,A3Pi
final,44657.930966,3,487,8,29,-1,1,0,-1,-,Cp3Pi
final,44666.804801,3,488,4,50,-1,1,0,-1,-,A3Pi
final,44675.972092,3,489,4,50,-1,1,1,0,-,A3Pi
final,44676.488342,3,490,6,1,-1,1,-1,-2,-,C3Pi
final,44681.975354,3,491,8,30,-1,1,-1,-2,-,Cp3Pi
final,44719.379246,3,492,8,29,-1,1,1,0,-,Cp3Pi
final,44729.588958,3,493,4,51,-1,1,-1,-2,-,A3Pi
final,44739.297554,3,494,4,51,-1,1,0,-1,-,A3Pi
final,44742.800466,3,495,8,30,-1,1,0,-1,-,Cp3Pi
final,44748.082526,3,496,4,51,-1,1,1,0,-,A3Pi
final,44768.429089,3,497,8,31,-1,1,-1,-2,-,Cp3Pi
final,44804.135744,3,498,4,52,-1,1,-1,-2,-,A3Pi
final,44804.369205,3,499,8,30,-1,1,1,0,-,Cp3Pi
final,44813.41491,3,500,4,52,-1,1,0,-1,-,A3Pi
final,44821.919661,3,501,4,52,-1,1,1,0,-,A3Pi
final,44829.434697,3,502,8,31,-1,1,0,-1,-,Cp3Pi
final,44856.686491,3,503,8,32,-1,1,-1,-2,-,Cp3Pi
final,44856.700132,3,504,6,1,-1,1,0,-1,-,C3Pi
final,44880.298123,3,505,4,53,-1,1,-1,-2,-,A3Pi
final,44889.137004,3,506,4,53,-1,1,0,-1,-,A3Pi
final,44891.128188,3,507,8,31,-1,1,1,0,-,Cp3Pi
final,44897.59648,3,508,4,53,-1,1,1,0,-,A3Pi
final,44917.85797,3,509,8,32,-1,1,0,-1,-,Cp3Pi
final,44946.706157,3,510,8,33,-1,1,-1,-2,-,Cp3Pi
final,44957.70822,3,511,5,6,0,1,0,0,-,B3Sigma-
final,44958.019113,3,512,4,54,-1,1,-1,-2,-,A3Pi
final,44966.447256,3,513,4,54,-1,1,0,-1,-,A3Pi
final,44972.33523,3,514,5,6,0,1,-1,-1,-,B3Sigma-
final,44975.349626,3,515,4,54,-1,1,1,0,-,A3Pi
final,44979.704772,3,516,8,32,-1,1,1,0,-,Cp3Pi
final,45008.054311,3,517,8,33,-1,1,0,-1,-,Cp3Pi
final,45037.305231,3,518,4,55,-1,1,-1,-2,-,A3Pi
final,45038.456752,3,519,8,34,-1,1,-1,-2,-,Cp3Pi
final,45045.388325,3,520,4,55,-1,1,0,-1,-,A3Pi
final,45050.579196,3,521,6,1,-1,1,1,0,-,C3Pi
final,45055.526194,3,522,4,55,-1,1,1,0,-,A3Pi
final,45069.896097,3,523,8,33,-1,1,1,0,-,Cp3Pi
final,45099.982329,3,524,8,34,-1,1,0,-1,-,Cp3Pi
final,45119.875152,3,525,4,56,-1,1,-1,-2,-,A3Pi
final,45125.906603,3,526,4,56,-1,1,0,-1,-,A3Pi
final,45131.881031,3,527,8,35,-1,1,-1,-2,-,Cp3Pi
final,45139.964594,3,528,4,56,-1,1,1,0,-,A3Pi
final,45161.934228,3,529,8,34,-1,1,1,0,-,Cp3Pi
final,45193.605865,3,530,8,35,-1,1,0,-1,-,Cp3Pi
final,45207.855799,3,531,4,57,-1,1,0,-1,-,A3Pi
final,45225.848258,3,532,4,57,-1,1,1,0,-,A3Pi
final,45226.129764,3,533,4,57,-1,1,-1,-2,-,A3Pi
final,45227.010889,3,534,8,36,-1,1,-1,-2,-,Cp3Pi
final,45255.721285,3,535,8,35,-1,1,1,0,-,Cp3Pi
final,45288.925907,3,536,8,36,-1,1,0,-1,-,Cp3Pi
final,45323.783296,3,537,8,37,-1,1,-1,-2,-,Cp3Pi
final,45351.15993,3,538,8,36,-1,1,1,0,-,Cp3Pi
final,45354.791479,3,539,6,2,-1,1,-1,-2,-,C3Pi
final,45385.879942,3,540,8,37,-1,1,0,-1,-,Cp3Pi
final,45422.210299,3,541,8,38,-1,1,-1,-2,-,Cp3Pi
final,45448.193088,3,542,8,37,-1,1,1,0,-,Cp3Pi
final,45484.487593,3,543,8,38,-1,1,0,-1,-,Cp3Pi
final,45518.273773,3,544,5,7,0,1,-1,-1,-,B3Sigma-
final,45522.232222,3,545,8,39,-1,1,-1,-2,-,Cp3Pi
final,45528.144313,3,546,5,7,0,1,0,0,-,B3Sigma-
final,45546.898408,3,547,8,38,-1,1,1,0,-,Cp3Pi
final,45552.939596,3,548,6,2,-1,1,0,-1,-,C3Pi
final,45584.704334,3,549,8,39,-1,1,0,-1,-,Cp3Pi
final,45623.846942,3,550,8,40,-1,1,-1,-2,-,Cp3Pi
final,45647.275934,3,551,8,39,-1,1,1,0,-,Cp3Pi
final,45686.511644,3,552,8,40,-1,1,0,-1,-,Cp3Pi
final,45724.092059,3,553,6,2,-1,1,1,0,-,C3Pi
final,45727.017594,3,554,8,41,-1,1,-1,-2,-,Cp3Pi
final,45749.239435,3,555,8,40,-1,1,1,0,-,Cp3Pi
final,45789.874834,3,556,8,41,-1,1,0,-1,-,Cp3Pi
final,45831.731956,3,557,8,42,-1,1,-1,-2,-,Cp3Pi
final,45852.723434,3,558,8,41,-1,1,1,0,-,Cp3Pi
final,45894.770296,3,559,8,42,-1,1,0,-1,-,Cp3Pi
final,45937.975223,3,560,8,43,-1,1,-1,-2,-,Cp3Pi
final,45957.72437,3,561,8,42,-1,1,1,0,-,Cp3Pi
final,46001.199396,3,562,8,43,-1,1,0,-1,-,Cp3Pi
final,46015.957915,3,563,6,3,-1,1,-1,-2,-,C3Pi
final,46045.726747,3,564,8,44,-1,1,-1,-2,-,Cp3Pi
final,46064.296024,3,565,8,43,-1,1,1,0,-,Cp3Pi
final,46084.222547,3,566,5,8,0,1,0,0,-,B3Sigma-
final,46091.869802,3,567,5,8,0,1,-1,-1,-,B3Sigma-
final,46109.142074,3,568,8,44,-1,1,0,-1,-,Cp3Pi
final,46154.969997,3,569,8,45,-1,1,-1,-2,-,Cp3Pi
final,46172.402512,3,570,8,44,-1,1,1,0,-,Cp3Pi
final,46198.403926,3,571,6,3,-1,1,0,-1,-,C3Pi
final,46218.571763,3,572,8,45,-1,1,0,-1,-,Cp3Pi
final,46265.690308,3,573,8,46,-1,1,-1,-2,-,Cp3Pi
final,46281.971944,3,574,8,45,-1,1,1,0,-,Cp3Pi
final,46329.467138,3,575,8,46,-1,1,0,-1,-,Cp3Pi
final,46377.867396,3,576,8,47,-1,1,-1,-2,-,Cp3Pi
final,46381.685731,3,577,6,3,-1,1,1,0,-,C3Pi
final,46392.979105,3,578,8,46,-1,1,1,0,-,Cp3Pi
final,46441.813206,3,579,8,47,-1,1,0,-1,-,Cp3Pi
final,46491.486681,3,580,8,48,-1,1,-1,-2,-,Cp3Pi
final,46505.446756,3,581,8,47,-1,1,1,0,-,Cp3Pi
final,46555.594155,3,582,8,48,-1,1,0,-1,-,Cp3Pi
final,46606.528091,3,583,8,49,-1,1,-1,-2,-,Cp3Pi
final,46619.281894,3,584,8,48,-1,1,1,0,-,Cp3Pi
final,46631.97429,3,585,5,9,0,1,0,0,-,B3Sigma-
final,46639.514281,3,586,5,9,0,1,-1,-1,-,B3Sigma-
final,46659.208167,3,587,6,4,-1,1,-1,-2,-,C3Pi
final,46670.853077,3,588,8,49,-1,1,0,-1,-,Cp3Pi
final,46722.983716,3,589,8,50,-1,1,-1,-2,-,Cp3Pi
final,46734.746285,3,590,8,49,-1,1,1,0,-,Cp3Pi
final,46787.423984,3,591,8,50,-1,1,0,-1,-,Cp3Pi
final,46839.272664,3,592,6,4,-1,1,0,-1,-,C3Pi
final,46840.840218,3,593,8,51,-1,1,-1,-2,-,Cp3Pi
final,46851.428554,3,594,8,50,-1,1,1,0,-,Cp3Pi
final,46905.397133,3,595,8,51,-1,1,0,-1,-,Cp3Pi
final,46960.08415,3,596,8,52,-1,1,-1,-2,-,Cp3Pi
final,46969.454522,3,597,8,51,-1,1,1,0,-,Cp3Pi
final,47021.573409,3,598,6,4,-1,1,1,0,-,C3Pi
final,47024.704737,3,599,8,52,-1,1,0,-1,-,Cp3Pi
final,47080.70148,3,600,8,53,-1,1,-1,-2,-,Cp3Pi
final,47088.688873,3,601,8,52,-1,1,1,0,-,Cp3Pi
final,47144.754286,3,602,8,53,-1,1,0,-1,-,Cp3Pi
final,47167.62212,3,603,5,10,0,1,0,0,-,B3Sigma-
final,47175.361976,3,604,5,10,0,1,-1,-1,-,B3Sigma-
final,47202.683898,3,605,8,54,-1,1,-1,-2,-,Cp3Pi
final,47210.845507,3,606,8,53,-1,1,1,0,-,Cp3Pi
final,47267.930583,3,607,8,54,-1,1,0,-1,-,Cp3Pi
final,47282.382641,3,608,6,5,-1,1,-1,-2,-,C3Pi
final,47326.025365,3,609,8,55,-1,1,-1,-2,-,Cp3Pi
final,47332.293095,3,610,8,54,-1,1,1,0,-,Cp3Pi
final,47391.178512,3,611,8,55,-1,1,0,-1,-,Cp3Pi
final,47450.714533,3,612,8,56,-1,1,-1,-2,-,Cp3Pi
final,47455.537073,3,613,8,55,-1,1,1,0,-,Cp3Pi
final,47460.883154,3,614,6,5,-1,1,0,-1,-,C3Pi
final,47515.792465,3,615,8,56,-1,1,0,-1,-,Cp3Pi
final,47576.735826,3,616,8,57,-1,1,-1,-2,-,Cp3Pi
final,47579.777699,3,617,8,56,-1,1,1,0,-,Cp3Pi
final,47639.352243,3,618,6,5,-1,1,1,0,-,C3Pi
final,47641.217703,3,619,8,57,-1,1,0,-1,-,Cp3Pi
final,47691.013171,3,620,5,11,0,1,0,0,-,B3Sigma-
final,47699.094072,3,621,5,11,0,1,-1,-1,-,B3Sigma-
final,47704.070937,3,622,8,58,-1,1,-1,-2,-,Cp3Pi
final,47713.802351,3,623,8,57,-1,1,1,0,-,Cp3Pi
final,47770.231015,3,624,8,58,-1,1,0,-1,-,Cp3Pi
final,47832.676343,3,625,8,59,-1,1,-1,-2,-,Cp3Pi
final,47835.057521,3,626,8,58,-1,1,1,0,-,Cp3Pi
final,47880.518036,3,627,6,6,-1,1,-1,-2,-,C3Pi
final,47898.363621,3,628,8,59,-1,1,0,-1,-,Cp3Pi
final,47962.657215,3,629,8,60,-1,1,-1,-2,-,Cp3Pi
final,47963.24401,3,630,8,59,-1,1,1,0,-,Cp3Pi
final,48027.973686,3,631,8,60,-1,1,0,-1,-,Cp3Pi
final,48056.647279,3,632,6,6,-1,1,0,-1,-,C3Pi
final,48092.853624,3,633,8,60,-1,1,1,0,-,Cp3Pi
final,48093.776663,3,634,8,61,-1,1,-1,-2,-,Cp3Pi
final,48159.116139,3,635,8,61,-1,1,0,-1,-,Cp3Pi
final,48198.125786,3,636,5,12,0,1,0,0,-,B3Sigma-
final,48209.74644,3,637,5,12,0,1,-1,-1,-,B3Sigma-
final,48223.643359,3,638,8,61,-1,1,1,0,-,Cp3Pi
final,48226.014795,3,639,8,62,-1,1,-1,-2,-,Cp3Pi
final,48242.786793,3,640,6,6,-1,1,1,0,-,C3Pi
final,48291.296773,3,641,8,62,-1,1,0,-1,-,Cp3Pi
final,48355.777597,3,642,8,62,-1,1,1,0,-,Cp3Pi
final,48358.694006,3,643,8,63,-1,1,-1,-2,-,Cp3Pi
final,48424.124042,3,644,8,63,-1,1,0,-1,-,Cp3Pi
final,48443.152347,3,645,6,7,-1,1,-1,-2,-,C3Pi
final,48488.442778,3,646,8,63,-1,1,1,0,-,Cp3Pi
final,48497.458504,3,647,8,64,-1,1,-1,-2,-,Cp3Pi
final,48555.29535,3,648,8,64,-1,1,0,-1,-,Cp3Pi
final,48615.792587,3,649,6,7,-1,1,0,-1,-,C3Pi
final,48620.955869,3,650,6,7,-1,1,1,0,-,C3Pi
final,48630.951562,3,651,8,65,-1,1,-1,-2,-,Cp3Pi
final,48697.841701,3,652,8,65,-1,1,0,-1,-,Cp3Pi
final,48701.126191,3,653,5,13,0,1,0,0,-,B3Sigma-
final,48709.235858,3,654,5,13,0,1,-1,-1,-,B3Sigma-
final,48748.557349,3,655,8,64,-1,1,1,0,-,Cp3Pi
final,48765.515204,3,656,8,66,-1,1,-1,-2,-,Cp3Pi
final,48796.976157,3,657,8,65,-1,1,1,0,-,Cp3Pi
final,48831.814104,3,658,8,66,-1,1,0,-1,-,Cp3Pi
final,48893.540079,3,659,8,67,-1,1,-1,-2,-,Cp3Pi
final,48899.856589,3,660,6,8,-1,1,1,0,-,C3Pi
final,48964.417713,3,661,8,67,-1,1,0,-1,-,Cp3Pi
final,48978.22169,3,662,6,8,-1,1,-1,-2,-,C3Pi
final,49032.036903,3,663,8,66,-1,1,1,0,-,Cp3Pi
final,49067.196337,3,664,8,68,-1,1,-1,-2,-,Cp3Pi
final,49084.12908,3,665,8,68,-1,1,0,-1,-,Cp3Pi
final,49161.348213,3,666,8,67,-1,1,1,0,-,Cp3Pi
final,49168.09024,3,667,6,8,-1,1,0,-1,-,C3Pi
final,49184.787942,3,668,5,14,0,1,0,0,-,B3Sigma-
final,49192.206967,3,669,5,14,0,1,-1,-1,-,B3Sigma-
final,49197.376834,3,670,8,69,-1,1,-1,-2,-,Cp3Pi
final,49275.365261,3,671,8,69,-1,1,0,-1,-,Cp3Pi
final,49275.923131,3,672,8,68,-1,1,1,0,-,Cp3Pi
final,49332.445092,3,673,8,70,-1,1,-1,-2,-,Cp3Pi
final,49369.938873,3,674,8,69,-1,1,1,0,-,Cp3Pi
final,49405.885644,3,675,8,70,-1,1,0,-1,-,Cp3Pi
final,49458.987384,3,676,8,71,-1,1,-1,-2,-,Cp3Pi
final,49484.314025,3,677,8,70,-1,1,1,0,-,Cp3Pi
final,49539.18061,3,678,8,71,-1,1,0,-1,-,Cp3Pi
final,49557.369613,3,679,6,9,-1,1,-1,-2,-,C3Pi
final,49613.898836,3,680,6,9,-1,1,1,0,-,C3Pi
final,49645.014254,3,681,5,15,0,1,0,0,-,B3Sigma-
final,49650.919288,3,682,5,15,0,1,-1,-1,-,B3Sigma-
final,49662.864893,3,683,8,72,-1,1,-1,-2,-,Cp3Pi
final,49665.243121,3,684,8,72,-1,1,0,-1,-,Cp3Pi
final,49748.553023,3,685,8,71,-1,1,1,0,-,Cp3Pi
final,49766.170538,3,686,6,9,-1,1,0,-1,-,C3Pi
final,49796.508807,3,687,8,73,-1,1,-1,-2,-,Cp3Pi
final,49871.472528,3,688,8,72,-1,1,1,0,-,Cp3Pi
final,49879.22559,3,689,8,73,-1,1,0,-1,-,Cp3Pi
final,49939.60717,3,690,8,74,-1,1,-1,-2,-,Cp3Pi
final,49978.902361,3,691,8,73,-1,1,1,0,-,Cp3Pi
final,50013.84012,3,692,8,74,-1,1,0,-1,-,Cp3Pi
final,50042.325219,3,693,6,10,-1,1,-1,-2,-,C3Pi
final,50059.635129,3,694,5,16,0,1,0,0,-,B3Sigma-
final,50066.743184,3,695,5,16,0,1,-1,-1,-,B3Sigma-
final,50086.35941,3,696,8,75,-1,1,-1,-2,-,Cp3Pi
final,50096.921897,3,697,8,74,-1,1,1,0,-,Cp3Pi
final,50156.95919,3,698,8,75,-1,1,0,-1,-,Cp3Pi
final,50219.77661,3,699,6,10,-1,1,0,-1,-,C3Pi
final,50230.856588,3,700,8,75,-1,1,1,0,-,Cp3Pi
final,50234.09667,3,701,8,76,-1,1,-1,-2,-,Cp3Pi
final,50304.408355,3,702,8,76,-1,1,0,-1,-,Cp3Pi
final,50369.288175,3,703,6,10,-1,1,1,0,-,C3Pi
final,50378.513714,3,704,5,17,0,1,0,0,-,B3Sigma-
final,50379.775145,3,705,8,77,-1,1,-1,-2,-,Cp3Pi
final,50385.757613,3,706,5,17,0,1,-1,-1,-,B3Sigma-
final,50405.071919,3,707,8,76,-1,1,1,0,-,Cp3Pi
final,50452.208888,3,708,8,77,-1,1,0,-1,-,Cp3Pi
final,50494.971433,3,709,6,11,-1,1,-1,-2,-,C3Pi
final,50524.173829,3,710,6,11,-1,1,1,0,-,C3Pi
final,50569.714349,3,711,8,78,-1,1,-1,-2,-,Cp3Pi
final,50594.706288,3,712,5,18,0,1,0,0,-,B3Sigma-
final,50596.340235,3,713,8,78,-1,1,0,-1,-,Cp3Pi
final,50601.683745,3,714,5,18,0,1,-1,-1,-,B3Sigma-
final,50671.858582,3,715,8,77,-1,1,1,0,-,Cp3Pi
final,50700.922541,3,716,6,11,-1,1,0,-1,-,C3Pi
final,50705.044232,3,717,8,79,-1,1,-1,-2,-,Cp3Pi
final,50784.204177,3,718,8,79,-1,1,0,-1,-,Cp3Pi
final,50797.444861,3,719,5,19,0,1,0,0,-,B3Sigma-
final,50804.698207,3,720,5,19,0,1,-1,-1,-,B3Sigma-
final,50815.402302,3,721,8,78,-1,1,1,0,-,Cp3Pi
final,50848.334243,3,722,8,80,-1,1,-1,-2,-,Cp3Pi
final,50909.528038,3,723,8,79,-1,1,1,0,-,Cp3Pi
final,50922.434687,3,724,8,80,-1,1,0,-1,-,Cp3Pi
final,50926.86398,3,725,6,12,-1,1,-1,-2,-,C3Pi
final,50995.274143,3,726,5,20,0,1,0,0,-,B3Sigma-
final,51000.673603,3,727,5,20,0,1,-1,-1,-,B3Sigma-
final,51005.239574,3,728,6,12,-1,1,0,-1,-,C3Pi
final,51029.994343,3,729,8,81,-1,1,-1,-2,-,Cp3Pi
final,51054.085173,3,730,8,81,-1,1,0,-1,-,Cp3Pi
final,51133.041595,3,731,8,82,-1,1,0,-1,-,Cp3Pi
final,51137.313942,3,732,8,80,-1,1,1,0,-,Cp3Pi
final,51182.806978,3,733,8,82,-1,1,-1,-2,-,Cp3Pi
final,51183.888308,3,734,7,0,-1,0,0,-1,-,e1Pi
final,51190.960552,3,735,5,21,0,1,0,0,-,B3Sigma-
final,51198.095118,3,736,5,21,0,1,-1,-1,-,B3Sigma-
final,51257.268064,3,737,8,83,-1,1,0,-1,-,Cp3Pi
final,51261.606821,3,738,8,81,-1,1,1,0,-,Cp3Pi
final,51329.31138,3,739,6,13,-1,1,-1,-2,-,C3Pi
final,51347.192206,3,740,8,83,-1,1,-1,-2,-,Cp3Pi
final,51352.473484,3,741,6,12,-1,1,1,0,-,C3Pi
final,51374.884349,3,742,5,22,0,1,0,0,-,B3Sigma-
final,51381.737993,3,743,5,22,0,1,-1,-1,-,B3Sigma-
final,51409.245306,3,744,6,13,-1,1,0,-1,-,C3Pi
final,51483.223157,3,745,8,82,-1,1,1,0,-,Cp3Pi
final,51503.250218,3,746,8,84,-1,1,-1,-2,-,Cp3Pi
final,51506.81053,3,747,8,84,-1,1,0,-1,-,Cp3Pi
final,51547.575564,3,748,5,23,0,1,0,0,-,B3Sigma-
final,51554.615676,3,749,5,23,0,1,-1,-1,-,B3Sigma-
final,51576.609621,3,750,8,85,-1,1,0,-1,-,Cp3Pi
final,51627.895181,3,751,8,83,-1,1,1,0,-,Cp3Pi
final,51664.024643,3,752,8,85,-1,1,-1,-2,-,Cp3Pi
final,51696.895414,3,753,6,13,-1,1,1,0,-,C3Pi
final,51707.296693,3,754,5,24,0,1,0,0,-,B3Sigma-
final,51714.296532,3,755,5,24,0,1,-1,-1,-,B3Sigma-
final,51720.779992,3,756,6,14,-1,1,-1,-2,-,C3Pi
final,51735.06248,3,757,6,14,-1,1,0,-1,-,C3Pi
final,51808.378995,3,758,8,84,-1,1,1,0,-,Cp3Pi
final,51830.646486,3,759,8,86,-1,1,-1,-2,-,Cp3Pi
final,51852.509386,3,760,5,25,0,1,0,0,-,B3Sigma-
final,51859.826261,3,761,5,25,0,1,-1,-1,-,B3Sigma-
final,51893.518111,3,762,8,86,-1,1,0,-1,-,Cp3Pi
final,51901.271125,3,763,6,15,-1,1,0,-1,-,C3Pi
final,51936.434553,3,764,7,1,-1,0,0,-1,-,e1Pi
final,51966.420299,3,765,8,85,-1,1,1,0,-,Cp3Pi
final,51983.696628,3,766,5,26,0,1,0,0,-,B3Sigma-
final,51989.872677,3,767,8,87,-1,1,-1,-2,-,Cp3Pi
final,51990.858823,3,768,5,26,0,1,-1,-1,-,B3Sigma-
final,52055.658165,3,769,6,15,-1,1,-1,-2,-,C3Pi
final,52061.720336,3,770,8,87,-1,1,0,-1,-,Cp3Pi
final,52077.313197,3,771,6,14,-1,1,1,0,-,C3Pi
final,52098.27937,3,772,5,27,0,1,0,0,-,B3Sigma-
final,52106.482894,3,773,5,27,0,1,-1,-1,-,B3Sigma-
final,52131.437708,3,774,8,86,-1,1,1,0,-,Cp3Pi
final,52166.265356,3,775,8,88,-1,1,-1,-2,-,Cp3Pi
final,52197.937139,3,776,5,28,0,1,0,0,-,B3Sigma-
final,52205.287291,3,777,5,28,0,1,-1,-1,-,B3Sigma-
final,52213.976678,3,778,8,88,-1,1,0,-1,-,Cp3Pi
final,52248.387169,3,779,6,16,-1,1,0,-1,-,C3Pi
final,52279.352898,3,780,5,29,0,1,0,0,-,B3Sigma-
final,52287.201199,3,781,5,29,0,1,-1,-1,-,B3Sigma-
final,52292.576624,3,782,6,16,-1,1,-1,-2,-,C3Pi
final,52296.175233,3,783,8,87,-1,1,1,0,-,Cp3Pi
final,52340.618336,3,784,8,89,-1,1,-1,-2,-,Cp3Pi
final,52342.377067,3,785,6,17,-1,1,-1,-2,-,C3Pi
final,52343.031887,3,786,5,30,0,1,0,0,-,B3Sigma-
final,52347.002763,3,787,6,18,-1,1,-1,-2,-,C3Pi
final,52349.168471,3,788,5,30,0,1,-1,-1,-,B3Sigma-
final,52354.297345,3,789,6,19,-1,1,-1,-2,-,C3Pi
final,52364.24683,3,790,6,20,-1,1,-1,-2,-,C3Pi
final,52376.804462,3,791,6,21,-1,1,-1,-2,-,C3Pi
final,52387.95619,3,792,5,31,0,1,0,0,-,B3Sigma-
final,52391.739552,3,793,6,22,-1,1,-1,-2,-,C3Pi
final,52391.957029,3,794,5,31,0,1,-1,-1,-,B3Sigma-
final,52395.597355,3,795,8,89,-1,1,0,-1,-,Cp3Pi
final,52409.308348,3,796,6,23,-1,1,-1,-2,-,C3Pi
final,52415.525855,3,797,6,15,-1,1,1,0,-,C3Pi
final,52418.544595,3,798,5,32,0,1,0,0,-,B3Sigma-
final,52421.018196,3,799,5,32,0,1,-1,-1,-,B3Sigma-
final,52428.990033,3,800,6,24,-1,1,-1,-2,-,C3Pi
final,52438.716931,3,801,5,33,0,1,0,0,-,B3Sigma-
final,52440.656476,3,802,5,33,0,1,-1,-1,-,B3Sigma-
final,52450.734217,3,803,6,25,-1,1,-1,-2,-,C3Pi
final,52456.972215,3,804,5,34,0,1,0,0,-,B3Sigma-
final,52459.331373,3,805,5,34,0,1,-1,-1,-,B3Sigma-
final,52465.722929,3,806,8,88,-1,1,1,0,-,Cp3Pi
final,52474.108353,3,807,6,26,-1,1,-1,-2,-,C3Pi
final,52480.145818,3,808,5,35,0,1,0,0,-,B3Sigma-
final,52480.987176,3,809,8,90,-1,1,0,-1,-,Cp3Pi
final,52482.67775,3,810,5,35,0,1,-1,-1,-,B3Sigma-
final,52496.885146,3,811,6,27,-1,1,-1,-2,-,C3Pi
final,52507.517837,3,812,5,36,0,1,0,0,-,B3Sigma-
final,52510.222317,3,813,5,36,0,1,-1,-1,-,B3Sigma-
final,52512.993306,3,814,8,90,-1,1,-1,-2,-,Cp3Pi
final,52523.441843,3,815,6,17,-1,1,0,-1,-,C3Pi
final,52529.850336,3,816,6,18,-1,1,0,-1,-,C3Pi
final,52534.682154,3,817,6,28,-1,1,-1,-2,-,C3Pi
final,52536.204394,3,818,6,19,-1,1,0,-1,-,C3Pi
final,52538.811913,3,819,5,37,0,1,0,0,-,B3Sigma-
final,52541.597594,3,820,5,37,0,1,-1,-1,-,B3Sigma-
final,52545.53046,3,821,6,20,-1,1,0,-1,-,C3Pi
final,52556.678441,3,822,6,21,-1,1,0,-1,-,C3Pi
final,52563.824525,3,823,6,29,-1,1,-1,-2,-,C3Pi
final,52567.272317,3,824,6,22,-1,1,0,-1,-,C3Pi
final,52573.599003,3,825,5,38,0,1,0,0,-,B3Sigma-
final,52576.046114,3,826,5,38,0,1,-1,-1,-,B3Sigma-
final,52578.250354,3,827,6,23,-1,1,0,-1,-,C3Pi
final,52593.164322,3,828,6,24,-1,1,0,-1,-,C3Pi
final,52596.030185,3,829,6,30,-1,1,-1,-2,-,C3Pi
final,52611.465001,3,830,5,39,0,1,0,0,-,B3Sigma-
final,52612.359879,3,831,6,25,-1,1,0,-1,-,C3Pi
final,52615.075777,3,832,5,39,0,1,-1,-1,-,B3Sigma-
final,52626.231748,3,833,8,89,-1,1,1,0,-,Cp3Pi
final,52630.23435,3,834,6,31,-1,1,-1,-2,-,C3Pi
final,52634.275618,3,835,6,26,-1,1,0,-1,-,C3Pi
final,52653.044365,3,836,5,40,0,1,0,0,-,B3Sigma-
final,52655.945066,3,837,5,40,0,1,-1,-1,-,B3Sigma-
final,52658.514565,3,838,6,27,-1,1,0,-1,-,C3Pi
final,52664.316927,3,839,6,32,-1,1,-1,-2,-,C3Pi
final,52671.090811,3,840,6,16,-1,1,1,0,-,C3Pi
final,52681.941541,3,841,7,2,-1,0,0,-1,-,e1Pi
final,52684.195713,3,842,8,91,-1,1,0,-1,-,Cp3Pi
final,52686.189393,3,843,8,91,-1,1,-1,-2,-,Cp3Pi
final,52696.964354,3,844,5,41,0,1,0,0,-,B3Sigma-
final,52699.795804,3,845,6,17,-1,1,1,0,-,C3Pi
final,52700.048143,3,846,5,41,0,1,-1,-1,-,B3Sigma-
final,52703.868203,3,847,6,18,-1,1,1,0,-,C3Pi
final,52711.345754,3,848,6,19,-1,1,1,0,-,C3Pi
final,52711.498849,3,849,6,28,-1,1,0,-1,-,C3Pi
final,52712.407881,3,850,6,33,-1,1,-1,-2,-,C3Pi
final,52721.185211,3,851,6,20,-1,1,1,0,-,C3Pi
final,52733.742242,3,852,6,21,-1,1,1,0,-,C3Pi
final,52734.919681,3,853,6,29,-1,1,0,-1,-,C3Pi
final,52743.80608,3,854,5,42,0,1,0,0,-,B3Sigma-
final,52747.476594,3,855,5,42,0,1,-1,-1,-,B3Sigma-
final,52748.896239,3,856,6,22,-1,1,1,0,-,C3Pi
final,52751.522555,3,857,6,34,-1,1,-1,-2,-,C3Pi
final,52754.079171,3,858,6,30,-1,1,0,-1,-,C3Pi
final,52766.236487,3,859,6,23,-1,1,1,0,-,C3Pi
final,52781.493133,3,860,5,43,0,1,-1,-1,-,B3Sigma-
final,52784.835337,3,861,6,24,-1,1,1,0,-,C3Pi
final,52793.092449,3,862,5,43,0,1,0,0,-,B3Sigma-
final,52793.84695,3,863,6,35,-1,1,-1,-2,-,C3Pi
final,52796.797782,3,864,6,31,-1,1,0,-1,-,C3Pi
final,52800.604033,3,865,8,90,-1,1,1,0,-,Cp3Pi
final,52813.894025,3,866,6,25,-1,1,1,0,-,C3Pi
final,52815.037111,3,867,6,32,-1,1,0,-1,-,C3Pi
final,52836.136769,3,868,6,26,-1,1,1,0,-,C3Pi
final,52836.383292,3,869,6,36,-1,1,-1,-2,-,C3Pi
final,52845.407628,3,870,5,44,0,1,0,0,-,B3Sigma-
final,52848.225916,3,871,5,44,0,1,-1,-1,-,B3Sigma-
final,52851.642207,3,872,6,33,-1,1,0,-1,-,C3Pi
final,52861.367123,3,873,8,92,-1,1,-1,-2,-,Cp3Pi
final,52862.24757,3,874,6,27,-1,1,1,0,-,C3Pi
final,52887.351689,3,875,8,92,-1,1,0,-1,-,Cp3Pi
final,52890.624904,3,876,6,28,-1,1,1,0,-,C3Pi
final,52891.420937,3,877,6,37,-1,1,-1,-2,-,C3Pi
final,52899.922577,3,878,5,45,0,1,0,0,-,B3Sigma-
final,52903.263742,3,879,5,45,0,1,-1,-1,-,B3Sigma-
final,52917.030269,3,880,6,34,-1,1,0,-1,-,C3Pi
final,52920.841695,3,881,6,29,-1,1,1,0,-,C3Pi
final,52938.724539,3,882,6,38,-1,1,-1,-2,-,C3Pi
final,52940.525456,3,883,5,46,0,1,-1,-1,-,B3Sigma-
final,52951.274324,3,884,6,30,-1,1,1,0,-,C3Pi
final,52956.919361,3,885,5,46,0,1,0,0,-,B3Sigma-
final,52960.74257,3,886,6,35,-1,1,0,-1,-,C3Pi
final,52975.214025,3,887,8,91,-1,1,1,0,-,Cp3Pi
final,52979.170933,3,888,6,36,-1,1,0,-1,-,C3Pi
final,52988.846401,3,889,6,39,-1,1,-1,-2,-,C3Pi
final,52997.314808,3,890,6,31,-1,1,1,0,-,C3Pi
final,53016.25032,3,891,5,47,0,1,0,0,-,B3Sigma-
final,53018.646277,3,892,5,47,0,1,-1,-1,-,B3Sigma-
final,53023.967926,3,893,6,37,-1,1,0,-1,-,C3Pi
final,53030.828153,3,894,8,93,-1,1,-1,-2,-,Cp3Pi
final,53031.089499,3,895,6,32,-1,1,1,0,-,C3Pi
final,53050.089814,3,896,6,40,-1,1,-1,-2,-,C3Pi
final,53065.340944,3,897,8,93,-1,1,0,-1,-,Cp3Pi
final,53068.737405,3,898,6,33,-1,1,1,0,-,C3Pi
final,53078.190936,3,899,5,48,0,1,0,0,-,B3Sigma-
final,53082.422855,3,900,5,48,0,1,-1,-1,-,B3Sigma-
final,53097.518694,3,901,6,38,-1,1,0,-1,-,C3Pi
final,53100.732162,3,902,6,41,-1,1,-1,-2,-,C3Pi
final,53107.801946,3,903,6,34,-1,1,1,0,-,C3Pi
final,53126.372466,3,904,5,49,0,1,-1,-1,-,B3Sigma-
final,53140.974487,3,905,5,49,0,1,0,0,-,B3Sigma-
final,53143.518724,3,906,6,35,-1,1,1,0,-,C3Pi
final,53146.222733,3,907,6,39,-1,1,0,-1,-,C3Pi
final,53157.059043,3,908,6,42,-1,1,-1,-2,-,C3Pi
final,53167.485227,3,909,8,92,-1,1,1,0,-,Cp3Pi
final,53173.061873,3,910,6,40,-1,1,0,-1,-,C3Pi
final,53204.128833,3,911,6,36,-1,1,1,0,-,C3Pi
final,53207.210132,3,912,8,94,-1,1,-1,-2,-,Cp3Pi
final,53208.367123,3,913,5,50,0,1,0,0,-,B3Sigma-
final,53212.309796,3,914,5,50,0,1,-1,-1,-,B3Sigma-
final,53223.321233,3,915,6,43,-1,1,-1,-2,-,C3Pi
final,53223.750075,3,916,8,94,-1,1,0,-1,-,Cp3Pi
final,53248.392822,3,917,6,37,-1,1,1,0,-,C3Pi
final,53268.056075,3,918,6,41,-1,1,0,-1,-,C3Pi
final,53276.445346,3,919,5,51,0,1,0,0,-,B3Sigma-
final,53279.6708,3,920,6,44,-1,1,-1,-2,-,C3Pi
final,53280.606829,3,921,5,51,0,1,-1,-1,-,B3Sigma-
final,53292.362409,3,922,8,95,-1,1,0,-1,-,Cp3Pi
final,53293.66614,3,923,6,38,-1,1,1,0,-,C3Pi
final,53329.422258,3,924,8,93,-1,1,1,0,-,Cp3Pi
final,53340.829519,3,925,6,42,-1,1,0,-1,-,C3Pi
final,53342.154127,3,926,6,45,-1,1,-1,-2,-,C3Pi
final,53347.552066,3,927,5,52,0,1,0,0,-,B3Sigma-
final,53351.310864,3,928,5,52,0,1,-1,-1,-,B3Sigma-
final,53359.763665,3,929,6,39,-1,1,1,0,-,C3Pi
final,53388.90767,3,930,8,95,-1,1,-1,-2,-,Cp3Pi
final,53397.536575,3,931,6,43,-1,1,0,-1,-,C3Pi
final,53405.459156,3,932,6,40,-1,1,1,0,-,C3Pi
final,53410.102534,3,933,6,46,-1,1,-1,-2,-,C3Pi
final,53417.542128,3,934,7,3,-1,0,0,-1,-,e1Pi
final,53420.004893,3,935,5,53,0,1,0,0,-,B3Sigma-
final,53423.866413,3,936,5,53,0,1,-1,-1,-,B3Sigma-
final,53447.840878,3,937,6,44,-1,1,0,-1,-,C3Pi
final,53456.358405,3,938,6,41,-1,1,1,0,-,C3Pi
final,53470.174778,3,939,8,96,-1,1,0,-1,-,Cp3Pi
final,53475.675427,3,940,6,47,-1,1,-1,-2,-,C3Pi
final,53494.521638,3,941,5,54,0,1,0,0,-,B3Sigma-
final,53498.68118,3,942,5,54,0,1,-1,-1,-,B3Sigma-
final,53502.564151,3,943,6,42,-1,1,1,0,-,C3Pi
final,53525.046929,3,944,6,45,-1,1,0,-1,-,C3Pi
final,53532.104409,3,945,8,94,-1,1,1,0,-,Cp3Pi
final,53544.022577,3,946,6,48,-1,1,-1,-2,-,C3Pi
final,53569.387377,3,947,8,96,-1,1,-1,-2,-,Cp3Pi
final,53571.560883,3,948,5,55,0,1,0,0,-,B3Sigma-
final,53575.480988,3,949,5,55,0,1,-1,-1,-,B3Sigma-
final,53578.841873,3,950,6,43,-1,1,1,0,-,C3Pi
final,53587.891518,3,951,6,46,-1,1,0,-1,-,C3Pi
final,53616.127663,3,952,6,49,-1,1,-1,-2,-,C3Pi
final,53633.785019,3,953,6,47,-1,1,0,-1,-,C3Pi
final,53635.057481,3,954,6,44,-1,1,1,0,-,C3Pi
final,53650.353067,3,955,5,56,0,1,0,0,-,B3Sigma-
final,53654.481095,3,956,5,56,0,1,-1,-1,-,B3Sigma-
final,53660.632284,3,957,8,97,-1,1,0,-1,-,Cp3Pi
final,53685.932974,3,958,8,95,-1,1,1,0,-,Cp3Pi
final,53688.68205,3,959,6,50,-1,1,-1,-2,-,C3Pi
final,53714.935676,3,960,6,45,-1,1,1,0,-,C3Pi
final,53726.052903,3,961,6,48,-1,1,0,-1,-,C3Pi
final,53731.387466,3,962,5,57,0,1,0,0,-,B3Sigma-
final,53735.281841,3,963,5,57,0,1,-1,-1,-,B3Sigma-
final,53748.452316,3,964,8,97,-1,1,-1,-2,-,Cp3Pi
final,53763.79335,3,965,6,51,-1,1,-1,-2,-,C3Pi
final,53767.626551,3,966,6,46,-1,1,1,0,-,C3Pi
final,53794.184012,3,967,6,49,-1,1,0,-1,-,C3Pi
final,53813.837936,3,968,5,58,0,1,0,0,-,B3Sigma-
final,53817.074566,3,969,5,58,0,1,-1,-1,-,B3Sigma-
final,53819.792128,3,970,6,50,-1,1,0,-1,-,C3Pi
final,53830.070764,3,971,6,47,-1,1,1,0,-,C3Pi
final,53839.998521,3,972,6,52,-1,1,-1,-2,-,C3Pi
final,53870.807998,3,973,6,51,-1,1,0,-1,-,C3Pi
final,53877.210427,3,974,8,96,-1,1,1,0,-,Cp3Pi
final,53899.173751,3,975,5,59,0,1,0,0,-,B3Sigma-
final,53902.92855,3,976,5,59,0,1,-1,-1,-,B3Sigma-
final,53909.021852,3,977,6,48,-1,1,1,0,-,C3Pi
final,53918.290554,3,978,6,53,-1,1,-1,-2,-,C3Pi
final,53929.93652,3,979,8,98,-1,1,-1,-2,-,Cp3Pi
final,53944.374055,3,980,8,98,-1,1,0,-1,-,Cp3Pi
final,53972.113726,3,981,6,49,-1,1,1,0,-,C3Pi
final,53986.231159,3,982,5,60,0,1,0,0,-,B3Sigma-
final,53989.347999,3,983,5,60,0,1,-1,-1,-,B3Sigma-
final,53997.24916,3,984,6,52,-1,1,0,-1,-,C3Pi
final,53998.399289,3,985,6,54,-1,1,-1,-2,-,C3Pi
final,54022.785538,3,986,6,53,-1,1,0,-1,-,C3Pi
final,54038.983001,3,987,6,50,-1,1,1,0,-,C3Pi
final,54069.040333,3,988,8,97,-1,1,1,0,-,Cp3Pi
final,54074.801567,3,989,5,61,0,1,0,0,-,B3Sigma-
final,54078.165793,3,990,5,61,0,1,-1,-1,-,B3Sigma-
final,54080.233379,3,991,6,55,-1,1,-1,-2,-,C3Pi
final,54100.22298,3,992,6,54,-1,1,0,-1,-,C3Pi
final,54112.58169,3,993,8,99,-1,1,-1,-2,-,Cp3Pi
final,54121.402234,3,994,6,51,-1,1,1,0,-,C3Pi
final,54141.626633,3,995,7,4,-1,0,0,-1,-,e1Pi
final,54163.918224,3,996,6,56,-1,1,-1,-2,-,C3Pi
final,54165.228831,3,997,5,62,0,1,0,0,-,B3Sigma-
final,54167.93647,3,998,5,62,0,1,-1,-1,-,B3Sigma-
final,54177.612049,3,999,8,99,-1,1,0,-1,-,Cp3Pi
final,54183.837551,3,1000,6,55,-1,1,0,-1,-,C3Pi
final,54194.562704,3,1001,6,52,-1,1,1,0,-,C3Pi
final,54245.59043,3,1002,8,98,-1,1,1,0,-,Cp3Pi
final,54248.838471,3,1003,6,57,-1,1,-1,-2,-,C3Pi
final,54257.000379,3,1004,5,63,0,1,0,0,-,B3Sigma-
final,54258.841205,3,1005,5,63,0,1,-1,-1,-,B3Sigma-
final,54265.847251,3,1006,6,56,-1,1,0,-1,-,C3Pi
final,54277.635268,3,1007,6,53,-1,1,1,0,-,C3Pi
final,54296.556352,3,1008,8,100,-1,1,-1,-2,-,Cp3Pi
final,54336.486323,3,1009,6,58,-1,1,-1,-2,-,C3Pi
final,54343.963066,3,1010,5,64,0,1,-1,-1,-,B3Sigma-
final,54352.150303,3,1011,5,64,0,1,0,0,-,B3Sigma-
final,54354.581059,3,1012,6,54,-1,1,1,0,-,C3Pi
final,54357.626314,3,1013,6,57,-1,1,0,-1,-,C3Pi
final,54363.693961,3,1014,8,100,-1,1,0,-1,-,Cp3Pi
final,54424.325298,3,1015,6,59,-1,1,-1,-2,-,C3Pi
final,54425.640496,3,1016,8,99,-1,1,1,0,-,Cp3Pi
final,54430.377067,3,1017,5,65,0,1,-1,-1,-,B3Sigma-
final,54441.743332,3,1018,6,55,-1,1,1,0,-,C3Pi
final,54448.83563,3,1019,5,65,0,1,0,0,-,B3Sigma-
final,54453.328176,3,1020,6,58,-1,1,0,-1,-,C3Pi
final,54481.774988,3,1021,8,101,-1,1,-1,-2,-,Cp3Pi
final,54516.277429,3,1022,6,60,-1,1,-1,-2,-,C3Pi
final,54517.932794,3,1023,6,56,-1,1,1,0,-,C3Pi
final,54520.440457,3,1024,8,100,-1,1,1,0,-,Cp3Pi
final,54546.370424,3,1025,5,66,0,1,0,0,-,B3Sigma-
final,54548.009574,3,1026,8,101,-1,1,0,-1,-,Cp3Pi
final,54551.718059,3,1027,5,66,0,1,-1,-1,-,B3Sigma-
final,54603.369659,3,1028,6,57,-1,1,1,0,-,C3Pi
final,54606.720979,3,1029,6,61,-1,1,-1,-2,-,C3Pi
final,54607.30991,3,1030,6,59,-1,1,0,-1,-,C3Pi
final,54618.021554,3,1031,8,101,-1,1,1,0,-,Cp3Pi
final,54646.477836,3,1032,5,67,0,1,0,0,-,B3Sigma-
final,54650.999326,3,1033,5,67,0,1,-1,-1,-,B3Sigma-
final,54668.569538,3,1034,8,102,-1,1,-1,-2,-,Cp3Pi
final,54693.314679,3,1035,6,58,-1,1,1,0,-,C3Pi
final,54697.862623,3,1036,6,60,-1,1,0,-1,-,C3Pi
final,54703.219445,3,1037,6,62,-1,1,-1,-2,-,C3Pi
final,54734.791891,3,1038,8,102,-1,1,0,-1,-,Cp3Pi
final,54747.982468,3,1039,5,68,0,1,0,0,-,B3Sigma-
final,54752.767498,3,1040,5,68,0,1,-1,-1,-,B3Sigma-
final,54781.961558,3,1041,6,59,-1,1,1,0,-,C3Pi
final,54790.838478,3,1042,6,61,-1,1,0,-1,-,C3Pi
final,54795.975713,3,1043,6,63,-1,1,-1,-2,-,C3Pi
final,54802.113653,3,1044,8,102,-1,1,1,0,-,Cp3Pi
final,54851.243779,3,1045,5,69,0,1,0,0,-,B3Sigma-
final,54853.116496,3,1046,7,5,-1,0,0,-1,-,e1Pi
final,54855.930407,3,1047,5,69,0,1,-1,-1,-,B3Sigma-
final,54857.457176,3,1048,8,103,-1,1,-1,-2,-,Cp3Pi
final,54873.770683,3,1049,6,60,-1,1,1,0,-,C3Pi
final,54884.492492,3,1050,6,62,-1,1,0,-1,-,C3Pi
final,54896.468606,3,1051,6,64,-1,1,-1,-2,-,C3Pi
final,54923.056701,3,1052,8,103,-1,1,0,-1,-,Cp3Pi
final,54955.08964,3,1053,5,70,0,1,0,0,-,B3Sigma-
final,54960.924315,3,1054,5,70,0,1,-1,-1,-,B3Sigma-
final,54968.019867,3,1055,6,61,-1,1,1,0,-,C3Pi
final,54981.676967,3,1056,6,63,-1,1,0,-1,-,C3Pi
final,54989.099947,3,1057,8,103,-1,1,1,0,-,Cp3Pi
final,54991.416129,3,1058,6,65,-1,1,-1,-2,-,C3Pi
final,55048.750979,3,1059,8,104,-1,1,-1,-2,-,Cp3Pi
final,55056.066708,3,1060,6,62,-1,1,1,0,-,C3Pi
final,55066.154558,3,1061,5,71,0,1,-1,-1,-,B3Sigma-
final,55069.224223,3,1062,5,71,0,1,0,0,-,B3Sigma-
final,55078.652546,3,1063,6,64,-1,1,0,-1,-,C3Pi
final,55095.795974,3,1064,6,66,-1,1,-1,-2,-,C3Pi
final,55113.333221,3,1065,8,104,-1,1,0,-1,-,Cp3Pi
final,55153.649574,3,1066,6,63,-1,1,1,0,-,C3Pi
final,55172.90764,3,1067,6,65,-1,1,0,-1,-,C3Pi
final,55175.273572,3,1068,5,72,0,1,0,0,-,B3Sigma-
final,55178.919467,3,1069,6,64,-1,1,1,0,-,C3Pi
final,55182.420924,3,1070,5,72,0,1,-1,-1,-,B3Sigma-
final,55192.880375,3,1071,6,67,-1,1,-1,-2,-,C3Pi
final,55242.640556,3,1072,8,105,-1,1,-1,-2,-,Cp3Pi
final,55251.931499,3,1073,6,65,-1,1,1,0,-,C3Pi
final,55273.292362,3,1074,6,66,-1,1,0,-1,-,C3Pi
final,55285.982386,3,1075,5,73,0,1,0,0,-,B3Sigma-
final,55290.328956,3,1076,5,73,0,1,-1,-1,-,B3Sigma-
final,55301.147428,3,1077,6,68,-1,1,-1,-2,-,C3Pi
final,55306.390538,3,1078,8,105,-1,1,0,-1,-,Cp3Pi
final,55350.623584,3,1079,6,66,-1,1,1,0,-,C3Pi
final,55368.840281,3,1080,8,104,-1,1,1,0,-,Cp3Pi
final,55379.974559,3,1081,6,67,-1,1,0,-1,-,C3Pi
final,55398.327497,3,1082,5,74,0,1,0,0,-,B3Sigma-
final,55399.769397,3,1083,6,69,-1,1,-1,-2,-,C3Pi
final,55402.457768,3,1084,5,74,0,1,-1,-1,-,B3Sigma-
final,55439.46333,3,1085,8,106,-1,1,-1,-2,-,Cp3Pi
final,55452.752714,3,1086,5,75,0,1,0,0,-,B3Sigma-
final,55476.856468,3,1087,6,68,-1,1,0,-1,-,C3Pi
final,55503.345919,3,1088,8,106,-1,1,0,-1,-,Cp3Pi
final,55512.23672,3,1089,5,75,0,1,-1,-1,-,B3Sigma-
final,55512.578653,3,1090,6,70,-1,1,-1,-2,-,C3Pi
final,55516.410124,3,1091,6,69,-1,1,0,-1,-,C3Pi
final,55550.829549,3,1092,6,67,-1,1,1,0,-,C3Pi
final,55551.046015,3,1093,7,6,-1,0,0,-1,-,e1Pi
final,55564.637265,3,1094,8,105,-1,1,1,0,-,Cp3Pi
final,55589.894425,3,1095,8,107,-1,1,0,-1,-,Cp3Pi
final,55610.366149,3,1096,6,71,-1,1,-1,-2,-,C3Pi
final,55628.148866,3,1097,5,76,0,1,0,0,-,B3Sigma-
final,55631.987662,3,1098,5,76,0,1,-1,-1,-,B3Sigma-
final,55640.762838,3,1099,8,107,-1,1,-1,-2,-,Cp3Pi
final,55659.905933,3,1100,6,68,-1,1,1,0,-,C3Pi
final,55680.717319,3,1101,6,70,-1,1,0,-1,-,C3Pi
final,55708.413948,3,1102,6,71,-1,1,0,-1,-,C3Pi
final,55730.123213,3,1103,6,72,-1,1,-1,-2,-,C3Pi
final,55744.161773,3,1104,5,77,0,1,0,0,-,B3Sigma-
final,55748.790384,3,1105,5,77,0,1,-1,-1,-,B3Sigma-
final,55751.067229,3,1106,8,106,-1,1,1,0,-,Cp3Pi
final,55770.821828,3,1107,6,69,-1,1,1,0,-,C3Pi
final,55805.422326,3,1108,8,108,-1,1,0,-1,-,Cp3Pi
final,55819.70154,3,1109,8,108,-1,1,-1,-2,-,Cp3Pi
final,55851.354873,3,1110,6,73,-1,1,-1,-2,-,C3Pi
final,55864.049545,3,1111,5,78,0,1,0,0,-,B3Sigma-
final,55867.984966,3,1112,5,78,0,1,-1,-1,-,B3Sigma-
final,55874.282688,3,1113,6,70,-1,1,1,0,-,C3Pi
final,55883.429916,3,1114,6,72,-1,1,0,-1,-,C3Pi
final,55923.366598,3,1115,8,109,-1,1,0,-1,-,Cp3Pi
final,55945.926421,3,1116,8,107,-1,1,1,0,-,Cp3Pi
final,55953.766055,3,1117,6,74,-1,1,-1,-2,-,C3Pi
final,55983.019052,3,1118,6,71,-1,1,1,0,-,C3Pi
final,55987.98214,3,1119,5,79,0,1,-1,-1,-,B3Sigma-
final,55990.688571,3,1120,5,79,0,1,0,0,-,B3Sigma-
final,56024.790442,3,1121,8,109,-1,1,-1,-2,-,Cp3Pi
final,56026.569214,3,1122,6,73,-1,1,0,-1,-,C3Pi
final,56074.295369,3,1123,6,75,-1,1,-1,-2,-,C3Pi
final,56085.866534,3,1124,6,74,-1,1,0,-1,-,C3Pi
final,56089.816117,3,1125,6,72,-1,1,1,0,-,C3Pi
final,56109.689202,3,1126,5,80,0,1,0,0,-,B3Sigma-
final,56112.391127,3,1127,5,80,0,1,-1,-1,-,B3Sigma-
final,56145.685447,3,1128,8,108,-1,1,1,0,-,Cp3Pi
final,56147.094947,3,1129,8,110,-1,1,0,-1,-,Cp3Pi
final,56182.865016,3,1130,6,76,-1,1,-1,-2,-,C3Pi
final,56206.995595,3,1131,6,73,-1,1,1,0,-,C3Pi
final,56229.312912,3,1132,8,110,-1,1,-1,-2,-,Cp3Pi
final,56232.591921,3,1133,5,81,0,1,-1,-1,-,B3Sigma-
final,56234.503661,3,1134,7,7,-1,0,0,-1,-,e1Pi
final,56235.909743,3,1135,5,81,0,1,0,0,-,B3Sigma-
final,56253.14363,3,1136,6,75,-1,1,0,-1,-,C3Pi
final,56292.478566,3,1137,6,76,-1,1,0,-1,-,C3Pi
final,56306.567398,3,1138,6,77,-1,1,-1,-2,-,C3Pi
final,56311.859163,3,1139,6,74,-1,1,1,0,-,C3Pi
final,56349.906286,3,1140,8,109,-1,1,1,0,-,Cp3Pi
final,56357.694354,3,1141,5,82,0,1,-1,-1,-,B3Sigma-
final,56361.85933,3,1142,5,82,0,1,0,0,-,B3Sigma-
final,56379.958919,3,1143,6,77,-1,1,0,-1,-,C3Pi
final,56412.414005,3,1144,6,78,-1,1,-1,-2,-,C3Pi
final,56434.92806,3,1145,6,75,-1,1,1,0,-,C3Pi
final,56440.177514,3,1146,8,111,-1,1,-1,-2,-,Cp3Pi
final,56470.231992,3,1147,8,111,-1,1,0,-1,-,Cp3Pi
final,56488.12648,3,1148,5,83,0,1,0,0,-,B3Sigma-
final,56490.607772,3,1149,5,83,0,1,-1,-1,-,B3Sigma-
final,56511.011163,3,1150,6,78,-1,1,0,-1,-,C3Pi
final,56530.851031,3,1151,8,110,-1,1,1,0,-,Cp3Pi
final,56546.213093,3,1152,6,79,-1,1,-1,-2,-,C3Pi
final,56565.386946,3,1153,6,76,-1,1,1,0,-,C3Pi
final,56603.625826,3,1154,6,79,-1,1,0,-1,-,C3Pi
final,56618.438642,3,1155,5,84,0,1,0,0,-,B3Sigma-
final,56626.869466,3,1156,8,112,-1,1,-1,-2,-,Cp3Pi
final,56627.19193,3,1157,5,84,0,1,-1,-1,-,B3Sigma-
final,56668.013825,3,1158,6,77,-1,1,1,0,-,C3Pi
final,56673.66257,3,1159,6,80,-1,1,-1,-2,-,C3Pi
final,56686.621161,3,1160,8,112,-1,1,0,-1,-,Cp3Pi
final,56732.635759,3,1161,5,85,0,1,-1,-1,-,B3Sigma-
final,56742.353956,3,1162,8,111,-1,1,1,0,-,Cp3Pi
final,56750.052756,3,1163,5,85,0,1,0,0,-,B3Sigma-
final,56758.56114,3,1164,6,80,-1,1,0,-1,-,C3Pi
final,56791.769564,3,1165,6,81,-1,1,-1,-2,-,C3Pi
final,56796.35108,3,1166,6,78,-1,1,1,0,-,C3Pi
final,56834.880133,3,1167,8,113,-1,1,-1,-2,-,Cp3Pi
final,56847.129992,3,1168,8,113,-1,1,0,-1,-,Cp3Pi
final,56881.307448,3,1169,5,86,0,1,0,0,-,B3Sigma-
final,56885.560372,3,1170,5,86,0,1,-1,-1,-,B3Sigma-
final,56901.153188,3,1171,6,81,-1,1,0,-1,-,C3Pi
final,56903.00894,3,1172,7,8,-1,0,0,-1,-,e1Pi
final,56905.233796,3,1173,6,79,-1,1,1,0,-,C3Pi
final,56922.197704,3,1174,6,82,-1,1,-1,-2,-,C3Pi
final,56955.426984,3,1175,8,112,-1,1,1,0,-,Cp3Pi
final,56978.715565,3,1176,6,82,-1,1,0,-1,-,C3Pi
final,57015.376356,3,1177,5,87,0,1,0,0,-,B3Sigma-
final,57023.061455,3,1178,5,87,0,1,-1,-1,-,B3Sigma-
final,57030.35076,3,1179,8,114,-1,1,-1,-2,-,Cp3Pi
final,57038.112205,3,1180,6,80,-1,1,1,0,-,C3Pi
final,57056.228738,3,1181,6,83,-1,1,-1,-2,-,C3Pi
final,57085.4932,3,1182,8,114,-1,1,0,-1,-,Cp3Pi
final,57117.595497,3,1183,5,88,0,1,-1,-1,-,B3Sigma-
final,57135.777929,3,1184,6,81,-1,1,1,0,-,C3Pi
final,57153.697705,3,1185,5,88,0,1,0,0,-,B3Sigma-
final,57159.606513,3,1186,6,83,-1,1,0,-1,-,C3Pi
final,57178.540052,3,1187,6,84,-1,1,-1,-2,-,C3Pi
final,57178.911174,3,1188,8,113,-1,1,1,0,-,Cp3Pi
final,57230.966609,3,1189,8,115,-1,1,0,-1,-,Cp3Pi
final,57242.180768,3,1190,8,115,-1,1,-1,-2,-,Cp3Pi
final,57277.726674,3,1191,6,82,-1,1,1,0,-,C3Pi
final,57292.763446,3,1192,5,89,0,1,-1,-1,-,B3Sigma-
final,57296.605335,3,1193,5,89,0,1,0,0,-,B3Sigma-
final,57306.919518,3,1194,6,84,-1,1,0,-1,-,C3Pi
final,57311.947556,3,1195,6,85,-1,1,-1,-2,-,C3Pi
final,57359.409711,3,1196,8,114,-1,1,1,0,-,Cp3Pi
final,57365.753482,3,1197,6,85,-1,1,0,-1,-,C3Pi
final,57414.492583,3,1198,6,83,-1,1,1,0,-,C3Pi
final,57433.949873,3,1199,5,90,0,1,-1,-1,-,B3Sigma-
final,57436.736793,3,1200,5,90,0,1,0,0,-,B3Sigma-
final,57437.163335,3,1201,6,86,-1,1,-1,-2,-,C3Pi
final,57455.506295,3,1202,8,116,-1,1,-1,-2,-,Cp3Pi
final,57486.340952,3,1203,8,116,-1,1,0,-1,-,Cp3Pi
final,57519.649351,3,1204,6,86,-1,1,0,-1,-,C3Pi
final,57529.830856,3,1205,6,84,-1,1,1,0,-,C3Pi
final,57556.132117,3,1206,7,9,-1,0,0,-1,-,e1Pi
final,57570.601462,3,1207,5,91,0,1,0,0,-,B3Sigma-
final,57576.301709,3,1208,5,91,0,1,-1,-1,-,B3Sigma-
final,57578.352834,3,1209,6,87,-1,1,-1,-2,-,C3Pi
final,57582.897533,3,1210,8,115,-1,1,1,0,-,Cp3Pi
final,57627.394598,3,1211,8,117,-1,1,0,-1,-,Cp3Pi
final,57656.239624,3,1212,8,117,-1,1,-1,-2,-,Cp3Pi
final,57670.706186,3,1213,6,85,-1,1,1,0,-,C3Pi
final,57712.06181,3,1214,5,92,0,1,-1,-1,-,B3Sigma-
final,57715.593745,3,1215,6,88,-1,1,-1,-2,-,C3Pi
final,57717.357023,3,1216,5,92,0,1,0,0,-,B3Sigma-
final,57723.758731,3,1217,6,87,-1,1,0,-1,-,C3Pi
final,57766.298794,3,1218,6,88,-1,1,0,-1,-,C3Pi
final,57770.058276,3,1219,8,116,-1,1,1,0,-,Cp3Pi
final,57814.143563,3,1220,6,86,-1,1,1,0,-,C3Pi
final,57850.088312,3,1221,6,89,-1,1,-1,-2,-,C3Pi
final,57860.157985,3,1222,5,93,0,1,-1,-1,-,B3Sigma-
final,57863.059086,3,1223,5,93,0,1,0,0,-,B3Sigma-
final,57868.202758,3,1224,8,118,-1,1,-1,-2,-,Cp3Pi
final,57895.697015,3,1225,8,118,-1,1,0,-1,-,Cp3Pi
final,57932.077544,3,1226,6,87,-1,1,1,0,-,C3Pi
final,57933.458273,3,1227,6,89,-1,1,0,-1,-,C3Pi
final,57991.918374,3,1228,8,117,-1,1,1,0,-,Cp3Pi
final,57991.936871,3,1229,6,90,-1,1,-1,-2,-,C3Pi
final,58006.235507,3,1230,5,94,0,1,-1,-1,-,B3Sigma-
final,58009.53446,3,1231,5,94,0,1,0,0,-,B3Sigma-
final,58038.35984,3,1232,8,119,-1,1,0,-1,-,Cp3Pi
final,58075.116031,3,1233,6,88,-1,1,1,0,-,C3Pi
final,58075.94447,3,1234,8,119,-1,1,-1,-2,-,Cp3Pi
final,58133.310614,3,1235,6,91,-1,1,-1,-2,-,C3Pi
final,58135.865792,3,1236,6,90,-1,1,0,-1,-,C3Pi
final,58153.699882,3,1237,5,95,0,1,0,0,-,B3Sigma-
final,58156.494209,3,1238,5,95,0,1,-1,-1,-,B3Sigma-
final,58181.360384,3,1239,6,91,-1,1,0,-1,-,C3Pi
final,58187.68771,3,1240,8,118,-1,1,1,0,-,Cp3Pi
final,58192.785685,3,1241,7,10,-1,0,0,-1,-,e1Pi
final,58225.444596,3,1242,6,89,-1,1,1,0,-,C3Pi
final,58274.463242,3,1243,6,92,-1,1,-1,-2,-,C3Pi
final,58288.836311,3,1244,8,120,-1,1,-1,-2,-,Cp3Pi
final,58298.412728,3,1245,5,96,0,1,-1,-1,-,B3Sigma-
final,58304.278557,3,1246,5,96,0,1,0,0,-,B3Sigma-
final,58320.626594,3,1247,8,120,-1,1,0,-1,-,Cp3Pi
final,58346.51223,3,1248,6,90,-1,1,1,0,-,C3Pi
final,58354.543792,3,1249,8,121,-1,1,0,-1,-,Cp3Pi
final,58414.884689,3,1250,8,119,-1,1,1,0,-,Cp3Pi
final,58419.543131,3,1251,6,93,-1,1,-1,-2,-,C3Pi
final,58446.998861,3,1252,6,92,-1,1,0,-1,-,C3Pi
final,58455.186073,3,1253,5,97,0,1,0,0,-,B3Sigma-
final,58468.312309,3,1254,5,97,0,1,-1,-1,-,B3Sigma-
final,58492.692796,3,1255,6,91,-1,1,1,0,-,C3Pi
final,58500.831654,3,1256,8,121,-1,1,-1,-2,-,Cp3Pi
final,58563.107374,3,1257,6,93,-1,1,0,-1,-,C3Pi
final,58565.250977,3,1258,6,94,-1,1,-1,-2,-,C3Pi
final,58596.566898,3,1259,5,98,0,1,-1,-1,-,B3Sigma-
final,58604.769831,3,1260,5,98,0,1,0,0,-,B3Sigma-
final,58615.46228,3,1261,8,120,-1,1,1,0,-,Cp3Pi
final,58617.854142,3,1262,6,94,-1,1,0,-1,-,C3Pi
final,58647.368023,3,1263,6,92,-1,1,1,0,-,C3Pi
final,58711.995333,3,1264,6,95,-1,1,-1,-2,-,C3Pi
final,58715.563259,3,1265,8,122,-1,1,-1,-2,-,Cp3Pi
final,58740.473285,3,1266,5,99,0,1,-1,-1,-,B3Sigma-
final,58759.822088,3,1267,5,99,0,1,0,0,-,B3Sigma-
final,58768.876992,3,1268,6,95,-1,1,0,-1,-,C3Pi
final,58775.127424,3,1269,6,93,-1,1,1,0,-,C3Pi
final,58781.445473,3,1270,8,122,-1,1,0,-1,-,Cp3Pi
final,58812.216242,3,1271,7,11,-1,0,0,-1,-,e1Pi
final,58843.378434,3,1272,8,121,-1,1,1,0,-,Cp3Pi
final,58861.067466,3,1273,6,96,-1,1,-1,-2,-,C3Pi
final,58890.686763,3,1274,5,100,0,1,-1,-1,-,B3Sigma-
final,58914.945125,3,1275,5,100,0,1,0,0,-,B3Sigma-
final,58923.112551,3,1276,6,94,-1,1,1,0,-,C3Pi
final,58925.389949,3,1277,8,122,-1,1,1,0,-,Cp3Pi
final,58930.892104,3,1278,8,123,-1,1,-1,-2,-,Cp3Pi
final,58994.607174,3,1279,8,123,-1,1,0,-1,-,Cp3Pi
final,59011.300423,3,1280,6,97,-1,1,-1,-2,-,C3Pi
final,59041.350053,3,1281,6,96,-1,1,0,-1,-,C3Pi
final,59047.499429,3,1282,6,95,-1,1,1,0,-,C3Pi
final,59073.553508,3,1283,5,101,0,1,0,0,-,B3Sigma-
final,59079.200416,3,1284,5,101,0,1,-1,-1,-,B3Sigma-
final,59080.456319,3,1285,6,97,-1,1,0,-1,-,C3Pi
final,59147.78839,3,1286,8,124,-1,1,-1,-2,-,Cp3Pi
final,59163.198851,3,1287,6,98,-1,1,-1,-2,-,C3Pi
final,59189.918922,3,1288,8,124,-1,1,0,-1,-,Cp3Pi
final,59213.705925,3,1289,8,125,-1,1,0,-1,-,Cp3Pi
final,59213.809191,3,1290,6,96,-1,1,1,0,-,C3Pi
final,59233.184116,3,1291,5,102,0,1,0,0,-,B3Sigma-
final,59237.708547,3,1292,5,102,0,1,-1,-1,-,B3Sigma-
final,59277.111406,3,1293,8,123,-1,1,1,0,-,Cp3Pi
final,59316.237011,3,1294,6,99,-1,1,-1,-2,-,C3Pi
final,59343.832421,3,1295,6,98,-1,1,0,-1,-,C3Pi
final,59366.360916,3,1296,8,125,-1,1,-1,-2,-,Cp3Pi
final,59367.477627,3,1297,6,97,-1,1,1,0,-,C3Pi
final,59392.946184,3,1298,5,103,0,1,0,0,-,B3Sigma-
final,59397.319101,3,1299,5,103,0,1,-1,-1,-,B3Sigma-
final,59413.753335,3,1300,7,12,-1,0,0,-1,-,e1Pi
final,59430.336259,3,1301,6,99,-1,1,0,-1,-,C3Pi
final,59471.13218,3,1302,6,100,-1,1,-1,-2,-,C3Pi
final,59489.334986,3,1303,8,124,-1,1,1,0,-,Cp3Pi
final,59498.052113,3,1304,6,100,-1,1,0,-1,-,C3Pi
final,59523.728539,3,1305,6,98,-1,1,1,0,-,C3Pi
final,59554.449475,3,1306,5,104,0,1,0,0,-,B3Sigma-
final,59558.607137,3,1307,5,104,0,1,-1,-1,-,B3Sigma-
final,59585.702683,3,1308,8,126,-1,1,-1,-2,-,Cp3Pi
final,59627.7686,3,1309,6,101,-1,1,-1,-2,-,C3Pi
final,59647.786352,3,1310,8,126,-1,1,0,-1,-,Cp3Pi
final,59655.293073,3,1311,6,101,-1,1,0,-1,-,C3Pi
final,59669.584545,3,1312,6,99,-1,1,1,0,-,C3Pi
final,59715.385282,3,1313,8,125,-1,1,1,0,-,Cp3Pi
final,59717.911075,3,1314,5,105,0,1,0,0,-,B3Sigma-
final,59721.535038,3,1315,5,105,0,1,-1,-1,-,B3Sigma-
final,59784.282832,3,1316,6,102,-1,1,-1,-2,-,C3Pi
final,59807.989904,3,1317,8,127,-1,1,-1,-2,-,Cp3Pi
final,59810.129601,3,1318,8,127,-1,1,0,-1,-,Cp3Pi
final,59827.112248,3,1319,6,100,-1,1,1,0,-,C3Pi
final,59870.451119,3,1320,5,106,0,1,-1,-1,-,B3Sigma-
final,59882.277163,3,1321,5,106,0,1,0,0,-,B3Sigma-
final,59886.058681,3,1322,6,102,-1,1,0,-1,-,C3Pi
final,59933.181216,3,1323,8,126,-1,1,1,0,-,Cp3Pi
final,59944.419567,3,1324,6,103,-1,1,-1,-2,-,C3Pi
final,59968.659741,3,1325,8,128,-1,1,0,-1,-,Cp3Pi
final,59985.189279,3,1326,6,101,-1,1,1,0,-,C3Pi
final,59996.355378,3,1327,7,13,-1,0,0,-1,-,e1Pi
final,60029.365246,3,1328,8,128,-1,1,-1,-2,-,Cp3Pi
final,60048.430677,3,1329,5,107,0,1,0,0,-,B3Sigma-
final,60051.832114,3,1330,5,107,0,1,-1,-1,-,B3Sigma-
final,60092.77406,3,1331,6,103,-1,1,0,-1,-,C3Pi
final,60105.728984,3,1332,6,104,-1,1,-1,-2,-,C3Pi
final,60128.66786,3,1333,6,104,-1,1,0,-1,-,C3Pi
final,60137.731301,3,1334,6,102,-1,1,1,0,-,C3Pi
final,60160.241368,3,1335,8,127,-1,1,1,0,-,Cp3Pi
final,60216.187558,3,1336,5,108,0,1,0,0,-,B3Sigma-
final,60219.411323,3,1337,5,108,0,1,-1,-1,-,B3Sigma-
final,60250.488511,3,1338,8,129,-1,1,-1,-2,-,Cp3Pi
final,60270.542819,3,1339,6,105,-1,1,-1,-2,-,C3Pi
final,60290.228063,3,1340,6,103,-1,1,1,0,-,C3Pi
final,60300.868382,3,1341,8,128,-1,1,1,0,-,Cp3Pi
final,60316.119907,3,1342,8,129,-1,1,0,-1,-,Cp3Pi
final,60379.403657,3,1343,5,109,0,1,0,0,-,B3Sigma-
final,60385.635491,3,1344,5,109,0,1,-1,-1,-,B3Sigma-
final,60388.632317,3,1345,6,105,-1,1,0,-1,-,C3Pi
final,60430.516583,3,1346,6,106,-1,1,-1,-2,-,C3Pi
final,60453.369073,3,1347,6,104,-1,1,1,0,-,C3Pi
final,60462.697283,3,1348,8,129,-1,1,1,0,-,Cp3Pi
final,60479.203141,3,1349,8,130,-1,1,-1,-2,-,Cp3Pi
final,60540.425721,3,1350,8,130,-1,1,0,-1,-,Cp3Pi
final,60556.202859,3,1351,5,110,0,1,0,0,-,B3Sigma-
final,60559.213186,3,1352,5,110,0,1,-1,-1,-,B3Sigma-
final,60559.298928,3,1353,7,14,-1,0,0,-1,-,e1Pi
final,60596.798014,3,1354,6,107,-1,1,-1,-2,-,C3Pi
final,60602.823204,3,1355,6,105,-1,1,1,0,-,C3Pi
final,60618.143112,3,1356,6,106,-1,1,0,-1,-,C3Pi
final,60626.609232,3,1357,8,130,-1,1,1,0,-,Cp3Pi
final,60703.989999,3,1358,8,131,-1,1,-1,-2,-,Cp3Pi
final,60727.760856,3,1359,5,111,0,1,-1,-1,-,B3Sigma-
final,60731.009569,3,1360,5,111,0,1,0,0,-,B3Sigma-
final,60764.688471,3,1361,6,108,-1,1,-1,-2,-,C3Pi
final,60766.957572,3,1362,8,131,-1,1,0,-1,-,Cp3Pi
final,60784.757336,3,1363,6,107,-1,1,0,-1,-,C3Pi
final,60788.696299,3,1364,6,106,-1,1,1,0,-,C3Pi
final,60830.66991,3,1365,8,131,-1,1,1,0,-,Cp3Pi
final,60901.132169,3,1366,5,112,0,1,-1,-1,-,B3Sigma-
final,60904.737696,3,1367,5,112,0,1,0,0,-,B3Sigma-
final,60922.654631,3,1368,6,109,-1,1,-1,-2,-,C3Pi
final,60941.774105,3,1369,8,132,-1,1,-1,-2,-,Cp3Pi
final,60952.336945,3,1370,6,108,-1,1,0,-1,-,C3Pi
final,60954.956465,3,1371,6,107,-1,1,1,0,-,C3Pi
final,60994.513202,3,1372,8,132,-1,1,0,-1,-,Cp3Pi
final,61057.129069,3,1373,5,113,0,1,0,0,-,B3Sigma-
final,61075.731262,3,1374,5,113,0,1,-1,-1,-,B3Sigma-
final,61080.032658,3,1375,6,109,-1,1,0,-1,-,C3Pi
final,61100.424035,3,1376,6,110,-1,1,-1,-2,-,C3Pi
final,61101.505237,3,1377,7,15,-1,0,0,-1,-,e1Pi
final,61121.816044,3,1378,6,108,-1,1,1,0,-,C3Pi
final,61122.889689,3,1379,6,110,-1,1,0,-1,-,C3Pi
final,61162.484232,3,1380,8,133,-1,1,-1,-2,-,Cp3Pi
final,61222.342126,3,1381,8,133,-1,1,0,-1,-,Cp3Pi
final,61251.831863,3,1382,5,114,0,1,-1,-1,-,B3Sigma-
final,61256.396994,3,1383,5,114,0,1,0,0,-,B3Sigma-
final,61273.062294,3,1384,6,111,-1,1,-1,-2,-,C3Pi
final,61284.847752,3,1385,8,132,-1,1,1,0,-,Cp3Pi
final,61292.06234,3,1386,6,109,-1,1,1,0,-,C3Pi
final,61294.394417,3,1387,6,111,-1,1,0,-1,-,C3Pi
final,61390.498473,3,1388,8,134,-1,1,-1,-2,-,Cp3Pi
final,61426.663686,3,1389,5,115,0,1,-1,-1,-,B3Sigma-
final,61434.337671,3,1390,5,115,0,1,0,0,-,B3Sigma-
final,61447.577023,3,1391,6,112,-1,1,-1,-2,-,C3Pi
final,61453.258796,3,1392,8,134,-1,1,0,-1,-,Cp3Pi
final,61461.534617,3,1393,6,110,-1,1,1,0,-,C3Pi
final,61468.880463,3,1394,6,112,-1,1,0,-1,-,C3Pi
final,61515.730566,3,1395,8,133,-1,1,1,0,-,Cp3Pi
final,61604.925843,3,1396,5,116,0,1,-1,-1,-,B3Sigma-
final,61610.06592,3,1397,6,113,-1,1,-1,-2,-,C3Pi
final,61613.532794,3,1398,5,116,0,1,0,0,-,B3Sigma-
final,61622.112916,3,1399,7,16,-1,0,0,-1,-,e1Pi
final,61633.612257,3,1400,8,135,-1,1,-1,-2,-,Cp3Pi
final,61634.111151,3,1401,6,111,-1,1,1,0,-,C3Pi
final,61643.141233,3,1402,6,113,-1,1,0,-1,-,C3Pi
final,61685.041507,3,1403,8,135,-1,1,0,-1,-,Cp3Pi
final,61746.682893,3,1404,8,134,-1,1,1,0,-,Cp3Pi
final,61783.671723,3,1405,5,117,0,1,-1,-1,-,B3Sigma-
final,61793.305071,3,1406,5,117,0,1,0,0,-,B3Sigma-
final,61793.880967,3,1407,6,114,-1,1,-1,-2,-,C3Pi
final,61809.105374,3,1408,6,112,-1,1,1,0,-,C3Pi
final,61821.224878,3,1409,6,114,-1,1,0,-1,-,C3Pi
final,61858.079096,3,1410,8,136,-1,1,-1,-2,-,Cp3Pi
final,61916.284639,3,1411,8,136,-1,1,0,-1,-,Cp3Pi
final,61963.758876,3,1412,5,118,0,1,-1,-1,-,B3Sigma-
final,61971.46863,3,1413,6,113,-1,1,1,0,-,C3Pi
final,61972.838398,3,1414,6,115,-1,1,-1,-2,-,C3Pi
final,61979.961961,3,1415,8,135,-1,1,1,0,-,Cp3Pi
final,61987.729542,3,1416,5,118,0,1,0,0,-,B3Sigma-
final,62001.328293,3,1417,6,115,-1,1,0,-1,-,C3Pi
final,62089.520597,3,1418,8,137,-1,1,-1,-2,-,Cp3Pi
final,62120.042806,3,1419,7,17,-1,0,0,-1,-,e1Pi
final,62137.138158,3,1420,8,137,-1,1,0,-1,-,Cp3Pi
final,62150.732427,3,1421,6,114,-1,1,1,0,-,C3Pi
final,62153.496698,3,1422,6,116,-1,1,-1,-2,-,C3Pi
final,62156.497407,3,1423,5,119,0,1,-1,-1,-,B3Sigma-
final,62169.49026,3,1424,5,119,0,1,0,0,-,B3Sigma-
final,62183.660121,3,1425,6,116,-1,1,0,-1,-,C3Pi
final,62213.129148,3,1426,8,136,-1,1,1,0,-,Cp3Pi
final,62315.707531,3,1427,8,138,-1,1,-1,-2,-,Cp3Pi
final,62322.324675,3,1428,5,120,0,1,-1,-1,-,B3Sigma-
final,62329.617632,3,1429,6,115,-1,1,1,0,-,C3Pi
final,62342.628936,3,1430,6,117,-1,1,-1,-2,-,C3Pi
final,62354.384669,3,1431,5,120,0,1,0,0,-,B3Sigma-
final,62366.935535,3,1432,6,117,-1,1,0,-1,-,C3Pi
final,62387.956042,3,1433,8,138,-1,1,0,-1,-,Cp3Pi
final,62447.861764,3,1434,8,137,-1,1,1,0,-,Cp3Pi
final,62505.214585,3,1435,5,121,0,1,-1,-1,-,B3Sigma-
final,62509.446027,3,1436,6,116,-1,1,1,0,-,C3Pi
final,62510.257053,3,1437,6,118,-1,1,-1,-2,-,C3Pi
final,62541.356963,3,1438,5,121,0,1,0,0,-,B3Sigma-
final,62553.310167,3,1439,6,118,-1,1,0,-1,-,C3Pi
final,62566.220181,3,1440,8,139,-1,1,-1,-2,-,Cp3Pi
final,62594.280785,3,1441,7,18,-1,0,0,-1,-,e1Pi
final,62622.478173,3,1442,8,139,-1,1,0,-1,-,Cp3Pi
final,62681.630234,3,1443,8,138,-1,1,1,0,-,Cp3Pi
final,62689.62333,3,1444,5,122,0,1,-1,-1,-,B3Sigma-
final,62692.721649,3,1445,6,117,-1,1,1,0,-,C3Pi
final,62695.849722,3,1446,6,119,-1,1,-1,-2,-,C3Pi
final,62730.114755,3,1447,5,122,0,1,0,0,-,B3Sigma-
final,62741.216533,3,1448,6,119,-1,1,0,-1,-,C3Pi
final,62801.13451,3,1449,8,140,-1,1,-1,-2,-,Cp3Pi
final,62854.407996,3,1450,8,140,-1,1,0,-1,-,Cp3Pi
final,62871.629569,3,1451,6,118,-1,1,1,0,-,C3Pi
final,62879.766868,3,1452,5,123,0,1,-1,-1,-,B3Sigma-
final,62882.442042,3,1453,6,120,-1,1,-1,-2,-,C3Pi
final,62918.810197,3,1454,5,123,0,1,0,0,-,B3Sigma-
final,62923.975861,3,1455,8,139,-1,1,1,0,-,Cp3Pi
final,62930.842521,3,1456,6,120,-1,1,0,-1,-,C3Pi
final,63035.324677,3,1457,8,141,-1,1,-1,-2,-,Cp3Pi
final,63043.781643,3,1458,7,19,-1,0,0,-1,-,e1Pi
final,63054.999047,3,1459,6,119,-1,1,1,0,-,C3Pi
final,63056.230901,3,1460,8,141,-1,1,0,-1,-,Cp3Pi
final,63073.203462,3,1461,6,121,-1,1,-1,-2,-,C3Pi
final,63103.037277,3,1462,5,124,0,1,-1,-1,-,B3Sigma-
final,63112.078132,3,1463,5,124,0,1,0,0,-,B3Sigma-
final,63122.201419,3,1464,6,121,-1,1,0,-1,-,C3Pi
final,63160.992116,3,1465,8,140,-1,1,1,0,-,Cp3Pi
final,63241.033421,3,1466,6,120,-1,1,1,0,-,C3Pi
final,63244.673532,3,1467,5,125,0,1,-1,-1,-,B3Sigma-
final,63248.310777,3,1468,6,122,-1,1,-1,-2,-,C3Pi
final,63288.067754,3,1469,8,142,-1,1,-1,-2,-,Cp3Pi
final,63305.519613,3,1470,5,125,0,1,0,0,-,B3Sigma-
final,63314.686441,3,1471,6,122,-1,1,0,-1,-,C3Pi
final,63341.234627,3,1472,8,142,-1,1,0,-1,-,Cp3Pi
final,63399.67233,3,1473,8,141,-1,1,1,0,-,Cp3Pi
final,63428.931399,3,1474,6,121,-1,1,1,0,-,C3Pi
final,63434.349943,3,1475,5,126,0,1,-1,-1,-,B3Sigma-
final,63441.638849,3,1476,6,123,-1,1,-1,-2,-,C3Pi
final,63467.442371,3,1477,7,20,-1,0,0,-1,-,e1Pi
final,63500.47029,3,1478,5,126,0,1,0,0,-,B3Sigma-
final,63509.193922,3,1479,6,123,-1,1,0,-1,-,C3Pi
final,63525.109847,3,1480,8,143,-1,1,-1,-2,-,Cp3Pi
final,63579.667779,3,1481,8,143,-1,1,0,-1,-,Cp3Pi
final,63613.170262,3,1482,6,122,-1,1,1,0,-,C3Pi
final,63626.751513,3,1483,5,127,0,1,-1,-1,-,B3Sigma-
final,63634.127701,3,1484,6,124,-1,1,-1,-2,-,C3Pi
final,63644.651673,3,1485,8,142,-1,1,1,0,-,Cp3Pi
final,63696.94653,3,1486,5,127,0,1,0,0,-,B3Sigma-
final,63705.172079,3,1487,6,124,-1,1,0,-1,-,C3Pi
final,63765.048632,3,1488,8,144,-1,1,-1,-2,-,Cp3Pi
final,63803.635521,3,1489,6,123,-1,1,1,0,-,C3Pi
final,63805.343783,3,1490,8,144,-1,1,0,-1,-,Cp3Pi
final,63828.65102,3,1491,6,125,-1,1,-1,-2,-,C3Pi
final,63835.079042,3,1492,6,125,-1,1,0,-1,-,C3Pi
final,63864.231998,3,1493,7,21,-1,0,0,-1,-,e1Pi
final,63885.144177,3,1494,8,143,-1,1,1,0,-,Cp3Pi
final,63895.565389,3,1495,5,128,0,1,0,0,-,B3Sigma-
final,63902.684787,3,1496,5,128,0,1,-1,-1,-,B3Sigma-
final,63995.175328,3,1497,6,124,-1,1,1,0,-,C3Pi
final,63999.988953,3,1498,8,145,-1,1,-1,-2,-,Cp3Pi
final,64004.39862,3,1499,8,145,-1,1,0,-1,-,Cp3Pi
final,64031.318169,3,1500,6,126,-1,1,-1,-2,-,C3Pi
final,64072.401378,3,1501,6,126,-1,1,0,-1,-,C3Pi
final,64093.780569,3,1502,5,129,0,1,0,0,-,B3Sigma-
final,64101.683287,3,1503,5,129,0,1,-1,-1,-,B3Sigma-
final,64129.243609,3,1504,8,144,-1,1,1,0,-,Cp3Pi
final,64188.557946,3,1505,6,125,-1,1,1,0,-,C3Pi
final,64200.456615,3,1506,8,146,-1,1,0,-1,-,Cp3Pi
final,64209.672566,3,1507,6,127,-1,1,-1,-2,-,C3Pi
final,64233.114259,3,1508,7,22,-1,0,0,-1,-,e1Pi
final,64262.080186,3,1509,8,146,-1,1,-1,-2,-,Cp3Pi
final,64294.725965,3,1510,5,130,0,1,0,0,-,B3Sigma-
final,64301.910389,3,1511,5,130,0,1,-1,-1,-,B3Sigma-
final,64315.528366,3,1512,6,127,-1,1,0,-1,-,C3Pi
final,64368.3102,3,1513,8,145,-1,1,1,0,-,Cp3Pi
final,64388.59543,3,1514,6,126,-1,1,1,0,-,C3Pi
final,64397.896108,3,1515,5,131,0,1,-1,-1,-,B3Sigma-
final,64409.192361,3,1516,6,128,-1,1,-1,-2,-,C3Pi
final,64497.064244,3,1517,5,131,0,1,0,0,-,B3Sigma-
final,64504.020269,3,1518,6,128,-1,1,0,-1,-,C3Pi
final,64505.396102,3,1519,8,147,-1,1,-1,-2,-,Cp3Pi
final,64557.531794,3,1520,8,147,-1,1,0,-1,-,Cp3Pi
final,64573.079774,3,1521,7,23,-1,0,0,-1,-,e1Pi
final,64574.922863,3,1522,6,127,-1,1,1,0,-,C3Pi
final,64599.076504,3,1523,5,132,0,1,-1,-1,-,B3Sigma-
final,64608.848504,3,1524,6,129,-1,1,-1,-2,-,C3Pi
final,64623.928056,3,1525,8,146,-1,1,1,0,-,Cp3Pi
final,64700.887047,3,1526,5,132,0,1,0,0,-,B3Sigma-
final,64707.502632,3,1527,6,129,-1,1,0,-1,-,C3Pi
final,64750.458868,3,1528,8,148,-1,1,-1,-2,-,Cp3Pi
final,64773.146891,3,1529,6,128,-1,1,1,0,-,C3Pi
final,64783.108616,3,1530,8,148,-1,1,0,-1,-,Cp3Pi
final,64810.85664,3,1531,6,130,-1,1,-1,-2,-,C3Pi
final,64819.539534,3,1532,6,130,-1,1,0,-1,-,C3Pi
final,64870.077388,3,1533,8,147,-1,1,1,0,-,Cp3Pi
final,64883.22104,3,1534,7,24,-1,0,0,-1,-,e1Pi
final,64906.313337,3,1535,5,133,0,1,0,0,-,B3Sigma-
final,64912.428766,3,1536,5,133,0,1,-1,-1,-,B3Sigma-
final,64972.25882,3,1537,6,129,-1,1,1,0,-,C3Pi
final,64988.289431,3,1538,8,149,-1,1,0,-1,-,Cp3Pi
final,64990.200551,3,1539,8,149,-1,1,-1,-2,-,Cp3Pi
final,65021.619253,3,1540,6,131,-1,1,-1,-2,-,C3Pi
final,65062.894271,3,1541,6,131,-1,1,0,-1,-,C3Pi
final,65110.554872,3,1542,5,134,0,1,0,0,-,B3Sigma-
final,65118.189521,3,1543,5,134,0,1,-1,-1,-,B3Sigma-
final,65120.568249,3,1544,8,148,-1,1,1,0,-,Cp3Pi
final,65162.750272,3,1545,7,25,-1,0,0,-1,-,e1Pi
final,65173.336643,3,1546,6,130,-1,1,1,0,-,C3Pi
final,65192.88436,3,1547,5,135,0,1,-1,-1,-,B3Sigma-
final,65210.452604,3,1548,6,132,-1,1,-1,-2,-,C3Pi
final,65320.743405,3,1549,5,135,0,1,0,0,-,B3Sigma-
final,65326.379926,3,1550,6,132,-1,1,0,-1,-,C3Pi
final,65370.89685,3,1551,6,131,-1,1,1,0,-,C3Pi
final,65393.17805,3,1552,5,136,0,1,-1,-1,-,B3Sigma-
final,65411.191714,3,1553,7,26,-1,0,0,-1,-,e1Pi
final,65412.963018,3,1554,6,133,-1,1,-1,-2,-,C3Pi
final,65530.122562,3,1555,5,136,0,1,0,0,-,B3Sigma-
final,65535.424424,3,1556,6,133,-1,1,0,-1,-,C3Pi
final,65571.750721,3,1557,6,132,-1,1,1,0,-,C3Pi
final,65596.34412,3,1558,5,137,0,1,-1,-1,-,B3Sigma-
final,65617.67252,3,1559,6,134,-1,1,-1,-2,-,C3Pi
final,65629.440025,3,1560,7,27,-1,0,0,-1,-,e1Pi
final,65740.915195,3,1561,5,137,0,1,0,0,-,B3Sigma-
final,65745.867121,3,1562,6,134,-1,1,0,-1,-,C3Pi
final,65774.570395,3,1563,6,133,-1,1,1,0,-,C3Pi
final,65801.575193,3,1564,6,135,-1,1,0,-1,-,C3Pi
final,65820.655847,3,1565,7,28,-1,0,0,-1,-,e1Pi
final,65824.078026,3,1566,6,135,-1,1,-1,-2,-,C3Pi
final,65953.05119,3,1567,5,138,0,1,0,0,-,B3Sigma-
final,65957.689249,3,1568,5,138,0,1,-1,-1,-,B3Sigma-
final,65972.50178,3,1569,7,29,-1,0,0,-1,-,e1Pi
final,65979.422521,3,1570,6,134,-1,1,1,0,-,C3Pi
final,66008.591939,3,1571,6,136,-1,1,0,-1,-,C3Pi
final,66031.953545,3,1572,6,136,-1,1,-1,-2,-,C3Pi
final,66038.507034,3,1573,7,30,-1,0,0,-1,-,e1Pi
final,66106.013016,3,1574,7,31,-1,0,0,-1,-,e1Pi
final,66152.766874,3,1575,7,32,-1,0,0,-1,-,e1Pi
final,66166.441062,3,1576,5,139,0,1,0,0,-,B3Sigma-
final,66170.83986,3,1577,5,139,0,1,-1,-1,-,B3Sigma-
final,66186.314017,3,1578,6,135,-1,1,1,0,-,C3Pi
final,66193.786801,3,1579,7,33,-1,0,0,-1,-,e1Pi
final,66217.189559,3,1580,6,137,-1,1,0,-1,-,C3Pi
final,66224.035657,3,1581,7,34,-1,0,0,-1,-,e1Pi
final,66241.203758,3,1582,6,137,-1,1,-1,-2,-,C3Pi
final,66244.873877,3,1583,7,35,-1,0,0,-1,-,e1Pi
final,66261.795757,3,1584,7,36,-1,0,0,-1,-,e1Pi
final,66281.657506,3,1585,7,37,-1,0,0,-1,-,e1Pi
final,66305.525354,3,1586,7,38,-1,0,0,-1,-,e1Pi
final,66333.370071,3,1587,7,39,-1,0,0,-1,-,e1Pi
final,66365.159108,3,1588,7,40,-1,0,0,-1,-,e1Pi
final,66380.82095,3,1589,5,140,0,1,0,0,-,B3Sigma-
final,66385.175688,3,1590,5,140,0,1,-1,-1,-,B3Sigma-
final,66395.358708,3,1591,6,136,-1,1,1,0,-,C3Pi
final,66400.317003,3,1592,7,41,-1,0,0,-1,-,e1Pi
final,66427.284018,3,1593,6,138,-1,1,0,-1,-,C3Pi
final,66437.871902,3,1594,7,42,-1,0,0,-1,-,e1Pi
final,66451.840179,3,1595,6,138,-1,1,-1,-2,-,C3Pi
final,66477.386796,3,1596,7,43,-1,0,0,-1,-,e1Pi
final,66519.740124,3,1597,7,44,-1,0,0,-1,-,e1Pi
final,66565.652694,3,1598,7,45,-1,0,0,-1,-,e1Pi
final,66595.386747,3,1599,6,137,-1,1,1,0,-,C3Pi
final,66600.523424,3,1600,5,141,0,1,-1,-1,-,B3Sigma-
final,66607.244335,3,1601,5,141,0,1,0,0,-,B3Sigma-
final,66614.240601,3,1602,7,46,-1,0,0,-1,-,e1Pi
final,66638.937543,3,1603,6,139,-1,1,0,-1,-,C3Pi
final,66663.923714,3,1604,6,139,-1,1,-1,-2,-,C3Pi
final,66664.228505,3,1605,7,47,-1,0,0,-1,-,e1Pi
final,66716.169132,3,1606,7,48,-1,0,0,-1,-,e1Pi
final,66771.53407,3,1607,7,49,-1,0,0,-1,-,e1Pi
final,66809.006078,3,1608,6,138,-1,1,1,0,-,C3Pi
final,66817.110836,3,1609,5,142,0,1,-1,-1,-,B3Sigma-
final,66822.724563,3,1610,5,142,0,1,0,0,-,B3Sigma-
final,66829.686366,3,1611,7,50,-1,0,0,-1,-,e1Pi
final,66852.299733,3,1612,6,140,-1,1,0,-1,-,C3Pi
final,66877.495495,3,1613,6,140,-1,1,-1,-2,-,C3Pi
final,66889.073872,3,1614,7,51,-1,0,0,-1,-,e1Pi
final,66950.302554,3,1615,7,52,-1,0,0,-1,-,e1Pi
final,67014.737545,3,1616,7,53,-1,0,0,-1,-,e1Pi
final,67022.313473,3,1617,6,139,-1,1,1,0,-,C3Pi
final,67035.120805,3,1618,5,143,0,1,-1,-1,-,B3Sigma-
final,67041.090258,3,1619,5,143,0,1,0,0,-,B3Sigma-
final,67067.525927,3,1620,6,141,-1,1,0,-1,-,C3Pi
final,67081.372778,3,1621,7,54,-1,0,0,-1,-,e1Pi
final,67092.547988,3,1622,6,141,-1,1,-1,-2,-,C3Pi
final,67149.201617,3,1623,7,55,-1,0,0,-1,-,e1Pi
final,67219.514362,3,1624,7,56,-1,0,0,-1,-,e1Pi
final,67236.423722,3,1625,6,140,-1,1,1,0,-,C3Pi
final,67254.26785,3,1626,5,144,0,1,-1,-1,-,B3Sigma-
final,67261.552026,3,1627,5,144,0,1,0,0,-,B3Sigma-
final,67284.687103,3,1628,6,142,-1,1,0,-1,-,C3Pi
final,67292.630053,3,1629,7,57,-1,0,0,-1,-,e1Pi
final,67309.043482,3,1630,6,142,-1,1,-1,-2,-,C3Pi
final,67367.090354,3,1631,7,58,-1,0,0,-1,-,e1Pi
final,67443.239124,3,1632,7,59,-1,0,0,-1,-,e1Pi
final,67451.790711,3,1633,6,141,-1,1,1,0,-,C3Pi
final,67474.309494,3,1634,5,145,0,1,-1,-1,-,B3Sigma-
final,67483.665632,3,1635,5,145,0,1,0,0,-,B3Sigma-
final,67503.795432,3,1636,6,143,-1,1,0,-1,-,C3Pi
final,67522.2201,3,1637,7,60,-1,0,0,-1,-,e1Pi
final,67526.952798,3,1638,6,143,-1,1,-1,-2,-,C3Pi
final,67603.089096,3,1639,7,61,-1,0,0,-1,-,e1Pi
final,67668.517773,3,1640,6,142,-1,1,1,0,-,C3Pi
final,67685.336568,3,1641,7,62,-1,0,0,-1,-,e1Pi
final,67695.152536,3,1642,5,146,0,1,-1,-1,-,B3Sigma-
final,67707.26342,3,1643,5,146,0,1,0,0,-,B3Sigma-
final,67724.875001,3,1644,6,144,-1,1,0,-1,-,C3Pi
final,67746.274722,3,1645,6,144,-1,1,-1,-2,-,C3Pi
final,67769.95499,3,1646,7,63,-1,0,0,-1,-,e1Pi
final,67856.686731,3,1647,7,64,-1,0,0,-1,-,e1Pi
final,67886.597144,3,1648,6,143,-1,1,1,0,-,C3Pi
final,67916.858374,3,1649,5,147,0,1,-1,-1,-,B3Sigma-
final,67932.579985,3,1650,5,147,0,1,0,0,-,B3Sigma-
final,67944.933234,3,1651,7,65,-1,0,0,-1,-,e1Pi
final,67948.023299,3,1652,6,145,-1,1,0,-1,-,C3Pi
final,67967.025201,3,1653,6,145,-1,1,-1,-2,-,C3Pi
final,68035.293496,3,1654,7,66,-1,0,0,-1,-,e1Pi
final,68106.002862,3,1655,6,144,-1,1,1,0,-,C3Pi
final,68127.70404,3,1656,7,67,-1,0,0,-1,-,e1Pi
final,68139.610156,3,1657,5,148,0,1,-1,-1,-,B3Sigma-
final,68159.440226,3,1658,5,148,0,1,0,0,-,B3Sigma-
final,68173.08546,3,1659,6,146,-1,1,0,-1,-,C3Pi
final,68189.216427,3,1660,6,146,-1,1,-1,-2,-,C3Pi
final,68221.679056,3,1661,7,68,-1,0,0,-1,-,e1Pi
final,68317.648542,3,1662,7,69,-1,0,0,-1,-,e1Pi
final,68327.213944,3,1663,6,145,-1,1,1,0,-,C3Pi
final,68363.236486,3,1664,5,149,0,1,-1,-1,-,B3Sigma-
final,68387.51735,3,1665,5,149,0,1,0,0,-,B3Sigma-
final,68399.887468,3,1666,6,147,-1,1,0,-1,-,C3Pi
final,68412.846971,3,1667,6,147,-1,1,-1,-2,-,C3Pi
final,68415.652706,3,1668,7,70,-1,0,0,-1,-,e1Pi
final,68515.273399,3,1669,7,71,-1,0,0,-1,-,e1Pi
final,68549.468836,3,1670,6,146,-1,1,1,0,-,C3Pi
final,68591.820494,3,1671,6,148,-1,1,-1,-2,-,C3Pi
final,68616.737552,3,1672,7,72,-1,0,0,-1,-,e1Pi
final,68637.873793,3,1673,6,149,-1,1,-1,-2,-,C3Pi
final,68720.156636,3,1674,7,73,-1,0,0,-1,-,e1Pi
final,68771.158216,3,1675,6,147,-1,1,1,0,-,C3Pi
final,68812.080425,3,1676,6,148,-1,1,0,-1,-,C3Pi
final,68825.297108,3,1677,7,74,-1,0,0,-1,-,e1Pi
final,68864.355058,3,1678,6,149,-1,1,0,-1,-,C3Pi
final,68932.227853,3,1679,7,75,-1,0,0,-1,-,e1Pi
final,68991.371369,3,1680,6,148,-1,1,1,0,-,C3Pi
final,69038.565053,3,1681,6,149,-1,1,1,0,-,C3Pi
final,69040.977563,3,1682,7,76,-1,0,0,-1,-,e1Pi
final,69151.466437,3,1683,7,77,-1,0,0,-1,-,e1Pi
final,69217.958672,3,1684,6,150,-1,1,1,0,-,C3Pi
final,69263.762713,3,1685,7,78,-1,0,0,-1,-,e1Pi
final,69377.816574,3,1686,7,79,-1,0,0,-1,-,e1Pi
final,69493.563506,3,1687,7,80,-1,0,0,-1,-,e1Pi
final,69611.090911,3,1688,7,81,-1,0,0,-1,-,e1Pi
final,69730.373277,3,1689,7,82,-1,0,0,-1,-,e1Pi
final,69851.332806,3,1690,7,83,-1,0,0,-1,-,e1Pi
final,69974.007304,3,1691,7,84,-1,0,0,-1,-,e1Pi
final,70098.415928,3,1692,7,85,-1,0,0,-1,-,e1Pi
final,70224.519159,3,1693,7,86,-1,0,0,-1,-,e1Pi
final,70352.29511,3,1694,7,87,-1,0,0,-1,-,e1Pi
final,70481.756114,3,1695,7,88,-1,0,0,-1,-,e1Pi
final,70612.913456,3,1696,7,89,-1,0,0,-1,-,e1Pi
final,70745.736369,3,1697,7,90,-1,0,0,-1,-,e1Pi
final,70880.202513,3,1698,7,91,-1,0,0,-1,-,e1Pi
final,71016.337351,3,1699,7,92,-1,0,0,-1,-,e1Pi
final,71154.138467,3,1700,7,93,-1,0,0,-1,-,e1Pi
final,71293.565732,3,1701,7,94,-1,0,0,-1,-,e1Pi
final,71434.623344,3,1702,7,95,-1,0,0,-1,-,e1Pi
final,71577.332362,3,1703,7,96,-1,0,0,-1,-,e1Pi
final,71721.665967,3,1704,7,97,-1,0,0,-1,-,e1Pi
final,71867.604499,3,1705,7,98,-1,0,0,-1,-,e1Pi
final,72015.167219,3,1706,7,99,-1,0,0,-1,-,e1Pi
final,72164.350869,3,1707,7,100,-1,0,0,-1,-,e1Pi
final,72315.126432,3,1708,7,101,-1,0,0,-1,-,e1Pi
final,72467.495864,3,1709,7,102,-1,0,0,-1,-,e1Pi
final,72621.473651,3,1710,7,103,-1,0,0,-1,-,e1Pi
final,72777.038997,3,1711,7,104,-1,0,0,-1,-,e1Pi
final,72934.17672,3,1712,7,105,-1,0,0,-1,-,e1Pi
final,73092.902958,3,1713,7,106,-1,0,0,-1,-,e1Pi
final,73253.211158,3,1714,7,107,-1,0,0,-1,-,e1Pi
final,73415.078068,3,1715,7,108,-1,0,0,-1,-,e1Pi
final,73578.51102,3,1716,7,109,-1,0,0,-1,-,e1Pi
final,73743.516918,3,1717,7,110,-1,0,0,-1,-,e1Pi
final,73910.074329,3,1718,7,111,-1,0,0,-1,-,e1Pi
final,74078.179853,3,1719,7,112,-1,0,0,-1,-,e1Pi
final,74247.844136,3,1720,7,113,-1,0,0,-1,-,e1Pi
final,74419.052815,3,1721,7,114,-1,0,0,-1,-,e1Pi
final,74591.795262,3,1722,7,115,-1,0,0,-1,-,e1Pi
final,74766.079259,3,1723,7,116,-1,0,0,-1,-,e1Pi
final,74941.90318,3,1724,7,117,-1,0,0,-1,-,e1Pi
final,75119.250711,3,1725,7,118,-1,0,0,-1,-,e1Pi
final,75298.12389,3,1726,7,119,-1,0,0,-1,-,e1Pi
final,75478.530064,3,1727,7,120,-1,0,0,-1,-,e1Pi
final,75660.446762,3,1728,7,121,-1,0,0,-1,-,e1Pi
final,75843.876852,3,1729,7,122,-1,0,0,-1,-,e1Pi
final,76028.827087,3,1730,7,123,-1,0,0,-1,-,e1Pi
final,76215.279179,3,1731,7,124,-1,0,0,-1,-,e1Pi
final,76403.237226,3,1732,7,125,-1,0,0,-1,-,e1Pi
final,76592.698582,3,1733,7,126,-1,0,0,-1,-,e1Pi
final,76783.660479,3,1734,7,127,-1,0,0,-1,-,e1Pi
final,76976.114076,3,1735,7,128,-1,0,0,-1,-,e1Pi
final,77170.058072,3,1736,7,129,-1,0,0,-1,-,e1Pi
final,77365.50081,3,1737,7,130,-1,0,0,-1,-,e1Pi
final,77562.417747,3,1738,7,131,-1,0,0,-1,-,e1Pi
final,77760.825358,3,1739,7,132,-1,0,0,-1,-,e1Pi
final,77960.718793,3,1740,7,133,-1,0,0,-1,-,e1Pi
final,78162.079743,3,1741,7,134,-1,0,0,-1,-,e1Pi
final,78364.926583,3,1742,7,135,-1,0,0,-1,-,e1Pi
final,78569.23837,3,1743,7,136,-1,0,0,-1,-,e1Pi
final,78775.021229,3,1744,7,137,-1,0,0,-1,-,e1Pi
final,78982.266685,3,1745,7,138,-1,0,0,-1,-,e1Pi
final,79190.973194,3,1746,7,139,-1,0,0,-1,-,e1Pi
final,79401.145908,3,1747,7,140,-1,0,0,-1,-,e1Pi
final,79612.766583,3,1748,7,141,-1,0,0,-1,-,e1Pi
final,79825.859273,3,1749,7,142,-1,0,0,-1,-,e1Pi
final,80040.398728,3,1750,7,143,-1,0,0,-1,-,e1Pi
final,80256.388881,3,1751,7,144,-1,0,0,-1,-,e1Pi
final,80473.833347,3,1752,7,145,-1,0,0,-1,-,e1Pi
final,80692.710292,3,1753,7,146,-1,0,0,-1,-,e1Pi
final,80913.039427,3,1754,7,147,-1,0,0,-1,-,e1Pi
final,81134.806581,3,1755,7,148,-1,0,0,-1,-,e1Pi
final,81358.023255,3,1756,7,149,-1,0,0,-1,-,e1Pi
final,11.021799,4,1,1,0,0,1,0,0,+,X3Sig-
final,26.812042,4,2,1,0,0,1,1,1,+,X3Sig-
final,1148.919004,4,3,1,1,0,1,0,0,+,X3Sig-
final,1164.669983,4,4,1,1,0,1,1,1,+,X3Sig-
final,2274.104253,4,5,1,2,0,1,0,0,+,X3Sig-
final,2289.819037,4,6,1,2,0,1,1,1,+,X3Sig-
final,3386.645842,4,7,1,3,0,1,0,0,+,X3Sig-
final,3402.32714,4,8,1,3,0,1,1,1,+,X3Sig-
final,4486.58976,4,9,1,4,0,1,0,0,+,X3Sig-
final,4502.238683,4,10,1,4,0,1,1,1,+,X3Sig-
final,5573.975487,4,11,1,5,0,1,0,0,+,X3Sig-
final,5589.58487,4,12,1,5,0,1,1,1,+,X3Sig-
final,5883.019689,4,13,2,0,2,0,0,2,+,a1Delta
final,6648.783822,4,14,1,6,0,1,0,0,+,X3Sig-
final,6664.353977,4,15,1,6,0,1,1,1,+,X3Sig-
final,6984.269154,4,16,2,1,2,0,0,2,+,a1Delta
final,7710.986003,4,17,1,7,0,1,0,0,+,X3Sig-
final,7726.52596,4,18,1,7,0,1,1,1,+,X3Sig-
final,8071.913175,4,19,2,2,2,0,0,2,+,a1Delta
final,8760.606158,4,20,1,8,0,1,0,0,+,X3Sig-
final,8776.105099,4,21,1,8,0,1,1,1,+,X3Sig-
final,9146.015663,4,22,2,3,2,0,0,2,+,a1Delta
final,9797.56351,4,23,1,9,0,1,0,0,+,X3Sig-
final,9813.031603,4,24,1,9,0,1,1,1,+,X3Sig-
final,10206.620215,4,25,2,4,2,0,0,2,+,a1Delta
final,10491.401501,4,26,3,0,0,0,0,0,+,b1Sig+
final,10821.800062,4,27,1,10,0,1,0,0,+,X3Sig-
final,10837.254348,4,28,1,10,0,1,1,1,+,X3Sig-
final,11253.753009,4,29,2,5,2,0,0,2,+,a1Delta
final,11545.504166,4,30,3,1,0,0,0,0,+,b1Sig+
final,11833.295919,4,31,1,11,0,1,0,0,+,X3Sig-
final,11848.738315,4,32,1,11,0,1,1,1,+,X3Sig-
final,12287.439766,4,33,2,6,2,0,0,2,+,a1Delta
final,12585.172151,4,34,3,2,0,0,0,0,+,b1Sig+
final,12831.979844,4,35,1,12,0,1,0,0,+,X3Sig-
final,12847.413636,4,36,1,12,0,1,1,1,+,X3Sig-
final,13307.642398,4,37,2,7,2,0,0,2,+,a1Delta
final,13610.326627,4,38,3,3,0,0,0,0,+,b1Sig+
final,13817.765874,4,39,1,13,0,1,0,0,+,X3Sig-
final,13833.200956,4,40,1,13,0,1,1,1,+,X3Sig-
final,14314.33573,4,41,2,8,2,0,0,2,+,a1Delta
final,14620.879846,4,42,3,4,0,0,0,0,+,b1Sig+
final,14790.573559,4,43,1,14,0,1,0,0,+,X3Sig-
final,14806.015288,4,44,1,14,0,1,1,1,+,X3Sig-
final,15307.493562,4,45,2,9,2,0,0,2,+,a1Delta
final,15616.690768,4,46,3,5,0,0,0,0,+,b1Sig+
final,15750.314719,4,47,1,15,0,1,0,0,+,X3Sig-
final,15765.764609,4,48,1,15,0,1,1,1,+,X3Sig-
final,16286.992355,4,49,2,10,2,0,0,2,+,a1Delta
final,16597.656507,4,50,3,6,0,0,0,0,+,b1Sig+
final,16696.895018,4,51,1,16,0,1,0,0,+,X3Sig-
final,16712.355352,4,52,1,16,0,1,1,1,+,X3Sig-
final,17252.802201,4,53,2,11,2,0,0,2,+,a1Delta
final,17563.68119,4,54,3,7,0,0,0,0,+,b1Sig+
final,17630.197081,4,55,1,17,0,1,0,0,+,X3Sig-
final,17645.67822,4,56,1,17,0,1,1,1,+,X3Sig-
final,18204.863196,4,57,2,12,2,0,0,2,+,a1Delta
final,18514.596904,4,58,3,8,0,0,0,0,+,b1Sig+
final,18550.118776,4,59,1,18,0,1,0,0,+,X3Sig-
final,18565.628927,4,60,1,18,0,1,1,1,+,X3Sig-
final,19143.049553,4,61,2,13,2,0,0,2,+,a1Delta
final,19450.311545,4,62,3,9,0,0,0,0,+,b1Sig+
final,19456.532669,4,63,1,19,0,1,0,0,+,X3Sig-
final,19472.080302,4,64,1,19,0,1,1,1,+,X3Sig-
final,20067.22333,4,65,2,14,2,0,0,2,+,a1Delta
final,20349.31081,4,66,1,20,0,1,0,0,+,X3Sig-
final,20364.902633,4,67,1,20,0,1,1,1,+,X3Sig-
final,20370.675821,4,68,3,10,0,0,0,0,+,b1Sig+
final,20977.282281,4,69,2,15,2,0,0,2,+,a1Delta
final,21228.319482,4,70,1,21,0,1,0,0,+,X3Sig-
final,21243.961554,4,71,1,21,0,1,1,1,+,X3Sig-
final,21275.538139,4,72,3,11,0,0,0,0,+,b1Sig+
final,21873.117677,4,73,2,16,2,0,0,2,+,a1Delta
final,22093.417057,4,74,1,22,0,1,0,0,+,X3Sig-
final,22109.119517,4,75,1,22,0,1,1,1,+,X3Sig-
final,22164.787078,4,76,3,12,0,0,0,0,+,b1Sig+
final,22754.52817,4,77,2,17,2,0,0,2,+,a1Delta
final,22944.457084,4,78,1,23,0,1,0,0,+,X3Sig-
final,22960.231568,4,79,1,23,0,1,1,1,+,X3Sig-
final,23038.294311,4,80,3,13,0,0,0,0,+,b1Sig+
final,23621.381125,4,81,2,18,2,0,0,2,+,a1Delta
final,23781.27877,4,82,1,24,0,1,0,0,+,X3Sig-
final,23797.136066,4,83,1,24,0,1,1,1,+,X3Sig-
final,23895.884732,4,84,3,14,0,0,0,0,+,b1Sig+
final,24473.517705,4,85,2,19,2,0,0,2,+,a1Delta
final,24603.725708,4,86,1,25,0,1,0,0,+,X3Sig-
final,24619.676003,4,87,1,25,0,1,1,1,+,X3Sig-
final,24737.391263,4,88,3,15,0,0,0,0,+,b1Sig+
final,25310.734163,4,89,2,20,2,0,0,2,+,a1Delta
final,25411.616886,4,90,1,26,0,1,0,0,+,X3Sig-
final,25427.682312,4,91,1,26,0,1,1,1,+,X3Sig-
final,25562.677182,4,92,3,16,0,0,0,0,+,b1Sig+
final,26132.853251,4,93,2,21,2,0,0,2,+,a1Delta
final,26204.789974,4,94,1,27,0,1,0,0,+,X3Sig-
final,26220.991008,4,95,1,27,0,1,1,1,+,X3Sig-
final,26371.606827,4,96,3,17,0,0,0,0,+,b1Sig+
final,26939.66744,4,97,2,22,2,0,0,2,+,a1Delta
final,26983.058827,4,98,1,28,0,1,0,0,+,X3Sig-
final,26999.415372,4,99,1,28,0,1,1,1,+,X3Sig-
final,27164.003408,4,100,3,18,0,0,0,0,+,b1Sig+
final,27730.973248,4,101,2,23,2,0,0,2,+,a1Delta
final,27746.244697,4,102,1,29,0,1,0,0,+,X3Sig-
final,27762.774404,4,103,1,29,0,1,1,1,+,X3Sig-
final,27939.726047,4,104,3,19,0,0,0,0,+,b1Sig+
final,28494.150341,4,105,1,30,0,1,0,0,+,X3Sig-
final,28506.545005,4,106,2,24,2,0,0,2,+,a1Delta
final,28510.876966,4,107,1,30,0,1,1,1,+,X3Sig-
final,28698.621913,4,108,3,20,0,0,0,0,+,b1Sig+
final,29226.598765,4,109,1,31,0,1,0,0,+,X3Sig-
final,29243.536481,4,110,1,31,0,1,1,1,+,X3Sig-
final,29266.143573,4,111,2,25,2,0,0,2,+,a1Delta
final,29440.497979,4,112,3,21,0,0,0,0,+,b1Sig+
final,29943.405388,4,113,1,32,0,1,0,0,+,X3Sig-
final,29960.544639,4,114,1,32,0,1,1,1,+,X3Sig-
final,30009.548739,4,115,2,26,2,0,0,2,+,a1Delta
final,30165.207905,4,116,3,22,0,0,0,0,+,b1Sig+
final,30644.428571,4,117,1,33,0,1,0,0,+,X3Sig-
final,30661.700993,4,118,1,33,0,1,1,1,+,X3Sig-
final,30736.491875,4,119,2,27,2,0,0,2,+,a1Delta
final,30872.568002,4,120,3,23,0,0,0,0,+,b1Sig+
final,31329.518507,4,121,1,34,0,1,0,0,+,X3Sig-
final,31346.797855,4,122,1,34,0,1,1,1,+,X3Sig-
final,31446.711058,4,123,2,28,2,0,0,2,+,a1Delta
final,31562.451914,4,124,3,24,0,0,0,0,+,b1Sig+
final,31998.425674,4,125,1,35,0,1,0,0,+,X3Sig-
final,32015.614955,4,126,1,35,0,1,1,1,+,X3Sig-
final,32139.956183,4,127,2,29,2,0,0,2,+,a1Delta
final,32234.6476,4,128,3,25,0,0,0,0,+,b1Sig+
final,32650.699049,4,129,1,36,0,1,0,0,+,X3Sig-
final,32667.91073,4,130,1,36,0,1,1,1,+,X3Sig-
final,32815.922282,4,131,2,30,2,0,0,2,+,a1Delta
final,32888.986014,4,132,3,26,0,0,0,0,+,b1Sig+
final,33285.845727,4,133,1,37,0,1,0,0,+,X3Sig-
final,33303.438321,4,134,1,37,0,1,1,1,+,X3Sig-
final,33474.32474,4,135,2,31,2,0,0,2,+,a1Delta
final,33525.307797,4,136,3,27,0,0,0,0,+,b1Sig+
final,33903.791481,4,137,1,38,0,1,0,0,+,X3Sig-
final,33921.98253,4,138,1,38,0,1,1,1,+,X3Sig-
final,34114.877822,4,139,2,32,2,0,0,2,+,a1Delta
final,34143.404321,4,140,3,28,0,0,0,0,+,b1Sig+
final,34504.793775,4,141,1,39,0,1,0,0,+,X3Sig-
final,34523.323622,4,142,1,39,0,1,1,1,+,X3Sig-
final,34737.243513,4,143,2,33,2,0,0,2,+,a1Delta
final,34743.153602,4,144,3,29,0,0,0,0,+,b1Sig+
final,35088.543982,4,145,1,40,0,1,0,0,+,X3Sig-
final,35107.21109,4,146,1,40,0,1,1,1,+,X3Sig-
final,35324.34622,4,147,3,30,0,0,0,0,+,b1Sig+
final,35341.10808,4,148,2,34,2,0,0,2,+,a1Delta
final,35654.074634,4,149,1,41,0,1,0,0,+,X3Sig-
final,35673.359875,4,150,1,41,0,1,1,1,+,X3Sig-
final,35886.794005,4,151,3,31,0,0,0,0,+,b1Sig+
final,35926.14328,4,152,2,35,2,0,0,2,+,a1Delta
final,36201.213999,4,153,1,42,0,1,0,0,+,X3Sig-
final,36221.520195,4,154,1,42,0,1,1,1,+,X3Sig-
final,36430.322329,4,155,3,32,0,0,0,0,+,b1Sig+
final,36491.976154,4,156,2,36,2,0,0,2,+,a1Delta
final,36730.361011,4,157,1,43,0,1,0,0,+,X3Sig-
final,36751.454334,4,158,1,43,0,1,1,1,+,X3Sig-
final,36954.708001,4,159,3,33,0,0,0,0,+,b1Sig+
final,37038.263275,4,160,2,37,2,0,0,2,+,a1Delta
final,37240.753505,4,161,1,44,0,1,0,0,+,X3Sig-
final,37262.87349,4,162,1,44,0,1,1,1,+,X3Sig-
final,37459.832043,4,163,3,34,0,0,0,0,+,b1Sig+
final,37564.637164,4,164,2,38,2,0,0,2,+,a1Delta
final,37731.745701,4,165,1,45,0,1,0,0,+,X3Sig-
final,37755.494671,4,166,1,45,0,1,1,1,+,X3Sig-
final,37945.554909,4,167,3,35,0,0,0,0,+,b1Sig+
final,37951.502362,4,168,4,0,1,1,-1,0,+,A3Pi
final,38070.691371,4,169,2,39,2,0,0,2,+,a1Delta
final,38107.644075,4,170,4,0,1,1,0,1,+,A3Pi
final,38203.858924,4,171,1,46,0,1,0,0,+,X3Sig-
final,38229.051686,4,172,1,46,0,1,1,1,+,X3Sig-
final,38270.544171,4,173,4,0,1,1,1,2,+,A3Pi
final,38370.279777,4,174,4,1,1,1,-1,0,+,A3Pi
final,38411.69029,4,175,3,36,0,0,0,0,+,b1Sig+
final,38524.212108,4,176,4,1,1,1,0,1,+,A3Pi
final,38556.048255,4,177,2,40,2,0,0,2,+,a1Delta
final,38656.378315,4,178,1,47,0,1,0,0,+,X3Sig-
final,38683.248857,4,179,1,47,0,1,1,1,+,X3Sig-
final,38684.80264,4,180,4,1,1,1,1,2,+,A3Pi
final,38779.609649,4,181,4,2,1,1,-1,0,+,A3Pi
final,38858.068532,4,182,3,37,0,0,0,0,+,b1Sig+
final,38931.65047,4,183,4,2,1,1,0,1,+,A3Pi
final,39020.291508,4,184,2,41,2,0,0,2,+,a1Delta
final,39088.413177,4,185,1,48,0,1,0,0,+,X3Sig-
final,39090.247164,4,186,4,2,1,1,1,2,+,A3Pi
final,39117.786987,4,187,1,48,0,1,1,1,+,X3Sig-
final,39185.393146,4,188,4,3,1,1,-1,0,+,A3Pi
final,39284.492019,4,189,3,38,0,0,0,0,+,b1Sig+
final,39335.521695,4,190,4,3,1,1,0,1,+,A3Pi
final,39462.983701,4,191,2,42,2,0,0,2,+,a1Delta
final,39492.111411,4,192,4,3,1,1,1,2,+,A3Pi
final,39500.624149,4,193,1,49,0,1,0,0,+,X3Sig-
final,39532.372055,4,194,1,49,0,1,1,1,+,X3Sig-
final,39587.663629,4,195,4,4,1,1,-1,0,+,A3Pi
final,39690.81674,4,196,3,39,0,0,0,0,+,b1Sig+
final,39735.805586,4,197,4,4,1,1,0,1,+,A3Pi
final,39883.709468,4,198,2,43,2,0,0,2,+,a1Delta
final,39890.31373,4,199,4,4,1,1,1,2,+,A3Pi
final,39892.111854,4,200,1,50,0,1,0,0,+,X3Sig-
final,39926.690216,4,201,1,50,0,1,1,1,+,X3Sig-
final,39986.175254,4,202,4,5,1,1,-1,0,+,A3Pi
final,40076.903464,4,203,3,40,0,0,0,0,+,b1Sig+
final,40132.220848,4,204,4,5,1,1,0,1,+,A3Pi
final,40261.898932,4,205,1,51,0,1,0,0,+,X3Sig-
final,40281.99621,4,206,2,44,2,0,0,2,+,a1Delta
final,40284.520417,4,207,4,5,1,1,1,2,+,A3Pi
final,40300.42606,4,208,1,51,0,1,1,1,+,X3Sig-
final,40380.12074,4,209,4,6,1,1,-1,0,+,A3Pi
final,40442.601243,4,210,3,41,0,0,0,0,+,b1Sig+
final,40523.868141,4,211,4,6,1,1,0,1,+,A3Pi
final,40610.897996,4,212,1,52,0,1,0,0,+,X3Sig-
final,40653.264599,4,213,1,52,0,1,1,1,+,X3Sig-
final,40657.387949,4,214,2,45,2,0,0,2,+,a1Delta
final,40673.730416,4,215,4,6,1,1,1,2,+,A3Pi
final,40767.877203,4,216,4,7,1,1,-1,0,+,A3Pi
final,40787.793254,4,217,3,42,0,0,0,0,+,b1Sig+
final,40909.038486,4,218,4,7,1,1,0,1,+,A3Pi
final,40937.737561,4,219,1,53,0,1,0,0,+,X3Sig-
final,40984.878396,4,220,1,53,0,1,1,1,+,X3Sig-
final,41009.405908,4,221,2,46,2,0,0,2,+,a1Delta
final,41056.138161,4,222,4,7,1,1,1,2,+,A3Pi
final,41112.334296,4,223,3,43,0,0,0,0,+,b1Sig+
final,41147.519324,4,224,4,8,1,1,-1,0,+,A3Pi
final,41241.463663,4,225,1,54,0,1,0,0,+,X3Sig-
final,41285.64701,4,226,4,8,1,1,0,1,+,A3Pi
final,41294.933893,4,227,1,54,0,1,1,1,+,X3Sig-
final,41337.54134,4,228,2,47,2,0,0,2,+,a1Delta
final,41384.295072,4,229,5,0,0,1,0,0,+,B3Sigma-
final,41395.078637,4,230,5,0,0,1,1,1,+,B3Sigma-
final,41416.136538,4,231,3,44,0,0,0,0,+,b1Sig+
final,41429.469679,4,232,4,8,1,1,1,2,+,A3Pi
final,41516.697223,4,233,4,9,1,1,-1,0,+,A3Pi
final,41523.539436,4,234,1,55,0,1,0,0,+,X3Sig-
final,41583.09206,4,235,1,55,0,1,1,1,+,X3Sig-
final,41641.306094,4,236,2,48,2,0,0,2,+,a1Delta
final,41651.174867,4,237,4,9,1,1,0,1,+,A3Pi
final,41699.040344,4,238,3,45,0,0,0,0,+,b1Sig+
final,41782.053908,4,239,1,56,0,1,0,0,+,X3Sig-
final,41791.004072,4,240,4,9,1,1,1,2,+,A3Pi
final,41849.005016,4,241,1,56,0,1,1,1,+,X3Sig-
final,41872.626187,4,242,4,10,1,1,-1,0,+,A3Pi
final,41920.156488,4,243,2,49,2,0,0,2,+,a1Delta
final,41960.829677,4,244,3,46,0,0,0,0,+,b1Sig+
final,42002.585488,4,245,4,10,1,1,0,1,+,A3Pi
final,42004.664878,4,246,5,1,0,1,0,0,+,B3Sigma-
final,42015.389407,4,247,5,1,0,1,1,1,+,B3Sigma-
final,42021.429366,4,248,1,57,0,1,0,0,+,X3Sig-
final,42092.370758,4,249,1,57,0,1,1,1,+,X3Sig-
final,42137.413842,4,250,4,10,1,1,1,2,+,A3Pi
final,42173.594722,4,251,2,50,2,0,0,2,+,a1Delta
final,42201.301983,4,252,3,47,0,0,0,0,+,b1Sig+
final,42212.058301,4,253,4,11,1,1,-1,0,+,A3Pi
final,42336.253528,4,254,4,11,1,1,0,1,+,A3Pi
final,42401.068727,4,255,2,51,2,0,0,2,+,a1Delta
final,42413.983744,4,256,3,48,0,0,0,0,+,b1Sig+
final,42464.51987,4,257,4,11,1,1,1,2,+,A3Pi
final,42531.061426,4,258,4,12,1,1,-1,0,+,A3Pi
final,42552.40002,4,259,3,49,0,0,0,0,+,b1Sig+
final,42602.023019,4,260,2,52,2,0,0,2,+,a1Delta
final,42615.190906,4,261,5,2,0,1,0,0,+,B3Sigma-
final,42625.857514,4,262,5,2,0,1,1,1,+,B3Sigma-
final,42647.569986,4,263,4,12,1,1,0,1,+,A3Pi
final,42706.036523,4,264,3,50,0,0,0,0,+,b1Sig+
final,42766.844579,4,265,4,12,1,1,1,2,+,A3Pi
final,42775.910213,4,266,2,53,2,0,0,2,+,a1Delta
final,42824.461057,4,267,4,13,1,1,-1,0,+,A3Pi
final,42833.782655,4,268,3,51,0,0,0,0,+,b1Sig+
final,42922.154588,4,269,2,54,2,0,0,2,+,a1Delta
final,42930.372524,4,270,4,13,1,1,0,1,+,A3Pi
final,42942.521837,4,271,3,52,0,0,0,0,+,b1Sig+
final,43023.6084,4,272,3,53,0,0,0,0,+,b1Sig+
final,43036.724255,4,273,4,13,1,1,1,2,+,A3Pi
final,43040.142047,4,274,2,55,2,0,0,2,+,a1Delta
final,43078.746061,4,275,3,54,0,0,0,0,+,b1Sig+
final,43085.182958,4,276,4,14,1,1,-1,0,+,A3Pi
final,43088.866937,4,277,8,0,1,1,1,2,+,Cp3Pi
final,43118.912674,4,278,3,55,0,0,0,0,+,b1Sig+
final,43121.150424,4,279,8,1,1,1,1,2,+,Cp3Pi
final,43128.100556,4,280,2,56,2,0,0,2,+,a1Delta
final,43149.717568,4,281,8,2,1,1,1,2,+,Cp3Pi
final,43154.082114,4,282,3,56,0,0,0,0,+,b1Sig+
final,43157.955835,4,283,8,0,1,1,0,1,+,Cp3Pi
final,43166.570977,4,284,4,14,1,1,1,2,+,A3Pi
final,43172.640834,4,285,8,3,1,1,1,2,+,Cp3Pi
final,43175.616066,4,286,3,57,0,0,0,0,+,b1Sig+
final,43175.671457,4,287,4,14,1,1,0,1,+,A3Pi
final,43186.469154,4,288,8,1,1,1,0,1,+,Cp3Pi
final,43187.100424,4,289,4,15,1,1,1,2,+,A3Pi
final,43193.057937,4,290,8,4,1,1,1,2,+,Cp3Pi
final,43194.192895,4,291,2,57,2,0,0,2,+,a1Delta
final,43203.66243,4,292,4,16,1,1,1,2,+,A3Pi
final,43208.215166,4,293,8,2,1,1,0,1,+,Cp3Pi
final,43215.270183,4,294,8,5,1,1,1,2,+,Cp3Pi
final,43215.923613,4,295,5,3,0,1,0,0,+,B3Sigma-
final,43219.747312,4,296,4,17,1,1,1,2,+,A3Pi
final,43224.577553,4,297,8,3,1,1,0,1,+,Cp3Pi
final,43225.087977,4,298,4,15,1,1,0,1,+,A3Pi
final,43226.552202,4,299,5,3,0,1,1,1,+,B3Sigma-
final,43231.475387,4,300,4,16,1,1,0,1,+,A3Pi
final,43240.225202,4,301,4,18,1,1,1,2,+,A3Pi
final,43241.400055,4,302,8,6,1,1,1,2,+,Cp3Pi
final,43243.653663,4,303,8,4,1,1,0,1,+,Cp3Pi
final,43243.881378,4,304,4,17,1,1,0,1,+,A3Pi
final,43261.545939,4,305,4,18,1,1,0,1,+,A3Pi
final,43261.873326,4,306,4,19,1,1,1,2,+,A3Pi
final,43264.820932,4,307,4,20,1,1,1,2,+,A3Pi
final,43264.838806,4,308,4,15,1,1,-1,0,+,A3Pi
final,43267.390775,4,309,8,5,1,1,0,1,+,Cp3Pi
final,43271.526026,4,310,8,7,1,1,1,2,+,Cp3Pi
final,43273.3038,4,311,4,16,1,1,-1,0,+,A3Pi
final,43282.393926,4,312,8,0,1,1,-1,0,+,Cp3Pi
final,43283.329168,4,313,4,19,1,1,0,1,+,A3Pi
final,43284.476702,4,314,4,17,1,1,-1,0,+,A3Pi
final,43293.264926,4,315,4,21,1,1,1,2,+,A3Pi
final,43294.889707,4,316,8,6,1,1,0,1,+,Cp3Pi
final,43300.958311,4,317,4,18,1,1,-1,0,+,A3Pi
final,43302.508514,4,318,4,19,1,1,-1,0,+,A3Pi
final,43305.083147,4,319,8,8,1,1,1,2,+,Cp3Pi
final,43305.981344,4,320,8,1,1,1,-1,0,+,Cp3Pi
final,43308.439724,4,321,4,20,1,1,0,1,+,A3Pi
final,43317.59178,4,322,8,2,1,1,-1,0,+,Cp3Pi
final,43322.694487,4,323,4,20,1,1,-1,0,+,A3Pi
final,43324.658813,4,324,4,22,1,1,1,2,+,A3Pi
final,43325.412686,4,325,8,3,1,1,-1,0,+,Cp3Pi
final,43325.93534,4,326,8,7,1,1,0,1,+,Cp3Pi
final,43334.528659,4,327,8,4,1,1,-1,0,+,Cp3Pi
final,43336.966883,4,328,4,21,1,1,0,1,+,A3Pi
final,43341.898986,4,329,8,9,1,1,1,2,+,Cp3Pi
final,43348.424836,4,330,4,21,1,1,-1,0,+,A3Pi
final,43352.181093,4,331,8,5,1,1,-1,0,+,Cp3Pi
final,43358.047985,4,332,4,23,1,1,1,2,+,A3Pi
final,43360.31355,4,333,8,8,1,1,0,1,+,Cp3Pi
final,43367.409502,4,334,8,6,1,1,-1,0,+,Cp3Pi
final,43368.325858,4,335,4,22,1,1,0,1,+,A3Pi
final,43368.967398,4,336,4,23,1,1,0,1,+,A3Pi
final,43378.060686,4,337,4,22,1,1,-1,0,+,A3Pi
final,43381.69293,4,338,8,10,1,1,1,2,+,Cp3Pi
final,43392.86104,4,339,4,24,1,1,1,2,+,A3Pi
final,43395.825921,4,340,8,7,1,1,-1,0,+,Cp3Pi
final,43397.761731,4,341,8,9,1,1,0,1,+,Cp3Pi
final,43401.81247,4,342,4,24,1,1,0,1,+,A3Pi
final,43409.495913,4,343,4,23,1,1,-1,0,+,A3Pi
final,43417.546596,4,344,4,25,1,1,1,2,+,A3Pi
final,43424.404142,4,345,8,11,1,1,1,2,+,Cp3Pi
final,43428.756076,4,346,8,8,1,1,-1,0,+,Cp3Pi
final,43430.411765,4,347,4,26,1,1,1,2,+,A3Pi
final,43436.35768,4,348,4,25,1,1,0,1,+,A3Pi
final,43438.140163,4,349,8,10,1,1,0,1,+,Cp3Pi
final,43442.483409,4,350,4,24,1,1,-1,0,+,A3Pi
final,43460.324347,4,351,4,25,1,1,-1,0,+,A3Pi
final,43462.690065,4,352,8,9,1,1,-1,0,+,Cp3Pi
final,43463.908783,4,353,4,27,1,1,1,2,+,A3Pi
final,43469.129484,4,354,4,26,1,1,0,1,+,A3Pi
final,43469.818057,4,355,8,12,1,1,1,2,+,Cp3Pi
final,43477.526265,4,356,4,26,1,1,-1,0,+,A3Pi
final,43481.290974,4,357,8,11,1,1,0,1,+,Cp3Pi
final,43489.361003,4,358,4,27,1,1,0,1,+,A3Pi
final,43495.219979,4,359,4,28,1,1,1,2,+,A3Pi
final,43502.902345,4,360,8,10,1,1,-1,0,+,Cp3Pi
final,43511.22076,4,361,4,27,1,1,-1,0,+,A3Pi
final,43514.691034,4,362,4,28,1,1,0,1,+,A3Pi
final,43517.943356,4,363,8,13,1,1,1,2,+,Cp3Pi
final,43526.047528,4,364,4,29,1,1,1,2,+,A3Pi
final,43527.114688,4,365,8,12,1,1,0,1,+,Cp3Pi
final,43541.247974,4,366,4,28,1,1,-1,0,+,A3Pi
final,43546.086071,4,367,8,11,1,1,-1,0,+,Cp3Pi
final,43548.00408,4,368,4,29,1,1,0,1,+,A3Pi
final,43560.326212,4,369,4,30,1,1,1,2,+,A3Pi
final,43568.610474,4,370,8,14,1,1,1,2,+,Cp3Pi
final,43569.314679,4,371,4,29,1,1,-1,0,+,A3Pi
final,43575.531667,4,372,8,13,1,1,0,1,+,Cp3Pi
final,43582.319204,4,373,4,30,1,1,0,1,+,A3Pi
final,43590.446491,4,374,8,12,1,1,-1,0,+,Cp3Pi
final,43597.509219,4,375,4,31,1,1,1,2,+,A3Pi
final,43601.725228,4,376,4,30,1,1,-1,0,+,A3Pi
final,43618.313241,4,377,4,31,1,1,0,1,+,A3Pi
final,43621.777544,4,378,8,15,1,1,1,2,+,Cp3Pi
final,43626.478342,4,379,8,14,1,1,0,1,+,Cp3Pi
final,43636.772534,4,380,4,32,1,1,1,2,+,A3Pi
final,43637.1576,4,381,4,31,1,1,-1,0,+,A3Pi
final,43638.512258,4,382,8,13,1,1,-1,0,+,Cp3Pi
final,43656.660559,4,383,4,32,1,1,0,1,+,A3Pi
final,43675.35707,4,384,4,32,1,1,-1,0,+,A3Pi
final,43677.394704,4,385,8,16,1,1,1,2,+,Cp3Pi
final,43678.012473,4,386,4,33,1,1,1,2,+,A3Pi
final,43679.857328,4,387,8,15,1,1,0,1,+,Cp3Pi
final,43689.317151,4,388,8,14,1,1,-1,0,+,Cp3Pi
final,43697.180911,4,389,4,33,1,1,0,1,+,A3Pi
final,43715.231485,4,390,4,33,1,1,-1,0,+,A3Pi
final,43721.223516,4,391,4,34,1,1,1,2,+,A3Pi
final,43735.347286,4,392,8,17,1,1,1,2,+,Cp3Pi
final,43735.698164,4,393,8,16,1,1,0,1,+,Cp3Pi
final,43739.757296,4,394,4,34,1,1,0,1,+,A3Pi
final,43742.337117,4,395,8,15,1,1,-1,0,+,Cp3Pi
final,43757.118452,4,396,4,34,1,1,-1,0,+,A3Pi
final,43766.359825,4,397,4,35,1,1,1,2,+,A3Pi
final,43784.28394,4,398,4,35,1,1,0,1,+,A3Pi
final,43793.863436,4,399,8,17,1,1,0,1,+,Cp3Pi
final,43795.666382,4,400,8,18,1,1,1,2,+,Cp3Pi
final,43797.376799,4,401,8,16,1,1,-1,0,+,Cp3Pi
final,43801.060473,4,402,4,35,1,1,-1,0,+,A3Pi
final,43807.04138,4,403,5,4,0,1,0,0,+,B3Sigma-
final,43813.417567,4,404,4,36,1,1,1,2,+,A3Pi
final,43817.614543,4,405,5,4,0,1,1,1,+,B3Sigma-
final,43830.729329,4,406,4,36,1,1,0,1,+,A3Pi
final,43846.753805,4,407,4,36,1,1,-1,0,+,A3Pi
final,43854.37041,4,408,8,18,1,1,0,1,+,Cp3Pi
final,43855.472909,4,409,8,17,1,1,-1,0,+,Cp3Pi
final,43858.180343,4,410,8,19,1,1,1,2,+,Cp3Pi
final,43862.353159,4,411,4,37,1,1,1,2,+,A3Pi
final,43879.056231,4,412,4,37,1,1,0,1,+,A3Pi
final,43894.490083,4,413,4,37,1,1,-1,0,+,A3Pi
final,43913.128465,4,414,4,38,1,1,1,2,+,A3Pi
final,43916.072874,4,415,8,18,1,1,-1,0,+,Cp3Pi
final,43917.123555,4,416,8,19,1,1,0,1,+,Cp3Pi
final,43922.90523,4,417,8,20,1,1,1,2,+,Cp3Pi
final,43929.211061,4,418,4,38,1,1,0,1,+,A3Pi
final,43944.098662,4,419,4,38,1,1,-1,0,+,A3Pi
final,43965.708381,4,420,4,39,1,1,1,2,+,A3Pi
final,43978.749113,4,421,8,19,1,1,-1,0,+,Cp3Pi
final,43981.20165,4,422,4,39,1,1,0,1,+,A3Pi
final,43982.022673,4,423,8,20,1,1,0,1,+,Cp3Pi
final,43988.336478,4,424,6,0,1,1,1,2,+,C3Pi
final,43989.84239,4,425,8,21,1,1,1,2,+,Cp3Pi
final,43995.570431,4,426,4,39,1,1,-1,0,+,A3Pi
final,44020.062404,4,427,4,40,1,1,1,2,+,A3Pi
final,44035.012125,4,428,4,40,1,1,0,1,+,A3Pi
final,44043.338424,4,429,8,20,1,1,-1,0,+,Cp3Pi
final,44048.874637,4,430,4,40,1,1,-1,0,+,A3Pi
final,44049.123249,4,431,8,21,1,1,0,1,+,Cp3Pi
final,44058.83175,4,432,8,22,1,1,1,2,+,Cp3Pi
final,44076.18055,4,433,4,41,1,1,1,2,+,A3Pi
final,44090.607439,4,434,4,41,1,1,0,1,+,A3Pi
final,44103.823832,4,435,4,41,1,1,-1,0,+,A3Pi
final,44110.458002,4,436,8,21,1,1,-1,0,+,Cp3Pi
final,44118.2845,4,437,8,22,1,1,0,1,+,Cp3Pi
final,44129.950488,4,438,8,23,1,1,1,2,+,Cp3Pi
final,44134.063276,4,439,4,42,1,1,1,2,+,A3Pi
final,44147.958361,4,440,4,42,1,1,0,1,+,A3Pi
final,44160.696157,4,441,4,42,1,1,-1,0,+,A3Pi
final,44170.926689,4,442,6,0,1,1,0,1,+,C3Pi
final,44179.687365,4,443,8,22,1,1,-1,0,+,Cp3Pi
final,44189.554402,4,444,8,23,1,1,0,1,+,Cp3Pi
final,44193.673353,4,445,4,43,1,1,1,2,+,A3Pi
final,44203.110568,4,446,8,24,1,1,1,2,+,Cp3Pi
final,44207.049462,4,447,4,43,1,1,0,1,+,A3Pi
final,44219.301346,4,448,4,43,1,1,-1,0,+,A3Pi
final,44250.911951,4,449,8,23,1,1,-1,0,+,Cp3Pi
final,44254.989399,4,450,4,44,1,1,1,2,+,A3Pi
final,44262.904923,4,451,8,24,1,1,0,1,+,Cp3Pi
final,44267.867083,4,452,4,44,1,1,0,1,+,A3Pi
final,44278.249466,4,453,8,25,1,1,1,2,+,Cp3Pi
final,44279.651105,4,454,4,44,1,1,-1,0,+,A3Pi
final,44318.005893,4,455,4,45,1,1,1,2,+,A3Pi
final,44324.15957,4,456,8,24,1,1,-1,0,+,Cp3Pi
final,44330.392918,4,457,4,45,1,1,0,1,+,A3Pi
final,44338.222378,4,458,8,25,1,1,0,1,+,Cp3Pi
final,44341.732878,4,459,4,45,1,1,-1,0,+,A3Pi
final,44353.198357,4,460,6,0,1,1,-1,0,+,C3Pi
final,44355.380645,4,461,8,26,1,1,1,2,+,Cp3Pi
final,44382.701071,4,462,4,46,1,1,1,2,+,A3Pi
final,44393.968621,4,463,5,5,0,1,0,0,+,B3Sigma-
final,44394.654491,4,464,4,46,1,1,0,1,+,A3Pi
final,44399.447081,4,465,8,25,1,1,-1,0,+,Cp3Pi
final,44402.267341,4,466,5,5,0,1,1,1,+,B3Sigma-
final,44405.564482,4,467,4,46,1,1,-1,0,+,A3Pi
final,44415.520762,4,468,8,26,1,1,0,1,+,Cp3Pi
final,44434.442357,4,469,8,27,1,1,1,2,+,Cp3Pi
final,44449.065817,4,470,4,47,1,1,1,2,+,A3Pi
final,44460.536958,4,471,4,47,1,1,0,1,+,A3Pi
final,44470.916545,4,472,4,47,1,1,-1,0,+,A3Pi
final,44476.965924,4,473,8,26,1,1,-1,0,+,Cp3Pi
final,44494.741278,4,474,8,27,1,1,0,1,+,Cp3Pi
final,44515.394825,4,475,8,28,1,1,1,2,+,Cp3Pi
final,44517.098725,4,476,4,48,1,1,1,2,+,A3Pi
final,44528.110301,4,477,4,48,1,1,0,1,+,A3Pi
final,44538.103274,4,478,4,48,1,1,-1,0,+,A3Pi
final,44556.218732,4,479,8,27,1,1,-1,0,+,Cp3Pi
final,44575.865707,4,480,8,28,1,1,0,1,+,Cp3Pi
final,44586.760758,4,481,4,49,1,1,1,2,+,A3Pi
final,44597.337732,4,482,4,49,1,1,0,1,+,A3Pi
final,44598.236074,4,483,8,29,1,1,1,2,+,Cp3Pi
final,44606.934189,4,484,4,49,1,1,-1,0,+,A3Pi
final,44637.312077,4,485,8,28,1,1,-1,0,+,Cp3Pi
final,44658.055336,4,486,4,50,1,1,1,2,+,A3Pi
final,44658.871491,4,487,8,29,1,1,0,1,+,Cp3Pi
final,44668.212947,4,488,4,50,1,1,0,1,+,A3Pi
final,44677.408287,4,489,4,50,1,1,-1,0,+,A3Pi
final,44680.987339,4,490,6,1,1,1,1,2,+,C3Pi
final,44682.921018,4,491,8,30,1,1,1,2,+,Cp3Pi
final,44720.324176,4,492,8,29,1,1,-1,0,+,Cp3Pi
final,44730.991199,4,493,4,51,1,1,1,2,+,A3Pi
final,44740.713929,4,494,4,51,1,1,0,1,+,A3Pi
final,44743.749916,4,495,8,30,1,1,0,1,+,Cp3Pi
final,44749.5271,4,496,4,51,1,1,-1,0,+,A3Pi
final,44769.383288,4,497,8,31,1,1,1,2,+,Cp3Pi
final,44805.322021,4,498,8,30,1,1,-1,0,+,Cp3Pi
final,44805.543351,4,499,4,52,1,1,1,2,+,A3Pi
final,44814.840885,4,500,4,52,1,1,0,1,+,A3Pi
final,44823.363538,4,501,4,52,1,1,-1,0,+,A3Pi
final,44830.39238,4,502,8,31,1,1,0,1,+,Cp3Pi
final,44857.648883,4,503,8,32,1,1,1,2,+,Cp3Pi
final,44861.206719,4,504,6,1,1,1,0,1,+,C3Pi
final,44881.710778,4,505,4,53,1,1,1,2,+,A3Pi
final,44890.571837,4,506,4,53,1,1,0,1,+,A3Pi
final,44892.094049,4,507,8,31,1,1,-1,0,+,Cp3Pi
final,44899.024383,4,508,4,53,1,1,-1,0,+,A3Pi
final,44918.823829,4,509,8,32,1,1,0,1,+,Cp3Pi
final,44947.677036,4,510,8,33,1,1,1,2,+,Cp3Pi
final,44959.437531,4,511,4,54,1,1,1,2,+,A3Pi
final,44961.086219,4,512,5,6,0,1,0,0,+,B3Sigma-
final,44967.903039,4,513,4,54,1,1,0,1,+,A3Pi
final,44976.458607,4,514,5,6,0,1,1,1,+,B3Sigma-
final,44976.790887,4,515,4,54,1,1,-1,0,+,A3Pi
final,44980.681538,4,516,8,32,1,1,-1,0,+,Cp3Pi
final,45009.0285,4,517,8,33,1,1,0,1,+,Cp3Pi
final,45038.725788,4,518,4,55,1,1,1,2,+,A3Pi
final,45039.442279,4,519,8,34,1,1,1,2,+,Cp3Pi
final,45046.852616,4,520,4,55,1,1,0,1,+,A3Pi
final,45055.086482,4,521,6,1,1,1,-1,0,+,C3Pi
final,45056.85887,4,522,4,55,1,1,-1,0,+,A3Pi
final,45070.874954,4,523,8,33,1,1,-1,0,+,Cp3Pi
final,45100.964941,4,524,8,34,1,1,0,1,+,Cp3Pi
final,45121.236002,4,525,4,56,1,1,1,2,+,A3Pi
final,45127.401726,4,526,4,56,1,1,0,1,+,A3Pi
final,45132.868742,4,527,8,35,1,1,1,2,+,Cp3Pi
final,45141.191757,4,528,4,56,1,1,-1,0,+,A3Pi
final,45162.920447,4,529,8,34,1,1,-1,0,+,Cp3Pi
final,45194.596838,4,530,8,35,1,1,0,1,+,Cp3Pi
final,45209.290709,4,531,4,57,1,1,0,1,+,A3Pi
final,45226.915661,4,532,4,57,1,1,-1,0,+,A3Pi
final,45228.006799,4,533,8,36,1,1,1,2,+,Cp3Pi
final,45228.786301,4,534,4,57,1,1,1,2,+,A3Pi
final,45256.71575,4,535,8,35,1,1,-1,0,+,Cp3Pi
final,45289.925239,4,536,8,36,1,1,0,1,+,Cp3Pi
final,45324.787662,4,537,8,37,1,1,1,2,+,Cp3Pi
final,45352.163268,4,538,8,36,1,1,-1,0,+,Cp3Pi
final,45359.222582,4,539,6,2,1,1,1,2,+,C3Pi
final,45386.887692,4,540,8,37,1,1,0,1,+,Cp3Pi
final,45423.222977,4,541,8,38,1,1,1,2,+,Cp3Pi
final,45449.205069,4,542,8,37,1,1,-1,0,+,Cp3Pi
final,45485.503549,4,543,8,38,1,1,0,1,+,Cp3Pi
final,45521.863495,4,544,5,7,0,1,1,1,+,B3Sigma-
final,45523.253403,4,545,8,39,1,1,1,2,+,Cp3Pi
final,45532.265947,4,546,5,7,0,1,0,0,+,B3Sigma-
final,45547.918113,4,547,8,38,1,1,-1,0,+,Cp3Pi
final,45557.117854,4,548,6,2,1,1,0,1,+,C3Pi
final,45585.728762,4,549,8,39,1,1,0,1,+,Cp3Pi
final,45624.876482,4,550,8,40,1,1,1,2,+,Cp3Pi
final,45648.303804,4,551,8,39,1,1,-1,0,+,Cp3Pi
final,45687.54444,4,552,8,40,1,1,0,1,+,Cp3Pi
final,45728.055687,4,553,8,41,1,1,1,2,+,Cp3Pi
final,45728.560194,4,554,6,2,1,1,-1,0,+,C3Pi
final,45750.275949,4,555,8,40,1,1,-1,0,+,Cp3Pi
final,45790.916276,4,556,8,41,1,1,0,1,+,Cp3Pi
final,45832.778421,4,557,8,42,1,1,1,2,+,Cp3Pi
final,45853.768926,4,558,8,41,1,1,-1,0,+,Cp3Pi
final,45895.820163,4,559,8,42,1,1,0,1,+,Cp3Pi
final,45939.030128,4,560,8,43,1,1,1,2,+,Cp3Pi
final,45958.778193,4,561,8,42,1,1,-1,0,+,Cp3Pi
final,46002.25767,4,562,8,43,1,1,0,1,+,Cp3Pi
final,46020.321863,4,563,6,3,1,1,1,2,+,C3Pi
final,46046.790069,4,564,8,44,1,1,1,2,+,Cp3Pi
final,46065.357981,4,565,8,43,1,1,-1,0,+,Cp3Pi
final,46087.083873,4,566,5,8,0,1,0,0,+,B3Sigma-
final,46096.367792,4,567,5,8,0,1,1,1,+,B3Sigma-
final,46110.208907,4,568,8,44,1,1,0,1,+,Cp3Pi
final,46156.041743,4,569,8,45,1,1,1,2,+,Cp3Pi
final,46173.47291,4,570,8,44,1,1,-1,0,+,Cp3Pi
final,46202.777186,4,571,6,3,1,1,0,1,+,C3Pi
final,46219.647009,4,572,8,45,1,1,0,1,+,Cp3Pi
final,46266.77047,4,573,8,46,1,1,1,2,+,Cp3Pi
final,46283.051227,4,574,8,45,1,1,-1,0,+,Cp3Pi
final,46330.550917,4,575,8,46,1,1,0,1,+,Cp3Pi
final,46378.956023,4,576,8,47,1,1,1,2,+,Cp3Pi
final,46386.089663,4,577,6,3,1,1,-1,0,+,C3Pi
final,46394.067203,4,578,8,46,1,1,-1,0,+,Cp3Pi
final,46442.905541,4,579,8,47,1,1,0,1,+,Cp3Pi
final,46492.583776,4,580,8,48,1,1,1,2,+,Cp3Pi
final,46506.543204,4,581,8,47,1,1,-1,0,+,Cp3Pi
final,46556.695306,4,582,8,48,1,1,0,1,+,Cp3Pi
final,46607.633667,4,583,8,49,1,1,1,2,+,Cp3Pi
final,46620.401891,4,584,8,48,1,1,-1,0,+,Cp3Pi
final,46634.788521,4,585,5,9,0,1,0,0,+,B3Sigma-
final,46643.936627,4,586,5,9,0,1,1,1,+,B3Sigma-
final,46663.503199,4,587,6,4,1,1,1,2,+,C3Pi
final,46671.966322,4,588,8,49,1,1,0,1,+,Cp3Pi
final,46724.097733,4,589,8,50,1,1,1,2,+,Cp3Pi
final,46735.860738,4,590,8,49,1,1,-1,0,+,Cp3Pi
final,46788.542467,4,591,8,50,1,1,0,1,+,Cp3Pi
final,46841.962661,4,592,8,51,1,1,1,2,+,Cp3Pi
final,46843.586482,4,593,6,4,1,1,0,1,+,C3Pi
final,46852.551849,4,594,8,50,1,1,-1,0,+,Cp3Pi
final,46906.524408,4,595,8,51,1,1,0,1,+,Cp3Pi
final,46961.215056,4,596,8,52,1,1,1,2,+,Cp3Pi
final,46970.587795,4,597,8,51,1,1,-1,0,+,Cp3Pi
final,47025.837048,4,598,8,52,1,1,0,1,+,Cp3Pi
final,47025.902419,4,599,6,4,1,1,-1,0,+,C3Pi
final,47081.840812,4,600,8,53,1,1,1,2,+,Cp3Pi
final,47089.840654,4,601,8,52,1,1,-1,0,+,Cp3Pi
final,47145.955405,4,602,8,53,1,1,0,1,+,Cp3Pi
final,47170.421684,4,603,5,10,0,1,0,0,+,B3Sigma-
final,47179.577598,4,604,5,10,0,1,1,1,+,B3Sigma-
final,47203.831716,4,605,8,54,1,1,1,2,+,Cp3Pi
final,47212.06001,4,606,8,53,1,1,-1,0,+,Cp3Pi
final,47269.09142,4,607,8,54,1,1,0,1,+,Cp3Pi
final,47286.599429,4,608,6,5,1,1,1,2,+,C3Pi
final,47327.181473,4,609,8,55,1,1,1,2,+,Cp3Pi
final,47333.457256,4,610,8,54,1,1,-1,0,+,Cp3Pi
final,47392.342662,4,611,8,55,1,1,0,1,+,Cp3Pi
final,47451.878997,4,612,8,56,1,1,1,2,+,Cp3Pi
final,47456.70998,4,613,8,55,1,1,-1,0,+,Cp3Pi
final,47465.119395,4,614,6,5,1,1,0,1,+,C3Pi
final,47516.966878,4,615,8,56,1,1,0,1,+,Cp3Pi
final,47577.908727,4,616,8,57,1,1,1,2,+,Cp3Pi
final,47580.976945,4,617,8,56,1,1,-1,0,+,Cp3Pi
final,47642.396411,4,618,8,57,1,1,0,1,+,Cp3Pi
final,47643.555453,4,619,6,5,1,1,-1,0,+,C3Pi
final,47693.526691,4,620,5,11,0,1,0,0,+,B3Sigma-
final,47702.64568,4,621,5,11,0,1,1,1,+,B3Sigma-
final,47705.253679,4,622,8,58,1,1,1,2,+,Cp3Pi
final,47715.95773,4,623,8,57,1,1,-1,0,+,Cp3Pi
final,47771.442686,4,624,8,58,1,1,0,1,+,Cp3Pi
final,47833.868599,4,625,8,59,1,1,1,2,+,Cp3Pi
final,47836.265319,4,626,8,58,1,1,-1,0,+,Cp3Pi
final,47884.641533,4,627,6,6,1,1,1,2,+,C3Pi
final,47899.563356,4,628,8,59,1,1,0,1,+,Cp3Pi
final,47963.857547,4,629,8,60,1,1,1,2,+,Cp3Pi
final,47964.451355,4,630,8,59,1,1,-1,0,+,Cp3Pi
final,48029.193993,4,631,8,60,1,1,0,1,+,Cp3Pi
final,48060.772332,4,632,6,6,1,1,0,1,+,C3Pi
final,48094.069496,4,633,8,60,1,1,-1,0,+,Cp3Pi
final,48094.985813,4,634,8,61,1,1,1,2,+,Cp3Pi
final,48160.336975,4,635,8,61,1,1,0,1,+,Cp3Pi
final,48201.220837,4,636,5,12,0,1,0,0,+,B3Sigma-
final,48213.62923,4,637,5,12,0,1,1,1,+,B3Sigma-
final,48224.937425,4,638,8,61,1,1,-1,0,+,Cp3Pi
final,48227.236856,4,639,8,62,1,1,1,2,+,Cp3Pi
final,48246.851295,4,640,6,6,1,1,-1,0,+,C3Pi
final,48292.529087,4,641,8,62,1,1,0,1,+,Cp3Pi
final,48357.019464,4,642,8,62,1,1,-1,0,+,Cp3Pi
final,48359.962061,4,643,8,63,1,1,1,2,+,Cp3Pi
final,48425.376305,4,644,8,63,1,1,0,1,+,Cp3Pi
final,48446.937052,4,645,6,7,1,1,1,2,+,C3Pi
final,48489.702182,4,646,8,63,1,1,-1,0,+,Cp3Pi
final,48498.851562,4,647,8,64,1,1,1,2,+,Cp3Pi
final,48556.721786,4,648,8,64,1,1,0,1,+,Cp3Pi
final,48619.432455,4,649,6,7,1,1,0,1,+,C3Pi
final,48622.279779,4,650,6,7,1,1,-1,0,+,C3Pi
final,48632.234257,4,651,8,65,1,1,1,2,+,Cp3Pi
final,48699.371458,4,652,8,65,1,1,0,1,+,Cp3Pi
final,48703.825786,4,653,5,13,0,1,0,0,+,B3Sigma-
final,48713.192782,4,654,5,13,0,1,1,1,+,B3Sigma-
final,48750.440836,4,655,8,64,1,1,-1,0,+,Cp3Pi
final,48766.847187,4,656,8,66,1,1,1,2,+,Cp3Pi
final,48800.183365,4,657,8,65,1,1,-1,0,+,Cp3Pi
final,48833.151411,4,658,8,66,1,1,0,1,+,Cp3Pi
final,48895.20573,4,659,8,67,1,1,1,2,+,Cp3Pi
final,48901.30062,4,660,6,8,1,1,-1,0,+,C3Pi
final,48965.853781,4,661,8,67,1,1,0,1,+,Cp3Pi
final,48981.003383,4,662,6,8,1,1,1,2,+,C3Pi
final,49033.446439,4,663,8,66,1,1,-1,0,+,Cp3Pi
final,49068.917977,4,664,8,68,1,1,1,2,+,Cp3Pi
final,49086.102728,4,665,8,68,1,1,0,1,+,Cp3Pi
final,49162.949566,4,666,8,67,1,1,-1,0,+,Cp3Pi
final,49170.575851,4,667,6,8,1,1,0,1,+,C3Pi
final,49187.454836,4,668,5,14,0,1,0,0,+,B3Sigma-
final,49196.179684,4,669,5,14,0,1,1,1,+,B3Sigma-
final,49198.819814,4,670,8,69,1,1,1,2,+,Cp3Pi
final,49277.053522,4,671,8,69,1,1,0,1,+,Cp3Pi
final,49278.02168,4,672,8,68,1,1,-1,0,+,Cp3Pi
final,49333.937449,4,673,8,70,1,1,1,2,+,Cp3Pi
final,49372.111356,4,674,8,69,1,1,-1,0,+,Cp3Pi
final,49407.393091,4,675,8,70,1,1,0,1,+,Cp3Pi
final,49460.853802,4,676,8,71,1,1,1,2,+,Cp3Pi
final,49486.003155,4,677,8,70,1,1,-1,0,+,Cp3Pi
final,49540.769782,4,678,8,71,1,1,0,1,+,Cp3Pi
final,49559.711796,4,679,6,9,1,1,1,2,+,C3Pi
final,49615.535533,4,680,6,9,1,1,-1,0,+,C3Pi
final,49647.46517,4,681,5,15,0,1,0,0,+,B3Sigma-
final,49654.665948,4,682,5,15,0,1,1,1,+,B3Sigma-
final,49664.592403,4,683,8,72,1,1,1,2,+,Cp3Pi
final,49667.45476,4,684,8,72,1,1,0,1,+,Cp3Pi
final,49750.218189,4,685,8,71,1,1,-1,0,+,Cp3Pi
final,49768.3608,4,686,6,9,1,1,0,1,+,C3Pi
final,49797.956573,4,687,8,73,1,1,1,2,+,Cp3Pi
final,49873.451464,4,688,8,72,1,1,-1,0,+,Cp3Pi
final,49880.935017,4,689,8,73,1,1,0,1,+,Cp3Pi
final,49940.996304,4,690,8,74,1,1,1,2,+,Cp3Pi
final,49981.009856,4,691,8,73,1,1,-1,0,+,Cp3Pi
final,50015.312619,4,692,8,74,1,1,0,1,+,Cp3Pi
final,50045.918889,4,693,6,10,1,1,1,2,+,C3Pi
final,50062.065437,4,694,5,16,0,1,0,0,+,B3Sigma-
final,50070.424545,4,695,5,16,0,1,1,1,+,B3Sigma-
final,50087.721727,4,696,8,75,1,1,1,2,+,Cp3Pi
final,50098.675732,4,697,8,74,1,1,-1,0,+,Cp3Pi
final,50158.363039,4,698,8,75,1,1,0,1,+,Cp3Pi
final,50223.319055,4,699,6,10,1,1,0,1,+,C3Pi
final,50232.357743,4,700,8,75,1,1,-1,0,+,Cp3Pi
final,50235.491132,4,701,8,76,1,1,1,2,+,Cp3Pi
final,50305.844267,4,702,8,76,1,1,0,1,+,Cp3Pi
final,50370.942809,4,703,6,10,1,1,-1,0,+,C3Pi
final,50380.743528,4,704,5,17,0,1,0,0,+,B3Sigma-
final,50381.320339,4,705,8,77,1,1,1,2,+,Cp3Pi
final,50388.966367,4,706,5,17,0,1,1,1,+,B3Sigma-
final,50408.311321,4,707,8,76,1,1,-1,0,+,Cp3Pi
final,50453.664401,4,708,8,77,1,1,0,1,+,Cp3Pi
final,50497.589003,4,709,6,11,1,1,1,2,+,C3Pi
final,50525.68307,4,710,8,77,1,1,-1,0,+,Cp3Pi
final,50571.679806,4,711,8,78,1,1,1,2,+,Cp3Pi
final,50596.68156,4,712,5,18,0,1,0,0,+,B3Sigma-
final,50598.05567,4,713,8,78,1,1,0,1,+,Cp3Pi
final,50604.576289,4,714,5,18,0,1,1,1,+,B3Sigma-
final,50673.370621,4,715,6,11,1,1,-1,0,+,C3Pi
final,50703.651704,4,716,6,11,1,1,0,1,+,C3Pi
final,50706.473154,4,717,8,79,1,1,1,2,+,Cp3Pi
final,50785.969721,4,718,8,79,1,1,0,1,+,Cp3Pi
final,50799.458195,4,719,5,19,0,1,0,0,+,B3Sigma-
final,50807.567014,4,720,5,19,0,1,1,1,+,B3Sigma-
final,50817.193006,4,721,8,78,1,1,-1,0,+,Cp3Pi
final,50849.988861,4,722,8,80,1,1,1,2,+,Cp3Pi
final,50912.321677,4,723,8,79,1,1,-1,0,+,Cp3Pi
final,50923.916781,4,724,8,80,1,1,0,1,+,Cp3Pi
final,50929.749012,4,725,6,12,1,1,1,2,+,C3Pi
final,50997.116757,4,726,5,20,0,1,0,0,+,B3Sigma-
final,51002.387489,4,727,5,20,0,1,1,1,+,B3Sigma-
final,51008.038047,4,728,6,12,1,1,0,1,+,C3Pi
final,51031.574134,4,729,8,81,1,1,1,2,+,Cp3Pi
final,51056.154958,4,730,8,81,1,1,0,1,+,Cp3Pi
final,51135.497508,4,731,8,82,1,1,0,1,+,Cp3Pi
final,51138.892961,4,732,8,80,1,1,-1,0,+,Cp3Pi
final,51184.212716,4,733,8,82,1,1,1,2,+,Cp3Pi
final,51188.334428,4,734,7,0,1,0,0,1,+,e1Pi
final,51192.855583,4,735,5,21,0,1,0,0,+,B3Sigma-
final,51200.791061,4,736,5,21,0,1,1,1,+,B3Sigma-
final,51258.8288,4,737,8,83,1,1,0,1,+,Cp3Pi
final,51263.858431,4,738,8,81,1,1,-1,0,+,Cp3Pi
final,51331.907982,4,739,6,13,1,1,1,2,+,C3Pi
final,51349.311152,4,740,8,83,1,1,1,2,+,Cp3Pi
final,51354.672742,4,741,6,12,1,1,-1,0,+,C3Pi
final,51376.7017,4,742,5,22,0,1,0,0,+,B3Sigma-
final,51384.344349,4,743,5,22,0,1,1,1,+,B3Sigma-
final,51410.695679,4,744,6,13,1,1,0,1,+,C3Pi
final,51484.793627,4,745,8,82,1,1,-1,0,+,Cp3Pi
final,51504.667046,4,746,8,84,1,1,1,2,+,Cp3Pi
final,51509.901457,4,747,8,84,1,1,0,1,+,Cp3Pi
final,51549.335808,4,748,5,23,0,1,0,0,+,B3Sigma-
final,51557.097406,4,749,5,23,0,1,1,1,+,B3Sigma-
final,51578.231384,4,750,8,85,1,1,0,1,+,Cp3Pi
final,51629.572899,4,751,8,83,1,1,-1,0,+,Cp3Pi
final,51665.534111,4,752,8,85,1,1,1,2,+,Cp3Pi
final,51699.765118,4,753,6,13,1,1,-1,0,+,C3Pi
final,51708.999563,4,754,5,24,0,1,0,0,+,B3Sigma-
final,51716.657317,4,755,5,24,0,1,1,1,+,B3Sigma-
final,51723.867073,4,756,6,14,1,1,1,2,+,C3Pi
final,51736.519511,4,757,6,14,1,1,0,1,+,C3Pi
final,51809.983757,4,758,8,84,1,1,-1,0,+,Cp3Pi
final,51832.058839,4,759,8,86,1,1,1,2,+,Cp3Pi
final,51854.122797,4,760,5,25,0,1,0,0,+,B3Sigma-
final,51862.060509,4,761,5,25,0,1,1,1,+,B3Sigma-
final,51895.963785,4,762,8,86,1,1,0,1,+,Cp3Pi
final,51903.440064,4,763,6,15,1,1,0,1,+,C3Pi
final,51940.848041,4,764,7,1,1,0,0,1,+,e1Pi
final,51967.899289,4,765,8,85,1,1,-1,0,+,Cp3Pi
final,51985.212651,4,766,5,26,0,1,0,0,+,B3Sigma-
final,51991.499253,4,767,8,87,1,1,1,2,+,Cp3Pi
final,51992.958559,4,768,5,26,0,1,1,1,+,B3Sigma-
final,52058.414162,4,769,6,15,1,1,1,2,+,C3Pi
final,52063.176318,4,770,8,87,1,1,0,1,+,Cp3Pi
final,52080.439966,4,771,6,14,1,1,-1,0,+,C3Pi
final,52099.73739,4,772,5,27,0,1,0,0,+,B3Sigma-
final,52108.407295,4,773,5,27,0,1,1,1,+,B3Sigma-
final,52132.949454,4,774,8,86,1,1,-1,0,+,Cp3Pi
final,52167.719191,4,775,8,88,1,1,1,2,+,Cp3Pi
final,52199.260045,4,776,5,28,0,1,0,0,+,B3Sigma-
final,52207.100224,4,777,5,28,0,1,1,1,+,B3Sigma-
final,52216.18947,4,778,8,88,1,1,0,1,+,Cp3Pi
final,52250.554423,4,779,6,16,1,1,0,1,+,C3Pi
final,52280.559437,4,780,5,29,0,1,0,0,+,B3Sigma-
final,52288.780618,4,781,5,29,0,1,1,1,+,B3Sigma-
final,52294.958429,4,782,6,16,1,1,1,2,+,C3Pi
final,52297.670227,4,783,8,87,1,1,-1,0,+,Cp3Pi
final,52341.887172,4,784,6,17,1,1,1,2,+,C3Pi
final,52343.292189,4,785,8,89,1,1,1,2,+,Cp3Pi
final,52344.033165,4,786,5,30,0,1,0,0,+,B3Sigma-
final,52347.872481,4,787,6,18,1,1,1,2,+,C3Pi
final,52350.593106,4,788,5,30,0,1,1,1,+,B3Sigma-
final,52355.200297,4,789,6,19,1,1,1,2,+,C3Pi
final,52365.163253,4,790,6,20,1,1,1,2,+,C3Pi
final,52377.737245,4,791,6,21,1,1,1,2,+,C3Pi
final,52388.734154,4,792,5,31,0,1,0,0,+,B3Sigma-
final,52392.775397,4,793,6,22,1,1,1,2,+,C3Pi
final,52393.185401,4,794,5,31,0,1,1,1,+,B3Sigma-
final,52397.071827,4,795,8,89,1,1,0,1,+,Cp3Pi
final,52410.293466,4,796,6,23,1,1,1,2,+,C3Pi
final,52418.207918,4,797,6,15,1,1,-1,0,+,C3Pi
final,52419.360772,4,798,5,32,0,1,0,0,+,B3Sigma-
final,52422.125145,4,799,5,32,0,1,1,1,+,B3Sigma-
final,52430.001427,4,800,6,24,1,1,1,2,+,C3Pi
final,52439.200891,4,801,5,33,0,1,0,0,+,B3Sigma-
final,52441.606541,4,802,5,33,0,1,1,1,+,B3Sigma-
final,52451.776152,4,803,6,25,1,1,1,2,+,C3Pi
final,52457.519941,4,804,5,34,0,1,0,0,+,B3Sigma-
final,52460.267359,4,805,5,34,0,1,1,1,+,B3Sigma-
final,52467.178003,4,806,8,88,1,1,-1,0,+,Cp3Pi
final,52475.184324,4,807,6,26,1,1,1,2,+,C3Pi
final,52480.734524,4,808,5,35,0,1,0,0,+,B3Sigma-
final,52483.215855,4,809,5,35,0,1,1,1,+,B3Sigma-
final,52483.852195,4,810,6,17,1,1,0,1,+,C3Pi
final,52498.02509,4,811,6,27,1,1,1,2,+,C3Pi
final,52508.126346,4,812,5,36,0,1,0,0,+,B3Sigma-
final,52511.271529,4,813,5,36,0,1,1,1,+,B3Sigma-
final,52514.168632,4,814,8,90,1,1,1,2,+,Cp3Pi
final,52524.662786,4,815,6,18,1,1,0,1,+,C3Pi
final,52530.408815,4,816,6,19,1,1,0,1,+,C3Pi
final,52535.786208,4,817,6,28,1,1,1,2,+,C3Pi
final,52537.124808,4,818,6,20,1,1,0,1,+,C3Pi
final,52539.45241,4,819,5,37,0,1,0,0,+,B3Sigma-
final,52542.68917,4,820,5,37,0,1,1,1,+,B3Sigma-
final,52546.429918,4,821,6,21,1,1,0,1,+,C3Pi
final,52557.670055,4,822,6,22,1,1,0,1,+,C3Pi
final,52564.932288,4,823,6,29,1,1,1,2,+,C3Pi
final,52568.413908,4,824,8,90,1,1,0,1,+,Cp3Pi
final,52574.264534,4,825,5,38,0,1,0,0,+,B3Sigma-
final,52577.15451,4,826,5,38,0,1,1,1,+,B3Sigma-
final,52579.302172,4,827,6,23,1,1,0,1,+,C3Pi
final,52594.147353,4,828,6,24,1,1,0,1,+,C3Pi
final,52597.149087,4,829,6,30,1,1,1,2,+,C3Pi
final,52612.185691,4,830,5,39,0,1,0,0,+,B3Sigma-
final,52613.378635,4,831,6,25,1,1,0,1,+,C3Pi
final,52616.185048,4,832,5,39,0,1,1,1,+,B3Sigma-
final,52627.911072,4,833,8,89,1,1,-1,0,+,Cp3Pi
final,52631.364314,4,834,6,31,1,1,1,2,+,C3Pi
final,52635.302846,4,835,6,26,1,1,0,1,+,C3Pi
final,52653.751221,4,836,5,40,0,1,0,0,+,B3Sigma-
final,52657.115672,4,837,5,40,0,1,1,1,+,B3Sigma-
final,52659.577256,4,838,6,27,1,1,0,1,+,C3Pi
final,52665.47569,4,839,6,32,1,1,1,2,+,C3Pi
final,52673.314167,4,840,6,16,1,1,-1,0,+,C3Pi
final,52685.28112,4,841,6,28,1,1,0,1,+,C3Pi
final,52686.318879,4,842,7,2,1,0,0,1,+,e1Pi
final,52687.439816,4,843,8,91,1,1,1,2,+,Cp3Pi
final,52697.687357,4,844,5,41,0,1,0,0,+,B3Sigma-
final,52700.329327,4,845,6,17,1,1,-1,0,+,C3Pi
final,52701.251754,4,846,5,41,0,1,1,1,+,B3Sigma-
final,52704.968269,4,847,6,18,1,1,-1,0,+,C3Pi
final,52712.170866,4,848,6,19,1,1,-1,0,+,C3Pi
final,52712.61288,4,849,6,29,1,1,0,1,+,C3Pi
final,52713.59547,4,850,6,33,1,1,1,2,+,C3Pi
final,52722.094773,4,851,6,20,1,1,-1,0,+,C3Pi
final,52734.675261,4,852,6,21,1,1,-1,0,+,C3Pi
final,52736.097264,4,853,8,91,1,1,0,1,+,Cp3Pi
final,52744.589073,4,854,5,42,0,1,0,0,+,B3Sigma-
final,52748.668694,4,855,5,42,0,1,1,1,+,B3Sigma-
final,52749.858451,4,856,6,22,1,1,-1,0,+,C3Pi
final,52752.689698,4,857,6,34,1,1,1,2,+,C3Pi
final,52755.229354,4,858,6,30,1,1,0,1,+,C3Pi
final,52767.235472,4,859,6,23,1,1,-1,0,+,C3Pi
final,52782.614213,4,860,5,43,0,1,1,1,+,B3Sigma-
final,52785.917094,4,861,6,24,1,1,-1,0,+,C3Pi
final,52793.893594,4,862,5,43,0,1,0,0,+,B3Sigma-
final,52795.010758,4,863,6,35,1,1,1,2,+,C3Pi
final,52797.998169,4,864,6,31,1,1,0,1,+,C3Pi
final,52801.847237,4,865,8,90,1,1,-1,0,+,Cp3Pi
final,52814.966855,4,866,6,25,1,1,-1,0,+,C3Pi
final,52816.172073,4,867,6,32,1,1,0,1,+,C3Pi
final,52837.173792,4,868,6,26,1,1,-1,0,+,C3Pi
final,52837.559852,4,869,6,36,1,1,1,2,+,C3Pi
final,52846.175848,4,870,5,44,0,1,0,0,+,B3Sigma-
final,52849.491736,4,871,5,44,0,1,1,1,+,B3Sigma-
final,52852.796962,4,872,6,33,1,1,0,1,+,C3Pi
final,52862.670049,4,873,8,92,1,1,1,2,+,Cp3Pi
final,52863.307783,4,874,6,27,1,1,-1,0,+,C3Pi
final,52888.522428,4,875,8,92,1,1,0,1,+,Cp3Pi
final,52891.713921,4,876,6,28,1,1,-1,0,+,C3Pi
final,52892.640386,4,877,6,37,1,1,1,2,+,C3Pi
final,52900.71261,4,878,5,45,0,1,0,0,+,B3Sigma-
final,52904.550452,4,879,5,45,0,1,1,1,+,B3Sigma-
final,52918.251308,4,880,6,34,1,1,0,1,+,C3Pi
final,52921.96342,4,881,6,29,1,1,-1,0,+,C3Pi
final,52939.92035,4,882,6,38,1,1,1,2,+,C3Pi
final,52941.7214,4,883,5,46,0,1,1,1,+,B3Sigma-
final,52952.45445,4,884,6,30,1,1,-1,0,+,C3Pi
final,52957.756315,4,885,5,46,0,1,0,0,+,B3Sigma-
final,52962.014513,4,886,6,35,1,1,0,1,+,C3Pi
final,52976.459443,4,887,8,91,1,1,-1,0,+,Cp3Pi
final,52980.355332,4,888,6,36,1,1,0,1,+,C3Pi
final,52990.036193,4,889,6,39,1,1,1,2,+,C3Pi
final,52998.449805,4,890,6,31,1,1,-1,0,+,C3Pi
final,53017.039313,4,891,5,47,0,1,0,0,+,B3Sigma-
final,53020.003551,4,892,5,47,0,1,1,1,+,B3Sigma-
final,53025.146827,4,893,6,37,1,1,0,1,+,C3Pi
final,53032.107028,4,894,8,93,1,1,1,2,+,Cp3Pi
final,53032.226336,4,895,6,32,1,1,-1,0,+,C3Pi
final,53051.387994,4,896,6,40,1,1,1,2,+,C3Pi
final,53066.534846,4,897,8,93,1,1,0,1,+,Cp3Pi
final,53069.902463,4,898,6,33,1,1,-1,0,+,C3Pi
final,53079.071726,4,899,5,48,0,1,0,0,+,B3Sigma-
final,53083.70619,4,900,5,48,0,1,1,1,+,B3Sigma-
final,53098.781516,4,901,6,38,1,1,0,1,+,C3Pi
final,53101.95395,4,902,6,41,1,1,1,2,+,C3Pi
final,53109.001643,4,903,6,34,1,1,-1,0,+,C3Pi
final,53127.621658,4,904,5,49,0,1,1,1,+,B3Sigma-
final,53142.016553,4,905,5,49,0,1,0,0,+,B3Sigma-
final,53144.5837,4,906,6,35,1,1,-1,0,+,C3Pi
final,53147.552259,4,907,6,39,1,1,0,1,+,C3Pi
final,53158.268298,4,908,6,42,1,1,1,2,+,C3Pi
final,53168.692117,4,909,8,92,1,1,-1,0,+,Cp3Pi
final,53174.288487,4,910,6,40,1,1,0,1,+,C3Pi
final,53205.317796,4,911,6,36,1,1,-1,0,+,C3Pi
final,53208.492805,4,912,8,94,1,1,1,2,+,Cp3Pi
final,53209.247095,4,913,5,50,0,1,0,0,+,B3Sigma-
final,53213.647229,4,914,5,50,0,1,1,1,+,B3Sigma-
final,53224.64241,4,915,6,43,1,1,1,2,+,C3Pi
final,53224.986235,4,916,8,94,1,1,0,1,+,Cp3Pi
final,53249.61136,4,917,6,37,1,1,-1,0,+,C3Pi
final,53269.309593,4,918,6,41,1,1,0,1,+,C3Pi
final,53277.337804,4,919,5,51,0,1,0,0,+,B3Sigma-
final,53280.901649,4,920,6,44,1,1,1,2,+,C3Pi
final,53281.957008,4,921,5,51,0,1,1,1,+,B3Sigma-
final,53293.677984,4,922,8,95,1,1,0,1,+,Cp3Pi
final,53294.907399,4,923,6,38,1,1,-1,0,+,C3Pi
final,53330.675357,4,924,8,93,1,1,-1,0,+,Cp3Pi
final,53342.069229,4,925,6,42,1,1,0,1,+,C3Pi
final,53343.388036,4,926,6,45,1,1,1,2,+,C3Pi
final,53348.439392,4,927,5,52,0,1,0,0,+,B3Sigma-
final,53352.689189,4,928,5,52,0,1,1,1,+,B3Sigma-
final,53361.011223,4,929,6,39,1,1,-1,0,+,C3Pi
final,53390.285619,4,930,8,95,1,1,1,2,+,Cp3Pi
final,53398.767982,4,931,6,43,1,1,0,1,+,C3Pi
final,53406.71303,4,932,6,40,1,1,-1,0,+,C3Pi
final,53411.393611,4,933,6,46,1,1,1,2,+,C3Pi
final,53420.895795,4,934,5,53,0,1,0,0,+,B3Sigma-
final,53421.88011,4,935,7,3,1,0,0,1,+,e1Pi
final,53425.257276,4,936,5,53,0,1,1,1,+,B3Sigma-
final,53449.111559,4,937,6,44,1,1,0,1,+,C3Pi
final,53457.613905,4,938,6,41,1,1,-1,0,+,C3Pi
final,53471.530691,4,939,8,96,1,1,0,1,+,Cp3Pi
final,53476.92458,4,940,6,47,1,1,1,2,+,C3Pi
final,53495.446051,4,941,5,54,0,1,0,0,+,B3Sigma-
final,53500.052188,4,942,5,54,0,1,1,1,+,B3Sigma-
final,53503.829207,4,943,6,42,1,1,-1,0,+,C3Pi
final,53526.310975,4,944,6,45,1,1,0,1,+,C3Pi
final,53533.406212,4,945,8,94,1,1,-1,0,+,Cp3Pi
final,53545.259266,4,946,6,48,1,1,1,2,+,C3Pi
final,53570.830658,4,947,8,96,1,1,1,2,+,Cp3Pi
final,53572.468074,4,948,5,55,0,1,0,0,+,B3Sigma-
final,53576.89793,4,949,5,55,0,1,1,1,+,B3Sigma-
final,53580.125966,4,950,6,43,1,1,-1,0,+,C3Pi
final,53589.132858,4,951,6,46,1,1,0,1,+,C3Pi
final,53617.396581,4,952,6,49,1,1,1,2,+,C3Pi
final,53635.140441,4,953,6,47,1,1,0,1,+,C3Pi
final,53636.326621,4,954,6,44,1,1,-1,0,+,C3Pi
final,53651.28603,4,955,5,56,0,1,0,0,+,B3Sigma-
final,53655.891518,4,956,5,56,0,1,1,1,+,B3Sigma-
final,53661.961662,4,957,8,97,1,1,0,1,+,Cp3Pi
final,53687.201427,4,958,8,95,1,1,-1,0,+,Cp3Pi
final,53689.944216,4,959,6,50,1,1,1,2,+,C3Pi
final,53716.28456,4,960,6,45,1,1,-1,0,+,C3Pi
final,53727.31492,4,961,6,48,1,1,0,1,+,C3Pi
final,53732.321673,4,962,5,57,0,1,0,0,+,B3Sigma-
final,53736.717862,4,963,5,57,0,1,1,1,+,B3Sigma-
final,53749.878148,4,964,8,97,1,1,1,2,+,Cp3Pi
final,53765.089144,4,965,6,51,1,1,1,2,+,C3Pi
final,53768.924622,4,966,6,46,1,1,-1,0,+,C3Pi
final,53795.428041,4,967,6,49,1,1,0,1,+,C3Pi
final,53814.787284,4,968,5,58,0,1,0,0,+,B3Sigma-
final,53818.52771,4,969,5,58,0,1,1,1,+,B3Sigma-
final,53821.221161,4,970,6,50,1,1,0,1,+,C3Pi
final,53831.338017,4,971,6,47,1,1,-1,0,+,C3Pi
final,53841.278739,4,972,6,52,1,1,1,2,+,C3Pi
final,53872.09815,4,973,6,51,1,1,0,1,+,C3Pi
final,53878.536188,4,974,8,96,1,1,-1,0,+,Cp3Pi
final,53900.118315,4,975,5,59,0,1,0,0,+,B3Sigma-
final,53904.389579,4,976,5,59,0,1,1,1,+,B3Sigma-
final,53910.381085,4,977,6,48,1,1,-1,0,+,C3Pi
final,53919.57429,4,978,6,53,1,1,1,2,+,C3Pi
final,53931.392709,4,979,8,98,1,1,1,2,+,Cp3Pi
final,53945.642362,4,980,8,98,1,1,0,1,+,Cp3Pi
final,53973.402404,4,981,6,49,1,1,-1,0,+,C3Pi
final,53987.144012,4,982,5,60,0,1,0,0,+,B3Sigma-
final,53990.853259,4,983,5,60,0,1,1,1,+,B3Sigma-
final,53998.677559,4,984,6,52,1,1,0,1,+,C3Pi
final,53999.696962,4,985,6,54,1,1,1,2,+,C3Pi
final,54024.10758,4,986,6,53,1,1,0,1,+,C3Pi
final,54040.245344,4,987,6,50,1,1,-1,0,+,C3Pi
final,54070.476978,4,988,8,97,1,1,-1,0,+,Cp3Pi
final,54075.725219,4,989,5,61,0,1,0,0,+,B3Sigma-
final,54079.645831,4,990,5,61,0,1,1,1,+,B3Sigma-
final,54081.570945,4,991,6,55,1,1,1,2,+,C3Pi
final,54101.510926,4,992,6,54,1,1,0,1,+,C3Pi
final,54114.032983,4,993,8,99,1,1,1,2,+,Cp3Pi
final,54122.72366,4,994,6,51,1,1,-1,0,+,C3Pi
final,54145.922704,4,995,7,4,1,0,0,1,+,e1Pi
final,54165.172556,4,996,6,56,1,1,1,2,+,C3Pi
final,54166.176066,4,997,5,62,0,1,0,0,+,B3Sigma-
final,54169.47876,4,998,5,62,0,1,1,1,+,B3Sigma-
final,54178.943395,4,999,8,99,1,1,0,1,+,Cp3Pi
final,54185.284255,4,1000,6,55,1,1,0,1,+,C3Pi
final,54195.843918,4,1001,6,52,1,1,-1,0,+,C3Pi
final,54247.004273,4,1002,8,98,1,1,-1,0,+,Cp3Pi
final,54250.151419,4,1003,6,57,1,1,1,2,+,C3Pi
final,54257.987994,4,1004,5,63,0,1,0,0,+,B3Sigma-
final,54260.279843,4,1005,5,63,0,1,1,1,+,B3Sigma-
final,54267.203859,4,1006,6,56,1,1,0,1,+,C3Pi
final,54278.99811,4,1007,6,53,1,1,-1,0,+,C3Pi
final,54298.011001,4,1008,8,100,1,1,1,2,+,Cp3Pi
final,54337.784416,4,1009,6,58,1,1,1,2,+,C3Pi
final,54345.243295,4,1010,5,64,0,1,1,1,+,B3Sigma-
final,54353.225574,4,1011,5,64,0,1,0,0,+,B3Sigma-
final,54355.862054,4,1012,6,54,1,1,-1,0,+,C3Pi
final,54359.085282,4,1013,6,57,1,1,0,1,+,C3Pi
final,54365.177781,4,1014,8,100,1,1,0,1,+,Cp3Pi
final,54425.654612,4,1015,6,59,1,1,1,2,+,C3Pi
final,54426.985354,4,1016,8,99,1,1,-1,0,+,Cp3Pi
final,54431.697243,4,1017,5,65,0,1,1,1,+,B3Sigma-
final,54443.164303,4,1018,6,55,1,1,-1,0,+,C3Pi
final,54449.874322,4,1019,5,65,0,1,0,0,+,B3Sigma-
final,54454.819915,4,1020,6,58,1,1,0,1,+,C3Pi
final,54483.231793,4,1021,8,101,1,1,1,2,+,Cp3Pi
final,54517.566015,4,1022,6,60,1,1,1,2,+,C3Pi
final,54519.262258,4,1023,6,56,1,1,-1,0,+,C3Pi
final,54521.775497,4,1024,8,100,1,1,-1,0,+,Cp3Pi
final,54547.385323,4,1025,5,66,0,1,0,0,+,B3Sigma-
final,54549.530182,4,1026,8,101,1,1,0,1,+,Cp3Pi
final,54553.187676,4,1027,5,66,0,1,1,1,+,B3Sigma-
final,54604.640549,4,1028,6,57,1,1,-1,0,+,C3Pi
final,54607.996896,4,1029,6,61,1,1,1,2,+,C3Pi
final,54608.725561,4,1030,6,59,1,1,0,1,+,C3Pi
final,54619.545224,4,1031,8,101,1,1,-1,0,+,Cp3Pi
final,54647.502095,4,1032,5,67,0,1,0,0,+,B3Sigma-
final,54652.513777,4,1033,5,67,0,1,1,1,+,B3Sigma-
final,54670.023519,4,1034,8,102,1,1,1,2,+,Cp3Pi
final,54694.623277,4,1035,6,58,1,1,-1,0,+,C3Pi
final,54699.209749,4,1036,6,60,1,1,0,1,+,C3Pi
final,54704.565267,4,1037,6,62,1,1,1,2,+,C3Pi
final,54736.268454,4,1038,8,102,1,1,0,1,+,Cp3Pi
final,54749.030644,4,1039,5,68,0,1,0,0,+,B3Sigma-
final,54754.269594,4,1040,5,68,0,1,1,1,+,B3Sigma-
final,54783.260732,4,1041,6,59,1,1,-1,0,+,C3Pi
final,54792.17095,4,1042,6,61,1,1,0,1,+,C3Pi
final,54797.360423,4,1043,6,63,1,1,1,2,+,C3Pi
final,54803.637023,4,1044,8,102,1,1,-1,0,+,Cp3Pi
final,54852.305287,4,1045,5,69,0,1,0,0,+,B3Sigma-
final,54857.367806,4,1046,7,5,1,0,0,1,+,e1Pi
final,54857.426029,4,1047,5,69,0,1,1,1,+,B3Sigma-
final,54858.908606,4,1048,8,103,1,1,1,2,+,Cp3Pi
final,54875.102412,4,1049,6,60,1,1,-1,0,+,C3Pi
final,54885.860947,4,1050,6,62,1,1,0,1,+,C3Pi
final,54897.828092,4,1051,6,64,1,1,1,2,+,C3Pi
final,54924.526962,4,1052,8,103,1,1,0,1,+,Cp3Pi
final,54956.241885,4,1053,5,70,0,1,0,0,+,B3Sigma-
final,54962.303833,4,1054,5,70,0,1,1,1,+,B3Sigma-
final,54969.392691,4,1055,6,61,1,1,-1,0,+,C3Pi
final,54983.026747,4,1056,6,63,1,1,0,1,+,C3Pi
final,54990.615346,4,1057,8,103,1,1,-1,0,+,Cp3Pi
final,54992.816524,4,1058,6,65,1,1,1,2,+,C3Pi
final,55050.18463,4,1059,8,104,1,1,1,2,+,Cp3Pi
final,55057.370704,4,1060,6,62,1,1,-1,0,+,C3Pi
final,55067.225235,4,1061,5,71,0,1,1,1,+,B3Sigma-
final,55070.777163,4,1062,5,71,0,1,0,0,+,B3Sigma-
final,55080.053386,4,1063,6,64,1,1,0,1,+,C3Pi
final,55097.175939,4,1064,6,66,1,1,1,2,+,C3Pi
final,55114.788389,4,1065,8,104,1,1,0,1,+,Cp3Pi
final,55154.995212,4,1066,6,63,1,1,-1,0,+,C3Pi
final,55174.04075,4,1067,6,65,1,1,0,1,+,C3Pi
final,55176.754963,4,1068,5,72,0,1,0,0,+,B3Sigma-
final,55180.344028,4,1069,6,64,1,1,-1,0,+,C3Pi
final,55183.868594,4,1070,5,72,0,1,1,1,+,B3Sigma-
final,55194.300141,4,1071,6,67,1,1,1,2,+,C3Pi
final,55244.062624,4,1072,8,105,1,1,1,2,+,Cp3Pi
final,55253.277947,4,1073,6,65,1,1,-1,0,+,C3Pi
final,55274.698311,4,1074,6,66,1,1,0,1,+,C3Pi
final,55287.05847,4,1075,5,73,0,1,0,0,+,B3Sigma-
final,55291.901104,4,1076,5,73,0,1,1,1,+,B3Sigma-
final,55302.55048,4,1077,6,68,1,1,1,2,+,C3Pi
final,55307.819942,4,1078,8,105,1,1,0,1,+,Cp3Pi
final,55352.022477,4,1079,6,66,1,1,-1,0,+,C3Pi
final,55370.313713,4,1080,8,104,1,1,-1,0,+,Cp3Pi
final,55381.352082,4,1081,6,67,1,1,0,1,+,C3Pi
final,55399.370663,4,1082,5,74,0,1,0,0,+,B3Sigma-
final,55401.198706,4,1083,6,69,1,1,1,2,+,C3Pi
final,55404.066289,4,1084,5,74,0,1,1,1,+,B3Sigma-
final,55440.877298,4,1085,8,106,1,1,1,2,+,Cp3Pi
final,55454.116344,4,1086,5,75,0,1,0,0,+,B3Sigma-
final,55478.320609,4,1087,6,68,1,1,0,1,+,C3Pi
final,55504.741335,4,1088,8,106,1,1,0,1,+,Cp3Pi
final,55513.285507,4,1089,5,75,0,1,1,1,+,B3Sigma-
final,55513.996254,4,1090,6,70,1,1,1,2,+,C3Pi
final,55518.022873,4,1091,6,69,1,1,0,1,+,C3Pi
final,55552.32344,4,1092,6,67,1,1,-1,0,+,C3Pi
final,55555.25108,4,1093,7,6,1,0,0,1,+,e1Pi
final,55566.027087,4,1094,8,105,1,1,-1,0,+,Cp3Pi
final,55591.301549,4,1095,8,107,1,1,0,1,+,Cp3Pi
final,55611.806282,4,1096,6,71,1,1,1,2,+,C3Pi
final,55629.180439,4,1097,5,76,0,1,0,0,+,B3Sigma-
final,55633.623087,4,1098,5,76,0,1,1,1,+,B3Sigma-
final,55642.181049,4,1099,8,107,1,1,1,2,+,Cp3Pi
final,55661.291027,4,1100,6,68,1,1,-1,0,+,C3Pi
final,55682.201776,4,1101,6,70,1,1,0,1,+,C3Pi
final,55709.798921,4,1102,6,71,1,1,0,1,+,C3Pi
final,55731.557016,4,1103,6,72,1,1,1,2,+,C3Pi
final,55745.383662,4,1104,5,77,0,1,0,0,+,B3Sigma-
final,55750.152084,4,1105,5,77,0,1,1,1,+,B3Sigma-
final,55752.702177,4,1106,8,106,1,1,-1,0,+,Cp3Pi
final,55772.176637,4,1107,6,69,1,1,-1,0,+,C3Pi
final,55806.854985,4,1108,8,108,1,1,0,1,+,Cp3Pi
final,55821.135914,4,1109,8,108,1,1,1,2,+,Cp3Pi
final,55852.79023,4,1110,6,73,1,1,1,2,+,C3Pi
final,55865.169059,4,1111,5,78,0,1,0,0,+,B3Sigma-
final,55869.530705,4,1112,5,78,0,1,1,1,+,B3Sigma-
final,55875.725447,4,1113,6,70,1,1,-1,0,+,C3Pi
final,55884.893027,4,1114,6,72,1,1,0,1,+,C3Pi
final,55924.777418,4,1115,8,109,1,1,0,1,+,Cp3Pi
final,55947.440028,4,1116,8,107,1,1,-1,0,+,Cp3Pi
final,55955.209565,4,1117,6,74,1,1,1,2,+,C3Pi
final,55984.308902,4,1118,6,71,1,1,-1,0,+,C3Pi
final,55989.123732,4,1119,5,79,0,1,1,1,+,B3Sigma-
final,55992.344676,4,1120,5,79,0,1,0,0,+,B3Sigma-
final,56026.223203,4,1121,8,109,1,1,1,2,+,Cp3Pi
final,56028.025776,4,1122,6,73,1,1,0,1,+,C3Pi
final,56075.748693,4,1123,6,75,1,1,1,2,+,C3Pi
final,56087.309119,4,1124,6,74,1,1,0,1,+,C3Pi
final,56091.258494,4,1125,6,72,1,1,-1,0,+,C3Pi
final,56110.657749,4,1126,5,80,0,1,0,0,+,B3Sigma-
final,56114.145542,4,1127,5,80,0,1,1,1,+,B3Sigma-
final,56147.162122,4,1128,8,108,1,1,-1,0,+,Cp3Pi
final,56148.537261,4,1129,8,110,1,1,0,1,+,Cp3Pi
final,56184.308658,4,1130,6,76,1,1,1,2,+,C3Pi
final,56208.40755,4,1131,6,73,1,1,-1,0,+,C3Pi
final,56230.76128,4,1132,8,110,1,1,1,2,+,Cp3Pi
final,56233.682103,4,1133,5,81,0,1,1,1,+,B3Sigma-
final,56237.555707,4,1134,5,81,0,1,0,0,+,B3Sigma-
final,56238.659806,4,1135,7,7,1,0,0,1,+,e1Pi
final,56254.611086,4,1136,6,75,1,1,0,1,+,C3Pi
final,56293.912448,4,1137,6,76,1,1,0,1,+,C3Pi
final,56308.026938,4,1138,6,77,1,1,1,2,+,C3Pi
final,56313.349065,4,1139,6,74,1,1,-1,0,+,C3Pi
final,56351.342373,4,1140,8,109,1,1,-1,0,+,Cp3Pi
final,56358.861324,4,1141,5,82,0,1,1,1,+,B3Sigma-
final,56363.435669,4,1142,5,82,0,1,0,0,+,B3Sigma-
final,56381.42062,4,1143,6,77,1,1,0,1,+,C3Pi
final,56413.84581,4,1144,6,78,1,1,1,2,+,C3Pi
final,56436.373926,4,1145,6,75,1,1,-1,0,+,C3Pi
final,56441.659332,4,1146,8,111,1,1,1,2,+,Cp3Pi
final,56471.682564,4,1147,8,111,1,1,0,1,+,Cp3Pi
final,56489.156184,4,1148,5,83,0,1,0,0,+,B3Sigma-
final,56492.34197,4,1149,5,83,0,1,1,1,+,B3Sigma-
final,56512.466012,4,1150,6,78,1,1,0,1,+,C3Pi
final,56532.361059,4,1151,8,110,1,1,-1,0,+,Cp3Pi
final,56547.671729,4,1152,6,79,1,1,1,2,+,C3Pi
final,56566.805087,4,1153,6,76,1,1,-1,0,+,C3Pi
final,56605.053623,4,1154,6,79,1,1,0,1,+,C3Pi
final,56619.729631,4,1155,5,84,0,1,0,0,+,B3Sigma-
final,56628.321886,4,1156,8,112,1,1,1,2,+,Cp3Pi
final,56628.713434,4,1157,5,84,0,1,1,1,+,B3Sigma-
final,56669.491156,4,1158,6,77,1,1,-1,0,+,C3Pi
final,56675.143797,4,1159,6,80,1,1,1,2,+,C3Pi
final,56688.071603,4,1160,8,112,1,1,0,1,+,Cp3Pi
final,56734.076971,4,1161,5,85,0,1,1,1,+,B3Sigma-
final,56743.827518,4,1162,8,111,1,1,-1,0,+,Cp3Pi
final,56751.345143,4,1163,5,85,0,1,0,0,+,B3Sigma-
final,56760.087847,4,1164,6,80,1,1,0,1,+,C3Pi
final,56793.218437,4,1165,6,81,1,1,1,2,+,C3Pi
final,56797.80627,4,1166,6,78,1,1,-1,0,+,C3Pi
final,56836.368149,4,1167,8,113,1,1,1,2,+,Cp3Pi
final,56848.595161,4,1168,8,113,1,1,0,1,+,Cp3Pi
final,56882.486944,4,1169,5,86,0,1,0,0,+,B3Sigma-
final,56887.172483,4,1170,5,86,0,1,1,1,+,B3Sigma-
final,56902.620498,4,1171,6,81,1,1,0,1,+,C3Pi
final,56906.736743,4,1172,6,79,1,1,-1,0,+,C3Pi
final,56907.113814,4,1173,7,8,1,0,0,1,+,e1Pi
final,56923.670954,4,1174,6,82,1,1,1,2,+,C3Pi
final,56956.879913,4,1175,8,112,1,1,-1,0,+,Cp3Pi
final,56980.194818,4,1176,6,82,1,1,0,1,+,C3Pi
final,57016.646942,4,1177,5,87,0,1,0,0,+,B3Sigma-
final,57024.591427,4,1178,5,87,0,1,1,1,+,B3Sigma-
final,57031.797239,4,1179,8,114,1,1,1,2,+,Cp3Pi
final,57039.60514,4,1180,6,80,1,1,-1,0,+,C3Pi
final,57057.741186,4,1181,6,83,1,1,1,2,+,C3Pi
final,57086.945732,4,1182,8,114,1,1,0,1,+,Cp3Pi
final,57119.090214,4,1183,5,88,0,1,1,1,+,B3Sigma-
final,57137.266156,4,1184,6,81,1,1,-1,0,+,C3Pi
final,57154.925125,4,1185,5,88,0,1,0,0,+,B3Sigma-
final,57161.19732,4,1186,6,83,1,1,0,1,+,C3Pi
final,57180.005837,4,1187,6,84,1,1,1,2,+,C3Pi
final,57180.384126,4,1188,8,113,1,1,-1,0,+,Cp3Pi
final,57232.44623,4,1189,8,115,1,1,0,1,+,Cp3Pi
final,57243.675605,4,1190,8,115,1,1,1,2,+,Cp3Pi
final,57279.200472,4,1191,6,82,1,1,-1,0,+,C3Pi
final,57293.956338,4,1192,5,89,0,1,1,1,+,B3Sigma-
final,57298.250487,4,1193,5,89,0,1,0,0,+,B3Sigma-
final,57308.407502,4,1194,6,84,1,1,0,1,+,C3Pi
final,57313.437138,4,1195,6,85,1,1,1,2,+,C3Pi
final,57360.879057,4,1196,8,114,1,1,-1,0,+,Cp3Pi
final,57367.254356,4,1197,6,85,1,1,0,1,+,C3Pi
final,57415.974111,4,1198,6,83,1,1,-1,0,+,C3Pi
final,57434.993652,4,1199,5,90,0,1,1,1,+,B3Sigma-
final,57438.434077,4,1200,6,86,1,1,1,2,+,C3Pi
final,57438.719413,4,1201,5,90,0,1,0,0,+,B3Sigma-
final,57457.047692,4,1202,8,116,1,1,1,2,+,Cp3Pi
final,57487.800997,4,1203,8,116,1,1,0,1,+,Cp3Pi
final,57521.166852,4,1204,6,86,1,1,0,1,+,C3Pi
final,57531.329516,4,1205,6,84,1,1,-1,0,+,C3Pi
final,57560.184791,4,1206,7,9,1,0,0,1,+,e1Pi
final,57571.88054,4,1207,5,91,0,1,0,0,+,B3Sigma-
final,57577.793917,4,1208,5,91,0,1,1,1,+,B3Sigma-
final,57579.850383,4,1209,6,87,1,1,1,2,+,C3Pi
final,57584.438458,4,1210,8,115,1,1,-1,0,+,Cp3Pi
final,57628.885676,4,1211,8,117,1,1,0,1,+,Cp3Pi
final,57657.745141,4,1212,8,117,1,1,1,2,+,Cp3Pi
final,57672.220202,4,1213,6,85,1,1,-1,0,+,C3Pi
final,57713.378501,4,1214,5,92,0,1,1,1,+,B3Sigma-
final,57717.085492,4,1215,6,88,1,1,1,2,+,C3Pi
final,57718.805064,4,1216,5,92,0,1,0,0,+,B3Sigma-
final,57725.338431,4,1217,6,87,1,1,0,1,+,C3Pi
final,57767.814194,4,1218,6,88,1,1,0,1,+,C3Pi
final,57771.535514,4,1219,8,116,1,1,-1,0,+,Cp3Pi
final,57815.667729,4,1220,6,86,1,1,-1,0,+,C3Pi
final,57851.539685,4,1221,6,89,1,1,1,2,+,C3Pi
final,57861.190651,4,1222,5,93,0,1,1,1,+,B3Sigma-
final,57864.894147,4,1223,5,93,0,1,0,0,+,B3Sigma-
final,57869.752864,4,1224,8,118,1,1,1,2,+,Cp3Pi
final,57897.169909,4,1225,8,118,1,1,0,1,+,Cp3Pi
final,57933.583395,4,1226,6,87,1,1,-1,0,+,C3Pi
final,57934.990844,4,1227,6,89,1,1,0,1,+,C3Pi
final,57993.399454,4,1228,8,117,1,1,-1,0,+,Cp3Pi
final,57993.424469,4,1229,6,90,1,1,1,2,+,C3Pi
final,58007.351514,4,1230,5,94,0,1,1,1,+,B3Sigma-
final,58011.314983,4,1231,5,94,0,1,0,0,+,B3Sigma-
final,58039.860028,4,1232,8,119,1,1,0,1,+,Cp3Pi
final,58076.643966,4,1233,6,88,1,1,-1,0,+,C3Pi
final,58077.46379,4,1234,8,119,1,1,1,2,+,Cp3Pi
final,58134.808155,4,1235,6,91,1,1,1,2,+,C3Pi
final,58137.342358,4,1236,6,90,1,1,0,1,+,C3Pi
final,58154.794783,4,1237,5,95,0,1,0,0,+,B3Sigma-
final,58158.313182,4,1238,5,95,0,1,1,1,+,B3Sigma-
final,58182.880653,4,1239,6,91,1,1,0,1,+,C3Pi
final,58189.17105,4,1240,8,118,1,1,-1,0,+,Cp3Pi
final,58196.78237,4,1241,7,10,1,0,0,1,+,e1Pi
final,58226.994339,4,1242,6,89,1,1,-1,0,+,C3Pi
final,58275.932689,4,1243,6,92,1,1,1,2,+,C3Pi
final,58290.388801,4,1244,8,120,1,1,1,2,+,Cp3Pi
final,58299.709552,4,1245,5,96,0,1,1,1,+,B3Sigma-
final,58305.859678,4,1246,5,96,0,1,0,0,+,B3Sigma-
final,58322.127746,4,1247,8,120,1,1,0,1,+,Cp3Pi
final,58348.02433,4,1248,6,90,1,1,-1,0,+,C3Pi
final,58356.092506,4,1249,8,121,1,1,0,1,+,Cp3Pi
final,58416.400354,4,1250,8,119,1,1,-1,0,+,Cp3Pi
final,58421.039991,4,1251,6,93,1,1,1,2,+,C3Pi
final,58448.382536,4,1252,6,92,1,1,0,1,+,C3Pi
final,58456.684734,4,1253,5,97,0,1,0,0,+,B3Sigma-
final,58469.847538,4,1254,5,97,0,1,1,1,+,B3Sigma-
final,58494.230255,4,1255,6,91,1,1,-1,0,+,C3Pi
final,58502.364288,4,1256,8,121,1,1,1,2,+,Cp3Pi
final,58564.61765,4,1257,6,93,1,1,0,1,+,C3Pi
final,58566.757038,4,1258,6,94,1,1,1,2,+,C3Pi
final,58598.019179,4,1259,5,98,0,1,1,1,+,B3Sigma-
final,58606.238632,4,1260,5,98,0,1,0,0,+,B3Sigma-
final,58616.820502,4,1261,8,120,1,1,-1,0,+,Cp3Pi
final,58619.512641,4,1262,6,94,1,1,0,1,+,C3Pi
final,58648.940673,4,1263,6,92,1,1,-1,0,+,C3Pi
final,58713.472072,4,1264,6,95,1,1,1,2,+,C3Pi
final,58717.12985,4,1265,8,122,1,1,1,2,+,Cp3Pi
final,58741.939719,4,1266,5,99,0,1,1,1,+,B3Sigma-
final,58761.194027,4,1267,5,99,0,1,0,0,+,B3Sigma-
final,58770.426331,4,1268,6,95,1,1,0,1,+,C3Pi
final,58776.668871,4,1269,6,93,1,1,-1,0,+,C3Pi
final,58783.012264,4,1270,8,122,1,1,0,1,+,Cp3Pi
final,58816.154821,4,1271,7,11,1,0,0,1,+,e1Pi
final,58844.917962,4,1272,8,121,1,1,-1,0,+,Cp3Pi
final,58862.577517,4,1273,6,96,1,1,1,2,+,C3Pi
final,58892.183955,4,1274,5,100,0,1,1,1,+,B3Sigma-
final,58916.319939,4,1275,5,100,0,1,0,0,+,B3Sigma-
final,58924.564006,4,1276,6,94,1,1,-1,0,+,C3Pi
final,58927.059047,4,1277,8,122,1,1,-1,0,+,Cp3Pi
final,58932.433833,4,1278,8,123,1,1,1,2,+,Cp3Pi
final,58996.147087,4,1279,8,123,1,1,0,1,+,Cp3Pi
final,59012.814543,4,1280,6,97,1,1,1,2,+,C3Pi
final,59042.867468,4,1281,6,96,1,1,0,1,+,C3Pi
final,59048.995727,4,1282,6,95,1,1,-1,0,+,C3Pi
final,59074.857003,4,1283,5,101,0,1,0,0,+,B3Sigma-
final,59080.699948,4,1284,5,101,0,1,1,1,+,B3Sigma-
final,59082.199038,4,1285,6,97,1,1,0,1,+,C3Pi
final,59149.342321,4,1286,8,124,1,1,1,2,+,Cp3Pi
final,59164.707586,4,1287,6,98,1,1,1,2,+,C3Pi
final,59191.407533,4,1288,8,124,1,1,0,1,+,Cp3Pi
final,59215.287483,4,1289,6,96,1,1,-1,0,+,C3Pi
final,59215.32537,4,1290,8,123,1,1,-1,0,+,Cp3Pi
final,59234.371492,4,1291,5,102,0,1,0,0,+,B3Sigma-
final,59239.485525,4,1292,5,102,0,1,1,1,+,B3Sigma-
final,59278.676962,4,1293,6,97,1,1,-1,0,+,C3Pi
final,59317.763279,4,1294,6,99,1,1,1,2,+,C3Pi
final,59345.348146,4,1295,6,98,1,1,0,1,+,C3Pi
final,59367.90642,4,1296,8,125,1,1,1,2,+,Cp3Pi
final,59369.020674,4,1297,5,103,0,1,0,0,+,B3Sigma-
final,59394.116519,4,1298,5,103,0,1,1,1,+,B3Sigma-
final,59399.119839,4,1299,6,99,1,1,0,1,+,C3Pi
final,59417.630476,4,1300,7,12,1,0,0,1,+,e1Pi
final,59431.897209,4,1301,8,125,1,1,0,1,+,Cp3Pi
final,59472.6583,4,1302,6,100,1,1,1,2,+,C3Pi
final,59490.856987,4,1303,8,124,1,1,-1,0,+,Cp3Pi
final,59499.583394,4,1304,8,126,1,1,0,1,+,Cp3Pi
final,59525.311612,4,1305,6,98,1,1,-1,0,+,C3Pi
final,59555.60218,4,1306,5,104,0,1,0,0,+,B3Sigma-
final,59560.432381,4,1307,5,104,0,1,1,1,+,B3Sigma-
final,59587.260615,4,1308,8,126,1,1,1,2,+,Cp3Pi
final,59629.290754,4,1309,6,101,1,1,1,2,+,C3Pi
final,59649.293039,4,1310,6,100,1,1,0,1,+,C3Pi
final,59656.881143,4,1311,8,127,1,1,0,1,+,Cp3Pi
final,59671.1055,4,1312,6,99,1,1,-1,0,+,C3Pi
final,59716.929057,4,1313,8,125,1,1,-1,0,+,Cp3Pi
final,59719.086921,4,1314,5,105,0,1,0,0,+,B3Sigma-
final,59723.393982,4,1315,5,105,0,1,1,1,+,B3Sigma-
final,59785.836474,4,1316,6,102,1,1,1,2,+,C3Pi
final,59809.518707,4,1317,8,127,1,1,1,2,+,Cp3Pi
final,59811.662919,4,1318,6,101,1,1,0,1,+,C3Pi
final,59828.658941,4,1319,6,100,1,1,-1,0,+,C3Pi
final,59872.025709,4,1320,5,106,0,1,1,1,+,B3Sigma-
final,59883.411124,4,1321,5,106,0,1,0,0,+,B3Sigma-
final,59887.920108,4,1322,6,102,1,1,0,1,+,C3Pi
final,59934.746199,4,1323,8,126,1,1,-1,0,+,Cp3Pi
final,59945.960637,4,1324,6,103,1,1,1,2,+,C3Pi
final,59970.194816,4,1325,8,128,1,1,0,1,+,Cp3Pi
final,59986.758618,4,1326,6,101,1,1,-1,0,+,C3Pi
final,60000.168141,4,1327,7,13,1,0,0,1,+,e1Pi
final,60030.922651,4,1328,8,128,1,1,1,2,+,Cp3Pi
final,60049.52671,4,1329,5,107,0,1,0,0,+,B3Sigma-
final,60053.741479,4,1330,5,107,0,1,1,1,+,B3Sigma-
final,60094.347234,4,1331,6,103,1,1,0,1,+,C3Pi
final,60107.266864,4,1332,6,104,1,1,1,2,+,C3Pi
final,60130.203716,4,1333,6,104,1,1,0,1,+,C3Pi
final,60139.250585,4,1334,6,102,1,1,-1,0,+,C3Pi
final,60161.865424,4,1335,8,127,1,1,-1,0,+,Cp3Pi
final,60217.26866,4,1336,5,108,0,1,0,0,+,B3Sigma-
final,60221.343771,4,1337,5,108,0,1,1,1,+,B3Sigma-
final,60252.075064,4,1338,8,129,1,1,1,2,+,Cp3Pi
final,60272.059922,4,1339,6,105,1,1,1,2,+,C3Pi
final,60291.767272,4,1340,6,103,1,1,-1,0,+,C3Pi
final,60302.422474,4,1341,8,128,1,1,-1,0,+,Cp3Pi
final,60317.700069,4,1342,8,129,1,1,0,1,+,Cp3Pi
final,60380.984676,4,1343,5,109,0,1,0,0,+,B3Sigma-
final,60386.719927,4,1344,5,109,0,1,1,1,+,B3Sigma-
final,60390.58224,4,1345,6,105,1,1,0,1,+,C3Pi
final,60432.078696,4,1346,6,106,1,1,1,2,+,C3Pi
final,60454.908799,4,1347,6,104,1,1,-1,0,+,C3Pi
final,60464.268567,4,1348,8,129,1,1,-1,0,+,Cp3Pi
final,60480.75554,4,1349,8,130,1,1,1,2,+,Cp3Pi
final,60542.009649,4,1350,8,130,1,1,0,1,+,Cp3Pi
final,60557.287203,4,1351,5,110,0,1,0,0,+,B3Sigma-
final,60561.161326,4,1352,5,110,0,1,1,1,+,B3Sigma-
final,60563.043626,4,1353,7,14,1,0,0,1,+,e1Pi
final,60598.352937,4,1354,6,107,1,1,1,2,+,C3Pi
final,60604.389056,4,1355,6,105,1,1,-1,0,+,C3Pi
final,60619.686407,4,1356,6,106,1,1,0,1,+,C3Pi
final,60628.21181,4,1357,8,130,1,1,-1,0,+,Cp3Pi
final,60705.560288,4,1358,8,131,1,1,1,2,+,Cp3Pi
final,60728.870119,4,1359,5,111,0,1,1,1,+,B3Sigma-
final,60732.945185,4,1360,5,111,0,1,0,0,+,B3Sigma-
final,60766.236801,4,1361,6,108,1,1,1,2,+,C3Pi
final,60768.55376,4,1362,8,131,1,1,0,1,+,Cp3Pi
final,60786.269271,4,1363,6,107,1,1,0,1,+,C3Pi
final,60790.282857,4,1364,6,106,1,1,-1,0,+,C3Pi
final,60832.28369,4,1365,8,131,1,1,-1,0,+,Cp3Pi
final,60902.2836,4,1366,5,112,0,1,1,1,+,B3Sigma-
final,60906.638887,4,1367,5,112,0,1,0,0,+,B3Sigma-
final,60924.257379,4,1368,6,109,1,1,1,2,+,C3Pi
final,60943.295529,4,1369,8,132,1,1,1,2,+,Cp3Pi
final,60953.851406,4,1370,6,108,1,1,0,1,+,C3Pi
final,60956.580196,4,1371,6,107,1,1,-1,0,+,C3Pi
final,60996.098125,4,1372,8,132,1,1,0,1,+,Cp3Pi
final,61058.734142,4,1373,5,113,0,1,0,0,+,B3Sigma-
final,61076.949489,4,1374,5,113,0,1,1,1,+,B3Sigma-
final,61081.875419,4,1375,6,109,1,1,0,1,+,C3Pi
final,61101.998738,4,1376,6,110,1,1,1,2,+,C3Pi
final,61105.17827,4,1377,7,15,1,0,0,1,+,e1Pi
final,61123.231827,4,1378,6,108,1,1,-1,0,+,C3Pi
final,61124.614477,4,1379,8,132,1,1,-1,0,+,Cp3Pi
final,61164.047337,4,1380,8,133,1,1,1,2,+,Cp3Pi
final,61223.940433,4,1381,8,133,1,1,0,1,+,Cp3Pi
final,61253.087961,4,1382,5,114,0,1,1,1,+,B3Sigma-
final,61258.20935,4,1383,5,114,0,1,0,0,+,B3Sigma-
final,61274.630875,4,1384,6,111,1,1,1,2,+,C3Pi
final,61286.406809,4,1385,6,109,1,1,-1,0,+,C3Pi
final,61293.597222,4,1386,6,110,1,1,0,1,+,C3Pi
final,61296.050891,4,1387,6,111,1,1,0,1,+,C3Pi
final,61392.078409,4,1388,8,134,1,1,1,2,+,Cp3Pi
final,61428.065805,4,1389,5,115,0,1,1,1,+,B3Sigma-
final,61436.026548,4,1390,5,115,0,1,0,0,+,B3Sigma-
final,61449.139027,4,1391,6,112,1,1,1,2,+,C3Pi
final,61454.865624,4,1392,8,134,1,1,0,1,+,Cp3Pi
final,61463.065741,4,1393,6,110,1,1,-1,0,+,C3Pi
final,61470.475296,4,1394,6,112,1,1,0,1,+,C3Pi
final,61517.348858,4,1395,8,133,1,1,-1,0,+,Cp3Pi
final,61606.349597,4,1396,5,116,0,1,1,1,+,B3Sigma-
final,61611.675406,4,1397,6,113,1,1,1,2,+,C3Pi
final,61615.206358,4,1398,5,116,0,1,0,0,+,B3Sigma-
final,61625.709881,4,1399,7,16,1,0,0,1,+,e1Pi
final,61635.148199,4,1400,8,135,1,1,1,2,+,Cp3Pi
final,61635.646097,4,1401,6,111,1,1,-1,0,+,C3Pi
final,61644.772041,4,1402,6,113,1,1,0,1,+,C3Pi
final,61686.632471,4,1403,8,135,1,1,0,1,+,Cp3Pi
final,61748.303329,4,1404,8,134,1,1,-1,0,+,Cp3Pi
final,61785.12917,4,1405,5,117,0,1,1,1,+,B3Sigma-
final,61794.952413,4,1406,5,117,0,1,0,0,+,B3Sigma-
final,61795.479215,4,1407,6,114,1,1,1,2,+,C3Pi
final,61810.632986,4,1408,6,112,1,1,-1,0,+,C3Pi
final,61822.847666,4,1409,6,114,1,1,0,1,+,C3Pi
final,61859.6513,4,1410,8,136,1,1,1,2,+,Cp3Pi
final,61917.892851,4,1411,8,136,1,1,0,1,+,Cp3Pi
final,61965.226922,4,1412,5,118,0,1,1,1,+,B3Sigma-
final,61973.145689,4,1413,6,113,1,1,-1,0,+,C3Pi
final,61974.432902,4,1414,6,115,1,1,1,2,+,C3Pi
final,61981.545918,4,1415,8,135,1,1,-1,0,+,Cp3Pi
final,61989.257299,4,1416,5,118,0,1,0,0,+,B3Sigma-
final,62002.958909,4,1417,6,115,1,1,0,1,+,C3Pi
final,62091.107584,4,1418,8,137,1,1,1,2,+,Cp3Pi
final,62123.559336,4,1419,7,17,1,0,0,1,+,e1Pi
final,62138.724608,4,1420,8,137,1,1,0,1,+,Cp3Pi
final,62152.315426,4,1421,6,114,1,1,-1,0,+,C3Pi
final,62155.081181,4,1422,6,116,1,1,1,2,+,C3Pi
final,62158.091066,4,1423,5,119,0,1,1,1,+,B3Sigma-
final,62170.993714,4,1424,5,119,0,1,0,0,+,B3Sigma-
final,62185.295592,4,1425,6,116,1,1,0,1,+,C3Pi
final,62214.755221,4,1426,8,136,1,1,-1,0,+,Cp3Pi
final,62317.315972,4,1427,8,138,1,1,1,2,+,Cp3Pi
final,62323.865863,4,1428,5,120,0,1,1,1,+,B3Sigma-
final,62331.259622,4,1429,6,115,1,1,-1,0,+,C3Pi
final,62344.198324,4,1430,6,117,1,1,1,2,+,C3Pi
final,62355.861527,4,1431,5,120,0,1,0,0,+,B3Sigma-
final,62368.604914,4,1432,6,117,1,1,0,1,+,C3Pi
final,62389.550304,4,1433,8,138,1,1,0,1,+,Cp3Pi
final,62449.495767,4,1434,8,137,1,1,-1,0,+,Cp3Pi
final,62506.710607,4,1435,5,121,0,1,1,1,+,B3Sigma-
final,62511.104945,4,1436,6,116,1,1,-1,0,+,C3Pi
final,62511.893546,4,1437,6,118,1,1,1,2,+,C3Pi
final,62542.822726,4,1438,5,121,0,1,0,0,+,B3Sigma-
final,62554.985237,4,1439,6,118,1,1,0,1,+,C3Pi
final,62567.801849,4,1440,8,139,1,1,1,2,+,Cp3Pi
final,62597.711604,4,1441,7,18,1,0,0,1,+,e1Pi
final,62624.091667,4,1442,8,139,1,1,0,1,+,Cp3Pi
final,62683.290805,4,1443,8,138,1,1,-1,0,+,Cp3Pi
final,62691.123493,4,1444,5,122,0,1,1,1,+,B3Sigma-
final,62694.360286,4,1445,6,117,1,1,-1,0,+,C3Pi
final,62697.47828,4,1446,6,119,1,1,1,2,+,C3Pi
final,62731.569036,4,1447,5,122,0,1,0,0,+,B3Sigma-
final,62742.908501,4,1448,6,119,1,1,0,1,+,C3Pi
final,62802.727162,4,1449,8,140,1,1,1,2,+,Cp3Pi
final,62856.042051,4,1450,8,140,1,1,0,1,+,Cp3Pi
final,62873.220864,4,1451,6,118,1,1,-1,0,+,C3Pi
final,62881.329495,4,1452,5,123,0,1,1,1,+,B3Sigma-
final,62884.08791,4,1453,6,120,1,1,1,2,+,C3Pi
final,62920.307396,4,1454,5,123,0,1,0,0,+,B3Sigma-
final,62925.54015,4,1455,8,139,1,1,-1,0,+,Cp3Pi
final,62932.558243,4,1456,6,120,1,1,0,1,+,C3Pi
final,63036.933291,4,1457,8,141,1,1,1,2,+,Cp3Pi
final,63047.121372,4,1458,7,19,1,0,0,1,+,e1Pi
final,63056.436134,4,1459,6,119,1,1,-1,0,+,C3Pi
final,63058.021632,4,1460,8,141,1,1,0,1,+,Cp3Pi
final,63074.809757,4,1461,6,121,1,1,1,2,+,C3Pi
final,63104.636904,4,1462,5,124,0,1,1,1,+,B3Sigma-
final,63113.520366,4,1463,5,124,0,1,0,0,+,B3Sigma-
final,63123.914767,4,1464,6,121,1,1,0,1,+,C3Pi
final,63162.634548,4,1465,8,140,1,1,-1,0,+,Cp3Pi
final,63242.56951,4,1466,6,120,1,1,-1,0,+,C3Pi
final,63246.322598,4,1467,5,125,0,1,1,1,+,B3Sigma-
final,63249.981599,4,1468,6,122,1,1,1,2,+,C3Pi
final,63289.657342,4,1469,8,142,1,1,1,2,+,Cp3Pi
final,63306.940485,4,1470,5,125,0,1,0,0,+,B3Sigma-
final,63316.428716,4,1471,6,122,1,1,0,1,+,C3Pi
final,63342.850928,4,1472,8,142,1,1,0,1,+,Cp3Pi
final,63401.334634,4,1473,8,141,1,1,-1,0,+,Cp3Pi
final,63430.480701,4,1474,6,121,1,1,-1,0,+,C3Pi
final,63435.989869,4,1475,5,126,0,1,1,1,+,B3Sigma-
final,63443.29212,4,1476,6,123,1,1,1,2,+,C3Pi
final,63470.684946,4,1477,7,20,1,0,0,1,+,e1Pi
final,63501.88324,4,1478,5,126,0,1,0,0,+,B3Sigma-
final,63510.9484,4,1479,6,123,1,1,0,1,+,C3Pi
final,63526.710584,4,1480,8,143,1,1,1,2,+,Cp3Pi
final,63581.302128,4,1481,8,143,1,1,0,1,+,Cp3Pi
final,63614.800359,4,1482,6,122,1,1,-1,0,+,C3Pi
final,63628.350326,4,1483,5,127,0,1,1,1,+,B3Sigma-
final,63635.780034,4,1484,6,124,1,1,1,2,+,C3Pi
final,63646.275852,4,1485,8,142,1,1,-1,0,+,Cp3Pi
final,63698.350808,4,1486,5,127,0,1,0,0,+,B3Sigma-
final,63706.943225,4,1487,6,124,1,1,0,1,+,C3Pi
final,63766.658391,4,1488,8,144,1,1,1,2,+,Cp3Pi
final,63805.167477,4,1489,6,123,1,1,-1,0,+,C3Pi
final,63807.089778,4,1490,8,144,1,1,0,1,+,Cp3Pi
final,63830.269293,4,1491,6,125,1,1,1,2,+,C3Pi
final,63836.692133,4,1492,6,125,1,1,0,1,+,C3Pi
final,63867.370674,4,1493,7,21,1,0,0,1,+,e1Pi
final,63886.774256,4,1494,8,143,1,1,-1,0,+,Cp3Pi
final,63896.966454,4,1495,5,128,0,1,0,0,+,B3Sigma-
final,63904.480873,4,1496,5,128,0,1,1,1,+,B3Sigma-
final,63996.773511,4,1497,6,124,1,1,-1,0,+,C3Pi
final,64001.595924,4,1498,8,145,1,1,1,2,+,Cp3Pi
final,64006.084672,4,1499,8,145,1,1,0,1,+,Cp3Pi
final,64032.93482,4,1500,6,126,1,1,1,2,+,C3Pi
final,64074.02296,4,1501,6,126,1,1,0,1,+,C3Pi
final,64095.182009,4,1502,5,129,0,1,0,0,+,B3Sigma-
final,64103.468617,4,1503,5,129,0,1,1,1,+,B3Sigma-
final,64130.905856,4,1504,8,144,1,1,-1,0,+,Cp3Pi
final,64190.152991,4,1505,6,125,1,1,-1,0,+,C3Pi
final,64202.08903,4,1506,8,146,1,1,0,1,+,Cp3Pi
final,64211.339804,4,1507,6,127,1,1,1,2,+,C3Pi
final,64236.141834,4,1508,7,22,1,0,0,1,+,e1Pi
final,64263.69042,4,1509,8,146,1,1,1,2,+,Cp3Pi
final,64296.111456,4,1510,5,130,0,1,0,0,+,B3Sigma-
final,64303.722441,4,1511,5,130,0,1,1,1,+,B3Sigma-
final,64317.161983,4,1512,6,127,1,1,0,1,+,C3Pi
final,64369.998421,4,1513,8,145,1,1,-1,0,+,Cp3Pi
final,64390.167752,4,1514,6,126,1,1,-1,0,+,C3Pi
final,64399.530779,4,1515,5,131,0,1,1,1,+,B3Sigma-
final,64410.860112,4,1516,6,128,1,1,1,2,+,C3Pi
final,64498.44333,4,1517,5,131,0,1,0,0,+,B3Sigma-
final,64505.836388,4,1518,6,128,1,1,0,1,+,C3Pi
final,64507.023872,4,1519,8,147,1,1,1,2,+,Cp3Pi
final,64559.18596,4,1520,8,147,1,1,0,1,+,Cp3Pi
final,64575.988257,4,1521,7,23,1,0,0,1,+,e1Pi
final,64576.570219,4,1522,6,127,1,1,-1,0,+,C3Pi
final,64600.683403,4,1523,6,129,1,1,1,2,+,C3Pi
final,64610.519972,4,1524,8,148,1,1,1,2,+,Cp3Pi
final,64625.568906,4,1525,8,146,1,1,-1,0,+,Cp3Pi
final,64702.257717,4,1526,5,132,0,1,0,0,+,B3Sigma-
final,64709.342429,4,1527,5,132,0,1,1,1,+,B3Sigma-
final,64752.102165,4,1528,6,130,1,1,1,2,+,C3Pi
final,64774.771762,4,1529,6,128,1,1,-1,0,+,C3Pi
final,64784.801062,4,1530,6,129,1,1,0,1,+,C3Pi
final,64812.497709,4,1531,8,149,1,1,1,2,+,Cp3Pi
final,64821.163893,4,1532,8,148,1,1,0,1,+,Cp3Pi
final,64871.724148,4,1533,8,147,1,1,-1,0,+,Cp3Pi
final,64886.001602,4,1534,7,24,1,0,0,1,+,e1Pi
final,64907.670823,4,1535,5,133,0,1,0,0,+,B3Sigma-
final,64914.290383,4,1536,5,133,0,1,1,1,+,B3Sigma-
final,64973.888079,4,1537,6,129,1,1,-1,0,+,C3Pi
final,64989.877281,4,1538,6,130,1,1,0,1,+,C3Pi
final,64991.881525,4,1539,6,131,1,1,1,2,+,C3Pi
final,65023.28877,4,1540,6,132,1,1,1,2,+,C3Pi
final,65064.53433,4,1541,8,149,1,1,0,1,+,Cp3Pi
final,65112.026586,4,1542,5,134,0,1,0,0,+,B3Sigma-
final,65119.758879,4,1543,5,134,0,1,1,1,+,B3Sigma-
final,65122.462046,4,1544,8,148,1,1,-1,0,+,Cp3Pi
final,65165.393369,4,1545,7,25,1,0,0,1,+,e1Pi
final,65174.956852,4,1546,6,130,1,1,-1,0,+,C3Pi
final,65194.543603,4,1547,6,131,1,1,0,1,+,C3Pi
final,65212.132175,4,1548,6,132,1,1,0,1,+,C3Pi
final,65322.090001,4,1549,5,135,0,1,0,0,+,B3Sigma-
final,65328.26684,4,1550,5,135,0,1,1,1,+,B3Sigma-
final,65372.552265,4,1551,6,131,1,1,-1,0,+,C3Pi
final,65394.83879,4,1552,6,133,1,1,1,2,+,C3Pi
final,65413.688583,4,1553,7,26,1,0,0,1,+,e1Pi
final,65414.637917,4,1554,6,133,1,1,0,1,+,C3Pi
final,65531.46153,4,1555,5,136,0,1,0,0,+,B3Sigma-
final,65537.324965,4,1556,5,136,0,1,1,1,+,B3Sigma-
final,65573.416978,4,1557,6,132,1,1,-1,0,+,C3Pi
final,65598.002256,4,1558,6,134,1,1,1,2,+,C3Pi
final,65619.34584,4,1559,6,134,1,1,0,1,+,C3Pi
final,65631.790234,4,1560,7,27,1,0,0,1,+,e1Pi
final,65742.247539,4,1561,5,137,0,1,0,0,+,B3Sigma-
final,65747.779152,4,1562,5,137,0,1,1,1,+,B3Sigma-
final,65776.241047,4,1563,6,133,1,1,-1,0,+,C3Pi
final,65803.230971,4,1564,6,135,1,1,1,2,+,C3Pi
final,65822.85522,4,1565,7,28,1,0,0,1,+,e1Pi
final,65825.752728,4,1566,6,135,1,1,0,1,+,C3Pi
final,65954.38328,4,1567,5,138,0,1,0,0,+,B3Sigma-
final,65959.603565,4,1568,5,138,0,1,1,1,+,B3Sigma-
final,65974.345971,4,1569,7,29,1,0,0,1,+,e1Pi
final,65981.097453,4,1570,6,134,1,1,-1,0,+,C3Pi
final,66010.24786,4,1571,6,136,1,1,1,2,+,C3Pi
final,66033.631881,4,1572,6,136,1,1,0,1,+,C3Pi
final,66039.903061,4,1573,7,30,1,0,0,1,+,e1Pi
final,66107.456052,4,1574,7,31,1,0,0,1,+,e1Pi
final,66153.99987,4,1575,7,32,1,0,0,1,+,e1Pi
final,66167.789559,4,1576,5,139,0,1,0,0,+,B3Sigma-
final,66172.732699,4,1577,5,139,0,1,1,1,+,B3Sigma-
final,66188.001637,4,1578,6,135,1,1,-1,0,+,C3Pi
final,66194.804076,4,1579,7,33,1,0,0,1,+,e1Pi
final,66218.848101,4,1580,6,137,1,1,0,1,+,C3Pi
final,66224.913087,4,1581,7,34,1,0,0,1,+,e1Pi
final,66242.886467,4,1582,6,137,1,1,1,2,+,C3Pi
final,66245.629273,4,1583,7,35,1,0,0,1,+,e1Pi
final,66262.546811,4,1584,7,36,1,0,0,1,+,e1Pi
final,66282.475782,4,1585,7,37,1,0,0,1,+,e1Pi
final,66306.381714,4,1586,7,38,1,0,0,1,+,e1Pi
final,66334.235085,4,1587,7,39,1,0,0,1,+,e1Pi
final,66366.032532,4,1588,7,40,1,0,0,1,+,e1Pi
final,66382.228532,4,1589,5,140,0,1,0,0,+,B3Sigma-
final,66386.981534,4,1590,5,140,0,1,1,1,+,B3Sigma-
final,66397.085211,4,1591,6,136,1,1,-1,0,+,C3Pi
final,66401.221042,4,1592,7,41,1,0,0,1,+,e1Pi
final,66428.946126,4,1593,6,138,1,1,0,1,+,C3Pi
final,66438.826744,4,1594,7,42,1,0,0,1,+,e1Pi
final,66453.526689,4,1595,6,138,1,1,1,2,+,C3Pi
final,66478.376403,4,1596,7,43,1,0,0,1,+,e1Pi
final,66520.725497,4,1597,7,44,1,0,0,1,+,e1Pi
final,66566.634822,4,1598,7,45,1,0,0,1,+,e1Pi
final,66596.930577,4,1599,6,137,1,1,-1,0,+,C3Pi
final,66602.109767,4,1600,5,141,0,1,1,1,+,B3Sigma-
final,66609.067233,4,1601,5,141,0,1,0,0,+,B3Sigma-
final,66615.255003,4,1602,7,46,1,0,0,1,+,e1Pi
final,66640.602755,4,1603,6,139,1,1,0,1,+,C3Pi
final,66665.286576,4,1604,7,47,1,0,0,1,+,e1Pi
final,66665.613127,4,1605,6,139,1,1,1,2,+,C3Pi
final,66717.23039,4,1606,7,48,1,0,0,1,+,e1Pi
final,66772.582215,4,1607,7,49,1,0,0,1,+,e1Pi
final,66810.653338,4,1608,6,138,1,1,-1,0,+,C3Pi
final,66818.525458,4,1609,5,142,0,1,1,1,+,B3Sigma-
final,66824.627316,4,1610,5,142,0,1,0,0,+,B3Sigma-
final,66830.756549,4,1611,7,50,1,0,0,1,+,e1Pi
final,66853.967525,4,1612,6,140,1,1,0,1,+,C3Pi
final,66879.187476,4,1613,6,140,1,1,1,2,+,C3Pi
final,66890.181362,4,1614,7,51,1,0,0,1,+,e1Pi
final,66951.412014,4,1615,7,52,1,0,0,1,+,e1Pi
final,67015.841776,4,1616,7,53,1,0,0,1,+,e1Pi
final,67023.984857,4,1617,6,139,1,1,-1,0,+,C3Pi
final,67036.537371,4,1618,5,143,0,1,1,1,+,B3Sigma-
final,67042.974066,4,1619,5,143,0,1,0,0,+,B3Sigma-
final,67069.197357,4,1620,6,141,1,1,0,1,+,C3Pi
final,67082.502937,4,1621,7,54,1,0,0,1,+,e1Pi
final,67094.242956,4,1622,6,141,1,1,1,2,+,C3Pi
final,67150.352338,4,1623,7,55,1,0,0,1,+,e1Pi
final,67220.658221,4,1624,7,56,1,0,0,1,+,e1Pi
final,67238.100798,4,1625,6,140,1,1,-1,0,+,C3Pi
final,67255.748554,4,1626,5,144,0,1,1,1,+,B3Sigma-
final,67263.370476,4,1627,5,144,0,1,0,0,+,B3Sigma-
final,67286.365398,4,1628,6,142,1,1,0,1,+,C3Pi
final,67293.784303,4,1629,7,57,1,0,0,1,+,e1Pi
final,67310.742122,4,1630,6,142,1,1,1,2,+,C3Pi
final,67368.271617,4,1631,7,58,1,0,0,1,+,e1Pi
final,67444.422814,4,1632,7,59,1,0,0,1,+,e1Pi
final,67453.470574,4,1633,6,141,1,1,-1,0,+,C3Pi
final,67475.855907,4,1634,5,145,0,1,1,1,+,B3Sigma-
final,67485.418237,4,1635,5,145,0,1,0,0,+,B3Sigma-
final,67505.484837,4,1636,6,143,1,1,0,1,+,C3Pi
final,67523.402726,4,1637,7,60,1,0,0,1,+,e1Pi
final,67528.655559,4,1638,6,143,1,1,1,2,+,C3Pi
final,67604.292054,4,1639,7,61,1,0,0,1,+,e1Pi
final,67670.200622,4,1640,6,142,1,1,-1,0,+,C3Pi
final,67686.551313,4,1641,7,62,1,0,0,1,+,e1Pi
final,67696.750675,4,1642,5,146,0,1,1,1,+,B3Sigma-
final,67708.959673,4,1643,5,146,0,1,0,0,+,B3Sigma-
final,67726.577754,4,1644,6,144,1,1,0,1,+,C3Pi
final,67747.981753,4,1645,6,144,1,1,1,2,+,C3Pi
final,67771.169866,4,1646,7,63,1,0,0,1,+,e1Pi
final,67857.914352,4,1647,7,64,1,0,0,1,+,e1Pi
final,67888.283143,4,1648,6,143,1,1,-1,0,+,C3Pi
final,67918.495651,4,1649,5,147,0,1,1,1,+,B3Sigma-
final,67934.228135,4,1650,5,147,0,1,0,0,+,B3Sigma-
final,67946.172451,4,1651,7,65,1,0,0,1,+,e1Pi
final,67949.739037,4,1652,6,145,1,1,0,1,+,C3Pi
final,67968.736729,4,1653,6,145,1,1,1,2,+,C3Pi
final,68036.535597,4,1654,7,66,1,0,0,1,+,e1Pi
final,68107.691758,4,1655,6,144,1,1,-1,0,+,C3Pi
final,68128.956984,4,1656,7,67,1,0,0,1,+,e1Pi
final,68141.282275,4,1657,5,148,0,1,1,1,+,B3Sigma-
final,68161.064344,4,1658,5,148,0,1,0,0,+,B3Sigma-
final,68174.815761,4,1659,6,146,1,1,0,1,+,C3Pi
final,68190.933014,4,1660,6,146,1,1,1,2,+,C3Pi
final,68222.942817,4,1661,7,68,1,0,0,1,+,e1Pi
final,68318.915691,4,1662,7,69,1,0,0,1,+,e1Pi
final,68328.90237,4,1663,6,145,1,1,-1,0,+,C3Pi
final,68364.933547,4,1664,5,149,0,1,1,1,+,B3Sigma-
final,68389.150486,4,1665,5,149,0,1,0,0,+,B3Sigma-
final,68401.667512,4,1666,6,147,1,1,0,1,+,C3Pi
final,68414.56969,4,1667,6,147,1,1,1,2,+,C3Pi
final,68416.928477,4,1668,7,70,1,0,0,1,+,e1Pi
final,68516.5597,4,1669,7,71,1,0,0,1,+,e1Pi
final,68551.163616,4,1670,6,146,1,1,-1,0,+,C3Pi
final,68593.512705,4,1671,6,148,1,1,1,2,+,C3Pi
final,68618.029099,4,1672,7,72,1,0,0,1,+,e1Pi
final,68639.574637,4,1673,6,148,1,1,0,1,+,C3Pi
final,68721.455068,4,1674,7,73,1,0,0,1,+,e1Pi
final,68772.846822,4,1675,6,147,1,1,-1,0,+,C3Pi
final,68813.786322,4,1676,6,149,1,1,1,2,+,C3Pi
final,68826.604015,4,1677,7,74,1,0,0,1,+,e1Pi
final,68866.047831,4,1678,6,149,1,1,0,1,+,C3Pi
final,68933.541334,4,1679,7,75,1,0,0,1,+,e1Pi
final,68993.079137,4,1680,6,148,1,1,-1,0,+,C3Pi
final,69040.299253,4,1681,6,149,1,1,-1,0,+,C3Pi
final,69042.298205,4,1682,7,76,1,0,0,1,+,e1Pi
final,69152.793937,4,1683,7,77,1,0,0,1,+,e1Pi
final,69219.724896,4,1684,6,150,1,1,-1,0,+,C3Pi
final,69265.09635,4,1685,7,78,1,0,0,1,+,e1Pi
final,69379.15761,4,1686,7,79,1,0,0,1,+,e1Pi
final,69494.911271,4,1687,7,80,1,0,0,1,+,e1Pi
final,69612.44429,4,1688,7,81,1,0,0,1,+,e1Pi
final,69731.733316,4,1689,7,82,1,0,0,1,+,e1Pi
final,69852.699636,4,1690,7,83,1,0,0,1,+,e1Pi
final,69975.379963,4,1691,7,84,1,0,0,1,+,e1Pi
final,70099.794435,4,1692,7,85,1,0,0,1,+,e1Pi
final,70225.903936,4,1693,7,86,1,0,0,1,+,e1Pi
final,70353.686027,4,1694,7,87,1,0,0,1,+,e1Pi
final,70483.152672,4,1695,7,88,1,0,0,1,+,e1Pi
final,70614.315624,4,1696,7,89,1,0,0,1,+,e1Pi
final,70747.144536,4,1697,7,90,1,0,0,1,+,e1Pi
final,70881.616429,4,1698,7,91,1,0,0,1,+,e1Pi
final,71017.756532,4,1699,7,92,1,0,0,1,+,e1Pi
final,71155.56319,4,1700,7,93,1,0,0,1,+,e1Pi
final,71294.996206,4,1701,7,94,1,0,0,1,+,e1Pi
final,71436.059083,4,1702,7,95,1,0,0,1,+,e1Pi
final,71578.773241,4,1703,7,96,1,0,0,1,+,e1Pi
final,71723.112319,4,1704,7,97,1,0,0,1,+,e1Pi
final,71869.056144,4,1705,7,98,1,0,0,1,+,e1Pi
final,72016.623808,4,1706,7,99,1,0,0,1,+,e1Pi
final,72165.812584,4,1707,7,100,1,0,0,1,+,e1Pi
final,72316.593404,4,1708,7,101,1,0,0,1,+,e1Pi
final,72468.967754,4,1709,7,102,1,0,0,1,+,e1Pi
final,72622.950368,4,1710,7,103,1,0,0,1,+,e1Pi
final,72778.520776,4,1711,7,104,1,0,0,1,+,e1Pi
final,72935.663399,4,1712,7,105,1,0,0,1,+,e1Pi
final,73094.394287,4,1713,7,106,1,0,0,1,+,e1Pi
final,73254.707314,4,1714,7,107,1,0,0,1,+,e1Pi
final,73416.579079,4,1715,7,108,1,0,0,1,+,e1Pi
final,73580.016597,4,1716,7,109,1,0,0,1,+,e1Pi
final,73745.027082,4,1717,7,110,1,0,0,1,+,e1Pi
final,73911.589215,4,1718,7,111,1,0,0,1,+,e1Pi
final,74079.699252,4,1719,7,112,1,0,0,1,+,e1Pi
final,74249.367967,4,1720,7,113,1,0,0,1,+,e1Pi
final,74420.581214,4,1721,7,114,1,0,0,1,+,e1Pi
final,74593.328136,4,1722,7,115,1,0,0,1,+,e1Pi
final,74767.616435,4,1723,7,116,1,0,0,1,+,e1Pi
final,74943.444718,4,1724,7,117,1,0,0,1,+,e1Pi
final,75120.79666,4,1725,7,118,1,0,0,1,+,e1Pi
final,75299.674039,4,1726,7,119,1,0,0,1,+,e1Pi
final,75480.084457,4,1727,7,120,1,0,0,1,+,e1Pi
final,75662.005515,4,1728,7,121,1,0,0,1,+,e1Pi
final,75845.439738,4,1729,7,122,1,0,0,1,+,e1Pi
final,76030.394147,4,1730,7,123,1,0,0,1,+,e1Pi
final,76216.850449,4,1731,7,124,1,0,0,1,+,e1Pi
final,76404.812584,4,1732,7,125,1,0,0,1,+,e1Pi
final,76594.278018,4,1733,7,126,1,0,0,1,+,e1Pi
final,76785.243976,4,1734,7,127,1,0,0,1,+,e1Pi
final,76977.701682,4,1735,7,128,1,0,0,1,+,e1Pi
final,77171.649602,4,1736,7,129,1,0,0,1,+,e1Pi
final,77367.096334,4,1737,7,130,1,0,0,1,+,e1Pi
final,77564.017293,4,1738,7,131,1,0,0,1,+,e1Pi
final,77762.428666,4,1739,7,132,1,0,0,1,+,e1Pi
final,77962.326073,4,1740,7,133,1,0,0,1,+,e1Pi
final,78163.690867,4,1741,7,134,1,0,0,1,+,e1Pi
final,78366.541512,4,1742,7,135,1,0,0,1,+,e1Pi
final,78570.857196,4,1743,7,136,1,0,0,1,+,e1Pi
final,78776.643841,4,1744,7,137,1,0,0,1,+,e1Pi
final,78983.893175,4,1745,7,138,1,0,0,1,+,e1Pi
final,79192.603383,4,1746,7,139,1,0,0,1,+,e1Pi
final,79402.779895,4,1747,7,140,1,0,0,1,+,e1Pi
final,79614.404237,4,1748,7,141,1,0,0,1,+,e1Pi
final,79827.500514,4,1749,7,142,1,0,0,1,+,e1Pi
final,80042.043772,4,1750,7,143,1,0,0,1,+,e1Pi
final,80258.037546,4,1751,7,144,1,0,0,1,+,e1Pi
final,80475.485867,4,1752,7,145,1,0,0,1,+,e1Pi
final,80694.366718,4,1753,7,146,1,0,0,1,+,e1Pi
final,80914.700125,4,1754,7,147,1,0,0,1,+,e1Pi
final,81136.473015,4,1755,7,148,1,0,0,1,+,e1Pi
final,81359.70715,4,1756,7,149,1,0,0,1,+,e1Pi
final,23.476942,4,1,1,0,0,1,-1,-1,-,X3Sig-
final,1161.392453,4,2,1,1,0,1,-1,-1,-,X3Sig-
final,2286.598987,4,3,1,2,0,1,-1,-1,-,X3Sig-
final,3399.16443,4,4,1,3,0,1,-1,-1,-,X3Sig-
final,4499.132929,4,5,1,4,0,1,-1,-1,-,X3Sig-
final,5586.534423,4,6,1,5,0,1,-1,-1,-,X3Sig-
final,5883.019689,4,7,2,0,-2,0,0,-2,-,a1Delta
final,6661.358762,4,8,1,6,0,1,-1,-1,-,X3Sig-
final,6984.269154,4,9,2,1,-2,0,0,-2,-,a1Delta
final,7723.587412,4,10,1,7,0,1,-1,-1,-,X3Sig-
final,8071.913175,4,11,2,2,-2,0,0,-2,-,a1Delta
final,8773.221691,4,12,1,8,0,1,-1,-1,-,X3Sig-
final,9146.015663,4,13,2,3,-2,0,0,-2,-,a1Delta
final,9810.204837,4,14,1,9,0,1,-1,-1,-,X3Sig-
final,10206.620215,4,15,2,4,-2,0,0,-2,-,a1Delta
final,10834.486466,4,16,1,10,0,1,-1,-1,-,X3Sig-
final,11253.753009,4,17,2,5,-2,0,0,-2,-,a1Delta
final,11846.030048,4,18,1,11,0,1,-1,-1,-,X3Sig-
final,12287.439766,4,19,2,6,-2,0,0,-2,-,a1Delta
final,12844.766257,4,20,1,12,0,1,-1,-1,-,X3Sig-
final,13307.642398,4,21,2,7,-2,0,0,-2,-,a1Delta
final,13830.615304,4,22,1,13,0,1,-1,-1,-,X3Sig-
final,14314.33573,4,23,2,8,-2,0,0,-2,-,a1Delta
final,14803.491724,4,24,1,14,0,1,-1,-1,-,X3Sig-
final,15307.493562,4,25,2,9,-2,0,0,-2,-,a1Delta
final,15763.3035,4,26,1,15,0,1,-1,-1,-,X3Sig-
final,16286.992355,4,27,2,10,-2,0,0,-2,-,a1Delta
final,16709.956616,4,28,1,16,0,1,-1,-1,-,X3Sig-
final,17252.802201,4,29,2,11,-2,0,0,-2,-,a1Delta
final,17643.343407,4,30,1,17,0,1,-1,-1,-,X3Sig-
final,18204.863196,4,31,2,12,-2,0,0,-2,-,a1Delta
final,18563.359515,4,32,1,18,0,1,-1,-1,-,X3Sig-
final,19143.049553,4,33,2,13,-2,0,0,-2,-,a1Delta
final,19469.877556,4,34,1,19,0,1,-1,-1,-,X3Sig-
final,20067.22333,4,35,2,14,-2,0,0,-2,-,a1Delta
final,20362.767067,4,36,1,20,0,1,-1,-1,-,X3Sig-
final,20977.282281,4,37,2,15,-2,0,0,-2,-,a1Delta
final,21241.893835,4,38,1,21,0,1,-1,-1,-,X3Sig-
final,21873.117677,4,39,2,16,-2,0,0,-2,-,a1Delta
final,22107.120916,4,40,1,22,0,1,-1,-1,-,X3Sig-
final,22754.52817,4,41,2,17,-2,0,0,-2,-,a1Delta
final,22958.303249,4,42,1,23,0,1,-1,-1,-,X3Sig-
final,23621.381125,4,43,2,18,-2,0,0,-2,-,a1Delta
final,23795.278957,4,44,1,24,0,1,-1,-1,-,X3Sig-
final,24473.517705,4,45,2,19,-2,0,0,-2,-,a1Delta
final,24617.890876,4,46,1,25,0,1,-1,-1,-,X3Sig-
final,25310.734163,4,47,2,20,-2,0,0,-2,-,a1Delta
final,25425.971241,4,48,1,26,0,1,-1,-1,-,X3Sig-
final,26132.853251,4,49,2,21,-2,0,0,-2,-,a1Delta
final,26219.355459,4,50,1,27,0,1,-1,-1,-,X3Sig-
final,26939.66744,4,51,2,22,-2,0,0,-2,-,a1Delta
final,26997.856398,4,52,1,28,0,1,-1,-1,-,X3Sig-
final,27730.973248,4,53,2,23,-2,0,0,-2,-,a1Delta
final,27761.292402,4,54,1,29,0,1,-1,-1,-,X3Sig-
final,28506.545005,4,55,2,24,-2,0,0,-2,-,a1Delta
final,28509.472677,4,56,1,30,0,1,-1,-1,-,X3Sig-
final,29242.209443,4,57,1,31,0,1,-1,-1,-,X3Sig-
final,29266.143573,4,58,2,25,-2,0,0,-2,-,a1Delta
final,29959.292162,4,59,1,32,0,1,-1,-1,-,X3Sig-
final,30009.548739,4,60,2,26,-2,0,0,-2,-,a1Delta
final,30660.516179,4,61,1,33,0,1,-1,-1,-,X3Sig-
final,30736.491875,4,62,2,27,-2,0,0,-2,-,a1Delta
final,31345.670701,4,63,1,34,0,1,-1,-1,-,X3Sig-
final,31446.711058,4,64,2,28,-2,0,0,-2,-,a1Delta
final,32014.538955,4,65,1,35,0,1,-1,-1,-,X3Sig-
final,32139.956183,4,66,2,29,-2,0,0,-2,-,a1Delta
final,32666.894349,4,67,1,36,0,1,-1,-1,-,X3Sig-
final,32815.922282,4,68,2,30,-2,0,0,-2,-,a1Delta
final,33302.503823,4,69,1,37,0,1,-1,-1,-,X3Sig-
final,33474.32474,4,70,2,31,-2,0,0,-2,-,a1Delta
final,33921.138305,4,71,1,38,0,1,-1,-1,-,X3Sig-
final,34114.877822,4,72,2,32,-2,0,0,-2,-,a1Delta
final,34522.552258,4,73,1,39,0,1,-1,-1,-,X3Sig-
final,34737.243513,4,74,2,33,-2,0,0,-2,-,a1Delta
final,35106.501083,4,75,1,40,0,1,-1,-1,-,X3Sig-
final,35341.10808,4,76,2,34,-2,0,0,-2,-,a1Delta
final,35672.727447,4,77,1,41,0,1,-1,-1,-,X3Sig-
final,35926.14328,4,78,2,35,-2,0,0,-2,-,a1Delta
final,36220.972902,4,79,1,42,0,1,-1,-1,-,X3Sig-
final,36491.976154,4,80,2,36,-2,0,0,-2,-,a1Delta
final,36750.978137,4,81,1,43,0,1,-1,-1,-,X3Sig-
final,37038.263275,4,82,2,37,-2,0,0,-2,-,a1Delta
final,37262.466663,4,83,1,44,0,1,-1,-1,-,X3Sig-
final,37564.637164,4,84,2,38,-2,0,0,-2,-,a1Delta
final,37755.160004,4,85,1,45,0,1,-1,-1,-,X3Sig-
final,37953.636821,4,86,4,0,-1,1,1,0,-,A3Pi
final,38070.691371,4,87,2,39,-2,0,0,-2,-,a1Delta
final,38107.649437,4,88,4,0,-1,1,0,-1,-,A3Pi
final,38228.777563,4,89,1,46,0,1,-1,-1,-,X3Sig-
final,38270.544173,4,90,4,0,-1,1,-1,-2,-,A3Pi
final,38372.440393,4,91,4,1,-1,1,1,0,-,A3Pi
final,38524.218354,4,92,4,1,-1,1,0,-1,-,A3Pi
final,38556.048255,4,93,2,40,-2,0,0,-2,-,a1Delta
final,38683.029155,4,94,1,47,0,1,-1,-1,-,X3Sig-
final,38684.802642,4,95,4,1,-1,1,-1,-2,-,A3Pi
final,38781.835041,4,96,4,2,-1,1,1,0,-,A3Pi
final,38931.657168,4,97,4,2,-1,1,0,-1,-,A3Pi
final,39020.291508,4,98,2,41,-2,0,0,-2,-,a1Delta
final,39090.247166,4,99,4,2,-1,1,-1,-2,-,A3Pi
final,39117.619728,4,100,1,48,0,1,-1,-1,-,X3Sig-
final,39187.613664,4,101,4,3,-1,1,1,0,-,A3Pi
final,39335.528571,4,102,4,3,-1,1,0,-1,-,A3Pi
final,39462.983701,4,103,2,42,-2,0,0,-2,-,a1Delta
final,39492.111413,4,104,4,3,-1,1,-1,-2,-,A3Pi
final,39532.247802,4,105,1,49,0,1,-1,-1,-,X3Sig-
final,39589.856264,4,106,4,4,-1,1,1,0,-,A3Pi
final,39735.812488,4,107,4,4,-1,1,0,-1,-,A3Pi
final,39883.709468,4,108,2,43,-2,0,0,-2,-,a1Delta
final,39890.313732,4,109,4,4,-1,1,-1,-2,-,A3Pi
final,39926.602187,4,110,1,50,0,1,-1,-1,-,X3Sig-
final,39988.329806,4,111,4,5,-1,1,1,0,-,A3Pi
final,40132.227698,4,112,4,5,-1,1,0,-1,-,A3Pi
final,40281.99621,4,113,2,44,-2,0,0,-2,-,a1Delta
final,40284.520419,4,114,4,5,-1,1,-1,-2,-,A3Pi
final,40300.369427,4,115,1,51,0,1,-1,-1,-,X3Sig-
final,40382.230028,4,116,4,6,-1,1,1,0,-,A3Pi
final,40523.874891,4,117,4,6,-1,1,0,-1,-,A3Pi
final,40653.231999,4,118,1,52,0,1,-1,-1,-,X3Sig-
final,40657.387949,4,119,2,45,-2,0,0,-2,-,a1Delta
final,40673.730418,4,120,4,6,-1,1,-1,-2,-,A3Pi
final,40769.927137,4,121,4,7,-1,1,1,0,-,A3Pi
final,40909.045086,4,122,4,7,-1,1,0,-1,-,A3Pi
final,40984.863702,4,123,1,53,0,1,-1,-1,-,X3Sig-
final,41009.405908,4,124,2,46,-2,0,0,-2,-,a1Delta
final,41056.138163,4,125,4,7,-1,1,-1,-2,-,A3Pi
final,41149.511303,4,126,4,8,-1,1,1,0,-,A3Pi
final,41285.65344,4,127,4,8,-1,1,0,-1,-,A3Pi
final,41294.932203,4,128,1,54,0,1,-1,-1,-,X3Sig-
final,41337.54134,4,129,2,47,-2,0,0,-2,-,a1Delta
final,41392.575613,4,130,5,0,0,1,-1,-1,-,B3Sigma-
final,41429.469681,4,131,4,8,-1,1,-1,-2,-,A3Pi
final,41518.646767,4,132,4,9,-1,1,1,0,-,A3Pi
final,41583.098643,4,133,1,55,0,1,-1,-1,-,X3Sig-
final,41641.306094,4,134,2,48,-2,0,0,-2,-,a1Delta
final,41651.181129,4,135,4,9,-1,1,0,-1,-,A3Pi
final,41791.004073,4,136,4,9,-1,1,-1,-2,-,A3Pi
final,41849.01548,4,137,1,56,0,1,-1,-1,-,X3Sig-
final,41874.537503,4,138,4,10,-1,1,1,0,-,A3Pi
final,41920.156488,4,139,2,49,-2,0,0,-2,-,a1Delta
final,42002.59383,4,140,4,10,-1,1,0,-1,-,A3Pi
final,42012.93812,4,141,5,1,0,1,-1,-1,-,B3Sigma-
final,42092.356963,4,142,1,57,0,1,-1,-1,-,X3Sig-
final,42137.413844,4,143,4,10,-1,1,-1,-2,-,A3Pi
final,42173.594722,4,144,2,50,-2,0,0,-2,-,a1Delta
final,42213.927951,4,145,4,11,-1,1,1,0,-,A3Pi
final,42336.259382,4,146,4,11,-1,1,0,-1,-,A3Pi
final,42401.068727,4,147,2,51,-2,0,0,-2,-,a1Delta
final,42464.519871,4,148,4,11,-1,1,-1,-2,-,A3Pi
final,42532.899061,4,149,4,12,-1,1,1,0,-,A3Pi
final,42602.023019,4,150,2,52,-2,0,0,-2,-,a1Delta
final,42623.45564,4,151,5,2,0,1,-1,-1,-,B3Sigma-
final,42647.5753,4,152,4,12,-1,1,0,-1,-,A3Pi
final,42766.844581,4,153,4,12,-1,1,-1,-2,-,A3Pi
final,42775.910213,4,154,2,53,-2,0,0,-2,-,a1Delta
final,42826.269657,4,155,4,13,-1,1,1,0,-,A3Pi
final,42922.154588,4,156,2,54,-2,0,0,-2,-,a1Delta
final,42930.377953,4,157,4,13,-1,1,0,-1,-,A3Pi
final,43036.724256,4,158,4,13,-1,1,-1,-2,-,A3Pi
final,43040.142047,4,159,2,55,-2,0,0,-2,-,a1Delta
final,43086.985967,4,160,4,14,-1,1,1,0,-,A3Pi
final,43088.866936,4,161,8,0,-1,1,-1,-2,-,Cp3Pi
final,43121.150422,4,162,8,1,-1,1,-1,-2,-,Cp3Pi
final,43128.100556,4,163,2,56,-2,0,0,-2,-,a1Delta
final,43149.717569,4,164,8,2,-1,1,-1,-2,-,Cp3Pi
final,43157.950299,4,165,8,0,-1,1,0,-1,-,Cp3Pi
final,43166.570977,4,166,4,14,-1,1,-1,-2,-,A3Pi
final,43172.640834,4,167,8,3,-1,1,-1,-2,-,Cp3Pi
final,43175.67678,4,168,4,14,-1,1,0,-1,-,A3Pi
final,43186.464147,4,169,8,1,-1,1,0,-1,-,Cp3Pi
final,43187.100424,4,170,4,15,-1,1,-1,-2,-,A3Pi
final,43193.057937,4,171,8,4,-1,1,-1,-2,-,Cp3Pi
final,43194.192895,4,172,2,57,-2,0,0,-2,-,a1Delta
final,43203.66243,4,173,4,16,-1,1,-1,-2,-,A3Pi
final,43208.210848,4,174,8,2,-1,1,0,-1,-,Cp3Pi
final,43215.270183,4,175,8,5,-1,1,-1,-2,-,Cp3Pi
final,43219.747312,4,176,4,17,-1,1,-1,-2,-,A3Pi
final,43224.204731,4,177,5,3,0,1,-1,-1,-,B3Sigma-
final,43224.573475,4,178,8,3,-1,1,0,-1,-,Cp3Pi
final,43225.088096,4,179,4,15,-1,1,0,-1,-,A3Pi
final,43225.508324,4,180,8,0,-1,1,1,0,-,Cp3Pi
final,43231.475338,4,181,4,16,-1,1,0,-1,-,A3Pi
final,43240.225202,4,182,4,18,-1,1,-1,-2,-,A3Pi
final,43241.400055,4,183,8,6,-1,1,-1,-2,-,Cp3Pi
final,43243.652552,4,184,8,4,-1,1,0,-1,-,Cp3Pi
final,43243.881387,4,185,4,17,-1,1,0,-1,-,A3Pi
final,43247.602005,4,186,8,1,-1,1,1,0,-,Cp3Pi
final,43258.418933,4,187,8,2,-1,1,1,0,-,Cp3Pi
final,43261.546067,4,188,4,18,-1,1,0,-1,-,A3Pi
final,43261.873328,4,189,4,19,-1,1,-1,-2,-,A3Pi
final,43264.820934,4,190,4,20,-1,1,-1,-2,-,A3Pi
final,43266.139968,4,191,4,15,-1,1,1,0,-,A3Pi
final,43267.389534,4,192,8,5,-1,1,0,-1,-,Cp3Pi
final,43271.526026,4,193,8,7,-1,1,-1,-2,-,Cp3Pi
final,43274.726595,4,194,8,3,-1,1,1,0,-,Cp3Pi
final,43275.465575,4,195,4,16,-1,1,1,0,-,A3Pi
final,43283.329976,4,196,4,19,-1,1,0,-1,-,A3Pi
final,43285.160085,4,197,4,17,-1,1,1,0,-,A3Pi
final,43293.264926,4,198,4,21,-1,1,-1,-2,-,A3Pi
final,43294.886914,4,199,8,6,-1,1,0,-1,-,Cp3Pi
final,43295.712377,4,200,8,4,-1,1,1,0,-,Cp3Pi
final,43302.968407,4,201,4,18,-1,1,1,0,-,A3Pi
final,43304.365938,4,202,4,19,-1,1,1,0,-,A3Pi
final,43305.083147,4,203,8,8,-1,1,-1,-2,-,Cp3Pi
final,43308.439973,4,204,4,20,-1,1,0,-1,-,A3Pi
final,43320.592724,4,205,8,5,-1,1,1,0,-,Cp3Pi
final,43324.658813,4,206,4,22,-1,1,-1,-2,-,A3Pi
final,43325.022066,4,207,4,20,-1,1,1,0,-,A3Pi
final,43325.934865,4,208,8,7,-1,1,0,-1,-,Cp3Pi
final,43336.966674,4,209,4,21,-1,1,0,-1,-,A3Pi
final,43341.898986,4,210,8,9,-1,1,-1,-2,-,Cp3Pi
final,43349.1506,4,211,8,6,-1,1,1,0,-,Cp3Pi
final,43350.243265,4,212,4,21,-1,1,1,0,-,A3Pi
final,43358.047985,4,213,4,23,-1,1,-1,-2,-,A3Pi
final,43360.313287,4,214,8,8,-1,1,0,-1,-,Cp3Pi
final,43368.326797,4,215,4,22,-1,1,0,-1,-,A3Pi
final,43368.971839,4,216,4,23,-1,1,0,-1,-,A3Pi
final,43378.676322,4,217,4,22,-1,1,1,0,-,A3Pi
final,43380.798054,4,218,8,7,-1,1,1,0,-,Cp3Pi
final,43381.69293,4,219,8,10,-1,1,-1,-2,-,Cp3Pi
final,43392.861041,4,220,4,24,-1,1,-1,-2,-,A3Pi
final,43397.758989,4,221,8,9,-1,1,0,-1,-,Cp3Pi
final,43401.812846,4,222,4,24,-1,1,0,-1,-,A3Pi
final,43410.130428,4,223,4,23,-1,1,1,0,-,A3Pi
final,43415.704389,4,224,8,8,-1,1,1,0,-,Cp3Pi
final,43417.5466,4,225,4,25,-1,1,-1,-2,-,A3Pi
final,43424.404142,4,226,8,11,-1,1,-1,-2,-,Cp3Pi
final,43430.411765,4,227,4,26,-1,1,-1,-2,-,A3Pi
final,43436.358517,4,228,4,25,-1,1,0,-1,-,A3Pi
final,43438.138616,4,229,8,10,-1,1,0,-1,-,Cp3Pi
final,43443.251958,4,230,4,24,-1,1,1,0,-,A3Pi
final,43453.555519,4,231,8,9,-1,1,1,0,-,Cp3Pi
final,43462.26562,4,232,4,25,-1,1,1,0,-,A3Pi
final,43463.909989,4,233,4,27,-1,1,-1,-2,-,A3Pi
final,43469.14412,4,234,4,26,-1,1,0,-1,-,A3Pi
final,43469.818057,4,235,8,12,-1,1,-1,-2,-,Cp3Pi
final,43478.326981,4,236,4,26,-1,1,1,0,-,A3Pi
final,43481.289776,4,237,8,11,-1,1,0,-1,-,Cp3Pi
final,43489.36783,4,238,4,27,-1,1,0,-1,-,A3Pi
final,43494.279513,4,239,8,10,-1,1,1,0,-,Cp3Pi
final,43495.220041,4,240,4,28,-1,1,-1,-2,-,A3Pi
final,43512.079631,4,241,4,27,-1,1,1,0,-,A3Pi
final,43514.703134,4,242,4,28,-1,1,0,-1,-,A3Pi
final,43517.943356,4,243,8,13,-1,1,-1,-2,-,Cp3Pi
final,43526.047533,4,244,4,29,-1,1,-1,-2,-,A3Pi
final,43527.113557,4,245,8,12,-1,1,0,-1,-,Cp3Pi
final,43537.70497,4,246,8,11,-1,1,1,0,-,Cp3Pi
final,43542.504564,4,247,4,28,-1,1,1,0,-,A3Pi
final,43548.011261,4,248,4,29,-1,1,0,-1,-,A3Pi
final,43560.326214,4,249,4,30,-1,1,-1,-2,-,A3Pi
final,43568.610474,4,250,8,14,-1,1,-1,-2,-,Cp3Pi
final,43570.507893,4,251,4,29,-1,1,1,0,-,A3Pi
final,43575.530381,4,252,8,13,-1,1,0,-1,-,Cp3Pi
final,43582.323378,4,253,4,30,-1,1,0,-1,-,A3Pi
final,43583.813193,4,254,8,12,-1,1,1,0,-,Cp3Pi
final,43597.50922,4,255,4,31,-1,1,-1,-2,-,A3Pi
final,43602.766432,4,256,4,30,-1,1,1,0,-,A3Pi
final,43618.315998,4,257,4,31,-1,1,0,-1,-,A3Pi
final,43621.777544,4,258,8,15,-1,1,-1,-2,-,Cp3Pi
final,43626.476748,4,259,8,14,-1,1,0,-1,-,Cp3Pi
final,43632.4518,4,260,8,13,-1,1,1,0,-,Cp3Pi
final,43636.772536,4,261,4,32,-1,1,-1,-2,-,A3Pi
final,43638.566803,4,262,4,31,-1,1,1,0,-,A3Pi
final,43656.662793,4,263,4,32,-1,1,0,-1,-,A3Pi
final,43676.457709,4,264,4,32,-1,1,1,0,-,A3Pi
final,43677.394702,4,265,8,16,-1,1,-1,-2,-,Cp3Pi
final,43678.012474,4,266,4,33,-1,1,-1,-2,-,A3Pi
final,43679.855169,4,267,8,15,-1,1,0,-1,-,Cp3Pi
final,43683.65948,4,268,8,14,-1,1,1,0,-,Cp3Pi
final,43697.182916,4,269,4,33,-1,1,0,-1,-,A3Pi
final,43716.30392,4,270,4,33,-1,1,1,0,-,A3Pi
final,43721.223516,4,271,4,34,-1,1,-1,-2,-,A3Pi
final,43735.347071,4,272,8,17,-1,1,-1,-2,-,Cp3Pi
final,43735.693736,4,273,8,16,-1,1,0,-1,-,Cp3Pi
final,43737.273904,4,274,8,15,-1,1,1,0,-,Cp3Pi
final,43739.759619,4,275,4,34,-1,1,0,-1,-,A3Pi
final,43758.192378,4,276,4,34,-1,1,1,0,-,A3Pi
final,43766.359826,4,277,4,35,-1,1,-1,-2,-,A3Pi
final,43784.285962,4,278,4,35,-1,1,0,-1,-,A3Pi
final,43793.287713,4,279,8,16,-1,1,1,0,-,Cp3Pi
final,43793.877494,4,280,8,17,-1,1,0,-1,-,Cp3Pi
final,43795.666392,4,281,8,18,-1,1,-1,-2,-,Cp3Pi
final,43802.069754,4,282,4,35,-1,1,1,0,-,A3Pi
final,43813.417539,4,283,4,36,-1,1,-1,-2,-,A3Pi
final,43815.313008,4,284,5,4,0,1,-1,-1,-,B3Sigma-
final,43830.73136,4,285,4,36,-1,1,0,-1,-,A3Pi
final,43847.86595,4,286,4,36,-1,1,1,0,-,A3Pi
final,43851.685171,4,287,8,17,-1,1,1,0,-,Cp3Pi
final,43854.376323,4,288,8,18,-1,1,0,-1,-,Cp3Pi
final,43858.180342,4,289,8,19,-1,1,-1,-2,-,Cp3Pi
final,43862.35316,4,290,4,37,-1,1,-1,-2,-,A3Pi
final,43879.058336,4,291,4,37,-1,1,0,-1,-,A3Pi
final,43895.590842,4,292,4,37,-1,1,1,0,-,A3Pi
final,43912.350277,4,293,8,18,-1,1,1,0,-,Cp3Pi
final,43913.128466,4,294,4,38,-1,1,-1,-2,-,A3Pi
final,43917.121083,4,295,8,19,-1,1,0,-1,-,Cp3Pi
final,43922.90523,4,296,8,20,-1,1,-1,-2,-,Cp3Pi
final,43929.21322,4,297,4,38,-1,1,0,-1,-,A3Pi
final,43945.191008,4,298,4,38,-1,1,1,0,-,A3Pi
final,43965.708382,4,299,4,39,-1,1,-1,-2,-,A3Pi
final,43975.274582,4,300,8,19,-1,1,1,0,-,Cp3Pi
final,43981.203639,4,301,4,39,-1,1,0,-1,-,A3Pi
final,43982.022096,4,302,8,20,-1,1,0,-1,-,Cp3Pi
final,43988.336477,4,303,6,0,-1,1,-1,-2,-,C3Pi
final,43989.84239,4,304,8,21,-1,1,-1,-2,-,Cp3Pi
final,43996.644749,4,305,4,39,-1,1,1,0,-,A3Pi
final,44020.062406,4,306,4,40,-1,1,-1,-2,-,A3Pi
final,44035.014821,4,307,4,40,-1,1,0,-1,-,A3Pi
final,44040.337013,4,308,8,20,-1,1,1,0,-,Cp3Pi
final,44049.122994,4,309,8,21,-1,1,0,-1,-,Cp3Pi
final,44049.912275,4,310,4,40,-1,1,1,0,-,A3Pi
final,44058.83175,4,311,8,22,-1,1,-1,-2,-,Cp3Pi
final,44076.180552,4,312,4,41,-1,1,-1,-2,-,A3Pi
final,44090.610281,4,313,4,41,-1,1,0,-1,-,A3Pi
final,44104.96742,4,314,4,41,-1,1,1,0,-,A3Pi
final,44107.626816,4,315,8,21,-1,1,1,0,-,Cp3Pi
final,44118.284329,4,316,8,22,-1,1,0,-1,-,Cp3Pi
final,44129.950488,4,317,8,23,-1,1,-1,-2,-,Cp3Pi
final,44134.063278,4,318,4,42,-1,1,-1,-2,-,A3Pi
final,44147.961428,4,319,4,42,-1,1,0,-1,-,A3Pi
final,44161.807932,4,320,4,42,-1,1,1,0,-,A3Pi
final,44170.924942,4,321,6,0,-1,1,0,-1,-,C3Pi
final,44176.983766,4,322,8,22,-1,1,1,0,-,Cp3Pi
final,44189.554259,4,323,8,23,-1,1,0,-1,-,Cp3Pi
final,44193.673355,4,324,4,43,-1,1,-1,-2,-,A3Pi
final,44203.110568,4,325,8,24,-1,1,-1,-2,-,Cp3Pi
final,44207.052819,4,326,4,43,-1,1,0,-1,-,A3Pi
final,44220.406912,4,327,4,43,-1,1,1,0,-,A3Pi
final,44248.401875,4,328,8,23,-1,1,1,0,-,Cp3Pi
final,44254.989402,4,329,4,44,-1,1,-1,-2,-,A3Pi
final,44262.904784,4,330,8,24,-1,1,0,-1,-,Cp3Pi
final,44267.870748,4,331,4,44,-1,1,0,-1,-,A3Pi
final,44278.249466,4,332,8,25,-1,1,-1,-2,-,Cp3Pi
final,44280.755317,4,333,4,44,-1,1,1,0,-,A3Pi
final,44318.005897,4,334,4,45,-1,1,-1,-2,-,A3Pi
final,44321.91413,4,335,8,24,-1,1,1,0,-,Cp3Pi
final,44330.3968,4,336,4,45,-1,1,0,-1,-,A3Pi
final,44338.222224,4,337,8,25,-1,1,0,-1,-,Cp3Pi
final,44342.830314,4,338,4,45,-1,1,1,0,-,A3Pi
final,44353.918449,4,339,6,0,-1,1,1,0,-,C3Pi
final,44355.380645,4,340,8,26,-1,1,-1,-2,-,Cp3Pi
final,44382.701075,4,341,4,46,-1,1,-1,-2,-,A3Pi
final,44394.619957,4,342,4,46,-1,1,0,-1,-,A3Pi
final,44397.3832,4,343,8,25,-1,1,1,0,-,Cp3Pi
final,44398.731235,4,344,5,5,0,1,-1,-1,-,B3Sigma-
final,44406.610648,4,345,4,46,-1,1,1,0,-,A3Pi
final,44415.520612,4,346,8,26,-1,1,0,-1,-,Cp3Pi
final,44434.442357,4,347,8,27,-1,1,-1,-2,-,Cp3Pi
final,44449.065823,4,348,4,47,-1,1,-1,-2,-,A3Pi
final,44460.542235,4,349,4,47,-1,1,0,-1,-,A3Pi
final,44472.073722,4,350,4,47,-1,1,1,0,-,A3Pi
final,44474.854616,4,351,8,26,-1,1,1,0,-,Cp3Pi
final,44494.74114,4,352,8,27,-1,1,0,-1,-,Cp3Pi
final,44515.394825,4,353,8,28,-1,1,-1,-2,-,Cp3Pi
final,44517.098731,4,354,4,48,-1,1,-1,-2,-,A3Pi
final,44528.116118,4,355,4,48,-1,1,0,-1,-,A3Pi
final,44539.231324,4,356,4,48,-1,1,1,0,-,A3Pi
final,44554.246162,4,357,8,27,-1,1,1,0,-,Cp3Pi
final,44575.865576,4,358,8,28,-1,1,0,-1,-,Cp3Pi
final,44586.760765,4,359,4,49,-1,1,-1,-2,-,A3Pi
final,44597.344173,4,360,4,49,-1,1,0,-1,-,A3Pi
final,44598.236074,4,361,8,29,-1,1,-1,-2,-,Cp3Pi
final,44608.053762,4,362,4,49,-1,1,1,0,-,A3Pi
final,44635.544296,4,363,8,28,-1,1,1,0,-,Cp3Pi
final,44658.055346,4,364,4,50,-1,1,-1,-2,-,A3Pi
final,44658.871356,4,365,8,29,-1,1,0,-1,-,Cp3Pi
final,44668.220137,4,366,4,50,-1,1,0,-1,-,A3Pi
final,44678.526054,4,367,4,50,-1,1,1,0,-,A3Pi
final,44680.987339,4,368,6,1,-1,1,-1,-2,-,C3Pi
final,44682.921018,4,369,8,30,-1,1,-1,-2,-,Cp3Pi
final,44718.706431,4,370,8,29,-1,1,1,0,-,Cp3Pi
final,44730.991211,4,371,4,51,-1,1,-1,-2,-,A3Pi
final,44740.721936,4,372,4,51,-1,1,0,-1,-,A3Pi
final,44743.749771,4,373,8,30,-1,1,0,-1,-,Cp3Pi
final,44750.644255,4,374,4,51,-1,1,1,0,-,A3Pi
final,44769.383288,4,375,8,31,-1,1,-1,-2,-,Cp3Pi
final,44803.740309,4,376,8,30,-1,1,1,0,-,Cp3Pi
final,44805.54334,4,377,4,52,-1,1,-1,-2,-,A3Pi
final,44814.849434,4,378,4,52,-1,1,0,-1,-,A3Pi
final,44824.472353,4,379,4,52,-1,1,1,0,-,A3Pi
final,44830.392245,4,380,8,31,-1,1,0,-1,-,Cp3Pi
final,44857.648883,4,381,8,32,-1,1,-1,-2,-,Cp3Pi
final,44861.215999,4,382,6,1,-1,1,0,-1,-,C3Pi
final,44881.710797,4,383,4,53,-1,1,-1,-2,-,A3Pi
final,44890.554978,4,384,8,31,-1,1,1,0,-,Cp3Pi
final,44890.588049,4,385,4,53,-1,1,0,-1,-,A3Pi
final,44900.109743,4,386,4,53,-1,1,1,0,-,A3Pi
final,44918.823703,4,387,8,32,-1,1,0,-1,-,Cp3Pi
final,44947.677036,4,388,8,33,-1,1,-1,-2,-,Cp3Pi
final,44959.437559,4,389,4,54,-1,1,-1,-2,-,A3Pi
final,44967.906848,4,390,4,54,-1,1,0,-1,-,A3Pi
final,44975.427858,4,391,5,6,0,1,-1,-1,-,B3Sigma-
final,44977.908776,4,392,4,54,-1,1,1,0,-,A3Pi
final,44979.179704,4,393,8,32,-1,1,1,0,-,Cp3Pi
final,45009.028377,4,394,8,33,-1,1,0,-1,-,Cp3Pi
final,45038.72581,4,395,4,55,-1,1,-1,-2,-,A3Pi
final,45039.44228,4,396,8,34,-1,1,-1,-2,-,Cp3Pi
final,45046.229234,4,397,6,1,-1,1,1,0,-,C3Pi
final,45046.859319,4,398,4,55,-1,1,0,-1,-,A3Pi
final,45057.997093,4,399,4,55,-1,1,1,0,-,A3Pi
final,45069.550267,4,400,8,33,-1,1,1,0,-,Cp3Pi
final,45100.964813,4,401,8,34,-1,1,0,-1,-,Cp3Pi
final,45121.236035,4,402,4,56,-1,1,-1,-2,-,A3Pi
final,45127.405152,4,403,4,56,-1,1,0,-1,-,A3Pi
final,45132.868742,4,404,8,35,-1,1,-1,-2,-,Cp3Pi
final,45142.316452,4,405,4,56,-1,1,1,0,-,A3Pi
final,45161.657987,4,406,8,34,-1,1,1,0,-,Cp3Pi
final,45194.59671,4,407,8,35,-1,1,0,-1,-,Cp3Pi
final,45209.292368,4,408,4,57,-1,1,0,-1,-,A3Pi
final,45227.878908,4,409,4,57,-1,1,1,0,-,A3Pi
final,45228.006802,4,410,8,36,-1,1,-1,-2,-,Cp3Pi
final,45228.788928,4,411,4,57,-1,1,-1,-2,-,A3Pi
final,45255.458783,4,412,8,35,-1,1,1,0,-,Cp3Pi
final,45289.925118,4,413,8,36,-1,1,0,-1,-,Cp3Pi
final,45324.787662,4,414,8,37,-1,1,-1,-2,-,Cp3Pi
final,45350.960402,4,415,8,36,-1,1,1,0,-,Cp3Pi
final,45359.222583,4,416,6,2,-1,1,-1,-2,-,C3Pi
final,45386.887579,4,417,8,37,-1,1,0,-1,-,Cp3Pi
final,45423.222977,4,418,8,38,-1,1,-1,-2,-,Cp3Pi
final,45448.107726,4,419,8,37,-1,1,1,0,-,Cp3Pi
final,45485.503436,4,420,8,38,-1,1,0,-1,-,Cp3Pi
final,45523.076518,4,421,5,7,0,1,-1,-1,-,B3Sigma-
final,45523.253403,4,422,8,39,-1,1,-1,-2,-,Cp3Pi
final,45546.900093,4,423,8,38,-1,1,1,0,-,Cp3Pi
final,45556.868284,4,424,6,2,-1,1,0,-1,-,C3Pi
final,45585.728645,4,425,8,39,-1,1,0,-1,-,Cp3Pi
final,45624.876482,4,426,8,40,-1,1,-1,-2,-,Cp3Pi
final,45647.302829,4,427,8,39,-1,1,1,0,-,Cp3Pi
final,45687.544328,4,428,8,40,-1,1,0,-1,-,Cp3Pi
final,45723.927093,4,429,6,2,-1,1,1,0,-,C3Pi
final,45728.055687,4,430,8,41,-1,1,-1,-2,-,Cp3Pi
final,45749.290477,4,431,8,40,-1,1,1,0,-,Cp3Pi
final,45790.916172,4,432,8,41,-1,1,0,-1,-,Cp3Pi
final,45832.778421,4,433,8,42,-1,1,-1,-2,-,Cp3Pi
final,45852.846969,4,434,8,41,-1,1,1,0,-,Cp3Pi
final,45895.820065,4,435,8,42,-1,1,0,-1,-,Cp3Pi
final,45939.030128,4,436,8,43,-1,1,-1,-2,-,Cp3Pi
final,45957.934133,4,437,8,42,-1,1,1,0,-,Cp3Pi
final,46002.257571,4,438,8,43,-1,1,0,-1,-,Cp3Pi
final,46020.32187,4,439,6,3,-1,1,-1,-2,-,C3Pi
final,46046.790069,4,440,8,44,-1,1,-1,-2,-,Cp3Pi
final,46064.552577,4,441,8,43,-1,1,1,0,-,Cp3Pi
final,46093.795459,4,442,5,8,0,1,-1,-1,-,B3Sigma-
final,46110.20877,4,443,8,44,-1,1,0,-1,-,Cp3Pi
final,46156.041743,4,444,8,45,-1,1,-1,-2,-,Cp3Pi
final,46172.679732,4,445,8,44,-1,1,1,0,-,Cp3Pi
final,46202.776127,4,446,6,3,-1,1,0,-1,-,C3Pi
final,46219.646919,4,447,8,45,-1,1,0,-1,-,Cp3Pi
final,46266.77047,4,448,8,46,-1,1,-1,-2,-,Cp3Pi
final,46282.29774,4,449,8,45,-1,1,1,0,-,Cp3Pi
final,46330.550836,4,450,8,46,-1,1,0,-1,-,Cp3Pi
final,46378.956023,4,451,8,47,-1,1,-1,-2,-,Cp3Pi
final,46384.409067,4,452,6,3,-1,1,1,0,-,C3Pi
final,46393.384134,4,453,8,46,-1,1,1,0,-,Cp3Pi
final,46442.905466,4,454,8,47,-1,1,0,-1,-,Cp3Pi
final,46492.583776,4,455,8,48,-1,1,-1,-2,-,Cp3Pi
final,46505.922571,4,456,8,47,-1,1,1,0,-,Cp3Pi
final,46556.695277,4,457,8,48,-1,1,0,-1,-,Cp3Pi
final,46607.633667,4,458,8,49,-1,1,-1,-2,-,Cp3Pi
final,46619.897438,4,459,8,48,-1,1,1,0,-,Cp3Pi
final,46641.415824,4,460,5,9,0,1,-1,-1,-,B3Sigma-
final,46663.503126,4,461,6,4,-1,1,-1,-2,-,C3Pi
final,46671.965687,4,462,8,49,-1,1,0,-1,-,Cp3Pi
final,46724.097733,4,463,8,50,-1,1,-1,-2,-,Cp3Pi
final,46735.287679,4,464,8,49,-1,1,1,0,-,Cp3Pi
final,46788.542426,4,465,8,50,-1,1,0,-1,-,Cp3Pi
final,46841.962661,4,466,8,51,-1,1,-1,-2,-,Cp3Pi
final,46843.586554,4,467,6,4,-1,1,0,-1,-,C3Pi
final,46852.07562,4,468,8,50,-1,1,1,0,-,Cp3Pi
final,46906.524408,4,469,8,51,-1,1,0,-1,-,Cp3Pi
final,46961.215056,4,470,8,52,-1,1,-1,-2,-,Cp3Pi
final,46970.249806,4,471,8,51,-1,1,1,0,-,Cp3Pi
final,47025.842103,4,472,8,52,-1,1,0,-1,-,Cp3Pi
final,47026.6015,4,473,6,4,-1,1,1,0,-,C3Pi
final,47081.840812,4,474,8,53,-1,1,-1,-2,-,Cp3Pi
final,47089.795571,4,475,8,52,-1,1,1,0,-,Cp3Pi
final,47145.973026,4,476,8,53,-1,1,0,-1,-,Cp3Pi
final,47177.444386,4,477,5,10,0,1,-1,-1,-,B3Sigma-
final,47203.831713,4,478,8,54,-1,1,-1,-2,-,Cp3Pi
final,47210.689638,4,479,8,53,-1,1,1,0,-,Cp3Pi
final,47269.09124,4,480,8,54,-1,1,0,-1,-,Cp3Pi
final,47286.599428,4,481,6,5,-1,1,-1,-2,-,C3Pi
final,47327.181473,4,482,8,55,-1,1,-1,-2,-,Cp3Pi
final,47332.917596,4,483,8,54,-1,1,1,0,-,Cp3Pi
final,47392.342784,4,484,8,55,-1,1,0,-1,-,Cp3Pi
final,47451.878997,4,485,8,56,-1,1,-1,-2,-,Cp3Pi
final,47456.471176,4,486,8,55,-1,1,1,0,-,Cp3Pi
final,47465.120085,4,487,6,5,-1,1,0,-1,-,C3Pi
final,47516.967306,4,488,8,56,-1,1,0,-1,-,Cp3Pi
final,47577.908727,4,489,8,57,-1,1,-1,-2,-,Cp3Pi
final,47581.333721,4,490,8,56,-1,1,1,0,-,Cp3Pi
final,47642.428172,4,491,8,57,-1,1,0,-1,-,Cp3Pi
final,47647.732934,4,492,6,5,-1,1,1,0,-,C3Pi
final,47701.969781,4,493,5,11,0,1,-1,-1,-,B3Sigma-
final,47705.253515,4,494,8,58,-1,1,-1,-2,-,Cp3Pi
final,47707.483573,4,495,8,57,-1,1,1,0,-,Cp3Pi
final,47771.441483,4,496,8,58,-1,1,0,-1,-,Cp3Pi
final,47833.868599,4,497,8,59,-1,1,-1,-2,-,Cp3Pi
final,47834.886159,4,498,8,58,-1,1,1,0,-,Cp3Pi
final,47884.641533,4,499,6,6,-1,1,-1,-2,-,C3Pi
final,47899.563246,4,500,8,59,-1,1,0,-1,-,Cp3Pi
final,47963.516727,4,501,8,59,-1,1,1,0,-,Cp3Pi
final,47963.857547,4,502,8,60,-1,1,-1,-2,-,Cp3Pi
final,48029.193876,4,503,8,60,-1,1,0,-1,-,Cp3Pi
final,48060.773764,4,504,6,6,-1,1,0,-1,-,C3Pi
final,48093.319705,4,505,8,60,-1,1,1,0,-,Cp3Pi
final,48094.985813,4,506,8,61,-1,1,-1,-2,-,Cp3Pi
final,48160.33715,4,507,8,61,-1,1,0,-1,-,Cp3Pi
final,48212.557602,4,508,5,12,0,1,-1,-1,-,B3Sigma-
final,48223.694588,4,509,8,61,-1,1,1,0,-,Cp3Pi
final,48227.236849,4,510,8,62,-1,1,-1,-2,-,Cp3Pi
final,48241.299856,4,511,6,6,-1,1,1,0,-,C3Pi
final,48292.528969,4,512,8,62,-1,1,0,-1,-,Cp3Pi
final,48356.516854,4,513,8,62,-1,1,1,0,-,Cp3Pi
final,48359.962061,4,514,8,63,-1,1,-1,-2,-,Cp3Pi
final,48425.376332,4,515,8,63,-1,1,0,-1,-,Cp3Pi
final,48446.937051,4,516,6,7,-1,1,-1,-2,-,C3Pi
final,48489.342994,4,517,8,63,-1,1,1,0,-,Cp3Pi
final,48498.851562,4,518,8,64,-1,1,-1,-2,-,Cp3Pi
final,48556.722149,4,519,8,64,-1,1,0,-1,-,Cp3Pi
final,48619.436409,4,520,6,7,-1,1,0,-1,-,C3Pi
final,48622.359992,4,521,8,64,-1,1,1,0,-,Cp3Pi
final,48632.234257,4,522,8,65,-1,1,-1,-2,-,Cp3Pi
final,48699.486278,4,523,8,65,-1,1,0,-1,-,Cp3Pi
final,48711.43795,4,524,5,13,0,1,-1,-1,-,B3Sigma-
final,48748.446256,4,525,8,65,-1,1,1,0,-,Cp3Pi
final,48766.847187,4,526,8,66,-1,1,-1,-2,-,Cp3Pi
final,48799.331521,4,527,6,7,-1,1,1,0,-,C3Pi
final,48833.151258,4,528,8,66,-1,1,0,-1,-,Cp3Pi
final,48895.20573,4,529,8,67,-1,1,-1,-2,-,Cp3Pi
final,48900.717222,4,530,8,66,-1,1,1,0,-,Cp3Pi
final,48965.853647,4,531,8,67,-1,1,0,-1,-,Cp3Pi
final,48981.003383,4,532,6,8,-1,1,-1,-2,-,C3Pi
final,49033.026664,4,533,8,67,-1,1,1,0,-,Cp3Pi
final,49068.917977,4,534,8,68,-1,1,-1,-2,-,Cp3Pi
final,49086.102363,4,535,8,68,-1,1,0,-1,-,Cp3Pi
final,49163.048464,4,536,8,68,-1,1,1,0,-,Cp3Pi
final,49170.621795,4,537,6,8,-1,1,0,-1,-,C3Pi
final,49194.204831,4,538,5,14,0,1,-1,-1,-,B3Sigma-
final,49198.819554,4,539,8,69,-1,1,-1,-2,-,Cp3Pi
final,49276.994348,4,540,8,69,-1,1,0,-1,-,Cp3Pi
final,49277.316809,4,541,8,69,-1,1,1,0,-,Cp3Pi
final,49333.937449,4,542,8,70,-1,1,-1,-2,-,Cp3Pi
final,49371.06396,4,543,6,8,-1,1,1,0,-,C3Pi
final,49407.392943,4,544,8,70,-1,1,0,-1,-,Cp3Pi
final,49460.853802,4,545,8,71,-1,1,-1,-2,-,Cp3Pi
final,49485.277928,4,546,8,70,-1,1,1,0,-,Cp3Pi
final,49540.770324,4,547,8,71,-1,1,0,-1,-,Cp3Pi
final,49559.711796,4,548,6,9,-1,1,-1,-2,-,C3Pi
final,49616.202602,4,549,8,71,-1,1,1,0,-,Cp3Pi
final,49652.381478,4,550,5,15,0,1,-1,-1,-,B3Sigma-
final,49664.592129,4,551,8,72,-1,1,-1,-2,-,Cp3Pi
final,49667.353876,4,552,8,72,-1,1,0,-1,-,Cp3Pi
final,49748.986661,4,553,8,72,-1,1,1,0,-,Cp3Pi
final,49768.360592,4,554,6,9,-1,1,0,-1,-,C3Pi
final,49797.956573,4,555,8,73,-1,1,-1,-2,-,Cp3Pi
final,49872.81396,4,556,8,73,-1,1,1,0,-,Cp3Pi
final,49880.934796,4,557,8,73,-1,1,0,-1,-,Cp3Pi
final,49940.996304,4,558,8,74,-1,1,-1,-2,-,Cp3Pi
final,49981.252115,4,559,6,9,-1,1,1,0,-,C3Pi
final,50015.312634,4,560,8,74,-1,1,0,-1,-,Cp3Pi
final,50045.918892,4,561,6,10,-1,1,-1,-2,-,C3Pi
final,50068.610339,4,562,5,16,0,1,-1,-1,-,B3Sigma-
final,50087.721723,4,563,8,75,-1,1,-1,-2,-,Cp3Pi
final,50097.786673,4,564,8,74,-1,1,1,0,-,Cp3Pi
final,50158.363032,4,565,8,75,-1,1,0,-1,-,Cp3Pi
final,50223.318589,4,566,6,10,-1,1,0,-1,-,C3Pi
final,50232.049484,4,567,8,75,-1,1,1,0,-,Cp3Pi
final,50235.491132,4,568,8,76,-1,1,-1,-2,-,Cp3Pi
final,50305.844274,4,569,8,76,-1,1,0,-1,-,Cp3Pi
final,50370.415574,4,570,8,76,-1,1,1,0,-,Cp3Pi
final,50381.319334,4,571,8,77,-1,1,-1,-2,-,Cp3Pi
final,50387.570281,4,572,5,17,0,1,-1,-1,-,B3Sigma-
final,50406.911442,4,573,6,10,-1,1,1,0,-,C3Pi
final,50453.664365,4,574,8,77,-1,1,0,-1,-,Cp3Pi
final,50497.589003,4,575,6,11,-1,1,-1,-2,-,C3Pi
final,50525.487089,4,576,8,77,-1,1,1,0,-,Cp3Pi
final,50571.679806,4,577,8,78,-1,1,-1,-2,-,Cp3Pi
final,50597.971473,4,578,8,78,-1,1,0,-1,-,Cp3Pi
final,50603.311868,4,579,5,18,0,1,-1,-1,-,B3Sigma-
final,50673.087004,4,580,8,78,-1,1,1,0,-,Cp3Pi
final,50703.651389,4,581,6,11,-1,1,0,-1,-,C3Pi
final,50706.473154,4,582,8,79,-1,1,-1,-2,-,Cp3Pi
final,50785.976883,4,583,8,79,-1,1,0,-1,-,Cp3Pi
final,50806.380355,4,584,5,19,0,1,-1,-1,-,B3Sigma-
final,50816.706607,4,585,8,79,-1,1,1,0,-,Cp3Pi
final,50849.988861,4,586,8,80,-1,1,-1,-2,-,Cp3Pi
final,50911.490156,4,587,6,11,-1,1,1,0,-,C3Pi
final,50923.916801,4,588,8,80,-1,1,0,-1,-,Cp3Pi
final,50929.749012,4,589,6,12,-1,1,-1,-2,-,C3Pi
final,50999.260369,4,590,8,80,-1,1,1,0,-,Cp3Pi
final,51006.697588,4,591,5,20,0,1,-1,-1,-,B3Sigma-
final,51031.574134,4,592,8,81,-1,1,-1,-2,-,Cp3Pi
final,51056.15455,4,593,8,81,-1,1,0,-1,-,Cp3Pi
final,51135.496891,4,594,6,12,-1,1,0,-1,-,C3Pi
final,51138.622546,4,595,8,81,-1,1,1,0,-,Cp3Pi
final,51184.212717,4,596,8,82,-1,1,-1,-2,-,Cp3Pi
final,51188.333578,4,597,7,0,-1,0,0,-1,-,e1Pi
final,51199.683797,4,598,5,21,0,1,-1,-1,-,B3Sigma-
final,51258.828777,4,599,8,82,-1,1,0,-1,-,Cp3Pi
final,51263.208327,4,600,8,82,-1,1,1,0,-,Cp3Pi
final,51331.907982,4,601,6,13,-1,1,-1,-2,-,C3Pi
final,51349.311152,4,602,8,83,-1,1,-1,-2,-,Cp3Pi
final,51354.454807,4,603,6,12,-1,1,1,0,-,C3Pi
final,51383.258184,4,604,5,22,0,1,-1,-1,-,B3Sigma-
final,51410.695039,4,605,8,83,-1,1,0,-1,-,Cp3Pi
final,51484.528286,4,606,8,83,-1,1,1,0,-,Cp3Pi
final,51504.667046,4,607,8,84,-1,1,-1,-2,-,Cp3Pi
final,51509.900354,4,608,6,13,-1,1,0,-1,-,C3Pi
final,51556.104551,4,609,5,23,0,1,-1,-1,-,B3Sigma-
final,51578.228907,4,610,8,84,-1,1,0,-1,-,Cp3Pi
final,51629.150689,4,611,8,84,-1,1,1,0,-,Cp3Pi
final,51665.534111,4,612,8,85,-1,1,-1,-2,-,Cp3Pi
final,51699.085141,4,613,6,13,-1,1,1,0,-,C3Pi
final,51715.737742,4,614,5,24,0,1,-1,-1,-,B3Sigma-
final,51723.867063,4,615,6,14,-1,1,-1,-2,-,C3Pi
final,51736.517395,4,616,8,85,-1,1,0,-1,-,Cp3Pi
final,51809.822649,4,617,8,85,-1,1,1,0,-,Cp3Pi
final,51832.05884,4,618,8,86,-1,1,-1,-2,-,Cp3Pi
final,51861.232788,4,619,5,25,0,1,-1,-1,-,B3Sigma-
final,51895.962686,4,620,6,14,-1,1,0,-1,-,C3Pi
final,51903.438866,4,621,8,86,-1,1,0,-1,-,Cp3Pi
final,51940.847201,4,622,7,1,-1,0,0,-1,-,e1Pi
final,51968.258077,4,623,8,86,-1,1,1,0,-,Cp3Pi
final,51991.498498,4,624,8,87,-1,1,-1,-2,-,Cp3Pi
final,51992.195405,4,625,5,26,0,1,-1,-1,-,B3Sigma-
final,52058.414161,4,626,6,15,-1,1,-1,-2,-,C3Pi
final,52063.17706,4,627,8,87,-1,1,0,-1,-,Cp3Pi
final,52079.18312,4,628,6,14,-1,1,1,0,-,C3Pi
final,52107.797789,4,629,5,27,0,1,-1,-1,-,B3Sigma-
final,52132.420637,4,630,8,87,-1,1,1,0,-,Cp3Pi
final,52167.719191,4,631,8,88,-1,1,-1,-2,-,Cp3Pi
final,52206.494942,4,632,5,28,0,1,-1,-1,-,B3Sigma-
final,52216.177615,4,633,8,88,-1,1,0,-1,-,Cp3Pi
final,52250.552458,4,634,6,15,-1,1,0,-1,-,C3Pi
final,52288.285344,4,635,5,29,0,1,-1,-1,-,B3Sigma-
final,52294.958425,4,636,6,16,-1,1,-1,-2,-,C3Pi
final,52296.979057,4,637,8,88,-1,1,1,0,-,Cp3Pi
final,52341.889213,4,638,6,17,-1,1,-1,-2,-,C3Pi
final,52343.301809,4,639,8,89,-1,1,-1,-2,-,Cp3Pi
final,52347.861605,4,640,6,18,-1,1,-1,-2,-,C3Pi
final,52350.024325,4,641,5,30,0,1,-1,-1,-,B3Sigma-
final,52355.198821,4,642,6,19,-1,1,-1,-2,-,C3Pi
final,52365.163204,4,643,6,20,-1,1,-1,-2,-,C3Pi
final,52377.737365,4,644,6,21,-1,1,-1,-2,-,C3Pi
final,52392.41085,4,645,5,31,0,1,-1,-1,-,B3Sigma-
final,52392.88073,4,646,6,22,-1,1,-1,-2,-,C3Pi
final,52397.043642,4,647,8,89,-1,1,0,-1,-,Cp3Pi
final,52410.293519,4,648,6,23,-1,1,-1,-2,-,C3Pi
final,52417.143574,4,649,6,15,-1,1,1,0,-,C3Pi
final,52421.277553,4,650,5,32,0,1,-1,-1,-,B3Sigma-
final,52430.00149,4,651,6,24,-1,1,-1,-2,-,C3Pi
final,52440.824707,4,652,5,33,0,1,-1,-1,-,B3Sigma-
final,52451.77619,4,653,6,25,-1,1,-1,-2,-,C3Pi
final,52459.695148,4,654,5,34,0,1,-1,-1,-,B3Sigma-
final,52466.723241,4,655,8,89,-1,1,1,0,-,Cp3Pi
final,52475.184354,4,656,6,26,-1,1,-1,-2,-,C3Pi
final,52482.778343,4,657,5,35,0,1,-1,-1,-,B3Sigma-
final,52483.615809,4,658,6,16,-1,1,0,-1,-,C3Pi
final,52498.025149,4,659,6,27,-1,1,-1,-2,-,C3Pi
final,52510.633051,4,660,5,36,0,1,-1,-1,-,B3Sigma-
final,52514.168219,4,661,8,90,-1,1,-1,-2,-,Cp3Pi
final,52524.648516,4,662,6,17,-1,1,0,-1,-,C3Pi
final,52530.405221,4,663,6,18,-1,1,0,-1,-,C3Pi
final,52535.787214,4,664,6,28,-1,1,-1,-2,-,C3Pi
final,52537.114991,4,665,6,19,-1,1,0,-1,-,C3Pi
final,52542.046277,4,666,5,37,0,1,-1,-1,-,B3Sigma-
final,52546.415468,4,667,6,20,-1,1,0,-1,-,C3Pi
final,52557.662961,4,668,6,21,-1,1,0,-1,-,C3Pi
final,52564.932406,4,669,6,29,-1,1,-1,-2,-,C3Pi
final,52568.41004,4,670,8,90,-1,1,0,-1,-,Cp3Pi
final,52576.593433,4,671,5,38,0,1,-1,-1,-,B3Sigma-
final,52579.186165,4,672,6,22,-1,1,0,-1,-,C3Pi
final,52594.139661,4,673,6,23,-1,1,0,-1,-,C3Pi
final,52597.149091,4,674,6,30,-1,1,-1,-2,-,C3Pi
final,52613.229005,4,675,6,24,-1,1,0,-1,-,C3Pi
final,52615.684333,4,676,5,39,0,1,-1,-1,-,B3Sigma-
final,52627.216058,4,677,8,90,-1,1,1,0,-,Cp3Pi
final,52631.364267,4,678,6,31,-1,1,-1,-2,-,C3Pi
final,52635.294803,4,679,6,25,-1,1,0,-1,-,C3Pi
final,52656.452287,4,680,5,40,0,1,-1,-1,-,B3Sigma-
final,52659.538474,4,681,6,26,-1,1,0,-1,-,C3Pi
final,52665.475517,4,682,6,32,-1,1,-1,-2,-,C3Pi
final,52670.72683,4,683,6,16,-1,1,1,0,-,C3Pi
final,52685.272539,4,684,6,27,-1,1,0,-1,-,C3Pi
final,52686.318049,4,685,7,2,-1,0,0,-1,-,e1Pi
final,52687.348845,4,686,6,17,-1,1,1,0,-,C3Pi
final,52687.43982,4,687,8,91,-1,1,-1,-2,-,Cp3Pi
final,52692.556912,4,688,6,18,-1,1,1,0,-,C3Pi
final,52700.218318,4,689,6,19,-1,1,1,0,-,C3Pi
final,52700.559972,4,690,5,41,0,1,-1,-1,-,B3Sigma-
final,52710.530239,4,691,6,20,-1,1,1,0,-,C3Pi
final,52712.601205,4,692,6,28,-1,1,0,-1,-,C3Pi
final,52713.595148,4,693,6,33,-1,1,-1,-2,-,C3Pi
final,52723.424164,4,694,6,21,-1,1,1,0,-,C3Pi
final,52736.101756,4,695,6,29,-1,1,0,-1,-,C3Pi
final,52738.786468,4,696,6,22,-1,1,1,0,-,C3Pi
final,52748.109922,4,697,5,42,0,1,-1,-1,-,B3Sigma-
final,52752.68918,4,698,6,34,-1,1,-1,-2,-,C3Pi
final,52755.221644,4,699,8,91,-1,1,0,-1,-,Cp3Pi
final,52756.448041,4,700,6,23,-1,1,1,0,-,C3Pi
final,52775.998667,4,701,6,24,-1,1,1,0,-,C3Pi
final,52782.610175,4,702,6,30,-1,1,0,-1,-,C3Pi
final,52795.007125,4,703,6,35,-1,1,-1,-2,-,C3Pi
final,52795.08036,4,704,6,25,-1,1,1,0,-,C3Pi
final,52797.469913,4,705,5,43,0,1,-1,-1,-,B3Sigma-
final,52807.691826,4,706,8,91,-1,1,1,0,-,Cp3Pi
final,52816.162054,4,707,6,31,-1,1,0,-1,-,C3Pi
final,52827.228589,4,708,6,26,-1,1,1,0,-,C3Pi
final,52837.559849,4,709,6,36,-1,1,-1,-2,-,C3Pi
final,52848.822382,4,710,5,44,0,1,-1,-1,-,B3Sigma-
final,52852.710148,4,711,6,32,-1,1,0,-1,-,C3Pi
final,52853.047835,4,712,6,27,-1,1,1,0,-,C3Pi
final,52862.670039,4,713,8,92,-1,1,-1,-2,-,Cp3Pi
final,52881.517389,4,714,6,28,-1,1,1,0,-,C3Pi
final,52888.518652,4,715,6,33,-1,1,0,-1,-,C3Pi
final,52892.640388,4,716,6,37,-1,1,-1,-2,-,C3Pi
final,52903.851454,4,717,5,45,0,1,-1,-1,-,B3Sigma-
final,52911.958133,4,718,6,29,-1,1,1,0,-,C3Pi
final,52918.24527,4,719,8,92,-1,1,0,-1,-,Cp3Pi
final,52939.920349,4,720,6,38,-1,1,-1,-2,-,C3Pi
final,52941.717203,4,721,6,34,-1,1,0,-1,-,C3Pi
final,52943.409689,4,722,6,30,-1,1,1,0,-,C3Pi
final,52961.420689,4,723,5,46,0,1,-1,-1,-,B3Sigma-
final,52970.558532,4,724,6,31,-1,1,1,0,-,C3Pi
final,52980.347859,4,725,6,35,-1,1,0,-1,-,C3Pi
final,52990.036195,4,726,6,39,-1,1,-1,-2,-,C3Pi
final,52990.779181,4,727,8,92,-1,1,1,0,-,Cp3Pi
final,53019.174108,4,728,5,47,0,1,-1,-1,-,B3Sigma-
final,53022.618082,4,729,6,32,-1,1,1,0,-,C3Pi
final,53025.064809,4,730,6,36,-1,1,0,-1,-,C3Pi
final,53032.10703,4,731,8,93,-1,1,-1,-2,-,Cp3Pi
final,53051.387997,4,732,6,40,-1,1,-1,-2,-,C3Pi
final,53060.24461,4,733,6,33,-1,1,1,0,-,C3Pi
final,53066.545113,4,734,6,37,-1,1,0,-1,-,C3Pi
final,53083.15876,4,735,5,48,0,1,-1,-1,-,B3Sigma-
final,53098.77748,4,736,8,93,-1,1,0,-1,-,Cp3Pi
final,53099.693561,4,737,6,34,-1,1,1,0,-,C3Pi
final,53101.953951,4,738,6,41,-1,1,-1,-2,-,C3Pi
final,53127.618048,4,739,6,38,-1,1,0,-1,-,C3Pi
final,53136.81101,4,740,6,35,-1,1,1,0,-,C3Pi
final,53146.884536,4,741,5,49,0,1,-1,-1,-,B3Sigma-
final,53158.268297,4,742,6,42,-1,1,-1,-2,-,C3Pi
final,53162.473584,4,743,8,93,-1,1,1,0,-,Cp3Pi
final,53174.281932,4,744,6,39,-1,1,0,-1,-,C3Pi
final,53196.39404,4,745,6,36,-1,1,1,0,-,C3Pi
final,53208.493857,4,746,8,94,-1,1,-1,-2,-,Cp3Pi
final,53213.004448,4,747,5,50,0,1,-1,-1,-,B3Sigma-
final,53224.641757,4,748,6,43,-1,1,-1,-2,-,C3Pi
final,53224.979779,4,749,6,40,-1,1,0,-1,-,C3Pi
final,53240.168623,4,750,6,37,-1,1,1,0,-,C3Pi
final,53269.305357,4,751,8,94,-1,1,0,-1,-,Cp3Pi
final,53280.863123,4,752,6,44,-1,1,-1,-2,-,C3Pi
final,53281.380768,4,753,5,51,0,1,-1,-1,-,B3Sigma-
final,53285.833057,4,754,6,38,-1,1,1,0,-,C3Pi
final,53293.676502,4,755,6,41,-1,1,0,-1,-,C3Pi
final,53325.249313,4,756,6,39,-1,1,1,0,-,C3Pi
final,53342.069035,4,757,6,42,-1,1,0,-1,-,C3Pi
final,53343.387921,4,758,6,45,-1,1,-1,-2,-,C3Pi
final,53351.992761,4,759,5,52,0,1,-1,-1,-,B3Sigma-
final,53353.926303,4,760,8,94,-1,1,1,0,-,Cp3Pi
final,53390.285619,4,761,8,95,-1,1,-1,-2,-,Cp3Pi
final,53397.711819,4,762,6,40,-1,1,1,0,-,C3Pi
final,53398.784343,4,763,6,43,-1,1,0,-1,-,C3Pi
final,53411.39368,4,764,6,46,-1,1,-1,-2,-,C3Pi
final,53421.879275,4,765,7,3,-1,0,0,-1,-,e1Pi
final,53424.55856,4,766,5,53,0,1,-1,-1,-,B3Sigma-
final,53448.564305,4,767,6,41,-1,1,1,0,-,C3Pi
final,53449.143137,4,768,8,95,-1,1,0,-1,-,Cp3Pi
final,53471.527156,4,769,6,44,-1,1,0,-1,-,C3Pi
final,53476.92459,4,770,6,47,-1,1,-1,-2,-,C3Pi
final,53496.843439,4,771,6,42,-1,1,1,0,-,C3Pi
final,53499.452728,4,772,5,54,0,1,-1,-1,-,B3Sigma-
final,53526.30198,4,773,6,45,-1,1,0,-1,-,C3Pi
final,53527.745784,4,774,8,95,-1,1,1,0,-,Cp3Pi
final,53545.259272,4,775,6,48,-1,1,-1,-2,-,C3Pi
final,53570.830945,4,776,8,96,-1,1,-1,-2,-,Cp3Pi
final,53571.242184,4,777,6,43,-1,1,1,0,-,C3Pi
final,53576.184769,4,778,5,55,0,1,-1,-1,-,B3Sigma-
final,53589.125285,4,779,6,46,-1,1,0,-1,-,C3Pi
final,53617.396585,4,780,6,49,-1,1,-1,-2,-,C3Pi
final,53627.169401,4,781,6,44,-1,1,1,0,-,C3Pi
final,53635.14986,4,782,8,96,-1,1,0,-1,-,Cp3Pi
final,53655.233784,4,783,5,56,0,1,-1,-1,-,B3Sigma-
final,53661.953269,4,784,6,47,-1,1,0,-1,-,C3Pi
final,53680.602369,4,785,6,45,-1,1,1,0,-,C3Pi
final,53689.944215,4,786,6,50,-1,1,-1,-2,-,C3Pi
final,53710.969889,4,787,8,96,-1,1,1,0,-,Cp3Pi
final,53727.321324,4,788,6,48,-1,1,0,-1,-,C3Pi
final,53736.002542,4,789,5,57,0,1,-1,-1,-,B3Sigma-
final,53749.878144,4,790,8,97,-1,1,-1,-2,-,Cp3Pi
final,53759.746962,4,791,6,46,-1,1,1,0,-,C3Pi
final,53765.089141,4,792,6,51,-1,1,-1,-2,-,C3Pi
final,53795.425325,4,793,6,49,-1,1,0,-1,-,C3Pi
final,53818.003022,4,794,5,58,0,1,-1,-1,-,B3Sigma-
final,53821.064862,4,795,8,97,-1,1,0,-1,-,Cp3Pi
final,53821.772162,4,796,6,47,-1,1,1,0,-,C3Pi
final,53841.278721,4,797,6,52,-1,1,-1,-2,-,C3Pi
final,53872.093839,4,798,6,50,-1,1,0,-1,-,C3Pi
final,53874.54566,4,799,8,97,-1,1,1,0,-,Cp3Pi
final,53902.924919,4,800,6,48,-1,1,1,0,-,C3Pi
final,53903.64847,4,801,5,59,0,1,-1,-1,-,B3Sigma-
final,53919.574227,4,802,6,53,-1,1,-1,-2,-,C3Pi
final,53931.392709,4,803,8,98,-1,1,-1,-2,-,Cp3Pi
final,53945.637232,4,804,6,51,-1,1,0,-1,-,C3Pi
final,53964.423185,4,805,6,49,-1,1,1,0,-,C3Pi
final,53989.960436,4,806,5,60,0,1,-1,-1,-,B3Sigma-
final,53998.662766,4,807,8,98,-1,1,0,-1,-,Cp3Pi
final,53999.696484,4,808,6,54,-1,1,-1,-2,-,C3Pi
final,54024.102282,4,809,6,52,-1,1,0,-1,-,C3Pi
final,54032.047303,4,810,6,50,-1,1,1,0,-,C3Pi
final,54067.699323,4,811,8,98,-1,1,1,0,-,Cp3Pi
final,54078.796546,4,812,5,61,0,1,-1,-1,-,B3Sigma-
final,54081.557243,4,813,6,55,-1,1,-1,-2,-,C3Pi
final,54101.501167,4,814,6,53,-1,1,0,-1,-,C3Pi
final,54113.538653,4,815,6,51,-1,1,1,0,-,C3Pi
final,54114.032984,4,816,8,99,-1,1,-1,-2,-,Cp3Pi
final,54145.921888,4,817,7,4,-1,0,0,-1,-,e1Pi
final,54165.203858,4,818,6,56,-1,1,-1,-2,-,C3Pi
final,54168.523215,4,819,5,62,0,1,-1,-1,-,B3Sigma-
final,54178.903661,4,820,8,99,-1,1,0,-1,-,Cp3Pi
final,54185.273635,4,821,6,54,-1,1,0,-1,-,C3Pi
final,54186.3795,4,822,6,52,-1,1,1,0,-,C3Pi
final,54244.732037,4,823,8,99,-1,1,1,0,-,Cp3Pi
final,54250.151893,4,824,6,57,-1,1,-1,-2,-,C3Pi
final,54258.891168,4,825,6,55,-1,1,0,-1,-,C3Pi
final,54266.98601,4,826,5,63,0,1,-1,-1,-,B3Sigma-
final,54270.430692,4,827,6,53,-1,1,1,0,-,C3Pi
final,54298.011001,4,828,8,100,-1,1,-1,-2,-,Cp3Pi
final,54337.784554,4,829,6,58,-1,1,-1,-2,-,C3Pi
final,54345.233743,4,830,6,56,-1,1,0,-1,-,C3Pi
final,54345.854272,4,831,6,54,-1,1,1,0,-,C3Pi
final,54358.559271,4,832,5,64,0,1,-1,-1,-,B3Sigma-
final,54365.175034,4,833,8,100,-1,1,0,-1,-,Cp3Pi
final,54421.659604,4,834,6,55,-1,1,1,0,-,C3Pi
final,54425.654773,4,835,6,59,-1,1,-1,-2,-,C3Pi
final,54431.690598,4,836,6,57,-1,1,0,-1,-,C3Pi
final,54438.260611,4,837,8,100,-1,1,1,0,-,Cp3Pi
final,54454.178508,4,838,5,65,0,1,-1,-1,-,B3Sigma-
final,54483.231792,4,839,8,101,-1,1,-1,-2,-,Cp3Pi
final,54511.772456,4,840,6,56,-1,1,1,0,-,C3Pi
final,54517.567363,4,841,6,60,-1,1,-1,-2,-,C3Pi
final,54519.314206,4,842,6,58,-1,1,0,-1,-,C3Pi
final,54549.247102,4,843,8,101,-1,1,0,-1,-,Cp3Pi
final,54552.714845,4,844,5,66,0,1,-1,-1,-,B3Sigma-
final,54595.351135,4,845,6,57,-1,1,1,0,-,C3Pi
final,54607.984415,4,846,6,61,-1,1,-1,-2,-,C3Pi
final,54608.702098,4,847,6,59,-1,1,0,-1,-,C3Pi
final,54618.247564,4,848,8,101,-1,1,1,0,-,Cp3Pi
final,54651.842117,4,849,5,67,0,1,-1,-1,-,B3Sigma-
final,54670.023514,4,850,8,102,-1,1,-1,-2,-,Cp3Pi
final,54684.2675,4,851,6,58,-1,1,1,0,-,C3Pi
final,54699.171304,4,852,6,60,-1,1,0,-1,-,C3Pi
final,54704.565187,4,853,6,62,-1,1,-1,-2,-,C3Pi
final,54736.270673,4,854,8,102,-1,1,0,-1,-,Cp3Pi
final,54753.659428,4,855,5,68,0,1,-1,-1,-,B3Sigma-
final,54772.573349,4,856,6,59,-1,1,1,0,-,C3Pi
final,54792.147719,4,857,6,61,-1,1,0,-1,-,C3Pi
final,54797.36036,4,858,6,63,-1,1,-1,-2,-,C3Pi
final,54803.200494,4,859,8,102,-1,1,1,0,-,Cp3Pi
final,54856.842224,4,860,5,69,0,1,-1,-1,-,B3Sigma-
final,54857.367544,4,861,7,5,-1,0,0,-1,-,e1Pi
final,54858.905815,4,862,8,103,-1,1,-1,-2,-,Cp3Pi
final,54863.789893,4,863,6,60,-1,1,1,0,-,C3Pi
final,54885.839543,4,864,6,62,-1,1,0,-1,-,C3Pi
final,54897.828084,4,865,6,64,-1,1,-1,-2,-,C3Pi
final,54924.526693,4,866,8,103,-1,1,0,-1,-,Cp3Pi
final,54956.210833,4,867,6,61,-1,1,1,0,-,C3Pi
final,54962.074461,4,868,5,70,0,1,-1,-1,-,B3Sigma-
final,54983.00457,4,869,6,63,-1,1,0,-1,-,C3Pi
final,54990.316955,4,870,8,103,-1,1,1,0,-,Cp3Pi
final,54992.81651,4,871,6,65,-1,1,-1,-2,-,C3Pi
final,55050.184639,4,872,8,104,-1,1,-1,-2,-,Cp3Pi
final,55050.482705,4,873,6,62,-1,1,1,0,-,C3Pi
final,55067.927741,4,874,5,71,0,1,-1,-1,-,B3Sigma-
final,55079.991733,4,875,6,64,-1,1,0,-1,-,C3Pi
final,55097.17593,4,876,6,66,-1,1,-1,-2,-,C3Pi
final,55114.787506,4,877,8,104,-1,1,0,-1,-,Cp3Pi
final,55146.373396,4,878,6,63,-1,1,1,0,-,C3Pi
final,55174.56627,4,879,6,65,-1,1,0,-1,-,C3Pi
final,55179.119833,4,880,8,104,-1,1,1,0,-,Cp3Pi
final,55183.585122,4,881,5,72,0,1,-1,-1,-,B3Sigma-
final,55194.300086,4,882,6,67,-1,1,-1,-2,-,C3Pi
final,55244.06261,4,883,8,105,-1,1,-1,-2,-,Cp3Pi
final,55244.122249,4,884,6,64,-1,1,1,0,-,C3Pi
final,55274.706643,4,885,6,66,-1,1,0,-1,-,C3Pi
final,55291.21748,4,886,5,73,0,1,-1,-1,-,B3Sigma-
final,55302.550354,4,887,6,68,-1,1,-1,-2,-,C3Pi
final,55307.817322,4,888,8,105,-1,1,0,-1,-,Cp3Pi
final,55342.826304,4,889,6,65,-1,1,1,0,-,C3Pi
final,55369.840376,4,890,8,105,-1,1,1,0,-,Cp3Pi
final,55381.345265,4,891,6,67,-1,1,0,-1,-,C3Pi
final,55401.178595,4,892,6,69,-1,1,-1,-2,-,C3Pi
final,55403.299307,4,893,5,74,0,1,-1,-1,-,B3Sigma-
final,55440.877297,4,894,8,106,-1,1,-1,-2,-,Cp3Pi
final,55444.517869,4,895,6,66,-1,1,1,0,-,C3Pi
final,55478.310998,4,896,6,68,-1,1,0,-1,-,C3Pi
final,55504.743532,4,897,8,106,-1,1,0,-1,-,Cp3Pi
final,55513.968904,4,898,6,70,-1,1,-1,-2,-,C3Pi
final,55517.246931,4,899,5,75,0,1,-1,-1,-,B3Sigma-
final,55544.474721,4,900,6,67,-1,1,1,0,-,C3Pi
final,55555.250274,4,901,7,6,-1,0,0,-1,-,e1Pi
final,55563.658185,4,902,8,106,-1,1,1,0,-,Cp3Pi
final,55591.289265,4,903,6,69,-1,1,0,-1,-,C3Pi
final,55611.80631,4,904,6,71,-1,1,-1,-2,-,C3Pi
final,55632.750892,4,905,5,76,0,1,-1,-1,-,B3Sigma-
final,55642.180955,4,906,8,107,-1,1,-1,-2,-,Cp3Pi
final,55651.373251,4,907,6,68,-1,1,1,0,-,C3Pi
final,55682.195303,4,908,8,107,-1,1,0,-1,-,Cp3Pi
final,55709.791844,4,909,6,70,-1,1,0,-1,-,C3Pi
final,55731.557076,4,910,6,72,-1,1,-1,-2,-,C3Pi
final,55746.812551,4,911,8,107,-1,1,1,0,-,Cp3Pi
final,55750.209285,4,912,5,77,0,1,-1,-1,-,B3Sigma-
final,55765.164381,4,913,6,69,-1,1,1,0,-,C3Pi
final,55806.842487,4,914,6,71,-1,1,0,-1,-,C3Pi
final,55821.135913,4,915,8,108,-1,1,-1,-2,-,Cp3Pi
final,55852.790295,4,916,6,73,-1,1,-1,-2,-,C3Pi
final,55864.306851,4,917,6,70,-1,1,1,0,-,C3Pi
final,55869.003424,4,918,5,78,0,1,-1,-1,-,B3Sigma-
final,55884.883393,4,919,8,108,-1,1,0,-1,-,Cp3Pi
final,55924.767216,4,920,6,72,-1,1,0,-1,-,C3Pi
final,55945.97164,4,921,8,108,-1,1,1,0,-,Cp3Pi
final,55955.209572,4,922,6,74,-1,1,-1,-2,-,C3Pi
final,55978.332336,4,923,6,71,-1,1,1,0,-,C3Pi
final,55989.829087,4,924,5,79,0,1,-1,-1,-,B3Sigma-
final,56026.223169,4,925,8,109,-1,1,-1,-2,-,Cp3Pi
final,56028.011253,4,926,6,73,-1,1,0,-1,-,C3Pi
final,56075.748699,4,927,6,75,-1,1,-1,-2,-,C3Pi
final,56082.749195,4,928,6,72,-1,1,1,0,-,C3Pi
final,56087.309225,4,929,8,109,-1,1,0,-1,-,Cp3Pi
final,56112.376454,4,930,5,80,0,1,-1,-1,-,B3Sigma-
final,56145.770436,4,931,8,109,-1,1,1,0,-,Cp3Pi
final,56148.517433,4,932,6,74,-1,1,0,-1,-,C3Pi
final,56184.308659,4,933,6,76,-1,1,-1,-2,-,C3Pi
final,56199.594535,4,934,6,73,-1,1,1,0,-,C3Pi
final,56230.761882,4,935,8,110,-1,1,-1,-2,-,Cp3Pi
final,56234.542324,4,936,5,81,0,1,-1,-1,-,B3Sigma-
final,56238.658969,4,937,7,7,-1,0,0,-1,-,e1Pi
final,56254.564736,4,938,6,75,-1,1,0,-1,-,C3Pi
final,56293.909279,4,939,8,110,-1,1,0,-1,-,Cp3Pi
final,56305.331421,4,940,6,74,-1,1,1,0,-,C3Pi
final,56308.026941,4,941,6,77,-1,1,-1,-2,-,C3Pi
final,56349.104358,4,942,8,110,-1,1,1,0,-,Cp3Pi
final,56359.466279,4,943,5,82,0,1,-1,-1,-,B3Sigma-
final,56381.363492,4,944,6,76,-1,1,0,-1,-,C3Pi
final,56413.845808,4,945,6,78,-1,1,-1,-2,-,C3Pi
final,56427.071086,4,946,6,75,-1,1,1,0,-,C3Pi
final,56441.659332,4,947,8,111,-1,1,-1,-2,-,Cp3Pi
final,56471.690057,4,948,6,77,-1,1,0,-1,-,C3Pi
final,56490.982125,4,949,5,83,0,1,-1,-1,-,B3Sigma-
final,56512.431965,4,950,8,111,-1,1,0,-1,-,Cp3Pi
final,56527.311423,4,951,6,76,-1,1,1,0,-,C3Pi
final,56547.671727,4,952,6,79,-1,1,-1,-2,-,C3Pi
final,56561.095071,4,953,8,111,-1,1,1,0,-,Cp3Pi
final,56605.099905,4,954,6,78,-1,1,0,-1,-,C3Pi
final,56628.313618,4,955,8,112,-1,1,-1,-2,-,Cp3Pi
final,56628.430092,4,956,5,84,0,1,-1,-1,-,B3Sigma-
final,56659.930896,4,957,6,77,-1,1,1,0,-,C3Pi
final,56675.143792,4,958,6,80,-1,1,-1,-2,-,C3Pi
final,56688.068823,4,959,8,112,-1,1,0,-1,-,Cp3Pi
final,56734.11221,4,960,6,79,-1,1,0,-1,-,C3Pi
final,56741.909663,4,961,8,112,-1,1,1,0,-,Cp3Pi
final,56759.78888,4,962,5,85,0,1,-1,-1,-,B3Sigma-
final,56788.837359,4,963,6,78,-1,1,1,0,-,C3Pi
final,56793.218436,4,964,6,81,-1,1,-1,-2,-,C3Pi
final,56836.368149,4,965,8,113,-1,1,-1,-2,-,Cp3Pi
final,56848.591369,4,966,6,80,-1,1,0,-1,-,C3Pi
final,56886.607438,4,967,5,86,0,1,-1,-1,-,B3Sigma-
final,56896.899807,4,968,6,79,-1,1,1,0,-,C3Pi
final,56902.600878,4,969,8,113,-1,1,0,-1,-,Cp3Pi
final,56907.113007,4,970,7,8,-1,0,0,-1,-,e1Pi
final,56923.670944,4,971,6,82,-1,1,-1,-2,-,C3Pi
final,56954.271077,4,972,8,113,-1,1,1,0,-,Cp3Pi
final,56980.191087,4,973,6,81,-1,1,0,-1,-,C3Pi
final,57024.260592,4,974,5,87,0,1,-1,-1,-,B3Sigma-
final,57028.190921,4,975,6,80,-1,1,1,0,-,C3Pi
final,57031.797213,4,976,8,114,-1,1,-1,-2,-,Cp3Pi
final,57057.741176,4,977,6,83,-1,1,-1,-2,-,C3Pi
final,57086.940649,4,978,8,114,-1,1,0,-1,-,Cp3Pi
final,57119.090154,4,979,6,82,-1,1,0,-1,-,C3Pi
final,57133.135685,4,980,6,81,-1,1,1,0,-,C3Pi
final,57160.725889,4,981,5,88,0,1,-1,-1,-,B3Sigma-
final,57173.552428,4,982,8,114,-1,1,1,0,-,Cp3Pi
final,57180.00614,4,983,6,84,-1,1,-1,-2,-,C3Pi
final,57232.437634,4,984,6,83,-1,1,0,-1,-,C3Pi
final,57243.675604,4,985,8,115,-1,1,-1,-2,-,Cp3Pi
final,57274.486649,4,986,6,82,-1,1,1,0,-,C3Pi
final,57294.586818,4,987,5,89,0,1,-1,-1,-,B3Sigma-
final,57308.352091,4,988,8,115,-1,1,0,-1,-,Cp3Pi
final,57313.436949,4,989,6,85,-1,1,-1,-2,-,C3Pi
final,57358.280429,4,990,8,115,-1,1,1,0,-,Cp3Pi
final,57367.24762,4,991,6,84,-1,1,0,-1,-,C3Pi
final,57411.615629,4,992,6,83,-1,1,1,0,-,C3Pi
final,57436.373337,4,993,5,90,0,1,-1,-1,-,B3Sigma-
final,57438.594421,4,994,6,86,-1,1,-1,-2,-,C3Pi
final,57457.047668,4,995,8,116,-1,1,-1,-2,-,Cp3Pi
final,57487.791798,4,996,6,85,-1,1,0,-1,-,C3Pi
final,57521.164954,4,997,8,116,-1,1,0,-1,-,Cp3Pi
final,57524.830685,4,998,6,84,-1,1,1,0,-,C3Pi
final,57560.184006,4,999,7,9,-1,0,0,-1,-,e1Pi
final,57577.550828,4,1000,5,91,0,1,-1,-1,-,B3Sigma-
final,57577.982786,4,1001,8,116,-1,1,1,0,-,Cp3Pi
final,57579.849849,4,1002,6,87,-1,1,-1,-2,-,C3Pi
final,57628.874665,4,1003,6,86,-1,1,0,-1,-,C3Pi
final,57657.74514,4,1004,8,117,-1,1,-1,-2,-,Cp3Pi
final,57664.981324,4,1005,6,85,-1,1,1,0,-,C3Pi
final,57713.698515,4,1006,8,117,-1,1,0,-1,-,Cp3Pi
final,57717.085548,4,1007,6,88,-1,1,-1,-2,-,C3Pi
final,57725.063364,4,1008,5,92,0,1,-1,-1,-,B3Sigma-
final,57767.658712,4,1009,6,87,-1,1,0,-1,-,C3Pi
final,57768.091626,4,1010,8,117,-1,1,1,0,-,Cp3Pi
final,57810.251092,4,1011,6,86,-1,1,1,0,-,C3Pi
final,57851.539857,4,1012,6,89,-1,1,-1,-2,-,C3Pi
final,57862.711811,4,1013,5,93,0,1,-1,-1,-,B3Sigma-
final,57869.752513,4,1014,8,118,-1,1,-1,-2,-,Cp3Pi
final,57897.152606,4,1015,6,88,-1,1,0,-1,-,C3Pi
final,57925.960339,4,1016,6,87,-1,1,1,0,-,C3Pi
final,57934.989422,4,1017,8,118,-1,1,0,-1,-,Cp3Pi
final,57992.927889,4,1018,8,118,-1,1,1,0,-,Cp3Pi
final,57993.418873,4,1019,6,90,-1,1,-1,-2,-,C3Pi
final,58008.382336,4,1020,5,94,0,1,-1,-1,-,B3Sigma-
final,58039.838535,4,1021,6,89,-1,1,0,-1,-,C3Pi
final,58068.782782,4,1022,6,88,-1,1,1,0,-,C3Pi
final,58077.46379,4,1023,8,119,-1,1,-1,-2,-,Cp3Pi
final,58134.808181,4,1024,6,91,-1,1,-1,-2,-,C3Pi
final,58137.358677,4,1025,8,119,-1,1,0,-1,-,Cp3Pi
final,58157.076716,4,1026,5,95,0,1,-1,-1,-,B3Sigma-
final,58182.809201,4,1027,6,90,-1,1,0,-1,-,C3Pi
final,58184.344263,4,1028,8,119,-1,1,1,0,-,Cp3Pi
final,58196.781593,4,1029,7,10,-1,0,0,-1,-,e1Pi
final,58222.127694,4,1030,6,89,-1,1,1,0,-,C3Pi
final,58275.932698,4,1031,6,92,-1,1,-1,-2,-,C3Pi
final,58290.388839,4,1032,8,120,-1,1,-1,-2,-,Cp3Pi
final,58300.128272,4,1033,6,91,-1,1,0,-1,-,C3Pi
final,58322.043779,4,1034,5,96,0,1,-1,-1,-,B3Sigma-
final,58339.684347,4,1035,6,90,-1,1,1,0,-,C3Pi
final,58356.091558,4,1036,8,120,-1,1,0,-1,-,Cp3Pi
final,58415.276345,4,1037,8,120,-1,1,1,0,-,Cp3Pi
final,58421.039998,4,1038,6,93,-1,1,-1,-2,-,C3Pi
final,58448.617923,4,1039,6,92,-1,1,0,-1,-,C3Pi
final,58469.708633,4,1040,5,97,0,1,-1,-1,-,B3Sigma-
final,58485.842909,4,1041,6,91,-1,1,1,0,-,C3Pi
final,58502.364288,4,1042,8,121,-1,1,-1,-2,-,Cp3Pi
final,58564.618128,4,1043,8,121,-1,1,0,-1,-,Cp3Pi
final,58566.757053,4,1044,6,94,-1,1,-1,-2,-,C3Pi
final,58598.163576,4,1045,6,93,-1,1,0,-1,-,C3Pi
final,58609.924932,4,1046,6,92,-1,1,1,0,-,C3Pi
final,58619.03898,4,1047,5,98,0,1,-1,-1,-,B3Sigma-
final,58644.236633,4,1048,8,121,-1,1,1,0,-,Cp3Pi
final,58713.472071,4,1049,6,95,-1,1,-1,-2,-,C3Pi
final,58717.129851,4,1050,8,122,-1,1,-1,-2,-,Cp3Pi
final,58741.971695,4,1051,6,94,-1,1,0,-1,-,C3Pi
final,58766.871211,4,1052,6,93,-1,1,1,0,-,C3Pi
final,58770.259375,4,1053,5,99,0,1,-1,-1,-,B3Sigma-
final,58783.010536,4,1054,8,122,-1,1,0,-1,-,Cp3Pi
final,58816.154053,4,1055,7,11,-1,0,0,-1,-,e1Pi
final,58843.855758,4,1056,8,122,-1,1,1,0,-,Cp3Pi
final,58862.577516,4,1057,6,96,-1,1,-1,-2,-,C3Pi
final,58892.196958,4,1058,6,95,-1,1,0,-1,-,C3Pi
final,58916.368734,4,1059,6,94,-1,1,1,0,-,C3Pi
final,58924.673183,4,1060,5,100,0,1,-1,-1,-,B3Sigma-
final,58932.433832,4,1061,8,123,-1,1,-1,-2,-,Cp3Pi
final,58996.146831,4,1062,8,123,-1,1,0,-1,-,Cp3Pi
final,59012.814542,4,1063,6,97,-1,1,-1,-2,-,C3Pi
final,59042.855252,4,1064,6,96,-1,1,0,-1,-,C3Pi
final,59045.927551,4,1065,8,123,-1,1,1,0,-,Cp3Pi
final,59075.283559,4,1066,6,95,-1,1,1,0,-,C3Pi
final,59080.767123,4,1067,5,101,0,1,-1,-1,-,B3Sigma-
final,59149.342321,4,1068,8,124,-1,1,-1,-2,-,Cp3Pi
final,59164.707582,4,1069,6,98,-1,1,-1,-2,-,C3Pi
final,59191.402201,4,1070,6,97,-1,1,0,-1,-,C3Pi
final,59208.015049,4,1071,6,96,-1,1,1,0,-,C3Pi
final,59215.287517,4,1072,8,124,-1,1,0,-1,-,Cp3Pi
final,59238.660501,4,1073,5,102,0,1,-1,-1,-,B3Sigma-
final,59277.724417,4,1074,8,124,-1,1,1,0,-,Cp3Pi
final,59317.763275,4,1075,6,99,-1,1,-1,-2,-,C3Pi
final,59345.339076,4,1076,6,98,-1,1,0,-1,-,C3Pi
final,59360.988424,4,1077,6,97,-1,1,1,0,-,C3Pi
final,59367.906424,4,1078,8,125,-1,1,-1,-2,-,Cp3Pi
final,59398.226524,4,1079,5,103,0,1,-1,-1,-,B3Sigma-
final,59417.629718,4,1080,7,12,-1,0,0,-1,-,e1Pi
final,59431.897042,4,1081,8,125,-1,1,0,-1,-,Cp3Pi
final,59472.658295,4,1082,6,100,-1,1,-1,-2,-,C3Pi
final,59489.125955,4,1083,8,125,-1,1,1,0,-,Cp3Pi
final,59499.577771,4,1084,6,99,-1,1,0,-1,-,C3Pi
final,59518.080108,4,1085,6,98,-1,1,1,0,-,C3Pi
final,59559.457659,4,1086,5,104,0,1,-1,-1,-,B3Sigma-
final,59587.260615,4,1087,8,126,-1,1,-1,-2,-,Cp3Pi
final,59629.290747,4,1088,6,101,-1,1,-1,-2,-,C3Pi
final,59649.287587,4,1089,8,126,-1,1,0,-1,-,Cp3Pi
final,59656.861438,4,1090,6,100,-1,1,0,-1,-,C3Pi
final,59663.069311,4,1091,6,99,-1,1,1,0,-,C3Pi
final,59716.33693,4,1092,8,126,-1,1,1,0,-,Cp3Pi
final,59722.280515,4,1093,5,105,0,1,-1,-1,-,B3Sigma-
final,59785.836468,4,1094,6,102,-1,1,-1,-2,-,C3Pi
final,59809.518553,4,1095,8,127,-1,1,-1,-2,-,Cp3Pi
final,59811.636971,4,1096,6,101,-1,1,0,-1,-,C3Pi
final,59820.022337,4,1097,6,100,-1,1,1,0,-,C3Pi
final,59872.030573,4,1098,8,127,-1,1,0,-1,-,Cp3Pi
final,59886.813105,4,1099,5,106,0,1,-1,-1,-,B3Sigma-
final,59934.013561,4,1100,8,127,-1,1,1,0,-,Cp3Pi
final,59945.96063,4,1101,6,103,-1,1,-1,-2,-,C3Pi
final,59970.16753,4,1102,6,102,-1,1,0,-1,-,C3Pi
final,59978.114419,4,1103,6,101,-1,1,1,0,-,C3Pi
final,60000.167395,4,1104,7,13,-1,0,0,-1,-,e1Pi
final,60030.922651,4,1105,8,128,-1,1,-1,-2,-,Cp3Pi
final,60052.39696,4,1106,5,107,0,1,-1,-1,-,B3Sigma-
final,60094.347077,4,1107,8,128,-1,1,0,-1,-,Cp3Pi
final,60107.266855,4,1108,6,104,-1,1,-1,-2,-,C3Pi
final,60130.024982,4,1109,6,103,-1,1,0,-1,-,C3Pi
final,60131.804346,4,1110,6,102,-1,1,1,0,-,C3Pi
final,60160.093449,4,1111,8,128,-1,1,1,0,-,Cp3Pi
final,60219.831032,4,1112,5,108,0,1,-1,-1,-,B3Sigma-
final,60252.075064,4,1113,8,129,-1,1,-1,-2,-,Cp3Pi
final,60272.05991,4,1114,6,105,-1,1,-1,-2,-,C3Pi
final,60291.593421,4,1115,6,104,-1,1,0,-1,-,C3Pi
final,60293.597486,4,1116,6,103,-1,1,1,0,-,C3Pi
final,60317.699648,4,1117,8,129,-1,1,0,-1,-,Cp3Pi
final,60380.87328,4,1118,8,129,-1,1,1,0,-,Cp3Pi
final,60388.733668,4,1119,5,109,0,1,-1,-1,-,B3Sigma-
final,60432.078687,4,1120,6,106,-1,1,-1,-2,-,C3Pi
final,60454.37692,4,1121,6,104,-1,1,1,0,-,C3Pi
final,60455.596691,4,1122,6,105,-1,1,0,-1,-,C3Pi
final,60480.75554,4,1123,8,130,-1,1,-1,-2,-,Cp3Pi
final,60542.016826,4,1124,8,130,-1,1,0,-1,-,Cp3Pi
final,60559.412137,4,1125,5,110,0,1,-1,-1,-,B3Sigma-
final,60563.04289,4,1126,7,14,-1,0,0,-1,-,e1Pi
final,60598.35292,4,1127,6,107,-1,1,-1,-2,-,C3Pi
final,60603.315105,4,1128,8,130,-1,1,1,0,-,Cp3Pi
final,60618.991665,4,1129,6,105,-1,1,1,0,-,C3Pi
final,60620.16258,4,1130,6,106,-1,1,0,-1,-,C3Pi
final,60705.560288,4,1131,8,131,-1,1,-1,-2,-,Cp3Pi
final,60730.312246,4,1132,5,111,0,1,-1,-1,-,B3Sigma-
final,60766.236779,4,1133,6,108,-1,1,-1,-2,-,C3Pi
final,60768.552854,4,1134,8,131,-1,1,0,-1,-,Cp3Pi
final,60780.792758,4,1135,6,106,-1,1,1,0,-,C3Pi
final,60786.439441,4,1136,6,107,-1,1,0,-1,-,C3Pi
final,60831.724038,4,1137,8,131,-1,1,1,0,-,Cp3Pi
final,60903.466776,4,1138,5,112,0,1,-1,-1,-,B3Sigma-
final,60924.257376,4,1139,6,109,-1,1,-1,-2,-,C3Pi
final,60943.295317,4,1140,8,132,-1,1,-1,-2,-,Cp3Pi
final,60946.691271,4,1141,6,107,-1,1,1,0,-,C3Pi
final,60954.061523,4,1142,6,108,-1,1,0,-1,-,C3Pi
final,60996.097922,4,1143,8,132,-1,1,0,-1,-,Cp3Pi
final,61058.518942,4,1144,8,132,-1,1,1,0,-,Cp3Pi
final,61077.854417,4,1145,5,113,0,1,-1,-1,-,B3Sigma-
final,61101.998713,4,1146,6,110,-1,1,-1,-2,-,C3Pi
final,61105.177548,4,1147,7,15,-1,0,0,-1,-,e1Pi
final,61113.853546,4,1148,6,108,-1,1,1,0,-,C3Pi
final,61124.01194,4,1149,6,109,-1,1,0,-1,-,C3Pi
final,61164.047337,4,1150,8,133,-1,1,-1,-2,-,Cp3Pi
final,61223.942714,4,1151,8,133,-1,1,0,-1,-,Cp3Pi
final,61253.868974,4,1152,5,114,0,1,-1,-1,-,B3Sigma-
final,61274.630816,4,1153,6,111,-1,1,-1,-2,-,C3Pi
final,61281.575055,4,1154,6,109,-1,1,1,0,-,C3Pi
final,61287.782418,4,1155,8,133,-1,1,1,0,-,Cp3Pi
final,61295.851026,4,1156,6,110,-1,1,0,-1,-,C3Pi
final,61392.078409,4,1157,8,134,-1,1,-1,-2,-,Cp3Pi
final,61428.473529,4,1158,5,115,0,1,-1,-1,-,B3Sigma-
final,61449.138833,4,1159,6,112,-1,1,-1,-2,-,C3Pi
final,61452.317281,4,1160,6,110,-1,1,1,0,-,C3Pi
final,61454.853717,4,1161,8,134,-1,1,0,-1,-,Cp3Pi
final,61470.394994,4,1162,6,111,-1,1,0,-1,-,C3Pi
final,61516.906659,4,1163,8,134,-1,1,1,0,-,Cp3Pi
final,61606.690617,4,1164,6,112,-1,1,0,-1,-,C3Pi
final,61611.676177,4,1165,6,113,-1,1,-1,-2,-,C3Pi
final,61623.895418,4,1166,6,111,-1,1,1,0,-,C3Pi
final,61625.709175,4,1167,7,16,-1,0,0,-1,-,e1Pi
final,61635.153037,4,1168,8,135,-1,1,-1,-2,-,Cp3Pi
final,61644.671097,4,1169,5,116,0,1,-1,-1,-,B3Sigma-
final,61686.632144,4,1170,8,135,-1,1,0,-1,-,Cp3Pi
final,61748.025644,4,1171,8,135,-1,1,1,0,-,Cp3Pi
final,61785.386107,4,1172,6,113,-1,1,0,-1,-,C3Pi
final,61795.474379,4,1173,6,114,-1,1,-1,-2,-,C3Pi
final,61796.964581,4,1174,6,112,-1,1,1,0,-,C3Pi
final,61822.732633,4,1175,5,117,0,1,-1,-1,-,B3Sigma-
final,61859.651299,4,1176,8,136,-1,1,-1,-2,-,Cp3Pi
final,61917.893297,4,1177,8,136,-1,1,0,-1,-,Cp3Pi
final,61965.439943,4,1178,6,114,-1,1,0,-1,-,C3Pi
final,61971.30668,4,1179,6,113,-1,1,1,0,-,C3Pi
final,61974.43116,4,1180,6,115,-1,1,-1,-2,-,C3Pi
final,61980.670304,4,1181,8,136,-1,1,1,0,-,Cp3Pi
final,62002.817268,4,1182,5,118,0,1,-1,-1,-,B3Sigma-
final,62091.107584,4,1183,8,137,-1,1,-1,-2,-,Cp3Pi
final,62123.558646,4,1184,7,17,-1,0,0,-1,-,e1Pi
final,62138.785408,4,1185,6,115,-1,1,0,-1,-,C3Pi
final,62147.430988,4,1186,6,114,-1,1,1,0,-,C3Pi
final,62155.081182,4,1187,6,116,-1,1,-1,-2,-,C3Pi
final,62158.04725,4,1188,8,137,-1,1,0,-1,-,Cp3Pi
final,62185.130922,4,1189,5,119,0,1,-1,-1,-,B3Sigma-
final,62214.229418,4,1190,8,137,-1,1,1,0,-,Cp3Pi
final,62317.316027,4,1191,8,138,-1,1,-1,-2,-,Cp3Pi
final,62323.805884,4,1192,6,116,-1,1,0,-1,-,C3Pi
final,62325.127995,4,1193,6,115,-1,1,1,0,-,C3Pi
final,62344.198517,4,1194,6,117,-1,1,-1,-2,-,C3Pi
final,62368.382171,4,1195,5,120,0,1,-1,-1,-,B3Sigma-
final,62389.549032,4,1196,8,138,-1,1,0,-1,-,Cp3Pi
final,62449.070633,4,1197,8,138,-1,1,1,0,-,Cp3Pi
final,62503.926613,4,1198,6,116,-1,1,1,0,-,C3Pi
final,62507.00899,4,1199,6,117,-1,1,0,-1,-,C3Pi
final,62511.885723,4,1200,6,118,-1,1,-1,-2,-,C3Pi
final,62554.727825,4,1201,5,121,0,1,-1,-1,-,B3Sigma-
final,62567.801821,4,1202,8,139,-1,1,-1,-2,-,Cp3Pi
final,62597.710931,4,1203,7,18,-1,0,0,-1,-,e1Pi
final,62624.091507,4,1204,8,139,-1,1,0,-1,-,Cp3Pi
final,62680.421947,4,1205,6,117,-1,1,1,0,-,C3Pi
final,62689.302999,4,1206,8,139,-1,1,1,0,-,Cp3Pi
final,62691.411808,4,1207,6,118,-1,1,0,-1,-,C3Pi
final,62697.477415,4,1208,6,119,-1,1,-1,-2,-,C3Pi
final,62742.612862,4,1209,5,122,0,1,-1,-1,-,B3Sigma-
final,62802.727162,4,1210,8,140,-1,1,-1,-2,-,Cp3Pi
final,62856.044661,4,1211,8,140,-1,1,0,-1,-,Cp3Pi
final,62865.768771,4,1212,6,118,-1,1,1,0,-,C3Pi
final,62881.290332,4,1213,6,119,-1,1,0,-1,-,C3Pi
final,62884.087256,4,1214,6,120,-1,1,-1,-2,-,C3Pi
final,62923.579024,4,1215,8,140,-1,1,1,0,-,Cp3Pi
final,62932.204258,4,1216,5,123,0,1,-1,-1,-,B3Sigma-
final,63036.933291,4,1217,8,141,-1,1,-1,-2,-,Cp3Pi
final,63047.120719,4,1218,7,19,-1,0,0,-1,-,e1Pi
final,63049.492288,4,1219,6,119,-1,1,1,0,-,C3Pi
final,63057.211368,4,1220,6,120,-1,1,0,-1,-,C3Pi
final,63074.80978,4,1221,6,121,-1,1,-1,-2,-,C3Pi
final,63104.647465,4,1222,8,141,-1,1,0,-1,-,Cp3Pi
final,63123.569237,4,1223,5,124,0,1,-1,-1,-,B3Sigma-
final,63162.023402,4,1224,8,141,-1,1,1,0,-,Cp3Pi
final,63234.831761,4,1225,6,120,-1,1,1,0,-,C3Pi
final,63246.176325,4,1226,6,121,-1,1,0,-1,-,C3Pi
final,63249.980171,4,1227,6,122,-1,1,-1,-2,-,C3Pi
final,63289.657373,4,1228,8,142,-1,1,-1,-2,-,Cp3Pi
final,63316.026833,4,1229,5,125,0,1,-1,-1,-,B3Sigma-
final,63342.850103,4,1230,8,142,-1,1,0,-1,-,Cp3Pi
final,63400.257564,4,1231,8,142,-1,1,1,0,-,Cp3Pi
final,63423.127061,4,1232,6,121,-1,1,1,0,-,C3Pi
final,63435.900651,4,1233,6,122,-1,1,0,-1,-,C3Pi
final,63443.29194,4,1234,6,123,-1,1,-1,-2,-,C3Pi
final,63470.684315,4,1235,7,20,-1,0,0,-1,-,e1Pi
final,63510.514327,4,1236,5,126,0,1,-1,-1,-,B3Sigma-
final,63526.710571,4,1237,8,143,-1,1,-1,-2,-,Cp3Pi
final,63581.301884,4,1238,8,143,-1,1,0,-1,-,Cp3Pi
final,63607.02796,4,1239,6,122,-1,1,1,0,-,C3Pi
final,63628.328092,4,1240,6,123,-1,1,0,-1,-,C3Pi
final,63635.779986,4,1241,6,124,-1,1,-1,-2,-,C3Pi
final,63645.534971,4,1242,8,143,-1,1,1,0,-,Cp3Pi
final,63706.473442,4,1243,5,127,0,1,-1,-1,-,B3Sigma-
final,63766.658391,4,1244,8,144,-1,1,-1,-2,-,Cp3Pi
final,63797.221993,4,1245,6,123,-1,1,1,0,-,C3Pi
final,63806.843872,4,1246,6,124,-1,1,0,-1,-,C3Pi
final,63830.269285,4,1247,6,125,-1,1,-1,-2,-,C3Pi
final,63836.688953,4,1248,8,144,-1,1,0,-1,-,Cp3Pi
final,63867.370067,4,1249,7,21,-1,0,0,-1,-,e1Pi
final,63887.092947,4,1250,8,144,-1,1,1,0,-,Cp3Pi
final,63903.949778,4,1251,5,128,0,1,-1,-1,-,B3Sigma-
final,63988.542484,4,1252,6,124,-1,1,1,0,-,C3Pi
final,64001.594607,4,1253,8,145,-1,1,-1,-2,-,Cp3Pi
final,64006.038121,4,1254,6,125,-1,1,0,-1,-,C3Pi
final,64032.934824,4,1255,6,126,-1,1,-1,-2,-,C3Pi
final,64074.023364,4,1256,8,145,-1,1,0,-1,-,Cp3Pi
final,64102.975562,4,1257,5,129,0,1,-1,-1,-,B3Sigma-
final,64129.878361,4,1258,8,145,-1,1,1,0,-,Cp3Pi
final,64182.022079,4,1259,6,125,-1,1,1,0,-,C3Pi
final,64202.053025,4,1260,6,126,-1,1,0,-1,-,C3Pi
final,64211.339719,4,1261,6,127,-1,1,-1,-2,-,C3Pi
final,64236.141253,4,1262,7,22,-1,0,0,-1,-,e1Pi
final,64263.690425,4,1263,8,146,-1,1,-1,-2,-,Cp3Pi
final,64303.174447,4,1264,5,130,0,1,-1,-1,-,B3Sigma-
final,64317.157846,4,1265,8,146,-1,1,0,-1,-,Cp3Pi
final,64365.606547,4,1266,6,126,-1,1,1,0,-,C3Pi
final,64385.51139,4,1267,8,146,-1,1,1,0,-,Cp3Pi
final,64399.492921,4,1268,6,127,-1,1,0,-1,-,C3Pi
final,64410.86006,4,1269,6,128,-1,1,-1,-2,-,C3Pi
final,64505.260237,4,1270,5,131,0,1,-1,-1,-,B3Sigma-
final,64507.019325,4,1271,8,147,-1,1,-1,-2,-,Cp3Pi
final,64559.182149,4,1272,8,147,-1,1,0,-1,-,Cp3Pi
final,64568.238398,4,1273,6,127,-1,1,1,0,-,C3Pi
final,64575.987711,4,1274,7,23,-1,0,0,-1,-,e1Pi
final,64600.671578,4,1275,6,128,-1,1,0,-1,-,C3Pi
final,64610.519943,4,1276,6,129,-1,1,-1,-2,-,C3Pi
final,64624.858928,4,1277,8,147,-1,1,1,0,-,Cp3Pi
final,64708.725911,4,1278,5,132,0,1,-1,-1,-,B3Sigma-
final,64752.102165,4,1279,8,148,-1,1,-1,-2,-,Cp3Pi
final,64766.233424,4,1280,6,128,-1,1,1,0,-,C3Pi
final,64784.765081,4,1281,6,129,-1,1,0,-1,-,C3Pi
final,64812.497709,4,1282,6,130,-1,1,-1,-2,-,C3Pi
final,64821.161996,4,1283,8,148,-1,1,0,-1,-,Cp3Pi
final,64871.35612,4,1284,8,148,-1,1,1,0,-,Cp3Pi
final,64886.001084,4,1285,7,24,-1,0,0,-1,-,e1Pi
final,64913.619079,4,1286,5,133,0,1,-1,-1,-,B3Sigma-
final,64965.317575,4,1287,6,129,-1,1,1,0,-,C3Pi
final,64989.853555,4,1288,6,130,-1,1,0,-1,-,C3Pi
final,64991.879465,4,1289,8,149,-1,1,-1,-2,-,Cp3Pi
final,65023.288771,4,1290,6,131,-1,1,-1,-2,-,C3Pi
final,65064.534012,4,1291,8,149,-1,1,0,-1,-,Cp3Pi
final,65118.454846,4,1292,8,149,-1,1,1,0,-,Cp3Pi
final,65119.944615,4,1293,5,134,0,1,-1,-1,-,B3Sigma-
final,65165.392886,4,1294,7,25,-1,0,0,-1,-,e1Pi
final,65166.708945,4,1295,6,130,-1,1,1,0,-,C3Pi
final,65194.521553,4,1296,6,131,-1,1,0,-1,-,C3Pi
final,65212.132156,4,1297,6,132,-1,1,-1,-2,-,C3Pi
final,65327.542007,4,1298,5,135,0,1,-1,-1,-,B3Sigma-
final,65363.540442,4,1299,6,131,-1,1,1,0,-,C3Pi
final,65394.819011,4,1300,6,132,-1,1,0,-1,-,C3Pi
final,65413.688141,4,1301,7,26,-1,0,0,-1,-,e1Pi
final,65414.637901,4,1302,6,133,-1,1,-1,-2,-,C3Pi
final,65536.567044,4,1303,5,136,0,1,-1,-1,-,B3Sigma-
final,65564.150151,4,1304,6,132,-1,1,1,0,-,C3Pi
final,65597.98411,4,1305,6,133,-1,1,0,-1,-,C3Pi
final,65619.345826,4,1306,6,134,-1,1,-1,-2,-,C3Pi
final,65631.789832,4,1307,7,27,-1,0,0,-1,-,e1Pi
final,65746.99036,4,1308,5,137,0,1,-1,-1,-,B3Sigma-
final,65766.704886,4,1309,6,133,-1,1,1,0,-,C3Pi
final,65803.213978,4,1310,6,134,-1,1,0,-1,-,C3Pi
final,65822.854862,4,1311,7,28,-1,0,0,-1,-,e1Pi
final,65825.752714,4,1312,6,135,-1,1,-1,-2,-,C3Pi
final,65958.80871,4,1313,5,138,0,1,-1,-1,-,B3Sigma-
final,65971.209663,4,1314,6,134,-1,1,1,0,-,C3Pi
final,65974.345711,4,1315,7,29,-1,0,0,-1,-,e1Pi
final,66010.231346,4,1316,6,135,-1,1,0,-1,-,C3Pi
final,66033.631867,4,1317,6,136,-1,1,-1,-2,-,C3Pi
final,66039.90292,4,1318,7,30,-1,0,0,-1,-,e1Pi
final,66107.455894,4,1319,7,31,-1,0,0,-1,-,e1Pi
final,66153.999758,4,1320,7,32,-1,0,0,-1,-,e1Pi
final,66172.001436,4,1321,5,139,0,1,-1,-1,-,B3Sigma-
final,66177.543379,4,1322,6,135,-1,1,1,0,-,C3Pi
final,66194.804005,4,1323,7,33,-1,0,0,-1,-,e1Pi
final,66218.831281,4,1324,6,136,-1,1,0,-1,-,C3Pi
final,66224.913035,4,1325,7,34,-1,0,0,-1,-,e1Pi
final,66242.886452,4,1326,6,137,-1,1,-1,-2,-,C3Pi
final,66245.629234,4,1327,7,35,-1,0,0,-1,-,e1Pi
final,66262.546769,4,1328,7,36,-1,0,0,-1,-,e1Pi
final,66282.475728,4,1329,7,37,-1,0,0,-1,-,e1Pi
final,66306.381656,4,1330,7,38,-1,0,0,-1,-,e1Pi
final,66334.235027,4,1331,7,39,-1,0,0,-1,-,e1Pi
final,66366.032473,4,1332,7,40,-1,0,0,-1,-,e1Pi
final,66385.382306,4,1333,6,136,-1,1,1,0,-,C3Pi
final,66386.589569,4,1334,5,140,0,1,-1,-1,-,B3Sigma-
final,66401.220976,4,1335,7,41,-1,0,0,-1,-,e1Pi
final,66428.927943,4,1336,6,137,-1,1,0,-1,-,C3Pi
final,66438.826671,4,1337,7,42,-1,0,0,-1,-,e1Pi
final,66453.526672,4,1338,6,138,-1,1,-1,-2,-,C3Pi
final,66478.376323,4,1339,7,43,-1,0,0,-1,-,e1Pi
final,66520.725418,4,1340,7,44,-1,0,0,-1,-,e1Pi
final,66566.634744,4,1341,7,45,-1,0,0,-1,-,e1Pi
final,66594.71529,4,1342,6,137,-1,1,1,0,-,C3Pi
final,66602.287707,4,1343,5,141,0,1,-1,-1,-,B3Sigma-
final,66615.254919,4,1344,7,46,-1,0,0,-1,-,e1Pi
final,66640.581458,4,1345,6,138,-1,1,0,-1,-,C3Pi
final,66665.286484,4,1346,7,47,-1,0,0,-1,-,e1Pi
final,66665.613107,4,1347,6,139,-1,1,-1,-2,-,C3Pi
final,66717.230298,4,1348,7,48,-1,0,0,-1,-,e1Pi
final,66772.582126,4,1349,7,49,-1,0,0,-1,-,e1Pi
final,66805.310565,4,1350,6,138,-1,1,1,0,-,C3Pi
final,66819.176757,4,1351,5,142,0,1,-1,-1,-,B3Sigma-
final,66830.756455,4,1352,7,50,-1,0,0,-1,-,e1Pi
final,66853.940079,4,1353,6,139,-1,1,0,-1,-,C3Pi
final,66879.187452,4,1354,6,140,-1,1,-1,-2,-,C3Pi
final,66890.181263,4,1355,7,51,-1,0,0,-1,-,e1Pi
final,66951.411915,4,1356,7,52,-1,0,0,-1,-,e1Pi
final,67015.841678,4,1357,7,53,-1,0,0,-1,-,e1Pi
final,67017.288581,4,1358,6,139,-1,1,1,0,-,C3Pi
final,67037.185111,4,1359,5,143,0,1,-1,-1,-,B3Sigma-
final,67069.158861,4,1360,6,140,-1,1,0,-1,-,C3Pi
final,67082.502835,4,1361,7,54,-1,0,0,-1,-,e1Pi
final,67094.242925,4,1362,6,141,-1,1,-1,-2,-,C3Pi
final,67150.352233,4,1363,7,55,-1,0,0,-1,-,e1Pi
final,67220.65812,4,1364,7,56,-1,0,0,-1,-,e1Pi
final,67230.76954,4,1365,6,140,-1,1,1,0,-,C3Pi
final,67256.226046,4,1366,5,144,0,1,-1,-1,-,B3Sigma-
final,67286.308717,4,1367,6,141,-1,1,0,-1,-,C3Pi
final,67293.784199,4,1368,7,57,-1,0,0,-1,-,e1Pi
final,67310.742081,4,1369,6,142,-1,1,-1,-2,-,C3Pi
final,67368.271508,4,1370,7,58,-1,0,0,-1,-,e1Pi
final,67444.422706,4,1371,7,59,-1,0,0,-1,-,e1Pi
final,67445.798254,4,1372,6,141,-1,1,1,0,-,C3Pi
final,67476.173296,4,1373,6,142,-1,1,0,-1,-,C3Pi
final,67505.400691,4,1374,5,145,0,1,-1,-1,-,B3Sigma-
final,67523.402621,4,1375,7,60,-1,0,0,-1,-,e1Pi
final,67528.655502,4,1376,6,143,-1,1,-1,-2,-,C3Pi
final,67604.291946,4,1377,7,61,-1,0,0,-1,-,e1Pi
final,67662.31851,4,1378,6,142,-1,1,1,0,-,C3Pi
final,67686.551203,4,1379,7,62,-1,0,0,-1,-,e1Pi
final,67696.951624,4,1380,6,143,-1,1,0,-1,-,C3Pi
final,67726.456865,4,1381,5,146,0,1,-1,-1,-,B3Sigma-
final,67747.98167,4,1382,6,144,-1,1,-1,-2,-,C3Pi
final,67771.169755,4,1383,7,63,-1,0,0,-1,-,e1Pi
final,67857.91424,4,1384,7,64,-1,0,0,-1,-,e1Pi
final,67880.239236,4,1385,6,143,-1,1,1,0,-,C3Pi
final,67918.614867,4,1386,6,144,-1,1,0,-1,-,C3Pi
final,67946.172332,4,1387,7,65,-1,0,0,-1,-,e1Pi
final,67949.57484,4,1388,5,147,0,1,-1,-1,-,B3Sigma-
final,67968.736597,4,1389,6,145,-1,1,-1,-2,-,C3Pi
final,68036.535487,4,1390,7,66,-1,0,0,-1,-,e1Pi
final,68099.521897,4,1391,6,144,-1,1,1,0,-,C3Pi
final,68128.956873,4,1392,7,67,-1,0,0,-1,-,e1Pi
final,68141.353396,4,1393,6,145,-1,1,0,-1,-,C3Pi
final,68174.602447,4,1394,5,148,0,1,-1,-1,-,B3Sigma-
final,68190.932783,4,1395,6,146,-1,1,-1,-2,-,C3Pi
final,68222.942703,4,1396,7,68,-1,0,0,-1,-,e1Pi
final,68318.915576,4,1397,7,69,-1,0,0,-1,-,e1Pi
final,68320.206479,4,1398,6,145,-1,1,1,0,-,C3Pi
final,68364.975643,4,1399,6,146,-1,1,0,-1,-,C3Pi
final,68401.392569,4,1400,5,149,0,1,-1,-1,-,B3Sigma-
final,68414.569215,4,1401,6,147,-1,1,-1,-2,-,C3Pi
final,68416.928362,4,1402,7,70,-1,0,0,-1,-,e1Pi
final,68516.559587,4,1403,7,71,-1,0,0,-1,-,e1Pi
final,68542.357281,4,1404,6,146,-1,1,1,0,-,C3Pi
final,68593.498603,4,1405,6,147,-1,1,0,-1,-,C3Pi
final,68618.028987,4,1406,7,72,-1,0,0,-1,-,e1Pi
final,68639.574636,4,1407,6,148,-1,1,-1,-2,-,C3Pi
final,68721.454955,4,1408,7,73,-1,0,0,-1,-,e1Pi
final,68765.992624,4,1409,6,147,-1,1,1,0,-,C3Pi
final,68813.780482,4,1410,6,148,-1,1,0,-1,-,C3Pi
final,68826.6039,4,1411,7,74,-1,0,0,-1,-,e1Pi
final,68866.047831,4,1412,6,149,-1,1,-1,-2,-,C3Pi
final,68933.541218,4,1413,7,75,-1,0,0,-1,-,e1Pi
final,68991.086639,4,1414,6,148,-1,1,1,0,-,C3Pi
final,69040.295227,4,1415,6,149,-1,1,0,-1,-,C3Pi
final,69042.29809,4,1416,7,76,-1,0,0,-1,-,e1Pi
final,69152.793824,4,1417,7,77,-1,0,0,-1,-,e1Pi
final,69217.692569,4,1418,6,149,-1,1,1,0,-,C3Pi
final,69265.096238,4,1419,7,78,-1,0,0,-1,-,e1Pi
final,69379.157497,4,1420,7,79,-1,0,0,-1,-,e1Pi
final,69494.911156,4,1421,7,80,-1,0,0,-1,-,e1Pi
final,69612.444175,4,1422,7,81,-1,0,0,-1,-,e1Pi
final,69731.733201,4,1423,7,82,-1,0,0,-1,-,e1Pi
final,69852.699523,4,1424,7,83,-1,0,0,-1,-,e1Pi
final,69975.379852,4,1425,7,84,-1,0,0,-1,-,e1Pi
final,70099.794325,4,1426,7,85,-1,0,0,-1,-,e1Pi
final,70225.903825,4,1427,7,86,-1,0,0,-1,-,e1Pi
final,70353.685915,4,1428,7,87,-1,0,0,-1,-,e1Pi
final,70483.152559,4,1429,7,88,-1,0,0,-1,-,e1Pi
final,70614.315512,4,1430,7,89,-1,0,0,-1,-,e1Pi
final,70747.144426,4,1431,7,90,-1,0,0,-1,-,e1Pi
final,70881.616321,4,1432,7,91,-1,0,0,-1,-,e1Pi
final,71017.756426,4,1433,7,92,-1,0,0,-1,-,e1Pi
final,71155.563084,4,1434,7,93,-1,0,0,-1,-,e1Pi
final,71294.996099,4,1435,7,94,-1,0,0,-1,-,e1Pi
final,71436.058974,4,1436,7,95,-1,0,0,-1,-,e1Pi
final,71578.773133,4,1437,7,96,-1,0,0,-1,-,e1Pi
final,71723.112212,4,1438,7,97,-1,0,0,-1,-,e1Pi
final,71869.056038,4,1439,7,98,-1,0,0,-1,-,e1Pi
final,72016.623704,4,1440,7,99,-1,0,0,-1,-,e1Pi
final,72165.812482,4,1441,7,100,-1,0,0,-1,-,e1Pi
final,72316.593302,4,1442,7,101,-1,0,0,-1,-,e1Pi
final,72468.967652,4,1443,7,102,-1,0,0,-1,-,e1Pi
final,72622.950265,4,1444,7,103,-1,0,0,-1,-,e1Pi
final,72778.520673,4,1445,7,104,-1,0,0,-1,-,e1Pi
final,72935.663296,4,1446,7,105,-1,0,0,-1,-,e1Pi
final,73094.394185,4,1447,7,106,-1,0,0,-1,-,e1Pi
final,73254.707213,4,1448,7,107,-1,0,0,-1,-,e1Pi
final,73416.57898,4,1449,7,108,-1,0,0,-1,-,e1Pi
final,73580.016499,4,1450,7,109,-1,0,0,-1,-,e1Pi
final,73745.026984,4,1451,7,110,-1,0,0,-1,-,e1Pi
final,73911.589117,4,1452,7,111,-1,0,0,-1,-,e1Pi
final,74079.699153,4,1453,7,112,-1,0,0,-1,-,e1Pi
final,74249.367867,4,1454,7,113,-1,0,0,-1,-,e1Pi
final,74420.581115,4,1455,7,114,-1,0,0,-1,-,e1Pi
final,74593.328037,4,1456,7,115,-1,0,0,-1,-,e1Pi
final,74767.616338,4,1457,7,116,-1,0,0,-1,-,e1Pi
final,74943.444622,4,1458,7,117,-1,0,0,-1,-,e1Pi
final,75120.796565,4,1459,7,118,-1,0,0,-1,-,e1Pi
final,75299.673944,4,1460,7,119,-1,0,0,-1,-,e1Pi
final,75480.084362,4,1461,7,120,-1,0,0,-1,-,e1Pi
final,75662.00542,4,1462,7,121,-1,0,0,-1,-,e1Pi
final,75845.439643,4,1463,7,122,-1,0,0,-1,-,e1Pi
final,76030.394051,4,1464,7,123,-1,0,0,-1,-,e1Pi
final,76216.850353,4,1465,7,124,-1,0,0,-1,-,e1Pi
final,76404.812489,4,1466,7,125,-1,0,0,-1,-,e1Pi
final,76594.277924,4,1467,7,126,-1,0,0,-1,-,e1Pi
final,76785.243883,4,1468,7,127,-1,0,0,-1,-,e1Pi
final,76977.70159,4,1469,7,128,-1,0,0,-1,-,e1Pi
final,77171.649511,4,1470,7,129,-1,0,0,-1,-,e1Pi
final,77367.096242,4,1471,7,130,-1,0,0,-1,-,e1Pi
final,77564.0172,4,1472,7,131,-1,0,0,-1,-,e1Pi
final,77762.428573,4,1473,7,132,-1,0,0,-1,-,e1Pi
final,77962.32598,4,1474,7,133,-1,0,0,-1,-,e1Pi
final,78163.690774,4,1475,7,134,-1,0,0,-1,-,e1Pi
final,78366.541419,4,1476,7,135,-1,0,0,-1,-,e1Pi
final,78570.857104,4,1477,7,136,-1,0,0,-1,-,e1Pi
final,78776.64375,4,1478,7,137,-1,0,0,-1,-,e1Pi
final,78983.893085,4,1479,7,138,-1,0,0,-1,-,e1Pi
final,79192.603294,4,1480,7,139,-1,0,0,-1,-,e1Pi
final,79402.779806,4,1481,7,140,-1,0,0,-1,-,e1Pi
final,79614.404148,4,1482,7,141,-1,0,0,-1,-,e1Pi
final,79827.500425,4,1483,7,142,-1,0,0,-1,-,e1Pi
final,80042.043682,4,1484,7,143,-1,0,0,-1,-,e1Pi
final,80258.037456,4,1485,7,144,-1,0,0,-1,-,e1Pi
final,80475.485777,4,1486,7,145,-1,0,0,-1,-,e1Pi
final,80694.366628,4,1487,7,146,-1,0,0,-1,-,e1Pi
final,80914.700036,4,1488,7,147,-1,0,0,-1,-,e1Pi
final,81136.472926,4,1489,7,148,-1,0,0,-1,-,e1Pi
final,81359.70706,4,1490,7,149,-1,0,0,-1,-,e1Pi
