kind,energy,j,number,state,v,lambda,spin,sigma,omega,parity,name
vibrational,0,,,1,0,,,,,,X2Pi
vibrational,733.562886,,,1,1,,,,,,X2Pi
vibrational,1461.205373,,,1,2,,,,,,X2Pi
vibrational,2182.888806,,,1,3,,,,,,X2Pi
vibrational,2898.574029,,,1,4,,,,,,X2Pi
vibrational,3608.221391,,,1,5,,,,,,X2Pi
vibrational,4311.790759,,,1,6,,,,,,X2Pi
vibrational,5009.241522,,,1,7,,,,,,X2Pi
vibrational,5700.532594,,,1,8,,,,,,X2Pi
vibrational,6385.622424,,,1,9,,,,,,X2Pi
vibrational,7064.468999,,,1,10,,,,,,X2Pi
vibrational,7737.029848,,,1,11,,,,,,X2Pi
vibrational,8403.262049,,,1,12,,,,,,X2Pi
vibrational,9063.122228,,,1,13,,,,,,X2Pi
vibrational,9716.566567,,,1,14,,,,,,X2Pi
vibrational,10363.550802,,,1,15,,,,,,X2Pi
vibrational,11004.030232,,,1,16,,,,,,X2Pi
vibrational,11637.959714,,,1,17,,,,,,X2Pi
vibrational,12265.293672,,,1,18,,,,,,X2Pi
vibrational,12885.986092,,,1,19,,,,,,X2Pi
vibrational,13499.990527,,,1,20,,,,,,X2Pi
vibrational,14107.260098,,,1,21,,,,,,X2Pi
vibrational,14707.747496,,,1,22,,,,,,X2Pi
vibrational,15301.404976,,,1,23,,,,,,X2Pi
vibrational,15888.184367,,,1,24,,,,,,X2Pi
vibrational,16468.037064,,,1,25,,,,,,X2Pi
vibrational,17040.914034,,,1,26,,,,,,X2Pi
vibrational,17606.765811,,,1,27,,,,,,X2Pi
vibrational,18165.542499,,,1,28,,,,,,X2Pi
vibrational,18717.19377,,,1,29,,,,,,X2Pi
vibrational,19261.668865,,,1,30,,,,,,X2Pi
vibrational,19798.916589,,,1,31,,,,,,X2Pi
vibrational,20328.885318,,,1,32,,,,,,X2Pi
vibrational,20851.522991,,,1,33,,,,,,X2Pi
vibrational,21366.777113,,,1,34,,,,,,X2Pi
vibrational,21874.594751,,,1,35,,,,,,X2Pi
vibrational,22374.922539,,,1,36,,,,,,X2Pi
vibrational,22867.706672,,,1,37,,,,,,X2Pi
vibrational,23352.892906,,,1,38,,,,,,X2Pi
vibrational,23830.426559,,,1,39,,,,,,X2Pi
vibrational,24300.252509,,,1,40,,,,,,X2Pi
vibrational,24762.315197,,,1,41,,,,,,X2Pi
vibrational,25216.55862,,,1,42,,,,,,X2Pi
vibrational,25662.926339,,,1,43,,,,,,X2Pi
vibrational,26101.361472,,,1,44,,,,,,X2Pi
vibrational,26531.806701,,,1,45,,,,,,X2Pi
vibrational,26954.204266,,,1,46,,,,,,X2Pi
vibrational,27368.495972,,,1,47,,,,,,X2Pi
vibrational,27774.623189,,,1,48,,,,,,X2Pi
vibrational,28172.526851,,,1,49,,,,,,X2Pi
vibrational,28562.147462,,,1,50,,,,,,X2Pi
vibrational,28943.425099,,,1,51,,,,,,X2Pi
vibrational,29316.299415,,,1,52,,,,,,X2Pi
vibrational,29680.709643,,,1,53,,,,,,X2Pi
vibrational,30036.594601,,,1,54,,,,,,X2Pi
vibrational,30383.892703,,,1,55,,,,,,X2Pi
vibrational,30722.54196,,,1,56,,,,,,X2Pi
vibrational,31052.479995,,,1,57,,,,,,X2Pi
vibrational,31373.644047,,,1,58,,,,,,X2Pi
vibrational,31685.97099,,,1,59,,,,,,X2Pi
vibrational,31989.397338,,,1,60,,,,,,X2Pi
vibrational,32283.859267,,,1,61,,,,,,X2Pi
vibrational,32569.292631,,,1,62,,,,,,X2Pi
vibrational,32845.632978,,,1,63,,,,,,X2Pi
vibrational,33112.81558,,,1,64,,,,,,X2Pi
vibrational,33370.775452,,,1,65,,,,,,X2Pi
vibrational,33619.447385,,,1,66,,,,,,X2Pi
vibrational,33858.76598,,,1,67,,,,,,X2Pi
vibrational,34088.665683,,,1,68,,,,,,X2Pi
vibrational,34309.080834,,,1,69,,,,,,X2Pi
vibrational,34519.945712,,,1,70,,,,,,X2Pi
vibrational,34721.194597,,,1,71,,,,,,X2Pi
vibrational,34912.76184,,,1,72,,,,,,X2Pi
vibrational,35094.582273,,,1,73,,,,,,X2Pi
vibrational,35266.59827,,,1,74,,,,,,X2Pi
vibrational,35428.857314,,,1,75,,,,,,X2Pi
vibrational,35582.276939,,,1,76,,,,,,X2Pi
vibrational,35731.150444,,,1,77,,,,,,X2Pi
vibrational,35883.869629,,,1,78,,,,,,X2Pi
vibrational,36046.805126,,,1,79,,,,,,X2Pi
vibrational,36221.182598,,,1,80,,,,,,X2Pi
vibrational,36406.009007,,,1,81,,,,,,X2Pi
vibrational,36600.117483,,,1,82,,,,,,X2Pi
vibrational,22667.84229,,,2,0,,,,,,B2Pi
vibrational,23174.890688,,,2,1,,,,,,B2Pi
vibrational,23678.43337,,,2,2,,,,,,B2Pi
vibrational,24178.470336,,,2,3,,,,,,B2Pi
vibrational,24675.001585,,,2,4,,,,,,B2Pi
vibrational,25168.027117,,,2,5,,,,,,B2Pi
vibrational,25657.546933,,,2,6,,,,,,B2Pi
vibrational,26143.561033,,,2,7,,,,,,B2Pi
vibrational,26626.069416,,,2,8,,,,,,B2Pi
vibrational,27105.072082,,,2,9,,,,,,B2Pi
vibrational,27580.569032,,,2,10,,,,,,B2Pi
vibrational,28052.560265,,,2,11,,,,,,B2Pi
vibrational,28521.045782,,,2,12,,,,,,B2Pi
vibrational,28986.025582,,,2,13,,,,,,B2Pi
vibrational,29447.499665,,,2,14,,,,,,B2Pi
vibrational,29905.468032,,,2,15,,,,,,B2Pi
vibrational,30359.930683,,,2,16,,,,,,B2Pi
vibrational,30810.887617,,,2,17,,,,,,B2Pi
vibrational,31258.338834,,,2,18,,,,,,B2Pi
vibrational,31702.284335,,,2,19,,,,,,B2Pi
vibrational,32142.724119,,,2,20,,,,,,B2Pi
vibrational,32579.658187,,,2,21,,,,,,B2Pi
vibrational,33013.086538,,,2,22,,,,,,B2Pi
vibrational,33443.009173,,,2,23,,,,,,B2Pi
vibrational,33869.426091,,,2,24,,,,,,B2Pi
vibrational,34292.337293,,,2,25,,,,,,B2Pi
vibrational,34711.742778,,,2,26,,,,,,B2Pi
vibrational,35127.642547,,,2,27,,,,,,B2Pi
vibrational,35540.036599,,,2,28,,,,,,B2Pi
vibrational,35948.924934,,,2,29,,,,,,B2Pi
vibrational,36354.307553,,,2,30,,,,,,B2Pi
vibrational,36756.184455,,,2,31,,,,,,B2Pi
vibrational,37154.555641,,,2,32,,,,,,B2Pi
vibrational,37549.42111,,,2,33,,,,,,B2Pi
vibrational,37940.780863,,,2,34,,,,,,B2Pi
vibrational,38328.634899,,,2,35,,,,,,B2Pi
vibrational,15981.749872,,,3,0,,,,,,a4Pi
vibrational,16432.231945,,,3,1,,,,,,a4Pi
vibrational,16877.160616,,,3,2,,,,,,a4Pi
vibrational,17316.451438,,,3,3,,,,,,a4Pi
vibrational,17750.013255,,,3,4,,,,,,a4Pi
vibrational,18177.74758,,,3,5,,,,,,a4Pi
vibrational,18599.547617,,,3,6,,,,,,a4Pi
vibrational,19015.297126,,,3,7,,,,,,a4Pi
vibrational,19424.869382,,,3,8,,,,,,a4Pi
vibrational,19828.125964,,,3,9,,,,,,a4Pi
vibrational,20224.915124,,,3,10,,,,,,a4Pi
vibrational,20615.070026,,,3,11,,,,,,a4Pi
vibrational,20998.406693,,,3,12,,,,,,a4Pi
vibrational,21374.721774,,,3,13,,,,,,a4Pi
vibrational,21743.789758,,,3,14,,,,,,a4Pi
vibrational,22105.359754,,,3,15,,,,,,a4Pi
vibrational,22459.151872,,,3,16,,,,,,a4Pi
vibrational,22804.852906,,,3,17,,,,,,a4Pi
vibrational,23142.111284,,,3,18,,,,,,a4Pi
vibrational,23470.531101,,,3,19,,,,,,a4Pi
vibrational,23789.66528,,,3,20,,,,,,a4Pi
vibrational,24099.007473,,,3,21,,,,,,a4Pi
vibrational,24397.98284,,,3,22,,,,,,a4Pi
vibrational,24685.937219,,,3,23,,,,,,a4Pi
vibrational,24962.125176,,,3,24,,,,,,a4Pi
vibrational,25225.697012,,,3,25,,,,,,a4Pi
vibrational,25475.685554,,,3,26,,,,,,a4Pi
vibrational,25710.994568,,,3,27,,,,,,a4Pi
vibrational,25930.392912,,,3,28,,,,,,a4Pi
vibrational,26132.521391,,,3,29,,,,,,a4Pi
vibrational,26315.926559,,,3,30,,,,,,a4Pi
vibrational,26479.146103,,,3,31,,,,,,a4Pi
vibrational,26620.88273,,,3,32,,,,,,a4Pi
vibrational,26740.320877,,,3,33,,,,,,a4Pi
vibrational,26838.097035,,,3,34,,,,,,a4Pi
vibrational,26922.155599,,,3,35,,,,,,a4Pi
vibrational,27010.856459,,,3,36,,,,,,a4Pi
vibrational,27112.884965,,,3,37,,,,,,a4Pi
vibrational,27227.117135,,,3,38,,,,,,a4Pi
vibrational,27351.730248,,,3,39,,,,,,a4Pi
vibrational,27485.476371,,,3,40,,,,,,a4Pi
vibrational,27627.478686,,,3,41,,,,,,a4Pi
vibrational,27777.086631,,,3,42,,,,,,a4Pi
vibrational,27933.793624,,,3,43,,,,,,a4Pi
vibrational,28097.19163,,,3,44,,,,,,a4Pi
vibrational,28266.944527,,,3,45,,,,,,a4Pi
vibrational,28442.768446,,,3,46,,,,,,a4Pi
vibrational,28624.420425,,,3,47,,,,,,a4Pi
vibrational,28811.689798,,,3,48,,,,,,a4Pi
vibrational,29004.391446,,,3,49,,,,,,a4Pi
vibrational,29202.361344,,,3,50,,,,,,a4Pi
vibrational,29405.453082,,,3,51,,,,,,a4Pi
vibrational,29613.534764,,,3,52,,,,,,a4Pi
vibrational,29826.487047,,,3,53,,,,,,a4Pi
vibrational,30044.201162,,,3,54,,,,,,a4Pi
vibrational,30266.577663,,,3,55,,,,,,a4Pi
vibrational,30493.524989,,,3,56,,,,,,a4Pi
vibrational,30724.958743,,,3,57,,,,,,a4Pi
vibrational,30960.800593,,,3,58,,,,,,a4Pi
final,0,0.5,1,1,0,1,0.5,-0.5,0.5,+,X2Pi
final,733.657367,0.5,2,1,1,1,0.5,-0.5,0.5,+,X2Pi
final,1461.408539,0.5,3,1,2,1,0.5,-0.5,0.5,+,X2Pi
final,2183.215742,0.5,4,1,3,1,0.5,-0.5,0.5,+,X2Pi
final,2899.040733,0.5,5,1,4,1,0.5,-0.5,0.5,+,X2Pi
final,3608.844801,0.5,6,1,5,1,0.5,-0.5,0.5,+,X2Pi
final,4312.588793,0.5,7,1,6,1,0.5,-0.5,0.5,+,X2Pi
final,5010.233137,0.5,8,1,7,1,0.5,-0.5,0.5,+,X2Pi
final,5701.737858,0.5,9,1,8,1,0.5,-0.5,0.5,+,X2Pi
final,6387.062584,0.5,10,1,9,1,0.5,-0.5,0.5,+,X2Pi
final,7066.166547,0.5,11,1,10,1,0.5,-0.5,0.5,+,X2Pi
final,7739.008581,0.5,12,1,11,1,0.5,-0.5,0.5,+,X2Pi
final,8405.547119,0.5,13,1,12,1,0.5,-0.5,0.5,+,X2Pi
final,9065.740185,0.5,14,1,13,1,0.5,-0.5,0.5,+,X2Pi
final,9719.545397,0.5,15,1,14,1,0.5,-0.5,0.5,+,X2Pi
final,10366.919955,0.5,16,1,15,1,0.5,-0.5,0.5,+,X2Pi
final,11007.820635,0.5,17,1,16,1,0.5,-0.5,0.5,+,X2Pi
final,11642.203777,0.5,18,1,17,1,0.5,-0.5,0.5,+,X2Pi
final,12270.025282,0.5,19,1,18,1,0.5,-0.5,0.5,+,X2Pi
final,12891.240602,0.5,20,1,19,1,0.5,-0.5,0.5,+,X2Pi
final,13505.804725,0.5,21,1,20,1,0.5,-0.5,0.5,+,X2Pi
final,14113.672116,0.5,22,1,21,1,0.5,-0.5,0.5,+,X2Pi
final,14714.796711,0.5,23,1,22,1,0.5,-0.5,0.5,+,X2Pi
final,15309.13193,0.5,24,1,23,1,0.5,-0.5,0.5,+,X2Pi
final,15896.630648,0.5,25,1,24,1,0.5,-0.5,0.5,+,X2Pi
final,16193.889847,0.5,26,3,0,1,1.5,-0.5,0.5,+,a4Pi
final,16294.504678,0.5,27,3,0,1,1.5,-1.5,-0.5,+,a4Pi
final,16477.245127,0.5,28,1,25,1,0.5,-0.5,0.5,+,X2Pi
final,16644.407846,0.5,29,3,1,1,1.5,-0.5,0.5,+,a4Pi
final,16745.107161,0.5,30,3,1,1,1.5,-1.5,-0.5,+,a4Pi
final,17050.927028,0.5,31,1,26,1,0.5,-0.5,0.5,+,X2Pi
final,17089.370079,0.5,32,3,2,1,1.5,-0.5,0.5,+,a4Pi
final,17190.149294,0.5,33,3,2,1,1.5,-1.5,-0.5,+,a4Pi
final,17528.691741,0.5,34,3,3,1,1.5,-0.5,0.5,+,a4Pi
final,17617.627386,0.5,35,1,27,1,0.5,-0.5,0.5,+,X2Pi
final,17629.545568,0.5,36,3,3,1,1.5,-1.5,-0.5,+,a4Pi
final,17962.281245,0.5,37,3,4,1,1.5,-0.5,0.5,+,a4Pi
final,18063.203554,0.5,38,3,4,1,1.5,-1.5,-0.5,+,a4Pi
final,18177.29657,0.5,39,1,28,1,0.5,-0.5,0.5,+,X2Pi
final,18390.039586,0.5,40,3,5,1,1.5,-0.5,0.5,+,a4Pi
final,18491.023223,0.5,41,3,5,1,1.5,-1.5,-0.5,+,a4Pi
final,18729.884286,0.5,42,1,29,1,0.5,-0.5,0.5,+,X2Pi
final,18811.859397,0.5,43,3,6,1,1.5,-0.5,0.5,+,a4Pi
final,18912.896085,0.5,44,3,6,1,1.5,-1.5,-0.5,+,a4Pi
final,19227.623749,0.5,45,3,7,1,1.5,-0.5,0.5,+,a4Pi
final,19275.339542,0.5,46,1,30,1,0.5,-0.5,0.5,+,X2Pi
final,19328.703851,0.5,47,3,7,1,1.5,-1.5,-0.5,+,a4Pi
final,19637.20512,0.5,48,3,8,1,1.5,-0.5,0.5,+,a4Pi
final,19738.317427,0.5,49,3,8,1,1.5,-1.5,-0.5,+,a4Pi
final,19813.610647,0.5,50,1,31,1,0.5,-0.5,0.5,+,X2Pi
final,20040.464162,0.5,51,3,9,1,1.5,-0.5,0.5,+,a4Pi
final,20141.595633,0.5,52,3,9,1,1.5,-1.5,-0.5,+,a4Pi
final,20344.645201,0.5,53,1,32,1,0.5,-0.5,0.5,+,X2Pi
final,20437.248055,0.5,54,3,10,1,1.5,-0.5,0.5,+,a4Pi
final,20538.383531,0.5,55,3,10,1,1.5,-1.5,-0.5,+,a4Pi
final,20827.388694,0.5,56,3,11,1,1.5,-0.5,0.5,+,a4Pi
final,20868.390094,0.5,57,1,33,1,0.5,-0.5,0.5,+,X2Pi
final,20928.510503,0.5,58,3,11,1,1.5,-1.5,-0.5,+,a4Pi
final,21210.700586,0.5,59,3,12,1,1.5,-0.5,0.5,+,a4Pi
final,21311.788047,0.5,60,3,12,1,1.5,-1.5,-0.5,+,a4Pi
final,21384.791516,0.5,61,1,34,1,0.5,-0.5,0.5,+,X2Pi
final,21586.978596,0.5,62,3,13,1,1.5,-0.5,0.5,+,a4Pi
final,21688.007497,0.5,63,3,13,1,1.5,-1.5,-0.5,+,a4Pi
final,21893.794958,0.5,64,1,35,1,0.5,-0.5,0.5,+,X2Pi
final,21955.995124,0.5,65,3,14,1,1.5,-0.5,0.5,+,a4Pi
final,22056.93709,0.5,66,3,14,1,1.5,-1.5,-0.5,+,a4Pi
final,22317.496757,0.5,67,3,15,1,1.5,-0.5,0.5,+,a4Pi
final,22395.345227,0.5,68,1,36,1,0.5,-0.5,0.5,+,X2Pi
final,22418.3184,0.5,69,3,15,1,1.5,-1.5,-0.5,+,a4Pi
final,22671.20065,0.5,70,3,16,1,1.5,-0.5,0.5,+,a4Pi
final,22771.862687,0.5,71,3,16,1,1.5,-1.5,-0.5,+,a4Pi
final,22782.097905,0.5,72,2,0,1,0.5,-0.5,0.5,+,B2Pi
final,22889.386463,0.5,73,1,37,1,0.5,-0.5,0.5,+,X2Pi
final,23016.790038,0.5,74,3,17,1,1.5,-0.5,0.5,+,a4Pi
final,23117.246076,0.5,75,3,17,1,1.5,-1.5,-0.5,+,a4Pi
final,23288.21607,0.5,76,2,1,1,0.5,-0.5,0.5,+,B2Pi
final,23353.909053,0.5,77,3,18,1,1.5,-0.5,0.5,+,a4Pi
final,23375.862171,0.5,78,1,38,1,0.5,-0.5,0.5,+,X2Pi
final,23454.104094,0.5,79,3,18,1,1.5,-1.5,-0.5,+,a4Pi
final,23682.156611,0.5,80,3,19,1,1.5,-0.5,0.5,+,a4Pi
final,23782.025257,0.5,81,3,19,1,1.5,-1.5,-0.5,+,a4Pi
final,23790.795231,0.5,82,2,2,1,0.5,-0.5,0.5,+,B2Pi
final,23854.715262,0.5,83,1,39,1,0.5,-0.5,0.5,+,X2Pi
final,24001.079412,0.5,84,3,20,1,1.5,-0.5,0.5,+,a4Pi
final,24100.543735,0.5,85,3,20,1,1.5,-1.5,-0.5,+,a4Pi
final,24289.835368,0.5,86,2,3,1,0.5,-0.5,0.5,+,B2Pi
final,24310.163508,0.5,87,3,21,1,1.5,-0.5,0.5,+,a4Pi
final,24325.88807,0.5,88,1,40,1,0.5,-0.5,0.5,+,X2Pi
final,24409.130224,0.5,89,3,21,1,1.5,-1.5,-0.5,+,a4Pi
final,24608.824828,0.5,90,3,22,1,1.5,-0.5,0.5,+,a4Pi
final,24707.18194,0.5,91,3,22,1,1.5,-1.5,-0.5,+,a4Pi
final,24785.336849,0.5,92,2,4,1,0.5,-0.5,0.5,+,B2Pi
final,24789.322367,0.5,93,1,41,1,0.5,-0.5,0.5,+,X2Pi
final,24896.397893,0.5,94,3,23,1,1.5,-0.5,0.5,+,a4Pi
final,24994.010355,0.5,95,3,23,1,1.5,-1.5,-0.5,+,a4Pi
final,25172.123328,0.5,96,3,24,1,1.5,-0.5,0.5,+,a4Pi
final,25244.95943,0.5,97,1,42,1,0.5,-0.5,0.5,+,X2Pi
final,25268.827579,0.5,98,3,24,1,1.5,-1.5,-0.5,+,a4Pi
final,25277.30043,0.5,99,2,5,1,0.5,-0.5,0.5,+,B2Pi
final,25435.134339,0.5,100,3,25,1,1.5,-0.5,0.5,+,a4Pi
final,25530.731674,0.5,101,3,25,1,1.5,-1.5,-0.5,+,a4Pi
final,25684.442877,0.5,102,3,26,1,1.5,-0.5,0.5,+,a4Pi
final,25692.740066,0.5,103,1,43,1,0.5,-0.5,0.5,+,X2Pi
final,25765.726853,0.5,104,2,6,1,0.5,-0.5,0.5,+,B2Pi
final,25778.69142,0.5,105,3,26,1,1.5,-1.5,-0.5,+,a4Pi
final,25918.927141,0.5,106,3,27,1,1.5,-0.5,0.5,+,a4Pi
final,26011.531804,0.5,107,3,27,1,1.5,-1.5,-0.5,+,a4Pi
final,26132.604613,0.5,108,1,44,1,0.5,-0.5,0.5,+,X2Pi
final,26137.325247,0.5,109,3,28,1,1.5,-0.5,0.5,+,a4Pi
final,26227.92658,0.5,110,3,28,1,1.5,-1.5,-0.5,+,a4Pi
final,26250.617234,0.5,111,2,7,1,0.5,-0.5,0.5,+,B2Pi
final,26338.242213,0.5,112,3,29,1,1.5,-0.5,0.5,+,a4Pi
final,26426.405329,0.5,113,3,29,1,1.5,-1.5,-0.5,+,a4Pi
final,26520.185546,0.5,114,3,30,1,1.5,-0.5,0.5,+,a4Pi
final,26564.492992,0.5,115,1,45,1,0.5,-0.5,0.5,+,X2Pi
final,26605.393002,0.5,116,3,30,1,1.5,-1.5,-0.5,+,a4Pi
final,26681.656714,0.5,117,3,31,1,1.5,-0.5,0.5,+,a4Pi
final,26731.972992,0.5,118,2,8,1,0.5,-0.5,0.5,+,B2Pi
final,26763.314986,0.5,119,3,31,1,1.5,-1.5,-0.5,+,a4Pi
final,26821.339229,0.5,120,3,32,1,1.5,-0.5,0.5,+,a4Pi
final,26898.818098,0.5,121,3,32,1,1.5,-1.5,-0.5,+,a4Pi
final,26938.448048,0.5,122,3,33,1,1.5,-0.5,0.5,+,a4Pi
final,26988.344741,0.5,123,1,46,1,0.5,-0.5,0.5,+,X2Pi
final,27011.20343,0.5,124,3,33,1,1.5,-1.5,-0.5,+,a4Pi
final,27033.928131,0.5,125,3,34,1,1.5,-0.5,0.5,+,a4Pi
final,27102.265031,0.5,126,3,34,1,1.5,-1.5,-0.5,+,a4Pi
final,27117.102895,0.5,127,3,35,1,1.5,-0.5,0.5,+,a4Pi
final,27184.300599,0.5,128,3,35,1,1.5,-1.5,-0.5,+,a4Pi
final,27206.561362,0.5,129,3,36,1,1.5,-0.5,0.5,+,a4Pi
final,27209.795587,0.5,130,2,9,1,0.5,-0.5,0.5,+,B2Pi
final,27275.447233,0.5,131,3,36,1,1.5,-1.5,-0.5,+,a4Pi
final,27309.484194,0.5,132,3,37,1,1.5,-0.5,0.5,+,a4Pi
final,27380.075983,0.5,133,3,37,1,1.5,-1.5,-0.5,+,a4Pi
final,27404.099035,0.5,134,1,47,1,0.5,-0.5,0.5,+,X2Pi
final,27424.412147,0.5,135,3,38,1,1.5,-0.5,0.5,+,a4Pi
final,27496.322973,0.5,136,3,38,1,1.5,-1.5,-0.5,+,a4Pi
final,27549.577548,0.5,137,3,39,1,1.5,-0.5,0.5,+,a4Pi
final,27622.540937,0.5,138,3,39,1,1.5,-1.5,-0.5,+,a4Pi
final,27683.779495,0.5,139,3,40,1,1.5,-0.5,0.5,+,a4Pi
final,27684.086784,0.5,140,2,10,1,0.5,-0.5,0.5,+,B2Pi
final,27757.61509,0.5,141,3,40,1,1.5,-1.5,-0.5,+,a4Pi
final,27811.694698,0.5,142,1,48,1,0.5,-0.5,0.5,+,X2Pi
final,27826.168993,0.5,143,3,41,1,1.5,-0.5,0.5,+,a4Pi
final,27900.74751,0.5,144,3,41,1,1.5,-1.5,-0.5,+,a4Pi
final,27976.11285,0.5,145,3,42,1,1.5,-0.5,0.5,+,a4Pi
final,28051.337056,0.5,146,3,42,1,1.5,-1.5,-0.5,+,a4Pi
final,28133.115798,0.5,147,3,43,1,1.5,-0.5,0.5,+,a4Pi
final,28154.848493,0.5,148,2,11,1,0.5,-0.5,0.5,+,B2Pi
final,28208.909576,0.5,149,3,43,1,1.5,-1.5,-0.5,+,a4Pi
final,28211.070231,0.5,150,1,49,1,0.5,-0.5,0.5,+,X2Pi
final,28296.777838,0.5,151,3,44,1,1.5,-0.5,0.5,+,a4Pi
final,28373.080196,0.5,152,3,44,1,1.5,-1.5,-0.5,+,a4Pi
final,28466.768609,0.5,153,3,45,1,1.5,-0.5,0.5,+,a4Pi
final,28543.529382,0.5,154,3,45,1,1.5,-1.5,-0.5,+,a4Pi
final,28602.163841,0.5,155,1,50,1,0.5,-0.5,0.5,+,X2Pi
final,28622.082738,0.5,156,2,12,1,0.5,-0.5,0.5,+,B2Pi
final,28642.808561,0.5,157,3,46,1,1.5,-0.5,0.5,+,a4Pi
final,28719.985793,0.5,158,3,46,1,1.5,-1.5,-0.5,+,a4Pi
final,28824.658105,0.5,159,3,47,1,1.5,-0.5,0.5,+,a4Pi
final,28902.216267,0.5,160,3,47,1,1.5,-1.5,-0.5,+,a4Pi
final,28984.913425,0.5,161,1,51,1,0.5,-0.5,0.5,+,X2Pi
final,29012.109196,0.5,162,3,48,1,1.5,-0.5,0.5,+,a4Pi
final,29085.791685,0.5,163,2,13,1,0.5,-0.5,0.5,+,B2Pi
final,29090.01774,0.5,164,3,48,1,1.5,-1.5,-0.5,+,a4Pi
final,29204.978838,0.5,165,3,49,1,1.5,-0.5,0.5,+,a4Pi
final,29283.211283,0.5,166,3,49,1,1.5,-1.5,-0.5,+,a4Pi
final,29359.256624,0.5,167,1,52,1,0.5,-0.5,0.5,+,X2Pi
final,29403.104726,0.5,168,3,50,1,1.5,-0.5,0.5,+,a4Pi
final,29481.637896,0.5,169,3,50,1,1.5,-1.5,-0.5,+,a4Pi
final,29545.977511,0.5,170,2,14,1,0.5,-0.5,0.5,+,B2Pi
final,29606.341883,0.5,171,3,51,1,1.5,-0.5,0.5,+,a4Pi
final,29685.155332,0.5,172,3,51,1,1.5,-1.5,-0.5,+,a4Pi
final,29725.130797,0.5,173,1,53,1,0.5,-0.5,0.5,+,X2Pi
final,29814.559604,0.5,174,3,52,1,1.5,-0.5,0.5,+,a4Pi
final,29893.635205,0.5,175,3,52,1,1.5,-1.5,-0.5,+,a4Pi
final,30002.642429,0.5,176,2,15,1,0.5,-0.5,0.5,+,B2Pi
final,30027.63955,0.5,177,3,53,1,1.5,-0.5,0.5,+,a4Pi
final,30082.473066,0.5,178,1,54,1,0.5,-0.5,0.5,+,X2Pi
final,30106.961083,0.5,179,3,53,1,1.5,-1.5,-0.5,+,a4Pi
final,30245.473862,0.5,180,3,54,1,1.5,-0.5,0.5,+,a4Pi
final,30325.027115,0.5,181,3,54,1,1.5,-1.5,-0.5,+,a4Pi
final,30431.2203,0.5,182,1,55,1,0.5,-0.5,0.5,+,X2Pi
final,30455.788643,0.5,183,2,16,1,0.5,-0.5,0.5,+,B2Pi
final,30467.963731,0.5,184,3,55,1,1.5,-0.5,0.5,+,a4Pi
final,30547.735226,0.5,185,3,55,1,1.5,-1.5,-0.5,+,a4Pi
final,30695.019146,0.5,186,3,56,1,1.5,-0.5,0.5,+,a4Pi
final,30771.309141,0.5,187,1,56,1,0.5,-0.5,0.5,+,X2Pi
final,30775.001901,0.5,188,3,56,1,1.5,-1.5,-0.5,+,a4Pi
final,30905.418256,0.5,189,2,17,1,0.5,-0.5,0.5,+,B2Pi
final,30926.558904,0.5,190,3,57,1,1.5,-0.5,0.5,+,a4Pi
final,31006.803107,0.5,191,3,57,1,1.5,-1.5,-0.5,+,a4Pi
final,31102.676007,0.5,192,1,57,1,0.5,-0.5,0.5,+,X2Pi
final,31162.702408,0.5,193,3,58,1,1.5,-0.5,0.5,+,a4Pi
final,31244.657356,0.5,194,3,58,1,1.5,-1.5,-0.5,+,a4Pi
final,31351.533412,0.5,195,2,18,1,0.5,-0.5,0.5,+,B2Pi
final,31425.257106,0.5,196,1,58,1,0.5,-0.5,0.5,+,X2Pi
final,31738.988442,0.5,197,1,59,1,0.5,-0.5,0.5,+,X2Pi
final,31794.136244,0.5,198,2,19,1,0.5,-0.5,0.5,+,B2Pi
final,32043.805834,0.5,199,1,60,1,0.5,-0.5,0.5,+,X2Pi
final,32233.228786,0.5,200,2,20,1,0.5,-0.5,0.5,+,B2Pi
final,32339.64492,0.5,201,1,61,1,0.5,-0.5,0.5,+,X2Pi
final,32626.441182,0.5,202,1,62,1,0.5,-0.5,0.5,+,X2Pi
final,32668.81286,0.5,203,2,21,1,0.5,-0.5,0.5,+,B2Pi
final,32904.129956,0.5,204,1,63,1,0.5,-0.5,0.5,+,X2Pi
final,33100.890071,0.5,205,2,22,1,0.5,-0.5,0.5,+,B2Pi
final,33172.646448,0.5,206,1,64,1,0.5,-0.5,0.5,+,X2Pi
final,33431.92571,0.5,207,1,65,1,0.5,-0.5,0.5,+,X2Pi
final,33529.462064,0.5,208,2,23,1,0.5,-0.5,0.5,+,B2Pi
final,33681.902681,0.5,209,1,66,1,0.5,-0.5,0.5,+,X2Pi
final,33922.512309,0.5,210,1,67,1,0.5,-0.5,0.5,+,X2Pi
final,33954.530368,0.5,211,2,24,1,0.5,-0.5,0.5,+,B2Pi
final,34153.689499,0.5,212,1,68,1,0.5,-0.5,0.5,+,X2Pi
final,34375.369078,0.5,213,1,69,1,0.5,-0.5,0.5,+,X2Pi
final,34376.096259,0.5,214,2,25,1,0.5,-0.5,0.5,+,B2Pi
final,34587.485975,0.5,215,1,70,1,0.5,-0.5,0.5,+,X2Pi
final,34789.975214,0.5,216,1,71,1,0.5,-0.5,0.5,+,X2Pi
final,34794.160965,0.5,217,2,26,1,0.5,-0.5,0.5,+,B2Pi
final,34982.772094,0.5,218,1,72,1,0.5,-0.5,0.5,+,X2Pi
final,35165.812538,0.5,219,1,73,1,0.5,-0.5,0.5,+,X2Pi
final,35208.725639,0.5,220,2,27,1,0.5,-0.5,0.5,+,B2Pi
final,35339.03799,0.5,221,1,74,1,0.5,-0.5,0.5,+,X2Pi
final,35502.469466,0.5,222,1,75,1,0.5,-0.5,0.5,+,X2Pi
final,35619.791313,0.5,223,2,28,1,0.5,-0.5,0.5,+,B2Pi
final,35656.837743,0.5,224,1,76,1,0.5,-0.5,0.5,+,X2Pi
final,35805.918316,0.5,225,1,77,1,0.5,-0.5,0.5,+,X2Pi
final,35957.868893,0.5,226,1,78,1,0.5,-0.5,0.5,+,X2Pi
final,36027.358894,0.5,227,2,29,1,0.5,-0.5,0.5,+,B2Pi
final,36119.624947,0.5,228,1,79,1,0.5,-0.5,0.5,+,X2Pi
final,36292.945921,0.5,229,1,80,1,0.5,-0.5,0.5,+,X2Pi
final,36431.429246,0.5,230,2,30,1,0.5,-0.5,0.5,+,B2Pi
final,36477.184931,0.5,231,1,81,1,0.5,-0.5,0.5,+,X2Pi
final,36671.91675,0.5,232,1,82,1,0.5,-0.5,0.5,+,X2Pi
final,0.012412,0.5,1,1,0,-1,0.5,0.5,-0.5,-,X2Pi
final,733.669757,0.5,2,1,1,-1,0.5,0.5,-0.5,-,X2Pi
final,1461.420907,0.5,3,1,2,-1,0.5,0.5,-0.5,-,X2Pi
final,2183.228088,0.5,4,1,3,-1,0.5,0.5,-0.5,-,X2Pi
final,2899.053057,0.5,5,1,4,-1,0.5,0.5,-0.5,-,X2Pi
final,3608.857102,0.5,6,1,5,-1,0.5,0.5,-0.5,-,X2Pi
final,4312.601073,0.5,7,1,6,-1,0.5,0.5,-0.5,-,X2Pi
final,5010.245393,0.5,8,1,7,-1,0.5,0.5,-0.5,-,X2Pi
final,5701.750091,0.5,9,1,8,-1,0.5,0.5,-0.5,-,X2Pi
final,6387.074795,0.5,10,1,9,-1,0.5,0.5,-0.5,-,X2Pi
final,7066.178734,0.5,11,1,10,-1,0.5,0.5,-0.5,-,X2Pi
final,7739.020745,0.5,12,1,11,-1,0.5,0.5,-0.5,-,X2Pi
final,8405.559259,0.5,13,1,12,-1,0.5,0.5,-0.5,-,X2Pi
final,9065.7523,0.5,14,1,13,-1,0.5,0.5,-0.5,-,X2Pi
final,9719.557488,0.5,15,1,14,-1,0.5,0.5,-0.5,-,X2Pi
final,10366.932022,0.5,16,1,15,-1,0.5,0.5,-0.5,-,X2Pi
final,11007.832677,0.5,17,1,16,-1,0.5,0.5,-0.5,-,X2Pi
final,11642.215794,0.5,18,1,17,-1,0.5,0.5,-0.5,-,X2Pi
final,12270.037273,0.5,19,1,18,-1,0.5,0.5,-0.5,-,X2Pi
final,12891.252568,0.5,20,1,19,-1,0.5,0.5,-0.5,-,X2Pi
final,13505.816664,0.5,21,1,20,-1,0.5,0.5,-0.5,-,X2Pi
final,14113.68403,0.5,22,1,21,-1,0.5,0.5,-0.5,-,X2Pi
final,14714.808598,0.5,23,1,22,-1,0.5,0.5,-0.5,-,X2Pi
final,15309.14379,0.5,24,1,23,-1,0.5,0.5,-0.5,-,X2Pi
final,15896.642481,0.5,25,1,24,-1,0.5,0.5,-0.5,-,X2Pi
final,16193.889847,0.5,26,3,0,-1,1.5,0.5,-0.5,-,a4Pi
final,16294.504678,0.5,27,3,0,-1,1.5,1.5,0.5,-,a4Pi
final,16477.256932,0.5,28,1,25,-1,0.5,0.5,-0.5,-,X2Pi
final,16644.407846,0.5,29,3,1,-1,1.5,0.5,-0.5,-,a4Pi
final,16745.107161,0.5,30,3,1,-1,1.5,1.5,0.5,-,a4Pi
final,17050.938805,0.5,31,1,26,-1,0.5,0.5,-0.5,-,X2Pi
final,17089.370079,0.5,32,3,2,-1,1.5,0.5,-0.5,-,a4Pi
final,17190.149294,0.5,33,3,2,-1,1.5,1.5,0.5,-,a4Pi
final,17528.691741,0.5,34,3,3,-1,1.5,0.5,-0.5,-,a4Pi
final,17617.639135,0.5,35,1,27,-1,0.5,0.5,-0.5,-,X2Pi
final,17629.545568,0.5,36,3,3,-1,1.5,1.5,0.5,-,a4Pi
final,17962.281245,0.5,37,3,4,-1,1.5,0.5,-0.5,-,a4Pi
final,18063.203554,0.5,38,3,4,-1,1.5,1.5,0.5,-,a4Pi
final,18177.30829,0.5,39,1,28,-1,0.5,0.5,-0.5,-,X2Pi
final,18390.039586,0.5,40,3,5,-1,1.5,0.5,-0.5,-,a4Pi
final,18491.023223,0.5,41,3,5,-1,1.5,1.5,0.5,-,a4Pi
final,18729.895977,0.5,42,1,29,-1,0.5,0.5,-0.5,-,X2Pi
final,18811.859397,0.5,43,3,6,-1,1.5,0.5,-0.5,-,a4Pi
final,18912.896085,0.5,44,3,6,-1,1.5,1.5,0.5,-,a4Pi
final,19227.623749,0.5,45,3,7,-1,1.5,0.5,-0.5,-,a4Pi
final,19275.351203,0.5,46,1,30,-1,0.5,0.5,-0.5,-,X2Pi
final,19328.703851,0.5,47,3,7,-1,1.5,1.5,0.5,-,a4Pi
final,19637.20512,0.5,48,3,8,-1,1.5,0.5,-0.5,-,a4Pi
final,19738.317427,0.5,49,3,8,-1,1.5,1.5,0.5,-,a4Pi
final,19813.622278,0.5,50,1,31,-1,0.5,0.5,-0.5,-,X2Pi
final,20040.464162,0.5,51,3,9,-1,1.5,0.5,-0.5,-,a4Pi
final,20141.595633,0.5,52,3,9,-1,1.5,1.5,0.5,-,a4Pi
final,20344.656802,0.5,53,1,32,-1,0.5,0.5,-0.5,-,X2Pi
final,20437.248055,0.5,54,3,10,-1,1.5,0.5,-0.5,-,a4Pi
final,20538.383531,0.5,55,3,10,-1,1.5,1.5,0.5,-,a4Pi
final,20827.388694,0.5,56,3,11,-1,1.5,0.5,-0.5,-,a4Pi
final,20868.401664,0.5,57,1,33,-1,0.5,0.5,-0.5,-,X2Pi
final,20928.510503,0.5,58,3,11,-1,1.5,1.5,0.5,-,a4Pi
final,21210.700586,0.5,59,3,12,-1,1.5,0.5,-0.5,-,a4Pi
final,21311.788047,0.5,60,3,12,-1,1.5,1.5,0.5,-,a4Pi
final,21384.803054,0.5,61,1,34,-1,0.5,0.5,-0.5,-,X2Pi
final,21586.978596,0.5,62,3,13,-1,1.5,0.5,-0.5,-,a4Pi
final,21688.007497,0.5,63,3,13,-1,1.5,1.5,0.5,-,a4Pi
final,21893.806464,0.5,64,1,35,-1,0.5,0.5,-0.5,-,X2Pi
final,21955.995124,0.5,65,3,14,-1,1.5,0.5,-0.5,-,a4Pi
final,22056.93709,0.5,66,3,14,-1,1.5,1.5,0.5,-,a4Pi
final,22317.496757,0.5,67,3,15,-1,1.5,0.5,-0.5,-,a4Pi
final,22395.356701,0.5,68,1,36,-1,0.5,0.5,-0.5,-,X2Pi
final,22418.3184,0.5,69,3,15,-1,1.5,1.5,0.5,-,a4Pi
final,22671.20065,0.5,70,3,16,-1,1.5,0.5,-0.5,-,a4Pi
final,22771.862687,0.5,71,3,16,-1,1.5,1.5,0.5,-,a4Pi
final,22782.097905,0.5,72,2,0,-1,0.5,0.5,-0.5,-,B2Pi
final,22889.397904,0.5,73,1,37,-1,0.5,0.5,-0.5,-,X2Pi
final,23016.790038,0.5,74,3,17,-1,1.5,0.5,-0.5,-,a4Pi
final,23117.246076,0.5,75,3,17,-1,1.5,1.5,0.5,-,a4Pi
final,23288.21607,0.5,76,2,1,-1,0.5,0.5,-0.5,-,B2Pi
final,23353.909053,0.5,77,3,18,-1,1.5,0.5,-0.5,-,a4Pi
final,23375.873578,0.5,78,1,38,-1,0.5,0.5,-0.5,-,X2Pi
final,23454.104094,0.5,79,3,18,-1,1.5,1.5,0.5,-,a4Pi
final,23682.156611,0.5,80,3,19,-1,1.5,0.5,-0.5,-,a4Pi
final,23782.025257,0.5,81,3,19,-1,1.5,1.5,0.5,-,a4Pi
final,23790.795231,0.5,82,2,2,-1,0.5,0.5,-0.5,-,B2Pi
final,23854.726635,0.5,83,1,39,-1,0.5,0.5,-0.5,-,X2Pi
final,24001.079412,0.5,84,3,20,-1,1.5,0.5,-0.5,-,a4Pi
final,24100.543735,0.5,85,3,20,-1,1.5,1.5,0.5,-,a4Pi
final,24289.835368,0.5,86,2,3,-1,0.5,0.5,-0.5,-,B2Pi
final,24310.163508,0.5,87,3,21,-1,1.5,0.5,-0.5,-,a4Pi
final,24325.899408,0.5,88,1,40,-1,0.5,0.5,-0.5,-,X2Pi
final,24409.130224,0.5,89,3,21,-1,1.5,1.5,0.5,-,a4Pi
final,24608.824828,0.5,90,3,22,-1,1.5,0.5,-0.5,-,a4Pi
final,24707.18194,0.5,91,3,22,-1,1.5,1.5,0.5,-,a4Pi
final,24785.336849,0.5,92,2,4,-1,0.5,0.5,-0.5,-,B2Pi
final,24789.33367,0.5,93,1,41,-1,0.5,0.5,-0.5,-,X2Pi
final,24896.397893,0.5,94,3,23,-1,1.5,0.5,-0.5,-,a4Pi
final,24994.010355,0.5,95,3,23,-1,1.5,1.5,0.5,-,a4Pi
final,25172.123328,0.5,96,3,24,-1,1.5,0.5,-0.5,-,a4Pi
final,25244.970697,0.5,97,1,42,-1,0.5,0.5,-0.5,-,X2Pi
final,25268.827579,0.5,98,3,24,-1,1.5,1.5,0.5,-,a4Pi
final,25277.30043,0.5,99,2,5,-1,0.5,0.5,-0.5,-,B2Pi
final,25435.134339,0.5,100,3,25,-1,1.5,0.5,-0.5,-,a4Pi
final,25530.731674,0.5,101,3,25,-1,1.5,1.5,0.5,-,a4Pi
final,25684.442877,0.5,102,3,26,-1,1.5,0.5,-0.5,-,a4Pi
final,25692.751296,0.5,103,1,43,-1,0.5,0.5,-0.5,-,X2Pi
final,25765.726853,0.5,104,2,6,-1,0.5,0.5,-0.5,-,B2Pi
final,25778.69142,0.5,105,3,26,-1,1.5,1.5,0.5,-,a4Pi
final,25918.927141,0.5,106,3,27,-1,1.5,0.5,-0.5,-,a4Pi
final,26011.531804,0.5,107,3,27,-1,1.5,1.5,0.5,-,a4Pi
final,26132.615806,0.5,108,1,44,-1,0.5,0.5,-0.5,-,X2Pi
final,26137.325247,0.5,109,3,28,-1,1.5,0.5,-0.5,-,a4Pi
final,26227.92658,0.5,110,3,28,-1,1.5,1.5,0.5,-,a4Pi
final,26250.617234,0.5,111,2,7,-1,0.5,0.5,-0.5,-,B2Pi
final,26338.242213,0.5,112,3,29,-1,1.5,0.5,-0.5,-,a4Pi
final,26426.405329,0.5,113,3,29,-1,1.5,1.5,0.5,-,a4Pi
final,26520.185546,0.5,114,3,30,-1,1.5,0.5,-0.5,-,a4Pi
final,26564.504147,0.5,115,1,45,-1,0.5,0.5,-0.5,-,X2Pi
final,26605.393002,0.5,116,3,30,-1,1.5,1.5,0.5,-,a4Pi
final,26681.656714,0.5,117,3,31,-1,1.5,0.5,-0.5,-,a4Pi
final,26731.972992,0.5,118,2,8,-1,0.5,0.5,-0.5,-,B2Pi
final,26763.314986,0.5,119,3,31,-1,1.5,1.5,0.5,-,a4Pi
final,26821.339229,0.5,120,3,32,-1,1.5,0.5,-0.5,-,a4Pi
final,26898.818098,0.5,121,3,32,-1,1.5,1.5,0.5,-,a4Pi
final,26938.448048,0.5,122,3,33,-1,1.5,0.5,-0.5,-,a4Pi
final,26988.355857,0.5,123,1,46,-1,0.5,0.5,-0.5,-,X2Pi
final,27011.20343,0.5,124,3,33,-1,1.5,1.5,0.5,-,a4Pi
final,27033.928131,0.5,125,3,34,-1,1.5,0.5,-0.5,-,a4Pi
final,27102.265031,0.5,126,3,34,-1,1.5,1.5,0.5,-,a4Pi
final,27117.102895,0.5,127,3,35,-1,1.5,0.5,-0.5,-,a4Pi
final,27184.300599,0.5,128,3,35,-1,1.5,1.5,0.5,-,a4Pi
final,27206.561362,0.5,129,3,36,-1,1.5,0.5,-0.5,-,a4Pi
final,27209.795587,0.5,130,2,9,-1,0.5,0.5,-0.5,-,B2Pi
final,27275.447233,0.5,131,3,36,-1,1.5,1.5,0.5,-,a4Pi
final,27309.484194,0.5,132,3,37,-1,1.5,0.5,-0.5,-,a4Pi
final,27380.075983,0.5,133,3,37,-1,1.5,1.5,0.5,-,a4Pi
final,27404.110111,0.5,134,1,47,-1,0.5,0.5,-0.5,-,X2Pi
final,27424.412147,0.5,135,3,38,-1,1.5,0.5,-0.5,-,a4Pi
final,27496.322973,0.5,136,3,38,-1,1.5,1.5,0.5,-,a4Pi
final,27549.577548,0.5,137,3,39,-1,1.5,0.5,-0.5,-,a4Pi
final,27622.540937,0.5,138,3,39,-1,1.5,1.5,0.5,-,a4Pi
final,27683.779495,0.5,139,3,40,-1,1.5,0.5,-0.5,-,a4Pi
final,27684.086784,0.5,140,2,10,-1,0.5,0.5,-0.5,-,B2Pi
final,27757.61509,0.5,141,3,40,-1,1.5,1.5,0.5,-,a4Pi
final,27811.705734,0.5,142,1,48,-1,0.5,0.5,-0.5,-,X2Pi
final,27826.168993,0.5,143,3,41,-1,1.5,0.5,-0.5,-,a4Pi
final,27900.74751,0.5,144,3,41,-1,1.5,1.5,0.5,-,a4Pi
final,27976.11285,0.5,145,3,42,-1,1.5,0.5,-0.5,-,a4Pi
final,28051.337056,0.5,146,3,42,-1,1.5,1.5,0.5,-,a4Pi
final,28133.115798,0.5,147,3,43,-1,1.5,0.5,-0.5,-,a4Pi
final,28154.848493,0.5,148,2,11,-1,0.5,0.5,-0.5,-,B2Pi
final,28208.909576,0.5,149,3,43,-1,1.5,1.5,0.5,-,a4Pi
final,28211.081225,0.5,150,1,49,-1,0.5,0.5,-0.5,-,X2Pi
final,28296.777838,0.5,151,3,44,-1,1.5,0.5,-0.5,-,a4Pi
final,28373.080196,0.5,152,3,44,-1,1.5,1.5,0.5,-,a4Pi
final,28466.768609,0.5,153,3,45,-1,1.5,0.5,-0.5,-,a4Pi
final,28543.529382,0.5,154,3,45,-1,1.5,1.5,0.5,-,a4Pi
final,28602.174793,0.5,155,1,50,-1,0.5,0.5,-0.5,-,X2Pi
final,28622.082738,0.5,156,2,12,-1,0.5,0.5,-0.5,-,B2Pi
final,28642.808561,0.5,157,3,46,-1,1.5,0.5,-0.5,-,a4Pi
final,28719.985793,0.5,158,3,46,-1,1.5,1.5,0.5,-,a4Pi
final,28824.658105,0.5,159,3,47,-1,1.5,0.5,-0.5,-,a4Pi
final,28902.216267,0.5,160,3,47,-1,1.5,1.5,0.5,-,a4Pi
final,28984.924334,0.5,161,1,51,-1,0.5,0.5,-0.5,-,X2Pi
final,29012.109196,0.5,162,3,48,-1,1.5,0.5,-0.5,-,a4Pi
final,29085.791685,0.5,163,2,13,-1,0.5,0.5,-0.5,-,B2Pi
final,29090.01774,0.5,164,3,48,-1,1.5,1.5,0.5,-,a4Pi
final,29204.978838,0.5,165,3,49,-1,1.5,0.5,-0.5,-,a4Pi
final,29283.211283,0.5,166,3,49,-1,1.5,1.5,0.5,-,a4Pi
final,29359.267488,0.5,167,1,52,-1,0.5,0.5,-0.5,-,X2Pi
final,29403.104726,0.5,168,3,50,-1,1.5,0.5,-0.5,-,a4Pi
final,29481.637896,0.5,169,3,50,-1,1.5,1.5,0.5,-,a4Pi
final,29545.977511,0.5,170,2,14,-1,0.5,0.5,-0.5,-,B2Pi
final,29606.341883,0.5,171,3,51,-1,1.5,0.5,-0.5,-,a4Pi
final,29685.155332,0.5,172,3,51,-1,1.5,1.5,0.5,-,a4Pi
final,29725.141617,0.5,173,1,53,-1,0.5,0.5,-0.5,-,X2Pi
final,29814.559604,0.5,174,3,52,-1,1.5,0.5,-0.5,-,a4Pi
final,29893.635205,0.5,175,3,52,-1,1.5,1.5,0.5,-,a4Pi
final,30002.642429,0.5,176,2,15,-1,0.5,0.5,-0.5,-,B2Pi
final,30027.63955,0.5,177,3,53,-1,1.5,0.5,-0.5,-,a4Pi
final,30082.483839,0.5,178,1,54,-1,0.5,0.5,-0.5,-,X2Pi
final,30106.961083,0.5,179,3,53,-1,1.5,1.5,0.5,-,a4Pi
final,30245.473862,0.5,180,3,54,-1,1.5,0.5,-0.5,-,a4Pi
final,30325.027115,0.5,181,3,54,-1,1.5,1.5,0.5,-,a4Pi
final,30431.231025,0.5,182,1,55,-1,0.5,0.5,-0.5,-,X2Pi
final,30455.788643,0.5,183,2,16,-1,0.5,0.5,-0.5,-,B2Pi
final,30467.963731,0.5,184,3,55,-1,1.5,0.5,-0.5,-,a4Pi
final,30547.735226,0.5,185,3,55,-1,1.5,1.5,0.5,-,a4Pi
final,30695.019146,0.5,186,3,56,-1,1.5,0.5,-0.5,-,a4Pi
final,30771.319817,0.5,187,1,56,-1,0.5,0.5,-0.5,-,X2Pi
final,30775.001901,0.5,188,3,56,-1,1.5,1.5,0.5,-,a4Pi
final,30905.418256,0.5,189,2,17,-1,0.5,0.5,-0.5,-,B2Pi
final,30926.558904,0.5,190,3,57,-1,1.5,0.5,-0.5,-,a4Pi
final,31006.803107,0.5,191,3,57,-1,1.5,1.5,0.5,-,a4Pi
final,31102.686633,0.5,192,1,57,-1,0.5,0.5,-0.5,-,X2Pi
final,31162.702408,0.5,193,3,58,-1,1.5,0.5,-0.5,-,a4Pi
final,31244.657356,0.5,194,3,58,-1,1.5,1.5,0.5,-,a4Pi
final,31351.533412,0.5,195,2,18,-1,0.5,0.5,-0.5,-,B2Pi
final,31425.267681,0.5,196,1,58,-1,0.5,0.5,-0.5,-,X2Pi
final,31738.998964,0.5,197,1,59,-1,0.5,0.5,-0.5,-,X2Pi
final,31794.136244,0.5,198,2,19,-1,0.5,0.5,-0.5,-,B2Pi
final,32043.816301,0.5,199,1,60,-1,0.5,0.5,-0.5,-,X2Pi
final,32233.228786,0.5,200,2,20,-1,0.5,0.5,-0.5,-,B2Pi
final,32339.655332,0.5,201,1,61,-1,0.5,0.5,-0.5,-,X2Pi
final,32626.451536,0.5,202,1,62,-1,0.5,0.5,-0.5,-,X2Pi
final,32668.81286,0.5,203,2,21,-1,0.5,0.5,-0.5,-,B2Pi
final,32904.14025,0.5,204,1,63,-1,0.5,0.5,-0.5,-,X2Pi
final,33100.890071,0.5,205,2,22,-1,0.5,0.5,-0.5,-,B2Pi
final,33172.656681,0.5,206,1,64,-1,0.5,0.5,-0.5,-,X2Pi
final,33431.93588,0.5,207,1,65,-1,0.5,0.5,-0.5,-,X2Pi
final,33529.462064,0.5,208,2,23,-1,0.5,0.5,-0.5,-,B2Pi
final,33681.912786,0.5,209,1,66,-1,0.5,0.5,-0.5,-,X2Pi
final,33922.522346,0.5,210,1,67,-1,0.5,0.5,-0.5,-,X2Pi
final,33954.530368,0.5,211,2,24,-1,0.5,0.5,-0.5,-,B2Pi
final,34153.699466,0.5,212,1,68,-1,0.5,0.5,-0.5,-,X2Pi
final,34375.378971,0.5,213,1,69,-1,0.5,0.5,-0.5,-,X2Pi
final,34376.096259,0.5,214,2,25,-1,0.5,0.5,-0.5,-,B2Pi
final,34587.495792,0.5,215,1,70,-1,0.5,0.5,-0.5,-,X2Pi
final,34789.984951,0.5,216,1,71,-1,0.5,0.5,-0.5,-,X2Pi
final,34794.160965,0.5,217,2,26,-1,0.5,0.5,-0.5,-,B2Pi
final,34982.781749,0.5,218,1,72,-1,0.5,0.5,-0.5,-,X2Pi
final,35165.822107,0.5,219,1,73,-1,0.5,0.5,-0.5,-,X2Pi
final,35208.725639,0.5,220,2,27,-1,0.5,0.5,-0.5,-,B2Pi
final,35339.047468,0.5,221,1,74,-1,0.5,0.5,-0.5,-,X2Pi
final,35502.478852,0.5,222,1,75,-1,0.5,0.5,-0.5,-,X2Pi
final,35619.791313,0.5,223,2,28,-1,0.5,0.5,-0.5,-,B2Pi
final,35656.847044,0.5,224,1,76,-1,0.5,0.5,-0.5,-,X2Pi
final,35805.927578,0.5,225,1,77,-1,0.5,0.5,-0.5,-,X2Pi
final,35957.878186,0.5,226,1,78,-1,0.5,0.5,-0.5,-,X2Pi
final,36027.358894,0.5,227,2,29,-1,0.5,0.5,-0.5,-,B2Pi
final,36119.634305,0.5,228,1,79,-1,0.5,0.5,-0.5,-,X2Pi
final,36292.955337,0.5,229,1,80,-1,0.5,0.5,-0.5,-,X2Pi
final,36431.429246,0.5,230,2,30,-1,0.5,0.5,-0.5,-,B2Pi
final,36477.194373,0.5,231,1,81,-1,0.5,0.5,-0.5,-,X2Pi
final,36671.926095,0.5,232,1,82,-1,0.5,0.5,-0.5,-,X2Pi
final,0.907925,1.5,1,1,0,1,0.5,-0.5,0.5,+,X2Pi
final,322.210586,1.5,2,1,0,1,0.5,0.5,1.5,+,X2Pi
final,734.560512,1.5,3,1,1,1,0.5,-0.5,0.5,+,X2Pi
final,1055.677555,1.5,4,1,1,1,0.5,0.5,1.5,+,X2Pi
final,1462.306884,1.5,5,1,2,1,0.5,-0.5,0.5,+,X2Pi
final,1783.209904,1.5,6,1,2,1,0.5,0.5,1.5,+,X2Pi
final,2184.109266,1.5,7,1,3,1,0.5,-0.5,0.5,+,X2Pi
final,2504.768089,1.5,8,1,3,1,0.5,0.5,1.5,+,X2Pi
final,2899.929413,1.5,9,1,4,1,0.5,-0.5,0.5,+,X2Pi
final,3220.312036,1.5,10,1,4,1,0.5,0.5,1.5,+,X2Pi
final,3609.728613,1.5,11,1,5,1,0.5,-0.5,0.5,+,X2Pi
final,3929.801152,1.5,12,1,5,1,0.5,0.5,1.5,+,X2Pi
final,4313.467715,1.5,13,1,6,1,0.5,-0.5,0.5,+,X2Pi
final,4633.194317,1.5,14,1,6,1,0.5,0.5,1.5,+,X2Pi
final,5011.107141,1.5,15,1,7,1,0.5,-0.5,0.5,+,X2Pi
final,5330.449872,1.5,16,1,7,1,0.5,0.5,1.5,+,X2Pi
final,5702.606918,1.5,17,1,8,1,0.5,-0.5,0.5,+,X2Pi
final,6021.525613,1.5,18,1,8,1,0.5,0.5,1.5,+,X2Pi
final,6387.926674,1.5,19,1,9,1,0.5,-0.5,0.5,+,X2Pi
final,6706.3788,1.5,20,1,9,1,0.5,0.5,1.5,+,X2Pi
final,7067.025638,1.5,21,1,10,1,0.5,-0.5,0.5,+,X2Pi
final,7384.966163,1.5,22,1,10,1,0.5,0.5,1.5,+,X2Pi
final,7739.862645,1.5,23,1,11,1,0.5,-0.5,0.5,+,X2Pi
final,8057.243916,1.5,24,1,11,1,0.5,0.5,1.5,+,X2Pi
final,8406.396124,1.5,25,1,12,1,0.5,-0.5,0.5,+,X2Pi
final,8723.167765,1.5,26,1,12,1,0.5,0.5,1.5,+,X2Pi
final,9066.5841,1.5,27,1,13,1,0.5,-0.5,0.5,+,X2Pi
final,9382.692924,1.5,28,1,13,1,0.5,0.5,1.5,+,X2Pi
final,9720.384189,1.5,29,1,14,1,0.5,-0.5,0.5,+,X2Pi
final,10035.774121,1.5,30,1,14,1,0.5,0.5,1.5,+,X2Pi
final,10367.753592,1.5,31,1,15,1,0.5,-0.5,0.5,+,X2Pi
final,10682.365611,1.5,32,1,15,1,0.5,0.5,1.5,+,X2Pi
final,11008.649082,1.5,33,1,16,1,0.5,-0.5,0.5,+,X2Pi
final,11322.421194,1.5,34,1,16,1,0.5,0.5,1.5,+,X2Pi
final,11643.026998,1.5,35,1,17,1,0.5,-0.5,0.5,+,X2Pi
final,11955.894223,1.5,36,1,17,1,0.5,0.5,1.5,+,X2Pi
final,12270.843241,1.5,37,1,18,1,0.5,-0.5,0.5,+,X2Pi
final,12582.737621,1.5,38,1,18,1,0.5,0.5,1.5,+,X2Pi
final,12892.053261,1.5,39,1,19,1,0.5,-0.5,0.5,+,X2Pi
final,13202.903884,1.5,40,1,19,1,0.5,0.5,1.5,+,X2Pi
final,13506.612043,1.5,41,1,20,1,0.5,-0.5,0.5,+,X2Pi
final,13816.345109,1.5,42,1,20,1,0.5,0.5,1.5,+,X2Pi
final,14114.474056,1.5,43,1,21,1,0.5,-0.5,0.5,+,X2Pi
final,14423.013045,1.5,44,1,21,1,0.5,0.5,1.5,+,X2Pi
final,14715.593229,1.5,45,1,22,1,0.5,-0.5,0.5,+,X2Pi
final,15022.859115,1.5,46,1,22,1,0.5,0.5,1.5,+,X2Pi
final,15309.922984,1.5,47,1,23,1,0.5,-0.5,0.5,+,X2Pi
final,15615.834388,1.5,48,1,23,1,0.5,0.5,1.5,+,X2Pi
final,15897.416193,1.5,49,1,24,1,0.5,-0.5,0.5,+,X2Pi
final,16093.0545,1.5,50,3,0,1,1.5,0.5,1.5,+,a4Pi
final,16194.547561,1.5,51,3,0,1,1.5,-0.5,0.5,+,a4Pi
final,16201.889625,1.5,52,1,24,1,0.5,0.5,1.5,+,X2Pi
final,16295.165335,1.5,53,3,0,1,1.5,-1.5,-0.5,+,a4Pi
final,16478.025118,1.5,54,1,25,1,0.5,-0.5,0.5,+,X2Pi
final,16543.489639,1.5,55,3,1,1,1.5,0.5,1.5,+,a4Pi
final,16645.060772,1.5,56,3,1,1,1.5,-0.5,0.5,+,a4Pi
final,16745.762984,1.5,57,3,1,1,1.5,-1.5,-0.5,+,a4Pi
final,16780.97534,1.5,58,1,25,1,0.5,0.5,1.5,+,X2Pi
final,16988.373619,1.5,59,3,2,1,1.5,0.5,1.5,+,a4Pi
final,17051.701418,1.5,60,1,26,1,0.5,-0.5,0.5,+,X2Pi
final,17090.018165,1.5,61,3,2,1,1.5,-0.5,0.5,+,a4Pi
final,17190.800231,1.5,62,3,2,1,1.5,-1.5,-0.5,+,a4Pi
final,17353.041791,1.5,63,1,26,1,0.5,0.5,1.5,+,X2Pi
final,17427.622342,1.5,64,3,3,1,1.5,0.5,1.5,+,a4Pi
final,17529.33493,1.5,65,3,3,1,1.5,-0.5,0.5,+,a4Pi
final,17618.396126,1.5,66,1,27,1,0.5,-0.5,0.5,+,X2Pi
final,17630.191561,1.5,67,3,3,1,1.5,-1.5,-0.5,+,a4Pi
final,17861.145067,1.5,68,3,4,1,1.5,0.5,1.5,+,a4Pi
final,17918.039004,1.5,69,1,27,1,0.5,0.5,1.5,+,X2Pi
final,17962.919474,1.5,70,3,4,1,1.5,-0.5,0.5,+,a4Pi
final,18063.844539,1.5,71,3,4,1,1.5,-1.5,-0.5,+,a4Pi
final,18178.059611,1.5,72,1,28,1,0.5,-0.5,0.5,+,X2Pi
final,18288.843812,1.5,73,3,5,1,1.5,0.5,1.5,+,a4Pi
final,18390.672785,1.5,74,3,5,1,1.5,-0.5,0.5,+,a4Pi
final,18475.916817,1.5,75,1,28,1,0.5,0.5,1.5,+,X2Pi
final,18491.659132,1.5,76,3,5,1,1.5,-1.5,-0.5,+,a4Pi
final,18710.612339,1.5,77,3,6,1,1.5,0.5,1.5,+,a4Pi
final,18730.641575,1.5,78,1,29,1,0.5,-0.5,0.5,+,X2Pi
final,18812.487492,1.5,79,3,6,1,1.5,-0.5,0.5,+,a4Pi
final,18913.52684,1.5,80,3,6,1,1.5,-1.5,-0.5,+,a4Pi
final,19026.624875,1.5,81,1,29,1,0.5,0.5,1.5,+,X2Pi
final,19126.335076,1.5,82,3,7,1,1.5,0.5,1.5,+,a4Pi
final,19228.246655,1.5,83,3,7,1,1.5,-0.5,0.5,+,a4Pi
final,19276.091026,1.5,84,1,30,1,0.5,-0.5,0.5,+,X2Pi
final,19329.329369,1.5,85,3,7,1,1.5,-1.5,-0.5,+,a4Pi
final,19535.886076,1.5,86,3,8,1,1.5,0.5,1.5,+,a4Pi
final,19570.112664,1.5,87,1,30,1,0.5,0.5,1.5,+,X2Pi
final,19637.822746,1.5,88,3,8,1,1.5,-0.5,0.5,+,a4Pi
final,19738.937615,1.5,89,3,8,1,1.5,-1.5,-0.5,+,a4Pi
final,19814.356272,1.5,90,1,31,1,0.5,-0.5,0.5,+,X2Pi
final,19939.127823,1.5,91,3,9,1,1.5,0.5,1.5,+,a4Pi
final,20041.076406,1.5,92,3,9,1,1.5,-0.5,0.5,+,a4Pi
final,20106.32951,1.5,93,1,31,1,0.5,0.5,1.5,+,X2Pi
final,20142.210388,1.5,94,3,9,1,1.5,-1.5,-0.5,+,a4Pi
final,20335.909612,1.5,95,3,10,1,1.5,0.5,1.5,+,a4Pi
final,20345.384909,1.5,96,1,32,1,0.5,-0.5,0.5,+,X2Pi
final,20437.854805,1.5,97,3,10,1,1.5,-0.5,0.5,+,a4Pi
final,20538.992739,1.5,98,3,10,1,1.5,-1.5,-0.5,+,a4Pi
final,20635.224593,1.5,99,1,32,1,0.5,0.5,1.5,+,X2Pi
final,20726.065844,1.5,100,3,11,1,1.5,0.5,1.5,+,a4Pi
final,20827.989825,1.5,101,3,11,1,1.5,-0.5,0.5,+,a4Pi
final,20869.123827,1.5,102,1,33,1,0.5,-0.5,0.5,+,X2Pi
final,20929.114038,1.5,103,3,11,1,1.5,-1.5,-0.5,+,a4Pi
final,21109.414027,1.5,104,3,12,1,1.5,0.5,1.5,+,a4Pi
final,21156.74694,1.5,105,1,33,1,0.5,0.5,1.5,+,X2Pi
final,21211.295958,1.5,106,3,12,1,1.5,-0.5,0.5,+,a4Pi
final,21312.385766,1.5,107,3,12,1,1.5,-1.5,-0.5,+,a4Pi
final,21385.519213,1.5,108,1,34,1,0.5,-0.5,0.5,+,X2Pi
final,21485.75254,1.5,109,3,13,1,1.5,0.5,1.5,+,a4Pi
final,21587.568053,1.5,110,3,13,1,1.5,-0.5,0.5,+,a4Pi
final,21670.845418,1.5,111,1,34,1,0.5,0.5,1.5,+,X2Pi
final,21688.599241,1.5,112,3,13,1,1.5,-1.5,-0.5,+,a4Pi
final,21854.857918,1.5,113,3,14,1,1.5,0.5,1.5,+,a4Pi
final,21894.516557,1.5,114,1,35,1,0.5,-0.5,0.5,+,X2Pi
final,21956.578489,1.5,115,3,14,1,1.5,-0.5,0.5,+,a4Pi
final,22057.522681,1.5,116,3,14,1,1.5,-1.5,-0.5,+,a4Pi
final,22177.468725,1.5,117,1,35,1,0.5,0.5,1.5,+,X2Pi
final,22216.481724,1.5,118,3,15,1,1.5,0.5,1.5,+,a4Pi
final,22318.073833,1.5,119,3,15,1,1.5,-0.5,0.5,+,a4Pi
final,22396.060664,1.5,120,1,36,1,0.5,-0.5,0.5,+,X2Pi
final,22418.897637,1.5,121,3,15,1,1.5,-1.5,-0.5,+,a4Pi
final,22570.346946,1.5,122,3,16,1,1.5,0.5,1.5,+,a4Pi
final,22671.771212,1.5,123,3,16,1,1.5,-0.5,0.5,+,a4Pi
final,22676.565379,1.5,124,1,36,1,0.5,0.5,1.5,+,X2Pi
final,22772.435339,1.5,125,3,16,1,1.5,-1.5,-0.5,+,a4Pi
final,22782.802526,1.5,126,2,0,1,0.5,-0.5,0.5,+,B2Pi
final,22875.695534,1.5,127,2,0,1,0.5,0.5,1.5,+,B2Pi
final,22890.095671,1.5,128,1,37,1,0.5,-0.5,0.5,+,X2Pi
final,22916.143841,1.5,129,3,17,1,1.5,0.5,1.5,+,a4Pi
final,23017.353831,1.5,130,3,17,1,1.5,-0.5,0.5,+,a4Pi
final,23117.811883,1.5,131,3,17,1,1.5,-1.5,-0.5,+,a4Pi
final,23168.083696,1.5,132,1,37,1,0.5,0.5,1.5,+,X2Pi
final,23253.525013,1.5,133,3,18,1,1.5,0.5,1.5,+,a4Pi
final,23288.91733,1.5,134,2,1,1,0.5,-0.5,0.5,+,B2Pi
final,23354.465786,1.5,135,3,18,1,1.5,-0.5,0.5,+,a4Pi
final,23376.565081,1.5,136,1,38,1,0.5,-0.5,0.5,+,X2Pi
final,23383.668153,1.5,137,2,1,1,0.5,0.5,1.5,+,B2Pi
final,23454.662758,1.5,138,3,18,1,1.5,-1.5,-0.5,+,a4Pi
final,23582.099591,1.5,139,3,19,1,1.5,0.5,1.5,+,a4Pi
final,23651.971747,1.5,140,1,38,1,0.5,0.5,1.5,+,X2Pi
final,23682.705948,1.5,141,3,19,1,1.5,-0.5,0.5,+,a4Pi
final,23782.576433,1.5,142,3,19,1,1.5,-1.5,-0.5,+,a4Pi
final,23791.493122,1.5,143,2,2,1,0.5,-0.5,0.5,+,B2Pi
final,23855.411804,1.5,144,1,39,1,0.5,-0.5,0.5,+,X2Pi
final,23888.167969,1.5,145,2,2,1,0.5,0.5,1.5,+,B2Pi
final,23901.426527,1.5,146,3,20,1,1.5,0.5,1.5,+,a4Pi
final,24001.620966,1.5,147,3,20,1,1.5,-0.5,0.5,+,a4Pi
final,24101.087025,1.5,148,3,20,1,1.5,-1.5,-0.5,+,a4Pi
final,24128.177323,1.5,149,1,39,1,0.5,0.5,1.5,+,X2Pi
final,24211.006829,1.5,150,3,21,1,1.5,0.5,1.5,+,a4Pi
final,24290.529883,1.5,151,2,3,1,0.5,-0.5,0.5,+,B2Pi
final,24310.69683,1.5,152,3,21,1,1.5,-0.5,0.5,+,a4Pi
final,24326.578171,1.5,153,1,40,1,0.5,-0.5,0.5,+,X2Pi
final,24389.195011,1.5,154,2,3,1,0.5,0.5,1.5,+,B2Pi
final,24409.665167,1.5,155,3,21,1,1.5,-1.5,-0.5,+,a4Pi
final,24510.274571,1.5,156,3,22,1,1.5,0.5,1.5,+,a4Pi
final,24596.647917,1.5,157,1,40,1,0.5,0.5,1.5,+,X2Pi
final,24609.349394,1.5,158,3,22,1,1.5,-0.5,0.5,+,a4Pi
final,24707.707993,1.5,159,3,22,1,1.5,-1.5,-0.5,+,a4Pi
final,24786.027981,1.5,160,2,4,1,0.5,-0.5,0.5,+,B2Pi
final,24790.005951,1.5,161,1,41,1,0.5,-0.5,0.5,+,X2Pi
final,24798.586492,1.5,162,3,23,1,1.5,0.5,1.5,+,a4Pi
final,24886.748908,1.5,163,2,4,1,0.5,0.5,1.5,+,B2Pi
final,24896.913087,1.5,164,3,23,1,1.5,-0.5,0.5,+,a4Pi
final,24994.526881,1.5,165,3,23,1,1.5,-1.5,-0.5,+,a4Pi
final,25057.330696,1.5,166,1,41,1,0.5,0.5,1.5,+,X2Pi
final,25075.210549,1.5,167,3,24,1,1.5,0.5,1.5,+,a4Pi
final,25172.628425,1.5,168,3,24,1,1.5,-0.5,0.5,+,a4Pi
final,25245.63642,1.5,169,1,42,1,0.5,-0.5,0.5,+,X2Pi
final,25269.333823,1.5,170,3,24,1,1.5,-1.5,-0.5,+,a4Pi
final,25277.988172,1.5,171,2,5,1,0.5,-0.5,0.5,+,B2Pi
final,25339.313413,1.5,172,3,25,1,1.5,0.5,1.5,+,a4Pi
final,25380.828951,1.5,173,2,5,1,0.5,0.5,1.5,+,B2Pi
final,25435.628475,1.5,174,3,25,1,1.5,-0.5,0.5,+,a4Pi
final,25510.17244,1.5,175,1,42,1,0.5,0.5,1.5,+,X2Pi
final,25531.226735,1.5,176,3,25,1,1.5,-1.5,-0.5,+,a4Pi
final,25589.947827,1.5,177,3,26,1,1.5,0.5,1.5,+,a4Pi
final,25684.925023,1.5,178,3,26,1,1.5,-0.5,0.5,+,a4Pi
final,25693.410381,1.5,179,1,43,1,0.5,-0.5,0.5,+,X2Pi
final,25766.411197,1.5,180,2,6,1,0.5,-0.5,0.5,+,B2Pi
final,25779.174221,1.5,181,3,26,1,1.5,-1.5,-0.5,+,a4Pi
final,25826.041844,1.5,182,3,27,1,1.5,0.5,1.5,+,a4Pi
final,25871.434425,1.5,183,2,6,1,0.5,0.5,1.5,+,B2Pi
final,25919.396062,1.5,184,3,27,1,1.5,-0.5,0.5,+,a4Pi
final,25955.119516,1.5,185,1,43,1,0.5,0.5,1.5,+,X2Pi
final,26012.001046,1.5,186,3,27,1,1.5,-1.5,-0.5,+,a4Pi
final,26046.393406,1.5,187,3,28,1,1.5,0.5,1.5,+,a4Pi
final,26133.268171,1.5,188,1,44,1,0.5,-0.5,0.5,+,X2Pi
final,26137.77946,1.5,189,3,28,1,1.5,-0.5,0.5,+,a4Pi
final,26228.380693,1.5,190,3,28,1,1.5,-1.5,-0.5,+,a4Pi
final,26249.677022,1.5,191,3,29,1,1.5,0.5,1.5,+,a4Pi
final,26251.298173,1.5,192,2,7,1,0.5,-0.5,0.5,+,B2Pi
final,26338.679937,1.5,193,3,29,1,1.5,-0.5,0.5,+,a4Pi
final,26358.564252,1.5,194,2,7,1,0.5,0.5,1.5,+,B2Pi
final,26392.117871,1.5,195,1,44,1,0.5,0.5,1.5,+,X2Pi
final,26426.842419,1.5,196,3,29,1,1.5,-1.5,-0.5,+,a4Pi
final,26434.475901,1.5,197,3,30,1,1.5,0.5,1.5,+,a4Pi
final,26520.604664,1.5,198,3,30,1,1.5,-0.5,0.5,+,a4Pi
final,26565.149707,1.5,199,1,45,1,0.5,-0.5,0.5,+,X2Pi
final,26599.361767,1.5,200,3,31,1,1.5,0.5,1.5,+,a4Pi
final,26605.810805,1.5,201,3,30,1,1.5,-1.5,-0.5,+,a4Pi
final,26682.054757,1.5,202,3,31,1,1.5,-0.5,0.5,+,a4Pi
final,26732.65052,1.5,203,2,8,1,0.5,-0.5,0.5,+,B2Pi
final,26743.056047,1.5,204,3,32,1,1.5,0.5,1.5,+,a4Pi
final,26763.710856,1.5,205,3,31,1,1.5,-1.5,-0.5,+,a4Pi
final,26821.112986,1.5,206,1,45,1,0.5,0.5,1.5,+,X2Pi
final,26821.713453,1.5,207,3,32,1,1.5,-0.5,0.5,+,a4Pi
final,26842.217067,1.5,208,2,8,1,0.5,0.5,1.5,+,B2Pi
final,26864.718838,1.5,209,3,33,1,1.5,0.5,1.5,+,a4Pi
final,26899.189101,1.5,210,3,32,1,1.5,-1.5,-0.5,+,a4Pi
final,26938.795756,1.5,211,3,33,1,1.5,-0.5,0.5,+,a4Pi
final,26964.744908,1.5,212,3,34,1,1.5,0.5,1.5,+,a4Pi
final,26988.994524,1.5,213,1,46,1,0.5,-0.5,0.5,+,X2Pi
final,27011.546838,1.5,214,3,33,1,1.5,-1.5,-0.5,+,a4Pi
final,27034.249969,1.5,215,3,34,1,1.5,-0.5,0.5,+,a4Pi
final,27049.851251,1.5,216,3,35,1,1.5,0.5,1.5,+,a4Pi
final,27102.583578,1.5,217,3,34,1,1.5,-1.5,-0.5,+,a4Pi
final,27117.416339,1.5,218,3,35,1,1.5,-0.5,0.5,+,a4Pi
final,27137.906623,1.5,219,3,36,1,1.5,0.5,1.5,+,a4Pi
final,27184.615678,1.5,220,3,35,1,1.5,-1.5,-0.5,+,a4Pi
final,27206.885531,1.5,221,3,36,1,1.5,-0.5,0.5,+,a4Pi
final,27210.469696,1.5,222,2,9,1,0.5,-0.5,0.5,+,B2Pi
final,27239.055246,1.5,223,3,37,1,1.5,0.5,1.5,+,a4Pi
final,27242.049837,1.5,224,1,46,1,0.5,0.5,1.5,+,X2Pi
final,27275.7745,1.5,225,3,36,1,1.5,-1.5,-0.5,+,a4Pi
final,27309.820406,1.5,226,3,37,1,1.5,-0.5,0.5,+,a4Pi
final,27322.391464,1.5,227,2,9,1,0.5,0.5,1.5,+,B2Pi
final,27352.598466,1.5,228,3,38,1,1.5,0.5,1.5,+,a4Pi
final,27380.414927,1.5,229,3,37,1,1.5,-1.5,-0.5,+,a4Pi
final,27404.741795,1.5,230,1,47,1,0.5,-0.5,0.5,+,X2Pi
final,27424.758079,1.5,231,3,38,1,1.5,-0.5,0.5,+,a4Pi
final,27476.667572,1.5,232,3,39,1,1.5,0.5,1.5,+,a4Pi
final,27496.67131,1.5,233,3,38,1,1.5,-1.5,-0.5,+,a4Pi
final,27549.931516,1.5,234,3,39,1,1.5,-0.5,0.5,+,a4Pi
final,27609.966756,1.5,235,3,40,1,1.5,0.5,1.5,+,a4Pi
final,27622.897103,1.5,236,3,39,1,1.5,-1.5,-0.5,+,a4Pi
final,27654.87288,1.5,237,1,47,1,0.5,0.5,1.5,+,X2Pi
final,27684.140353,1.5,238,3,40,1,1.5,-0.5,0.5,+,a4Pi
final,27684.757466,1.5,239,2,10,1,0.5,-0.5,0.5,+,B2Pi
final,27751.590834,1.5,240,3,41,1,1.5,0.5,1.5,+,a4Pi
final,27757.978007,1.5,241,3,40,1,1.5,-1.5,-0.5,+,a4Pi
final,27799.085735,1.5,242,2,10,1,0.5,0.5,1.5,+,B2Pi
final,27812.330341,1.5,243,1,48,1,0.5,-0.5,0.5,+,X2Pi
final,27826.535917,1.5,244,3,41,1,1.5,-0.5,0.5,+,a4Pi
final,27900.871604,1.5,245,3,42,1,1.5,0.5,1.5,+,a4Pi
final,27901.116398,1.5,246,3,41,1,1.5,-1.5,-0.5,+,a4Pi
final,27976.485214,1.5,247,3,42,1,1.5,-0.5,0.5,+,a4Pi
final,28051.711316,1.5,248,3,42,1,1.5,-1.5,-0.5,+,a4Pi
final,28057.291074,1.5,249,3,43,1,1.5,0.5,1.5,+,a4Pi
final,28059.526048,1.5,250,1,48,1,0.5,0.5,1.5,+,X2Pi
final,28133.493112,1.5,251,3,43,1,1.5,-0.5,0.5,+,a4Pi
final,28155.515742,1.5,252,2,11,1,0.5,-0.5,0.5,+,B2Pi
final,28209.288735,1.5,253,3,43,1,1.5,-1.5,-0.5,+,a4Pi
final,28211.69866,1.5,254,1,49,1,0.5,-0.5,0.5,+,X2Pi
final,28220.433152,1.5,255,3,44,1,1.5,0.5,1.5,+,a4Pi
final,28272.298024,1.5,256,2,11,1,0.5,0.5,1.5,+,B2Pi
final,28297.159705,1.5,257,3,44,1,1.5,-0.5,0.5,+,a4Pi
final,28373.463869,1.5,258,3,44,1,1.5,-1.5,-0.5,+,a4Pi
final,28389.955945,1.5,259,3,45,1,1.5,0.5,1.5,+,a4Pi
final,28455.952714,1.5,260,1,49,1,0.5,0.5,1.5,+,X2Pi
final,28467.154699,1.5,261,3,45,1,1.5,-0.5,0.5,+,a4Pi
final,28543.91725,1.5,262,3,45,1,1.5,-1.5,-0.5,+,a4Pi
final,28565.571285,1.5,263,3,46,1,1.5,0.5,1.5,+,a4Pi
final,28602.784955,1.5,264,1,50,1,0.5,-0.5,0.5,+,X2Pi
final,28622.746547,1.5,265,2,12,1,0.5,-0.5,0.5,+,B2Pi
final,28643.198596,1.5,266,3,46,1,1.5,-0.5,0.5,+,a4Pi
final,28720.377583,1.5,267,3,46,1,1.5,-1.5,-0.5,+,a4Pi
final,28742.026388,1.5,268,2,12,1,0.5,0.5,1.5,+,B2Pi
final,28747.032856,1.5,269,3,47,1,1.5,0.5,1.5,+,a4Pi
final,28825.051848,1.5,270,3,47,1,1.5,-0.5,0.5,+,a4Pi
final,28844.095681,1.5,271,1,50,1,0.5,0.5,1.5,+,X2Pi
final,28902.611748,1.5,272,3,47,1,1.5,-1.5,-0.5,+,a4Pi
final,28934.127387,1.5,273,3,48,1,1.5,0.5,1.5,+,a4Pi
final,28985.527119,1.5,274,1,51,1,0.5,-0.5,0.5,+,X2Pi
final,29012.506441,1.5,275,3,48,1,1.5,-0.5,0.5,+,a4Pi
final,29086.452047,1.5,276,2,13,1,0.5,-0.5,0.5,+,B2Pi
final,29090.41671,1.5,277,3,48,1,1.5,-1.5,-0.5,+,a4Pi
final,29126.667662,1.5,278,3,49,1,1.5,0.5,1.5,+,a4Pi
final,29205.379404,1.5,279,3,49,1,1.5,-0.5,0.5,+,a4Pi
final,29208.268716,1.5,280,2,13,1,0.5,0.5,1.5,+,B2Pi
final,29223.897198,1.5,281,1,51,1,0.5,0.5,1.5,+,X2Pi
final,29283.613566,1.5,282,3,49,1,1.5,-1.5,-0.5,+,a4Pi
final,29324.487956,1.5,283,3,50,1,1.5,0.5,1.5,+,a4Pi
final,29359.86279,1.5,284,1,52,1,0.5,-0.5,0.5,+,X2Pi
final,29403.508455,1.5,285,3,50,1,1.5,-0.5,0.5,+,a4Pi
final,29482.043334,1.5,286,3,50,1,1.5,-1.5,-0.5,+,a4Pi
final,29527.440439,1.5,287,3,51,1,1.5,0.5,1.5,+,a4Pi
final,29546.634419,1.5,288,2,14,1,0.5,-0.5,0.5,+,B2Pi
final,29595.298912,1.5,289,1,52,1,0.5,0.5,1.5,+,X2Pi
final,29606.748633,1.5,290,3,51,1,1.5,-0.5,0.5,+,a4Pi
final,29671.02288,1.5,291,2,14,1,0.5,0.5,1.5,+,B2Pi
final,29685.563786,1.5,292,3,51,1,1.5,-1.5,-0.5,+,a4Pi
final,29725.729324,1.5,293,1,53,1,0.5,-0.5,0.5,+,X2Pi
final,29735.392046,1.5,294,3,52,1,1.5,0.5,1.5,+,a4Pi
final,29814.96925,1.5,295,3,52,1,1.5,-0.5,0.5,+,a4Pi
final,29894.046551,1.5,296,3,52,1,1.5,-1.5,-0.5,+,a4Pi
final,29948.222448,1.5,297,3,53,1,1.5,0.5,1.5,+,a4Pi
final,29958.241912,1.5,298,1,53,1,0.5,0.5,1.5,+,X2Pi
final,30003.295876,1.5,299,2,15,1,0.5,-0.5,0.5,+,B2Pi
final,30028.051976,1.5,300,3,53,1,1.5,-0.5,0.5,+,a4Pi
final,30083.063836,1.5,301,1,54,1,0.5,-0.5,0.5,+,X2Pi
final,30107.375208,1.5,302,3,53,1,1.5,-1.5,-0.5,+,a4Pi
final,30130.286733,1.5,303,2,15,1,0.5,0.5,1.5,+,B2Pi
final,30165.822052,1.5,304,3,54,1,1.5,0.5,1.5,+,a4Pi
final,30245.88897,1.5,305,3,54,1,1.5,-0.5,0.5,+,a4Pi
final,30312.666689,1.5,306,1,54,1,0.5,0.5,1.5,+,X2Pi
final,30325.44393,1.5,307,3,54,1,1.5,-1.5,-0.5,+,a4Pi
final,30388.090648,1.5,308,3,55,1,1.5,0.5,1.5,+,a4Pi
final,30431.803194,1.5,309,1,55,1,0.5,-0.5,0.5,+,X2Pi
final,30456.438623,1.5,310,2,16,1,0.5,-0.5,0.5,+,B2Pi
final,30468.381421,1.5,311,3,55,1,1.5,-0.5,0.5,+,a4Pi
final,30548.154628,1.5,312,3,55,1,1.5,-1.5,-0.5,+,a4Pi
final,30586.058114,1.5,313,2,16,1,0.5,0.5,1.5,+,B2Pi
final,30614.937365,1.5,314,3,56,1,1.5,0.5,1.5,+,a4Pi
final,30658.513167,1.5,315,1,55,1,0.5,0.5,1.5,+,X2Pi
final,30695.439263,1.5,316,3,56,1,1.5,-0.5,0.5,+,a4Pi
final,30771.884034,1.5,317,1,56,1,0.5,-0.5,0.5,+,X2Pi
final,30775.423604,1.5,318,3,56,1,1.5,-1.5,-0.5,+,a4Pi
final,30846.277241,1.5,319,3,57,1,1.5,0.5,1.5,+,a4Pi
final,30906.064761,1.5,320,2,17,1,0.5,-0.5,0.5,+,B2Pi
final,30926.981167,1.5,321,3,57,1,1.5,-0.5,0.5,+,a4Pi
final,30995.720695,1.5,322,1,56,1,0.5,0.5,1.5,+,X2Pi
final,31007.22639,1.5,323,3,57,1,1.5,-1.5,-0.5,+,a4Pi
final,31038.334958,1.5,324,2,17,1,0.5,0.5,1.5,+,B2Pi
final,31082.218034,1.5,325,3,58,1,1.5,0.5,1.5,+,a4Pi
final,31103.242769,1.5,326,1,57,1,0.5,-0.5,0.5,+,X2Pi
final,31163.135479,1.5,327,3,58,1,1.5,-0.5,0.5,+,a4Pi
final,31245.107387,1.5,328,3,58,1,1.5,-1.5,-0.5,+,a4Pi
final,31324.228061,1.5,329,1,57,1,0.5,0.5,1.5,+,X2Pi
final,31352.176436,1.5,330,2,18,1,0.5,-0.5,0.5,+,B2Pi
final,31425.815601,1.5,331,1,58,1,0.5,-0.5,0.5,+,X2Pi
final,31487.115163,1.5,332,2,18,1,0.5,0.5,1.5,+,B2Pi
final,31643.973499,1.5,333,1,58,1,0.5,0.5,1.5,+,X2Pi
final,31739.538529,1.5,334,1,59,1,0.5,-0.5,0.5,+,X2Pi
final,31794.775779,1.5,335,2,19,1,0.5,-0.5,0.5,+,B2Pi
final,31932.396649,1.5,336,2,19,1,0.5,0.5,1.5,+,B2Pi
final,31954.894706,1.5,337,1,59,1,0.5,0.5,1.5,+,X2Pi
final,32044.347365,1.5,338,1,60,1,0.5,-0.5,0.5,+,X2Pi
final,32233.864826,1.5,339,2,20,1,0.5,-0.5,0.5,+,B2Pi
final,32256.928852,1.5,340,1,60,1,0.5,0.5,1.5,+,X2Pi
final,32340.177744,1.5,341,1,61,1,0.5,-0.5,0.5,+,X2Pi
final,32374.177402,1.5,342,2,20,1,0.5,0.5,1.5,+,B2Pi
final,32550.012604,1.5,343,1,61,1,0.5,0.5,1.5,+,X2Pi
final,32626.965136,1.5,344,1,62,1,0.5,-0.5,0.5,+,X2Pi
final,32669.445397,1.5,345,2,21,1,0.5,-0.5,0.5,+,B2Pi
final,32812.455574,1.5,346,2,21,1,0.5,0.5,1.5,+,B2Pi
final,32834.082144,1.5,347,1,62,1,0.5,0.5,1.5,+,X2Pi
final,32904.644874,1.5,348,1,63,1,0.5,-0.5,0.5,+,X2Pi
final,33101.519099,1.5,349,2,22,1,0.5,-0.5,0.5,+,B2Pi
final,33109.073189,1.5,350,1,63,1,0.5,0.5,1.5,+,X2Pi
final,33173.152153,1.5,351,1,64,1,0.5,-0.5,0.5,+,X2Pi
final,33247.229571,1.5,352,2,22,1,0.5,0.5,1.5,+,B2Pi
final,33374.921037,1.5,353,1,64,1,0.5,0.5,1.5,+,X2Pi
final,33432.422017,1.5,354,1,65,1,0.5,-0.5,0.5,+,X2Pi
final,33530.087574,1.5,355,2,23,1,0.5,-0.5,0.5,+,B2Pi
final,33631.56064,1.5,356,1,65,1,0.5,0.5,1.5,+,X2Pi
final,33678.497798,1.5,357,2,23,1,0.5,0.5,1.5,+,B2Pi
final,33682.389396,1.5,358,1,66,1,0.5,-0.5,0.5,+,X2Pi
final,33878.926588,1.5,359,1,66,1,0.5,0.5,1.5,+,X2Pi
final,33922.989227,1.5,360,1,67,1,0.5,-0.5,0.5,+,X2Pi
final,33955.152355,1.5,361,2,24,1,0.5,-0.5,0.5,+,B2Pi
final,34106.25869,1.5,362,2,24,1,0.5,0.5,1.5,+,B2Pi
final,34116.953083,1.5,363,1,67,1,0.5,0.5,1.5,+,X2Pi
final,34154.156404,1.5,364,1,68,1,0.5,-0.5,0.5,+,X2Pi
final,34345.574098,1.5,365,1,68,1,0.5,0.5,1.5,+,X2Pi
final,34375.825742,1.5,366,1,69,1,0.5,-0.5,0.5,+,X2Pi
final,34376.714715,1.5,367,2,25,1,0.5,-0.5,0.5,+,B2Pi
final,34530.510946,1.5,368,2,25,1,0.5,0.5,1.5,+,B2Pi
final,34564.723447,1.5,369,1,69,1,0.5,0.5,1.5,+,X2Pi
final,34587.932158,1.5,370,1,70,1,0.5,-0.5,0.5,+,X2Pi
final,34774.334723,1.5,371,1,70,1,0.5,0.5,1.5,+,X2Pi
final,34790.410669,1.5,372,1,71,1,0.5,-0.5,0.5,+,X2Pi
final,34794.775881,1.5,373,2,26,1,0.5,-0.5,0.5,+,B2Pi
final,34951.253359,1.5,374,2,26,1,0.5,0.5,1.5,+,B2Pi
final,34974.341477,1.5,375,1,71,1,0.5,0.5,1.5,+,X2Pi
final,34983.196588,1.5,376,1,72,1,0.5,-0.5,0.5,+,X2Pi
final,35164.676745,1.5,377,1,72,1,0.5,0.5,1.5,+,X2Pi
final,35166.2264,1.5,378,1,73,1,0.5,-0.5,0.5,+,X2Pi
final,35209.337009,1.5,379,2,27,1,0.5,-0.5,0.5,+,B2Pi
final,35339.4392,1.5,380,1,74,1,0.5,-0.5,0.5,+,X2Pi
final,35345.277205,1.5,381,1,73,1,0.5,0.5,1.5,+,X2Pi
final,35368.484774,1.5,382,2,27,1,0.5,0.5,1.5,+,B2Pi
final,35502.859104,1.5,383,1,75,1,0.5,-0.5,0.5,+,X2Pi
final,35516.08474,1.5,384,1,74,1,0.5,0.5,1.5,+,X2Pi
final,35620.399129,1.5,385,2,28,1,0.5,-0.5,0.5,+,B2Pi
final,35657.217203,1.5,386,1,76,1,0.5,-0.5,0.5,+,X2Pi
final,35677.182598,1.5,387,1,75,1,0.5,0.5,1.5,+,X2Pi
final,35782.204125,1.5,388,2,28,1,0.5,0.5,1.5,+,B2Pi
final,35806.293887,1.5,389,1,77,1,0.5,-0.5,0.5,+,X2Pi
final,35829.708514,1.5,390,1,76,1,0.5,0.5,1.5,+,X2Pi
final,35958.249762,1.5,391,1,78,1,0.5,-0.5,0.5,+,X2Pi
final,35978.492946,1.5,392,1,77,1,0.5,0.5,1.5,+,X2Pi
final,36027.963148,1.5,393,2,29,1,0.5,-0.5,0.5,+,B2Pi
final,36120.015198,1.5,394,1,79,1,0.5,-0.5,0.5,+,X2Pi
final,36132.067865,1.5,395,1,78,1,0.5,0.5,1.5,+,X2Pi
final,36192.410494,1.5,396,2,29,1,0.5,0.5,1.5,+,B2Pi
final,36293.343539,1.5,397,1,80,1,0.5,-0.5,0.5,+,X2Pi
final,36296.207088,1.5,398,1,79,1,0.5,0.5,1.5,+,X2Pi
final,36432.029931,1.5,399,2,30,1,0.5,-0.5,0.5,+,B2Pi
final,36471.741918,1.5,400,1,80,1,0.5,0.5,1.5,+,X2Pi
final,36477.585541,1.5,401,1,81,1,0.5,-0.5,0.5,+,X2Pi
final,36599.103016,1.5,402,2,30,1,0.5,0.5,1.5,+,B2Pi
final,36657.826891,1.5,403,1,81,1,0.5,0.5,1.5,+,X2Pi
final,36672.302213,1.5,404,1,82,1,0.5,-0.5,0.5,+,X2Pi
final,0.883101,1.5,1,1,0,-1,0.5,0.5,-0.5,-,X2Pi
final,322.210586,1.5,2,1,0,-1,0.5,-0.5,-1.5,-,X2Pi
final,734.535732,1.5,3,1,1,-1,0.5,0.5,-0.5,-,X2Pi
final,1055.677555,1.5,4,1,1,-1,0.5,-0.5,-1.5,-,X2Pi
final,1462.282148,1.5,5,1,2,-1,0.5,0.5,-0.5,-,X2Pi
final,1783.209904,1.5,6,1,2,-1,0.5,-0.5,-1.5,-,X2Pi
final,2184.084573,1.5,7,1,3,-1,0.5,0.5,-0.5,-,X2Pi
final,2504.768089,1.5,8,1,3,-1,0.5,-0.5,-1.5,-,X2Pi
final,2899.904765,1.5,9,1,4,-1,0.5,0.5,-0.5,-,X2Pi
final,3220.312036,1.5,10,1,4,-1,0.5,-0.5,-1.5,-,X2Pi
final,3609.70401,1.5,11,1,5,-1,0.5,0.5,-0.5,-,X2Pi
final,3929.801152,1.5,12,1,5,-1,0.5,-0.5,-1.5,-,X2Pi
final,4313.443156,1.5,13,1,6,-1,0.5,0.5,-0.5,-,X2Pi
final,4633.194317,1.5,14,1,6,-1,0.5,-0.5,-1.5,-,X2Pi
final,5011.082628,1.5,15,1,7,-1,0.5,0.5,-0.5,-,X2Pi
final,5330.449872,1.5,16,1,7,-1,0.5,-0.5,-1.5,-,X2Pi
final,5702.582451,1.5,17,1,8,-1,0.5,0.5,-0.5,-,X2Pi
final,6021.525613,1.5,18,1,8,-1,0.5,-0.5,-1.5,-,X2Pi
final,6387.902254,1.5,19,1,9,-1,0.5,0.5,-0.5,-,X2Pi
final,6706.3788,1.5,20,1,9,-1,0.5,-0.5,-1.5,-,X2Pi
final,7067.001264,1.5,21,1,10,-1,0.5,0.5,-0.5,-,X2Pi
final,7384.966163,1.5,22,1,10,-1,0.5,-0.5,-1.5,-,X2Pi
final,7739.838318,1.5,23,1,11,-1,0.5,0.5,-0.5,-,X2Pi
final,8057.243916,1.5,24,1,11,-1,0.5,-0.5,-1.5,-,X2Pi
final,8406.371844,1.5,25,1,12,-1,0.5,0.5,-0.5,-,X2Pi
final,8723.167765,1.5,26,1,12,-1,0.5,-0.5,-1.5,-,X2Pi
final,9066.559869,1.5,27,1,13,-1,0.5,0.5,-0.5,-,X2Pi
final,9382.692924,1.5,28,1,13,-1,0.5,-0.5,-1.5,-,X2Pi
final,9720.360007,1.5,29,1,14,-1,0.5,0.5,-0.5,-,X2Pi
final,10035.774121,1.5,30,1,14,-1,0.5,-0.5,-1.5,-,X2Pi
final,10367.729459,1.5,31,1,15,-1,0.5,0.5,-0.5,-,X2Pi
final,10682.365611,1.5,32,1,15,-1,0.5,-0.5,-1.5,-,X2Pi
final,11008.624998,1.5,33,1,16,-1,0.5,0.5,-0.5,-,X2Pi
final,11322.421193,1.5,34,1,16,-1,0.5,-0.5,-1.5,-,X2Pi
final,11643.002965,1.5,35,1,17,-1,0.5,0.5,-0.5,-,X2Pi
final,11955.894223,1.5,36,1,17,-1,0.5,-0.5,-1.5,-,X2Pi
final,12270.819258,1.5,37,1,18,-1,0.5,0.5,-0.5,-,X2Pi
final,12582.737621,1.5,38,1,18,-1,0.5,-0.5,-1.5,-,X2Pi
final,12892.029329,1.5,39,1,19,-1,0.5,0.5,-0.5,-,X2Pi
final,13202.903884,1.5,40,1,19,-1,0.5,-0.5,-1.5,-,X2Pi
final,13506.588164,1.5,41,1,20,-1,0.5,0.5,-0.5,-,X2Pi
final,13816.345109,1.5,42,1,20,-1,0.5,-0.5,-1.5,-,X2Pi
final,14114.450229,1.5,43,1,21,-1,0.5,0.5,-0.5,-,X2Pi
final,14423.013045,1.5,44,1,21,-1,0.5,-0.5,-1.5,-,X2Pi
final,14715.569455,1.5,45,1,22,-1,0.5,0.5,-0.5,-,X2Pi
final,15022.859114,1.5,46,1,22,-1,0.5,-0.5,-1.5,-,X2Pi
final,15309.899264,1.5,47,1,23,-1,0.5,0.5,-0.5,-,X2Pi
final,15615.834388,1.5,48,1,23,-1,0.5,-0.5,-1.5,-,X2Pi
final,15897.392528,1.5,49,1,24,-1,0.5,0.5,-0.5,-,X2Pi
final,16093.0545,1.5,50,3,0,-1,1.5,-0.5,-1.5,-,a4Pi
final,16194.547561,1.5,51,3,0,-1,1.5,0.5,-0.5,-,a4Pi
final,16201.889625,1.5,52,1,24,-1,0.5,-0.5,-1.5,-,X2Pi
final,16295.165335,1.5,53,3,0,-1,1.5,1.5,0.5,-,a4Pi
final,16478.001508,1.5,54,1,25,-1,0.5,0.5,-0.5,-,X2Pi
final,16543.489639,1.5,55,3,1,-1,1.5,-0.5,-1.5,-,a4Pi
final,16645.060772,1.5,56,3,1,-1,1.5,0.5,-0.5,-,a4Pi
final,16745.762984,1.5,57,3,1,-1,1.5,1.5,0.5,-,a4Pi
final,16780.97534,1.5,58,1,25,-1,0.5,-0.5,-1.5,-,X2Pi
final,16988.373619,1.5,59,3,2,-1,1.5,-0.5,-1.5,-,a4Pi
final,17051.677864,1.5,60,1,26,-1,0.5,0.5,-0.5,-,X2Pi
final,17090.018165,1.5,61,3,2,-1,1.5,0.5,-0.5,-,a4Pi
final,17190.800231,1.5,62,3,2,-1,1.5,1.5,0.5,-,a4Pi
final,17353.041791,1.5,63,1,26,-1,0.5,-0.5,-1.5,-,X2Pi
final,17427.622342,1.5,64,3,3,-1,1.5,-0.5,-1.5,-,a4Pi
final,17529.33493,1.5,65,3,3,-1,1.5,0.5,-0.5,-,a4Pi
final,17618.372629,1.5,66,1,27,-1,0.5,0.5,-0.5,-,X2Pi
final,17630.191561,1.5,67,3,3,-1,1.5,1.5,0.5,-,a4Pi
final,17861.145067,1.5,68,3,4,-1,1.5,-0.5,-1.5,-,a4Pi
final,17918.039004,1.5,69,1,27,-1,0.5,-0.5,-1.5,-,X2Pi
final,17962.919474,1.5,70,3,4,-1,1.5,0.5,-0.5,-,a4Pi
final,18063.844539,1.5,71,3,4,-1,1.5,1.5,0.5,-,a4Pi
final,18178.036171,1.5,72,1,28,-1,0.5,0.5,-0.5,-,X2Pi
final,18288.843812,1.5,73,3,5,-1,1.5,-0.5,-1.5,-,a4Pi
final,18390.672785,1.5,74,3,5,-1,1.5,0.5,-0.5,-,a4Pi
final,18475.916817,1.5,75,1,28,-1,0.5,-0.5,-1.5,-,X2Pi
final,18491.659132,1.5,76,3,5,-1,1.5,1.5,0.5,-,a4Pi
final,18710.612339,1.5,77,3,6,-1,1.5,-0.5,-1.5,-,a4Pi
final,18730.618194,1.5,78,1,29,-1,0.5,0.5,-0.5,-,X2Pi
final,18812.487492,1.5,79,3,6,-1,1.5,0.5,-0.5,-,a4Pi
final,18913.52684,1.5,80,3,6,-1,1.5,1.5,0.5,-,a4Pi
final,19026.624875,1.5,81,1,29,-1,0.5,-0.5,-1.5,-,X2Pi
final,19126.335076,1.5,82,3,7,-1,1.5,-0.5,-1.5,-,a4Pi
final,19228.246655,1.5,83,3,7,-1,1.5,0.5,-0.5,-,a4Pi
final,19276.067704,1.5,84,1,30,-1,0.5,0.5,-0.5,-,X2Pi
final,19329.329369,1.5,85,3,7,-1,1.5,1.5,0.5,-,a4Pi
final,19535.886076,1.5,86,3,8,-1,1.5,-0.5,-1.5,-,a4Pi
final,19570.112664,1.5,87,1,30,-1,0.5,-0.5,-1.5,-,X2Pi
final,19637.822746,1.5,88,3,8,-1,1.5,0.5,-0.5,-,a4Pi
final,19738.937615,1.5,89,3,8,-1,1.5,1.5,0.5,-,a4Pi
final,19814.33301,1.5,90,1,31,-1,0.5,0.5,-0.5,-,X2Pi
final,19939.127823,1.5,91,3,9,-1,1.5,-0.5,-1.5,-,a4Pi
final,20041.076406,1.5,92,3,9,-1,1.5,0.5,-0.5,-,a4Pi
final,20106.32951,1.5,93,1,31,-1,0.5,-0.5,-1.5,-,X2Pi
final,20142.210388,1.5,94,3,9,-1,1.5,1.5,0.5,-,a4Pi
final,20335.909612,1.5,95,3,10,-1,1.5,-0.5,-1.5,-,a4Pi
final,20345.361708,1.5,96,1,32,-1,0.5,0.5,-0.5,-,X2Pi
final,20437.854805,1.5,97,3,10,-1,1.5,0.5,-0.5,-,a4Pi
final,20538.992739,1.5,98,3,10,-1,1.5,1.5,0.5,-,a4Pi
final,20635.224593,1.5,99,1,32,-1,0.5,-0.5,-1.5,-,X2Pi
final,20726.065844,1.5,100,3,11,-1,1.5,-0.5,-1.5,-,a4Pi
final,20827.989825,1.5,101,3,11,-1,1.5,0.5,-0.5,-,a4Pi
final,20869.100688,1.5,102,1,33,-1,0.5,0.5,-0.5,-,X2Pi
final,20929.114038,1.5,103,3,11,-1,1.5,1.5,0.5,-,a4Pi
final,21109.414027,1.5,104,3,12,-1,1.5,-0.5,-1.5,-,a4Pi
final,21156.74694,1.5,105,1,33,-1,0.5,-0.5,-1.5,-,X2Pi
final,21211.295958,1.5,106,3,12,-1,1.5,0.5,-0.5,-,a4Pi
final,21312.385766,1.5,107,3,12,-1,1.5,1.5,0.5,-,a4Pi
final,21385.496137,1.5,108,1,34,-1,0.5,0.5,-0.5,-,X2Pi
final,21485.75254,1.5,109,3,13,-1,1.5,-0.5,-1.5,-,a4Pi
final,21587.568053,1.5,110,3,13,-1,1.5,0.5,-0.5,-,a4Pi
final,21670.845418,1.5,111,1,34,-1,0.5,-0.5,-1.5,-,X2Pi
final,21688.599241,1.5,112,3,13,-1,1.5,1.5,0.5,-,a4Pi
final,21854.857918,1.5,113,3,14,-1,1.5,-0.5,-1.5,-,a4Pi
final,21894.493545,1.5,114,1,35,-1,0.5,0.5,-0.5,-,X2Pi
final,21956.578489,1.5,115,3,14,-1,1.5,0.5,-0.5,-,a4Pi
final,22057.522681,1.5,116,3,14,-1,1.5,1.5,0.5,-,a4Pi
final,22177.468725,1.5,117,1,35,-1,0.5,-0.5,-1.5,-,X2Pi
final,22216.481724,1.5,118,3,15,-1,1.5,-0.5,-1.5,-,a4Pi
final,22318.073833,1.5,119,3,15,-1,1.5,0.5,-0.5,-,a4Pi
final,22396.037717,1.5,120,1,36,-1,0.5,0.5,-0.5,-,X2Pi
final,22418.897637,1.5,121,3,15,-1,1.5,1.5,0.5,-,a4Pi
final,22570.346946,1.5,122,3,16,-1,1.5,-0.5,-1.5,-,a4Pi
final,22671.771212,1.5,123,3,16,-1,1.5,0.5,-0.5,-,a4Pi
final,22676.565379,1.5,124,1,36,-1,0.5,-0.5,-1.5,-,X2Pi
final,22772.435339,1.5,125,3,16,-1,1.5,1.5,0.5,-,a4Pi
final,22782.802526,1.5,126,2,0,-1,0.5,0.5,-0.5,-,B2Pi
final,22875.695534,1.5,127,2,0,-1,0.5,-0.5,-1.5,-,B2Pi
final,22890.072789,1.5,128,1,37,-1,0.5,0.5,-0.5,-,X2Pi
final,22916.143841,1.5,129,3,17,-1,1.5,-0.5,-1.5,-,a4Pi
final,23017.353831,1.5,130,3,17,-1,1.5,0.5,-0.5,-,a4Pi
final,23117.811883,1.5,131,3,17,-1,1.5,1.5,0.5,-,a4Pi
final,23168.083696,1.5,132,1,37,-1,0.5,-0.5,-1.5,-,X2Pi
final,23253.525013,1.5,133,3,18,-1,1.5,-0.5,-1.5,-,a4Pi
final,23288.91733,1.5,134,2,1,-1,0.5,0.5,-0.5,-,B2Pi
final,23354.465786,1.5,135,3,18,-1,1.5,0.5,-0.5,-,a4Pi
final,23376.542267,1.5,136,1,38,-1,0.5,0.5,-0.5,-,X2Pi
final,23383.668153,1.5,137,2,1,-1,0.5,-0.5,-1.5,-,B2Pi
final,23454.662758,1.5,138,3,18,-1,1.5,1.5,0.5,-,a4Pi
final,23582.099591,1.5,139,3,19,-1,1.5,-0.5,-1.5,-,a4Pi
final,23651.971747,1.5,140,1,38,-1,0.5,-0.5,-1.5,-,X2Pi
final,23682.705948,1.5,141,3,19,-1,1.5,0.5,-0.5,-,a4Pi
final,23782.576433,1.5,142,3,19,-1,1.5,1.5,0.5,-,a4Pi
final,23791.493122,1.5,143,2,2,-1,0.5,0.5,-0.5,-,B2Pi
final,23855.389058,1.5,144,1,39,-1,0.5,0.5,-0.5,-,X2Pi
final,23888.167969,1.5,145,2,2,-1,0.5,-0.5,-1.5,-,B2Pi
final,23901.426527,1.5,146,3,20,-1,1.5,-0.5,-1.5,-,a4Pi
final,24001.620966,1.5,147,3,20,-1,1.5,0.5,-0.5,-,a4Pi
final,24101.087025,1.5,148,3,20,-1,1.5,1.5,0.5,-,a4Pi
final,24128.177323,1.5,149,1,39,-1,0.5,-0.5,-1.5,-,X2Pi
final,24211.006829,1.5,150,3,21,-1,1.5,-0.5,-1.5,-,a4Pi
final,24290.529883,1.5,151,2,3,-1,0.5,0.5,-0.5,-,B2Pi
final,24310.69683,1.5,152,3,21,-1,1.5,0.5,-0.5,-,a4Pi
final,24326.555494,1.5,153,1,40,-1,0.5,0.5,-0.5,-,X2Pi
final,24389.195011,1.5,154,2,3,-1,0.5,-0.5,-1.5,-,B2Pi
final,24409.665167,1.5,155,3,21,-1,1.5,1.5,0.5,-,a4Pi
final,24510.274571,1.5,156,3,22,-1,1.5,-0.5,-1.5,-,a4Pi
final,24596.647917,1.5,157,1,40,-1,0.5,-0.5,-1.5,-,X2Pi
final,24609.349394,1.5,158,3,22,-1,1.5,0.5,-0.5,-,a4Pi
final,24707.707993,1.5,159,3,22,-1,1.5,1.5,0.5,-,a4Pi
final,24786.027981,1.5,160,2,4,-1,0.5,0.5,-0.5,-,B2Pi
final,24789.983345,1.5,161,1,41,-1,0.5,0.5,-0.5,-,X2Pi
final,24798.586492,1.5,162,3,23,-1,1.5,-0.5,-1.5,-,a4Pi
final,24886.748908,1.5,163,2,4,-1,0.5,-0.5,-1.5,-,B2Pi
final,24896.913087,1.5,164,3,23,-1,1.5,0.5,-0.5,-,a4Pi
final,24994.526881,1.5,165,3,23,-1,1.5,1.5,0.5,-,a4Pi
final,25057.330696,1.5,166,1,41,-1,0.5,-0.5,-1.5,-,X2Pi
final,25075.210549,1.5,167,3,24,-1,1.5,-0.5,-1.5,-,a4Pi
final,25172.628425,1.5,168,3,24,-1,1.5,0.5,-0.5,-,a4Pi
final,25245.613886,1.5,169,1,42,-1,0.5,0.5,-0.5,-,X2Pi
final,25269.333823,1.5,170,3,24,-1,1.5,1.5,0.5,-,a4Pi
final,25277.988172,1.5,171,2,5,-1,0.5,0.5,-0.5,-,B2Pi
final,25339.313413,1.5,172,3,25,-1,1.5,-0.5,-1.5,-,a4Pi
final,25380.828951,1.5,173,2,5,-1,0.5,-0.5,-1.5,-,B2Pi
final,25435.628475,1.5,174,3,25,-1,1.5,0.5,-0.5,-,a4Pi
final,25510.17244,1.5,175,1,42,-1,0.5,-0.5,-1.5,-,X2Pi
final,25531.226735,1.5,176,3,25,-1,1.5,1.5,0.5,-,a4Pi
final,25589.947827,1.5,177,3,26,-1,1.5,-0.5,-1.5,-,a4Pi
final,25684.925023,1.5,178,3,26,-1,1.5,0.5,-0.5,-,a4Pi
final,25693.38792,1.5,179,1,43,-1,0.5,0.5,-0.5,-,X2Pi
final,25766.411197,1.5,180,2,6,-1,0.5,0.5,-0.5,-,B2Pi
final,25779.174221,1.5,181,3,26,-1,1.5,1.5,0.5,-,a4Pi
final,25826.041844,1.5,182,3,27,-1,1.5,-0.5,-1.5,-,a4Pi
final,25871.434425,1.5,183,2,6,-1,0.5,-0.5,-1.5,-,B2Pi
final,25919.396062,1.5,184,3,27,-1,1.5,0.5,-0.5,-,a4Pi
final,25955.119515,1.5,185,1,43,-1,0.5,-0.5,-1.5,-,X2Pi
final,26012.001046,1.5,186,3,27,-1,1.5,1.5,0.5,-,a4Pi
final,26046.393406,1.5,187,3,28,-1,1.5,-0.5,-1.5,-,a4Pi
final,26133.245785,1.5,188,1,44,-1,0.5,0.5,-0.5,-,X2Pi
final,26137.77946,1.5,189,3,28,-1,1.5,0.5,-0.5,-,a4Pi
final,26228.380693,1.5,190,3,28,-1,1.5,1.5,0.5,-,a4Pi
final,26249.677022,1.5,191,3,29,-1,1.5,-0.5,-1.5,-,a4Pi
final,26251.298173,1.5,192,2,7,-1,0.5,0.5,-0.5,-,B2Pi
final,26338.679937,1.5,193,3,29,-1,1.5,0.5,-0.5,-,a4Pi
final,26358.564252,1.5,194,2,7,-1,0.5,-0.5,-1.5,-,B2Pi
final,26392.117871,1.5,195,1,44,-1,0.5,-0.5,-1.5,-,X2Pi
final,26426.842419,1.5,196,3,29,-1,1.5,1.5,0.5,-,a4Pi
final,26434.475901,1.5,197,3,30,-1,1.5,-0.5,-1.5,-,a4Pi
final,26520.604664,1.5,198,3,30,-1,1.5,0.5,-0.5,-,a4Pi
final,26565.127397,1.5,199,1,45,-1,0.5,0.5,-0.5,-,X2Pi
final,26599.361767,1.5,200,3,31,-1,1.5,-0.5,-1.5,-,a4Pi
final,26605.810805,1.5,201,3,30,-1,1.5,1.5,0.5,-,a4Pi
final,26682.054757,1.5,202,3,31,-1,1.5,0.5,-0.5,-,a4Pi
final,26732.65052,1.5,203,2,8,-1,0.5,0.5,-0.5,-,B2Pi
final,26743.056047,1.5,204,3,32,-1,1.5,-0.5,-1.5,-,a4Pi
final,26763.710856,1.5,205,3,31,-1,1.5,1.5,0.5,-,a4Pi
final,26821.112986,1.5,206,1,45,-1,0.5,-0.5,-1.5,-,X2Pi
final,26821.713453,1.5,207,3,32,-1,1.5,0.5,-0.5,-,a4Pi
final,26842.217067,1.5,208,2,8,-1,0.5,-0.5,-1.5,-,B2Pi
final,26864.718838,1.5,209,3,33,-1,1.5,-0.5,-1.5,-,a4Pi
final,26899.189101,1.5,210,3,32,-1,1.5,1.5,0.5,-,a4Pi
final,26938.795756,1.5,211,3,33,-1,1.5,0.5,-0.5,-,a4Pi
final,26964.744908,1.5,212,3,34,-1,1.5,-0.5,-1.5,-,a4Pi
final,26988.972292,1.5,213,1,46,-1,0.5,0.5,-0.5,-,X2Pi
final,27011.546838,1.5,214,3,33,-1,1.5,1.5,0.5,-,a4Pi
final,27034.249969,1.5,215,3,34,-1,1.5,0.5,-0.5,-,a4Pi
final,27049.851251,1.5,216,3,35,-1,1.5,-0.5,-1.5,-,a4Pi
final,27102.583578,1.5,217,3,34,-1,1.5,1.5,0.5,-,a4Pi
final,27117.416339,1.5,218,3,35,-1,1.5,0.5,-0.5,-,a4Pi
final,27137.906623,1.5,219,3,36,-1,1.5,-0.5,-1.5,-,a4Pi
final,27184.615678,1.5,220,3,35,-1,1.5,1.5,0.5,-,a4Pi
final,27206.885531,1.5,221,3,36,-1,1.5,0.5,-0.5,-,a4Pi
final,27210.469696,1.5,222,2,9,-1,0.5,0.5,-0.5,-,B2Pi
final,27239.055246,1.5,223,3,37,-1,1.5,-0.5,-1.5,-,a4Pi
final,27242.049837,1.5,224,1,46,-1,0.5,-0.5,-1.5,-,X2Pi
final,27275.7745,1.5,225,3,36,-1,1.5,1.5,0.5,-,a4Pi
final,27309.820406,1.5,226,3,37,-1,1.5,0.5,-0.5,-,a4Pi
final,27322.391464,1.5,227,2,9,-1,0.5,-0.5,-1.5,-,B2Pi
final,27352.598466,1.5,228,3,38,-1,1.5,-0.5,-1.5,-,a4Pi
final,27380.414927,1.5,229,3,37,-1,1.5,1.5,0.5,-,a4Pi
final,27404.719643,1.5,230,1,47,-1,0.5,0.5,-0.5,-,X2Pi
final,27424.758079,1.5,231,3,38,-1,1.5,0.5,-0.5,-,a4Pi
final,27476.667572,1.5,232,3,39,-1,1.5,-0.5,-1.5,-,a4Pi
final,27496.67131,1.5,233,3,38,-1,1.5,1.5,0.5,-,a4Pi
final,27549.931516,1.5,234,3,39,-1,1.5,0.5,-0.5,-,a4Pi
final,27609.966756,1.5,235,3,40,-1,1.5,-0.5,-1.5,-,a4Pi
final,27622.897103,1.5,236,3,39,-1,1.5,1.5,0.5,-,a4Pi
final,27654.87288,1.5,237,1,47,-1,0.5,-0.5,-1.5,-,X2Pi
final,27684.140353,1.5,238,3,40,-1,1.5,0.5,-0.5,-,a4Pi
final,27684.757466,1.5,239,2,10,-1,0.5,0.5,-0.5,-,B2Pi
final,27751.590834,1.5,240,3,41,-1,1.5,-0.5,-1.5,-,a4Pi
final,27757.978007,1.5,241,3,40,-1,1.5,1.5,0.5,-,a4Pi
final,27799.085735,1.5,242,2,10,-1,0.5,-0.5,-1.5,-,B2Pi
final,27812.30827,1.5,243,1,48,-1,0.5,0.5,-0.5,-,X2Pi
final,27826.535917,1.5,244,3,41,-1,1.5,0.5,-0.5,-,a4Pi
final,27900.871604,1.5,245,3,42,-1,1.5,-0.5,-1.5,-,a4Pi
final,27901.116398,1.5,246,3,41,-1,1.5,1.5,0.5,-,a4Pi
final,27976.485214,1.5,247,3,42,-1,1.5,0.5,-0.5,-,a4Pi
final,28051.711316,1.5,248,3,42,-1,1.5,1.5,0.5,-,a4Pi
final,28057.291074,1.5,249,3,43,-1,1.5,-0.5,-1.5,-,a4Pi
final,28059.526048,1.5,250,1,48,-1,0.5,-0.5,-1.5,-,X2Pi
final,28133.493112,1.5,251,3,43,-1,1.5,0.5,-0.5,-,a4Pi
final,28155.515742,1.5,252,2,11,-1,0.5,0.5,-0.5,-,B2Pi
final,28209.288735,1.5,253,3,43,-1,1.5,1.5,0.5,-,a4Pi
final,28211.676671,1.5,254,1,49,-1,0.5,0.5,-0.5,-,X2Pi
final,28220.433152,1.5,255,3,44,-1,1.5,-0.5,-1.5,-,a4Pi
final,28272.298024,1.5,256,2,11,-1,0.5,-0.5,-1.5,-,B2Pi
final,28297.159705,1.5,257,3,44,-1,1.5,0.5,-0.5,-,a4Pi
final,28373.463869,1.5,258,3,44,-1,1.5,1.5,0.5,-,a4Pi
final,28389.955945,1.5,259,3,45,-1,1.5,-0.5,-1.5,-,a4Pi
final,28455.952714,1.5,260,1,49,-1,0.5,-0.5,-1.5,-,X2Pi
final,28467.154699,1.5,261,3,45,-1,1.5,0.5,-0.5,-,a4Pi
final,28543.91725,1.5,262,3,45,-1,1.5,1.5,0.5,-,a4Pi
final,28565.571285,1.5,263,3,46,-1,1.5,-0.5,-1.5,-,a4Pi
final,28602.763051,1.5,264,1,50,-1,0.5,0.5,-0.5,-,X2Pi
final,28622.746547,1.5,265,2,12,-1,0.5,0.5,-0.5,-,B2Pi
final,28643.198596,1.5,266,3,46,-1,1.5,0.5,-0.5,-,a4Pi
final,28720.377583,1.5,267,3,46,-1,1.5,1.5,0.5,-,a4Pi
final,28742.026388,1.5,268,2,12,-1,0.5,-0.5,-1.5,-,B2Pi
final,28747.032856,1.5,269,3,47,-1,1.5,-0.5,-1.5,-,a4Pi
final,28825.051848,1.5,270,3,47,-1,1.5,0.5,-0.5,-,a4Pi
final,28844.095681,1.5,271,1,50,-1,0.5,-0.5,-1.5,-,X2Pi
final,28902.611748,1.5,272,3,47,-1,1.5,1.5,0.5,-,a4Pi
final,28934.127387,1.5,273,3,48,-1,1.5,-0.5,-1.5,-,a4Pi
final,28985.505302,1.5,274,1,51,-1,0.5,0.5,-0.5,-,X2Pi
final,29012.506441,1.5,275,3,48,-1,1.5,0.5,-0.5,-,a4Pi
final,29086.452047,1.5,276,2,13,-1,0.5,0.5,-0.5,-,B2Pi
final,29090.41671,1.5,277,3,48,-1,1.5,1.5,0.5,-,a4Pi
final,29126.667662,1.5,278,3,49,-1,1.5,-0.5,-1.5,-,a4Pi
final,29205.379404,1.5,279,3,49,-1,1.5,0.5,-0.5,-,a4Pi
final,29208.268716,1.5,280,2,13,-1,0.5,-0.5,-1.5,-,B2Pi
final,29223.897198,1.5,281,1,51,-1,0.5,-0.5,-1.5,-,X2Pi
final,29283.613566,1.5,282,3,49,-1,1.5,1.5,0.5,-,a4Pi
final,29324.487956,1.5,283,3,50,-1,1.5,-0.5,-1.5,-,a4Pi
final,29359.841061,1.5,284,1,52,-1,0.5,0.5,-0.5,-,X2Pi
final,29403.508455,1.5,285,3,50,-1,1.5,0.5,-0.5,-,a4Pi
final,29482.043334,1.5,286,3,50,-1,1.5,1.5,0.5,-,a4Pi
final,29527.440439,1.5,287,3,51,-1,1.5,-0.5,-1.5,-,a4Pi
final,29546.634419,1.5,288,2,14,-1,0.5,0.5,-0.5,-,B2Pi
final,29595.298912,1.5,289,1,52,-1,0.5,-0.5,-1.5,-,X2Pi
final,29606.748633,1.5,290,3,51,-1,1.5,0.5,-0.5,-,a4Pi
final,29671.02288,1.5,291,2,14,-1,0.5,-0.5,-1.5,-,B2Pi
final,29685.563786,1.5,292,3,51,-1,1.5,1.5,0.5,-,a4Pi
final,29725.707686,1.5,293,1,53,-1,0.5,0.5,-0.5,-,X2Pi
final,29735.392046,1.5,294,3,52,-1,1.5,-0.5,-1.5,-,a4Pi
final,29814.96925,1.5,295,3,52,-1,1.5,0.5,-0.5,-,a4Pi
final,29894.046551,1.5,296,3,52,-1,1.5,1.5,0.5,-,a4Pi
final,29948.222448,1.5,297,3,53,-1,1.5,-0.5,-1.5,-,a4Pi
final,29958.241912,1.5,298,1,53,-1,0.5,-0.5,-1.5,-,X2Pi
final,30003.295876,1.5,299,2,15,-1,0.5,0.5,-0.5,-,B2Pi
final,30028.051976,1.5,300,3,53,-1,1.5,0.5,-0.5,-,a4Pi
final,30083.042291,1.5,301,1,54,-1,0.5,0.5,-0.5,-,X2Pi
final,30107.375208,1.5,302,3,53,-1,1.5,1.5,0.5,-,a4Pi
final,30130.286733,1.5,303,2,15,-1,0.5,-0.5,-1.5,-,B2Pi
final,30165.822052,1.5,304,3,54,-1,1.5,-0.5,-1.5,-,a4Pi
final,30245.88897,1.5,305,3,54,-1,1.5,0.5,-0.5,-,a4Pi
final,30312.666689,1.5,306,1,54,-1,0.5,-0.5,-1.5,-,X2Pi
final,30325.44393,1.5,307,3,54,-1,1.5,1.5,0.5,-,a4Pi
final,30388.090648,1.5,308,3,55,-1,1.5,-0.5,-1.5,-,a4Pi
final,30431.781744,1.5,309,1,55,-1,0.5,0.5,-0.5,-,X2Pi
final,30456.438623,1.5,310,2,16,-1,0.5,0.5,-0.5,-,B2Pi
final,30468.381421,1.5,311,3,55,-1,1.5,0.5,-0.5,-,a4Pi
final,30548.154628,1.5,312,3,55,-1,1.5,1.5,0.5,-,a4Pi
final,30586.058114,1.5,313,2,16,-1,0.5,-0.5,-1.5,-,B2Pi
final,30614.937365,1.5,314,3,56,-1,1.5,-0.5,-1.5,-,a4Pi
final,30658.513167,1.5,315,1,55,-1,0.5,-0.5,-1.5,-,X2Pi
final,30695.439263,1.5,316,3,56,-1,1.5,0.5,-0.5,-,a4Pi
final,30771.862681,1.5,317,1,56,-1,0.5,0.5,-0.5,-,X2Pi
final,30775.423604,1.5,318,3,56,-1,1.5,1.5,0.5,-,a4Pi
final,30846.277241,1.5,319,3,57,-1,1.5,-0.5,-1.5,-,a4Pi
final,30906.064761,1.5,320,2,17,-1,0.5,0.5,-0.5,-,B2Pi
final,30926.981167,1.5,321,3,57,-1,1.5,0.5,-0.5,-,a4Pi
final,30995.720695,1.5,322,1,56,-1,0.5,-0.5,-1.5,-,X2Pi
final,31007.22639,1.5,323,3,57,-1,1.5,1.5,0.5,-,a4Pi
final,31038.334958,1.5,324,2,17,-1,0.5,-0.5,-1.5,-,B2Pi
final,31082.218034,1.5,325,3,58,-1,1.5,-0.5,-1.5,-,a4Pi
final,31103.221516,1.5,326,1,57,-1,0.5,0.5,-0.5,-,X2Pi
final,31163.135479,1.5,327,3,58,-1,1.5,0.5,-0.5,-,a4Pi
final,31245.107387,1.5,328,3,58,-1,1.5,1.5,0.5,-,a4Pi
final,31324.228061,1.5,329,1,57,-1,0.5,-0.5,-1.5,-,X2Pi
final,31352.176436,1.5,330,2,18,-1,0.5,0.5,-0.5,-,B2Pi
final,31425.794451,1.5,331,1,58,-1,0.5,0.5,-0.5,-,X2Pi
final,31487.115163,1.5,332,2,18,-1,0.5,-0.5,-1.5,-,B2Pi
final,31643.973499,1.5,333,1,58,-1,0.5,-0.5,-1.5,-,X2Pi
final,31739.517485,1.5,334,1,59,-1,0.5,0.5,-0.5,-,X2Pi
final,31794.775779,1.5,335,2,19,-1,0.5,0.5,-0.5,-,B2Pi
final,31932.396649,1.5,336,2,19,-1,0.5,-0.5,-1.5,-,B2Pi
final,31954.894706,1.5,337,1,59,-1,0.5,-0.5,-1.5,-,X2Pi
final,32044.326431,1.5,338,1,60,-1,0.5,0.5,-0.5,-,X2Pi
final,32233.864826,1.5,339,2,20,-1,0.5,0.5,-0.5,-,B2Pi
final,32256.928852,1.5,340,1,60,-1,0.5,-0.5,-1.5,-,X2Pi
final,32340.156921,1.5,341,1,61,-1,0.5,0.5,-0.5,-,X2Pi
final,32374.177402,1.5,342,2,20,-1,0.5,-0.5,-1.5,-,B2Pi
final,32550.012604,1.5,343,1,61,-1,0.5,-0.5,-1.5,-,X2Pi
final,32626.944428,1.5,344,1,62,-1,0.5,0.5,-0.5,-,X2Pi
final,32669.445397,1.5,345,2,21,-1,0.5,0.5,-0.5,-,B2Pi
final,32812.455574,1.5,346,2,21,-1,0.5,-0.5,-1.5,-,B2Pi
final,32834.082144,1.5,347,1,62,-1,0.5,-0.5,-1.5,-,X2Pi
final,32904.624285,1.5,348,1,63,-1,0.5,0.5,-0.5,-,X2Pi
final,33101.519099,1.5,349,2,22,-1,0.5,0.5,-0.5,-,B2Pi
final,33109.073189,1.5,350,1,63,-1,0.5,-0.5,-1.5,-,X2Pi
final,33173.131687,1.5,351,1,64,-1,0.5,0.5,-0.5,-,X2Pi
final,33247.229571,1.5,352,2,22,-1,0.5,-0.5,-1.5,-,B2Pi
final,33374.921037,1.5,353,1,64,-1,0.5,-0.5,-1.5,-,X2Pi
final,33432.401678,1.5,354,1,65,-1,0.5,0.5,-0.5,-,X2Pi
final,33530.087574,1.5,355,2,23,-1,0.5,0.5,-0.5,-,B2Pi
final,33631.56064,1.5,356,1,65,-1,0.5,-0.5,-1.5,-,X2Pi
final,33678.497798,1.5,357,2,23,-1,0.5,-0.5,-1.5,-,B2Pi
final,33682.369187,1.5,358,1,66,-1,0.5,0.5,-0.5,-,X2Pi
final,33878.926588,1.5,359,1,66,-1,0.5,-0.5,-1.5,-,X2Pi
final,33922.969154,1.5,360,1,67,-1,0.5,0.5,-0.5,-,X2Pi
final,33955.152355,1.5,361,2,24,-1,0.5,0.5,-0.5,-,B2Pi
final,34106.25869,1.5,362,2,24,-1,0.5,-0.5,-1.5,-,B2Pi
final,34116.953083,1.5,363,1,67,-1,0.5,-0.5,-1.5,-,X2Pi
final,34154.136472,1.5,364,1,68,-1,0.5,0.5,-0.5,-,X2Pi
final,34345.574098,1.5,365,1,68,-1,0.5,-0.5,-1.5,-,X2Pi
final,34375.805956,1.5,366,1,69,-1,0.5,0.5,-0.5,-,X2Pi
final,34376.714715,1.5,367,2,25,-1,0.5,0.5,-0.5,-,B2Pi
final,34530.510946,1.5,368,2,25,-1,0.5,-0.5,-1.5,-,B2Pi
final,34564.723446,1.5,369,1,69,-1,0.5,-0.5,-1.5,-,X2Pi
final,34587.912524,1.5,370,1,70,-1,0.5,0.5,-0.5,-,X2Pi
final,34774.334723,1.5,371,1,70,-1,0.5,-0.5,-1.5,-,X2Pi
final,34790.391193,1.5,372,1,71,-1,0.5,0.5,-0.5,-,X2Pi
final,34794.775881,1.5,373,2,26,-1,0.5,0.5,-0.5,-,B2Pi
final,34951.253359,1.5,374,2,26,-1,0.5,-0.5,-1.5,-,B2Pi
final,34974.341476,1.5,375,1,71,-1,0.5,-0.5,-1.5,-,X2Pi
final,34983.177278,1.5,376,1,72,-1,0.5,0.5,-0.5,-,X2Pi
final,35164.676734,1.5,377,1,72,-1,0.5,-0.5,-1.5,-,X2Pi
final,35166.207273,1.5,378,1,73,-1,0.5,0.5,-0.5,-,X2Pi
final,35209.337009,1.5,379,2,27,-1,0.5,0.5,-0.5,-,B2Pi
final,35339.420244,1.5,380,1,74,-1,0.5,0.5,-0.5,-,X2Pi
final,35345.277204,1.5,381,1,73,-1,0.5,-0.5,-1.5,-,X2Pi
final,35368.484774,1.5,382,2,27,-1,0.5,-0.5,-1.5,-,B2Pi
final,35502.840334,1.5,383,1,75,-1,0.5,0.5,-0.5,-,X2Pi
final,35516.08474,1.5,384,1,74,-1,0.5,-0.5,-1.5,-,X2Pi
final,35620.399129,1.5,385,2,28,-1,0.5,0.5,-0.5,-,B2Pi
final,35657.198602,1.5,386,1,76,-1,0.5,0.5,-0.5,-,X2Pi
final,35677.182598,1.5,387,1,75,-1,0.5,-0.5,-1.5,-,X2Pi
final,35782.204125,1.5,388,2,28,-1,0.5,-0.5,-1.5,-,B2Pi
final,35806.275363,1.5,389,1,77,-1,0.5,0.5,-0.5,-,X2Pi
final,35829.708514,1.5,390,1,76,-1,0.5,-0.5,-1.5,-,X2Pi
final,35958.231176,1.5,391,1,78,-1,0.5,0.5,-0.5,-,X2Pi
final,35978.492946,1.5,392,1,77,-1,0.5,-0.5,-1.5,-,X2Pi
final,36027.963148,1.5,393,2,29,-1,0.5,0.5,-0.5,-,B2Pi
final,36119.996482,1.5,394,1,79,-1,0.5,0.5,-0.5,-,X2Pi
final,36132.067865,1.5,395,1,78,-1,0.5,-0.5,-1.5,-,X2Pi
final,36192.410494,1.5,396,2,29,-1,0.5,-0.5,-1.5,-,B2Pi
final,36293.324711,1.5,397,1,80,-1,0.5,0.5,-0.5,-,X2Pi
final,36296.207085,1.5,398,1,79,-1,0.5,-0.5,-1.5,-,X2Pi
final,36432.029931,1.5,399,2,30,-1,0.5,0.5,-0.5,-,B2Pi
final,36471.741917,1.5,400,1,80,-1,0.5,-0.5,-1.5,-,X2Pi
final,36477.566657,1.5,401,1,81,-1,0.5,0.5,-0.5,-,X2Pi
final,36599.103016,1.5,402,2,30,-1,0.5,-0.5,-1.5,-,B2Pi
final,36657.82689,1.5,403,1,81,-1,0.5,-0.5,-1.5,-,X2Pi
final,36672.283522,1.5,404,1,82,-1,0.5,0.5,-0.5,-,X2Pi
final,2.359066,2.5,1,1,0,1,0.5,-0.5,0.5,+,X2Pi
final,323.695706,2.5,2,1,0,1,0.5,0.5,1.5,+,X2Pi
final,736.003797,2.5,3,1,1,1,0.5,-0.5,0.5,+,X2Pi
final,1057.154715,2.5,4,1,1,1,0.5,0.5,1.5,+,X2Pi
final,1463.742278,2.5,5,1,2,1,0.5,-0.5,0.5,+,X2Pi
final,1784.679068,2.5,6,1,2,1,0.5,0.5,1.5,+,X2Pi
final,2185.536734,2.5,7,1,3,1,0.5,-0.5,0.5,+,X2Pi
final,2506.229221,2.5,8,1,3,1,0.5,0.5,1.5,+,X2Pi
final,2901.348918,2.5,9,1,4,1,0.5,-0.5,0.5,+,X2Pi
final,3221.765097,2.5,10,1,4,1,0.5,0.5,1.5,+,X2Pi
final,3611.140118,2.5,11,1,5,1,0.5,-0.5,0.5,+,X2Pi
final,3931.246103,2.5,12,1,5,1,0.5,0.5,1.5,+,X2Pi
final,4314.871179,2.5,13,1,6,1,0.5,-0.5,0.5,+,X2Pi
final,4634.631116,2.5,14,1,6,1,0.5,0.5,1.5,+,X2Pi
final,5012.502524,2.5,15,1,7,1,0.5,-0.5,0.5,+,X2Pi
final,5331.878476,2.5,16,1,7,1,0.5,0.5,1.5,+,X2Pi
final,5703.994178,2.5,17,1,8,1,0.5,-0.5,0.5,+,X2Pi
final,6022.945976,2.5,18,1,8,1,0.5,0.5,1.5,+,X2Pi
final,6389.305765,2.5,19,1,9,1,0.5,-0.5,0.5,+,X2Pi
final,6707.790875,2.5,20,1,9,1,0.5,0.5,1.5,+,X2Pi
final,7068.396514,2.5,21,1,10,1,0.5,-0.5,0.5,+,X2Pi
final,7386.369903,2.5,22,1,10,1,0.5,0.5,1.5,+,X2Pi
final,7741.225258,2.5,23,1,11,1,0.5,-0.5,0.5,+,X2Pi
final,8058.639269,2.5,24,1,11,1,0.5,0.5,1.5,+,X2Pi
final,8407.750425,2.5,25,1,12,1,0.5,-0.5,0.5,+,X2Pi
final,8724.554679,2.5,26,1,12,1,0.5,0.5,1.5,+,X2Pi
final,9067.930039,2.5,27,1,13,1,0.5,-0.5,0.5,+,X2Pi
final,9384.071345,2.5,28,1,13,1,0.5,0.5,1.5,+,X2Pi
final,9721.721713,2.5,29,1,14,1,0.5,-0.5,0.5,+,X2Pi
final,10037.143993,2.5,30,1,14,1,0.5,0.5,1.5,+,X2Pi
final,10369.082646,2.5,31,1,15,1,0.5,-0.5,0.5,+,X2Pi
final,10683.726877,2.5,32,1,15,1,0.5,0.5,1.5,+,X2Pi
final,11009.969609,2.5,33,1,16,1,0.5,-0.5,0.5,+,X2Pi
final,11323.773793,2.5,34,1,16,1,0.5,0.5,1.5,+,X2Pi
final,11644.338942,2.5,35,1,17,1,0.5,-0.5,0.5,+,X2Pi
final,11957.238095,2.5,36,1,17,1,0.5,0.5,1.5,+,X2Pi
final,12272.14654,2.5,37,1,18,1,0.5,-0.5,0.5,+,X2Pi
final,12584.072702,2.5,38,1,18,1,0.5,0.5,1.5,+,X2Pi
final,12893.347855,2.5,39,1,19,1,0.5,-0.5,0.5,+,X2Pi
final,13204.230108,2.5,40,1,19,1,0.5,0.5,1.5,+,X2Pi
final,13507.897868,2.5,41,1,20,1,0.5,-0.5,0.5,+,X2Pi
final,13817.662408,2.5,42,1,20,1,0.5,0.5,1.5,+,X2Pi
final,14115.751045,2.5,43,1,21,1,0.5,-0.5,0.5,+,X2Pi
final,14424.321351,2.5,44,1,21,1,0.5,0.5,1.5,+,X2Pi
final,14716.861316,2.5,45,1,22,1,0.5,-0.5,0.5,+,X2Pi
final,15024.158355,2.5,46,1,22,1,0.5,0.5,1.5,+,X2Pi
final,15311.182098,2.5,47,1,23,1,0.5,-0.5,0.5,+,X2Pi
final,15617.12449,2.5,48,1,23,1,0.5,0.5,1.5,+,X2Pi
final,15898.666264,2.5,49,1,24,1,0.5,-0.5,0.5,+,X2Pi
final,15991.784174,2.5,50,3,0,1,1.5,1.5,2.5,+,a4Pi
final,16094.145916,2.5,51,3,0,1,1.5,0.5,1.5,+,a4Pi
final,16195.643742,2.5,52,3,0,1,1.5,-0.5,0.5,+,a4Pi
final,16203.170512,2.5,53,1,24,1,0.5,0.5,1.5,+,X2Pi
final,16296.266421,2.5,54,3,0,1,1.5,-1.5,-0.5,+,a4Pi
final,16442.139596,2.5,55,3,1,1,1.5,1.5,2.5,+,a4Pi
final,16479.26607,2.5,56,1,25,1,0.5,-0.5,0.5,+,X2Pi
final,16544.573149,2.5,57,3,1,1,1.5,0.5,1.5,+,a4Pi
final,16646.148975,2.5,58,3,1,1,1.5,-0.5,0.5,+,a4Pi
final,16746.856015,2.5,59,3,1,1,1.5,-1.5,-0.5,+,a4Pi
final,16782.246935,2.5,60,1,25,1,0.5,0.5,1.5,+,X2Pi
final,16886.948511,2.5,61,3,2,1,1.5,1.5,2.5,+,a4Pi
final,16989.449137,2.5,62,3,2,1,1.5,0.5,1.5,+,a4Pi
final,17052.933174,2.5,63,1,26,1,0.5,-0.5,0.5,+,X2Pi
final,17091.098301,2.5,64,3,2,1,1.5,-0.5,0.5,+,a4Pi
final,17191.885117,2.5,65,3,2,1,1.5,-1.5,-0.5,+,a4Pi
final,17326.127525,2.5,66,3,3,1,1.5,1.5,2.5,+,a4Pi
final,17354.304014,2.5,67,1,26,1,0.5,0.5,1.5,+,X2Pi
final,17428.689772,2.5,68,3,3,1,1.5,0.5,1.5,+,a4Pi
final,17530.406903,2.5,69,3,3,1,1.5,-0.5,0.5,+,a4Pi
final,17619.618608,2.5,70,1,27,1,0.5,-0.5,0.5,+,X2Pi
final,17631.268207,2.5,71,3,3,1,1.5,-1.5,-0.5,+,a4Pi
final,17759.58675,2.5,72,3,4,1,1.5,1.5,2.5,+,a4Pi
final,17862.204305,2.5,73,3,4,1,1.5,0.5,1.5,+,a4Pi
final,17919.291772,2.5,74,1,27,1,0.5,0.5,1.5,+,X2Pi
final,17963.98318,2.5,75,3,4,1,1.5,-0.5,0.5,+,a4Pi
final,18064.91284,2.5,76,3,4,1,1.5,-1.5,-0.5,+,a4Pi
final,18179.272737,2.5,77,1,28,1,0.5,-0.5,0.5,+,X2Pi
final,18187.229233,2.5,78,3,5,1,1.5,1.5,2.5,+,a4Pi
final,18289.894746,2.5,79,3,5,1,1.5,0.5,1.5,+,a4Pi
final,18391.728109,2.5,80,3,5,1,1.5,-0.5,0.5,+,a4Pi
final,18477.160046,2.5,81,1,28,1,0.5,0.5,1.5,+,X2Pi
final,18492.71897,2.5,82,3,5,1,1.5,-1.5,-0.5,+,a4Pi
final,18608.949864,2.5,83,3,6,1,1.5,1.5,2.5,+,a4Pi
final,18711.654841,2.5,84,3,6,1,1.5,0.5,1.5,+,a4Pi
final,18731.845262,2.5,85,1,29,1,0.5,-0.5,0.5,+,X2Pi
final,18813.534307,2.5,86,3,6,1,1.5,-0.5,0.5,+,a4Pi
final,18914.57809,2.5,87,3,6,1,1.5,-1.5,-0.5,+,a4Pi
final,19024.634438,2.5,88,3,7,1,1.5,1.5,2.5,+,a4Pi
final,19027.858479,2.5,89,1,29,1,0.5,0.5,1.5,+,X2Pi
final,19127.369011,2.5,90,3,7,1,1.5,0.5,1.5,+,a4Pi
final,19229.284823,2.5,91,3,7,1,1.5,-0.5,0.5,+,a4Pi
final,19277.285186,2.5,92,1,30,1,0.5,-0.5,0.5,+,X2Pi
final,19330.371889,2.5,93,3,7,1,1.5,-1.5,-0.5,+,a4Pi
final,19434.158581,2.5,94,3,8,1,1.5,1.5,2.5,+,a4Pi
final,19536.911291,2.5,95,3,8,1,1.5,0.5,1.5,+,a4Pi
final,19571.336553,2.5,96,1,30,1,0.5,0.5,1.5,+,X2Pi
final,19638.852114,2.5,97,3,8,1,1.5,-0.5,0.5,+,a4Pi
final,19739.971252,2.5,98,3,8,1,1.5,-1.5,-0.5,+,a4Pi
final,19815.540815,2.5,99,1,31,1,0.5,-0.5,0.5,+,X2Pi
final,19837.386612,2.5,100,3,9,1,1.5,1.5,2.5,+,a4Pi
final,19940.144151,2.5,101,3,9,1,1.5,0.5,1.5,+,a4Pi
final,20042.096804,2.5,102,3,9,1,1.5,-0.5,0.5,+,a4Pi
final,20107.543593,2.5,103,1,31,1,0.5,0.5,1.5,+,X2Pi
final,20143.234969,2.5,104,3,9,1,1.5,-1.5,-0.5,+,a4Pi
final,20234.169944,2.5,105,3,10,1,1.5,1.5,2.5,+,a4Pi
final,20336.916868,2.5,106,3,10,1,1.5,0.5,1.5,+,a4Pi
final,20346.559744,2.5,107,1,32,1,0.5,-0.5,0.5,+,X2Pi
final,20438.866046,2.5,108,3,10,1,1.5,-0.5,0.5,+,a4Pi
final,20540.008075,2.5,109,3,10,1,1.5,-1.5,-0.5,+,a4Pi
final,20624.345481,2.5,110,3,11,1,1.5,1.5,2.5,+,a4Pi
final,20636.428776,2.5,111,1,32,1,0.5,0.5,1.5,+,X2Pi
final,20727.063822,2.5,112,3,11,1,1.5,0.5,1.5,+,a4Pi
final,20828.9917,2.5,113,3,11,1,1.5,-0.5,0.5,+,a4Pi
final,20870.288858,2.5,114,1,33,1,0.5,-0.5,0.5,+,X2Pi
final,20930.119918,2.5,115,3,11,1,1.5,-1.5,-0.5,+,a4Pi
final,21007.733725,2.5,116,3,12,1,1.5,1.5,2.5,+,a4Pi
final,21110.402497,2.5,117,3,12,1,1.5,0.5,1.5,+,a4Pi
final,21157.941127,2.5,118,1,33,1,0.5,0.5,1.5,+,X2Pi
final,21212.288234,2.5,119,3,12,1,1.5,-0.5,0.5,+,a4Pi
final,21313.381954,2.5,120,3,12,1,1.5,-1.5,-0.5,+,a4Pi
final,21384.136561,2.5,121,3,13,1,1.5,1.5,2.5,+,a4Pi
final,21386.674342,2.5,122,1,34,1,0.5,-0.5,0.5,+,X2Pi
final,21486.731247,2.5,123,3,13,1,1.5,0.5,1.5,+,a4Pi
final,21588.55047,2.5,124,3,13,1,1.5,-0.5,0.5,+,a4Pi
final,21672.029508,2.5,125,1,34,1,0.5,0.5,1.5,+,X2Pi
final,21689.585472,2.5,126,3,13,1,1.5,-1.5,-0.5,+,a4Pi
final,21753.334636,2.5,127,3,14,1,1.5,1.5,2.5,+,a4Pi
final,21855.826574,2.5,128,3,14,1,1.5,0.5,1.5,+,a4Pi
final,21895.661682,2.5,129,1,35,1,0.5,-0.5,0.5,+,X2Pi
final,21957.550754,2.5,130,3,14,1,1.5,-0.5,0.5,+,a4Pi
final,22058.498656,2.5,131,3,14,1,1.5,-1.5,-0.5,+,a4Pi
final,22115.084455,2.5,132,3,15,1,1.5,1.5,2.5,+,a4Pi
final,22178.642618,2.5,133,1,35,1,0.5,0.5,1.5,+,X2Pi
final,22217.440004,2.5,134,3,15,1,1.5,0.5,1.5,+,a4Pi
final,22319.035616,2.5,135,3,15,1,1.5,-0.5,0.5,+,a4Pi
final,22397.19568,2.5,136,1,36,1,0.5,-0.5,0.5,+,X2Pi
final,22419.863019,2.5,137,3,15,1,1.5,-1.5,-0.5,+,a4Pi
final,22469.11479,2.5,138,3,16,1,1.5,1.5,2.5,+,a4Pi
final,22571.294484,2.5,139,3,16,1,1.5,0.5,1.5,+,a4Pi
final,22672.722139,2.5,140,3,16,1,1.5,-0.5,0.5,+,a4Pi
final,22677.72897,2.5,141,1,36,1,0.5,0.5,1.5,+,X2Pi
final,22773.389748,2.5,142,3,16,1,1.5,-1.5,-0.5,+,a4Pi
final,22783.976887,2.5,143,2,0,1,0.5,-0.5,0.5,+,B2Pi
final,22815.122839,2.5,144,3,17,1,1.5,1.5,2.5,+,a4Pi
final,22876.877276,2.5,145,2,0,1,0.5,0.5,1.5,+,B2Pi
final,22891.22047,2.5,146,1,37,1,0.5,-0.5,0.5,+,X2Pi
final,22917.08022,2.5,147,3,17,1,1.5,0.5,1.5,+,a4Pi
final,23018.293476,2.5,148,3,17,1,1.5,-0.5,0.5,+,a4Pi
final,23118.754883,2.5,149,3,17,1,1.5,-1.5,-0.5,+,a4Pi
final,23152.769562,2.5,150,3,18,1,1.5,1.5,2.5,+,a4Pi
final,23169.236876,2.5,151,1,37,1,0.5,0.5,1.5,+,X2Pi
final,23254.44976,2.5,152,3,18,1,1.5,0.5,1.5,+,a4Pi
final,23290.086089,2.5,153,2,1,1,0.5,-0.5,0.5,+,B2Pi
final,23355.393661,2.5,154,3,18,1,1.5,-0.5,0.5,+,a4Pi
final,23377.679552,2.5,155,1,38,1,0.5,-0.5,0.5,+,X2Pi
final,23384.844174,2.5,156,2,1,1,0.5,0.5,1.5,+,B2Pi
final,23455.593851,2.5,157,3,18,1,1.5,-1.5,-0.5,+,a4Pi
final,23481.674123,2.5,158,3,19,1,1.5,1.5,2.5,+,a4Pi
final,23583.012159,2.5,159,3,19,1,1.5,0.5,1.5,+,a4Pi
final,23653.114407,2.5,160,1,38,1,0.5,0.5,1.5,+,X2Pi
final,23683.621496,2.5,161,3,19,1,1.5,-0.5,0.5,+,a4Pi
final,23783.495046,2.5,162,3,19,1,1.5,-1.5,-0.5,+,a4Pi
final,23792.656266,2.5,163,2,2,1,0.5,-0.5,0.5,+,B2Pi
final,23801.407476,2.5,164,3,20,1,1.5,1.5,2.5,+,a4Pi
final,23856.515832,2.5,165,1,39,1,0.5,-0.5,0.5,+,X2Pi
final,23889.338263,2.5,166,2,2,1,0.5,0.5,1.5,+,B2Pi
final,23902.32629,2.5,167,3,20,1,1.5,0.5,1.5,+,a4Pi
final,24002.523543,2.5,168,3,20,1,1.5,-0.5,0.5,+,a4Pi
final,24101.992496,2.5,169,3,20,1,1.5,-1.5,-0.5,+,a4Pi
final,24111.485215,2.5,170,3,21,1,1.5,1.5,2.5,+,a4Pi
final,24129.309348,2.5,171,1,39,1,0.5,0.5,1.5,+,X2Pi
final,24211.89306,2.5,172,3,21,1,1.5,0.5,1.5,+,a4Pi
final,24291.6874,2.5,173,2,3,1,0.5,-0.5,0.5,+,B2Pi
final,24311.585685,2.5,174,3,21,1,1.5,-0.5,0.5,+,a4Pi
final,24327.671636,2.5,175,1,40,1,0.5,-0.5,0.5,+,X2Pi
final,24390.359569,2.5,176,2,3,1,0.5,0.5,1.5,+,B2Pi
final,24410.556723,2.5,177,3,21,1,1.5,-1.5,-0.5,+,a4Pi
final,24411.359032,2.5,178,3,22,1,1.5,1.5,2.5,+,a4Pi
final,24511.146424,2.5,179,3,22,1,1.5,0.5,1.5,+,a4Pi
final,24597.769189,2.5,180,1,40,1,0.5,0.5,1.5,+,X2Pi
final,24610.223655,2.5,181,3,22,1,1.5,-0.5,0.5,+,a4Pi
final,24700.407116,2.5,182,3,23,1,1.5,1.5,2.5,+,a4Pi
final,24708.584732,2.5,183,3,22,1,1.5,-1.5,-0.5,+,a4Pi
final,24787.17986,2.5,184,2,4,1,0.5,-0.5,0.5,+,B2Pi
final,24791.088732,2.5,185,1,41,1,0.5,-0.5,0.5,+,X2Pi
final,24799.442976,2.5,186,3,23,1,1.5,0.5,1.5,+,a4Pi
final,24887.907724,2.5,187,2,4,1,0.5,0.5,1.5,+,B2Pi
final,24897.771728,2.5,188,3,23,1,1.5,-0.5,0.5,+,a4Pi
final,24977.923667,2.5,189,3,24,1,1.5,1.5,2.5,+,a4Pi
final,24995.38774,2.5,190,3,23,1,1.5,-1.5,-0.5,+,a4Pi
final,25058.441095,2.5,191,1,41,1,0.5,0.5,1.5,+,X2Pi
final,25076.0505,2.5,192,3,24,1,1.5,0.5,1.5,+,a4Pi
final,25173.470234,2.5,193,3,24,1,1.5,-0.5,0.5,+,a4Pi
final,25243.107285,2.5,194,3,25,1,1.5,1.5,2.5,+,a4Pi
final,25246.70839,2.5,195,1,42,1,0.5,-0.5,0.5,+,X2Pi
final,25270.177544,2.5,196,3,24,1,1.5,-1.5,-0.5,+,a4Pi
final,25279.1344,2.5,197,2,5,1,0.5,-0.5,0.5,+,B2Pi
final,25340.135451,2.5,198,3,25,1,1.5,0.5,1.5,+,a4Pi
final,25381.982016,2.5,199,2,5,1,0.5,0.5,1.5,+,B2Pi
final,25436.452016,2.5,200,3,25,1,1.5,-0.5,0.5,+,a4Pi
final,25495.04935,2.5,201,3,26,1,1.5,1.5,2.5,+,a4Pi
final,25511.27184,2.5,202,1,42,1,0.5,0.5,1.5,+,X2Pi
final,25532.051818,2.5,203,3,25,1,1.5,-1.5,-0.5,+,a4Pi
final,25590.750313,2.5,204,3,26,1,1.5,0.5,1.5,+,a4Pi
final,25685.728577,2.5,205,3,26,1,1.5,-0.5,0.5,+,a4Pi
final,25694.47141,2.5,206,1,43,1,0.5,-0.5,0.5,+,X2Pi
final,25732.724736,2.5,207,3,27,1,1.5,1.5,2.5,+,a4Pi
final,25767.551762,2.5,208,2,6,1,0.5,-0.5,0.5,+,B2Pi
final,25779.978867,2.5,209,3,26,1,1.5,-1.5,-0.5,+,a4Pi
final,25826.82282,2.5,210,3,27,1,1.5,0.5,1.5,+,a4Pi
final,25872.581731,2.5,211,2,6,1,0.5,0.5,1.5,+,B2Pi
final,25920.177573,2.5,212,3,27,1,1.5,-0.5,0.5,+,a4Pi
final,25954.987186,2.5,213,3,28,1,1.5,1.5,2.5,+,a4Pi
final,25956.207788,2.5,214,1,43,1,0.5,0.5,1.5,+,X2Pi
final,26012.783089,2.5,215,3,27,1,1.5,-1.5,-0.5,+,a4Pi
final,26047.150532,2.5,216,3,28,1,1.5,0.5,1.5,+,a4Pi
final,26134.318124,2.5,217,1,44,1,0.5,-0.5,0.5,+,X2Pi
final,26138.536453,2.5,218,3,28,1,1.5,-0.5,0.5,+,a4Pi
final,26160.575463,2.5,219,3,29,1,1.5,1.5,2.5,+,a4Pi
final,26229.137517,2.5,220,3,28,1,1.5,-1.5,-0.5,+,a4Pi
final,26250.407503,2.5,221,3,29,1,1.5,0.5,1.5,+,a4Pi
final,26252.433064,2.5,222,2,7,1,0.5,-0.5,0.5,+,B2Pi
final,26339.409446,2.5,223,3,29,1,1.5,-0.5,0.5,+,a4Pi
final,26348.142502,2.5,224,3,30,1,1.5,1.5,2.5,+,a4Pi
final,26359.705791,2.5,225,2,7,1,0.5,0.5,1.5,+,B2Pi
final,26393.194883,2.5,226,1,44,1,0.5,0.5,1.5,+,X2Pi
final,26427.570868,2.5,227,3,29,1,1.5,-1.5,-0.5,+,a4Pi
final,26435.176425,2.5,228,3,30,1,1.5,0.5,1.5,+,a4Pi
final,26516.325145,2.5,229,3,31,1,1.5,1.5,2.5,+,a4Pi
final,26521.303154,2.5,230,3,30,1,1.5,-0.5,0.5,+,a4Pi
final,26566.188445,2.5,231,1,45,1,0.5,-0.5,0.5,+,X2Pi
final,26600.028489,2.5,232,3,31,1,1.5,0.5,1.5,+,a4Pi
final,26606.507102,2.5,233,3,30,1,1.5,-1.5,-0.5,+,a4Pi
final,26663.88314,2.5,234,3,32,1,1.5,1.5,2.5,+,a4Pi
final,26682.718115,2.5,235,3,31,1,1.5,-0.5,0.5,+,a4Pi
final,26733.779724,2.5,236,2,8,1,0.5,-0.5,0.5,+,B2Pi
final,26743.684681,2.5,237,3,32,1,1.5,0.5,1.5,+,a4Pi
final,26764.370588,2.5,238,3,31,1,1.5,-1.5,-0.5,+,a4Pi
final,26789.942056,2.5,239,3,33,1,1.5,1.5,2.5,+,a4Pi
final,26822.1786,2.5,240,1,45,1,0.5,0.5,1.5,+,X2Pi
final,26822.337102,2.5,241,3,32,1,1.5,-0.5,0.5,+,a4Pi
final,26843.35283,2.5,242,2,8,1,0.5,0.5,1.5,+,B2Pi
final,26865.305037,2.5,243,3,33,1,1.5,0.5,1.5,+,a4Pi
final,26894.542993,2.5,244,3,34,1,1.5,1.5,2.5,+,a4Pi
final,26899.807377,2.5,245,3,32,1,1.5,-1.5,-0.5,+,a4Pi
final,26939.375199,2.5,246,3,33,1,1.5,-0.5,0.5,+,a4Pi
final,26965.287581,2.5,247,3,34,1,1.5,0.5,1.5,+,a4Pi
final,26982.291646,2.5,248,3,35,1,1.5,1.5,2.5,+,a4Pi
final,26990.021904,2.5,249,1,46,1,0.5,-0.5,0.5,+,X2Pi
final,27012.119112,2.5,250,3,33,1,1.5,-1.5,-0.5,+,a4Pi
final,27034.786305,2.5,251,3,34,1,1.5,-0.5,0.5,+,a4Pi
final,27050.372393,2.5,252,3,35,1,1.5,0.5,1.5,+,a4Pi
final,27069.368717,2.5,253,3,36,1,1.5,1.5,2.5,+,a4Pi
final,27103.114436,2.5,254,3,34,1,1.5,-1.5,-0.5,+,a4Pi
final,27117.938749,2.5,255,3,35,1,1.5,-0.5,0.5,+,a4Pi
final,27138.441841,2.5,256,3,36,1,1.5,0.5,1.5,+,a4Pi
final,27168.693978,2.5,257,3,37,1,1.5,1.5,2.5,+,a4Pi
final,27185.140823,2.5,258,3,35,1,1.5,-1.5,-0.5,+,a4Pi
final,27207.425843,2.5,259,3,36,1,1.5,-0.5,0.5,+,a4Pi
final,27211.593201,2.5,260,2,9,1,0.5,-0.5,0.5,+,B2Pi
final,27239.610972,2.5,261,3,37,1,1.5,0.5,1.5,+,a4Pi
final,27243.103911,2.5,262,1,46,1,0.5,0.5,1.5,+,X2Pi
final,27276.319975,2.5,263,3,36,1,1.5,-1.5,-0.5,+,a4Pi
final,27280.77915,2.5,264,3,38,1,1.5,1.5,2.5,+,a4Pi
final,27310.380784,2.5,265,3,37,1,1.5,-0.5,0.5,+,a4Pi
final,27323.521442,2.5,266,2,9,1,0.5,0.5,1.5,+,B2Pi
final,27353.170973,2.5,267,3,38,1,1.5,0.5,1.5,+,a4Pi
final,27380.979856,2.5,268,3,37,1,1.5,-1.5,-0.5,+,a4Pi
final,27403.702159,2.5,269,3,39,1,1.5,1.5,2.5,+,a4Pi
final,27405.757669,2.5,270,1,47,1,0.5,-0.5,0.5,+,X2Pi
final,27425.33465,2.5,271,3,38,1,1.5,-0.5,0.5,+,a4Pi
final,27477.253847,2.5,272,3,39,1,1.5,0.5,1.5,+,a4Pi
final,27497.25189,2.5,273,3,38,1,1.5,-1.5,-0.5,+,a4Pi
final,27536.063733,2.5,274,3,40,1,1.5,1.5,2.5,+,a4Pi
final,27550.521478,2.5,275,3,39,1,1.5,-0.5,0.5,+,a4Pi
final,27610.564762,2.5,276,3,40,1,1.5,0.5,1.5,+,a4Pi
final,27623.490727,2.5,277,3,39,1,1.5,-1.5,-0.5,+,a4Pi
final,27655.915267,2.5,278,1,47,1,0.5,0.5,1.5,+,X2Pi
final,27676.896639,2.5,279,3,41,1,1.5,1.5,2.5,+,a4Pi
final,27684.741796,2.5,280,3,40,1,1.5,-0.5,0.5,+,a4Pi
final,27685.875262,2.5,281,2,10,1,0.5,-0.5,0.5,+,B2Pi
final,27752.199118,2.5,282,3,41,1,1.5,0.5,1.5,+,a4Pi
final,27758.582883,2.5,283,3,40,1,1.5,-1.5,-0.5,+,a4Pi
final,27800.209919,2.5,284,2,10,1,0.5,0.5,1.5,+,B2Pi
final,27813.334556,2.5,285,1,48,1,0.5,-0.5,0.5,+,X2Pi
final,27825.49432,2.5,286,3,42,1,1.5,1.5,2.5,+,a4Pi
final,27827.147466,2.5,287,3,41,1,1.5,-0.5,0.5,+,a4Pi
final,27901.489079,2.5,288,3,42,1,1.5,0.5,1.5,+,a4Pi
final,27901.731221,2.5,289,3,41,1,1.5,-1.5,-0.5,+,a4Pi
final,27977.105832,2.5,290,3,42,1,1.5,-0.5,0.5,+,a4Pi
final,27981.314206,2.5,291,3,43,1,1.5,1.5,2.5,+,a4Pi
final,28052.335092,2.5,292,3,42,1,1.5,-1.5,-0.5,+,a4Pi
final,28057.916888,2.5,293,3,43,1,1.5,0.5,1.5,+,a4Pi
final,28060.556596,2.5,294,1,48,1,0.5,0.5,1.5,+,X2Pi
final,28134.121977,2.5,295,3,43,1,1.5,-0.5,0.5,+,a4Pi
final,28143.923035,2.5,296,3,44,1,1.5,1.5,2.5,+,a4Pi
final,28156.627816,2.5,297,2,11,1,0.5,-0.5,0.5,+,B2Pi
final,28209.920675,2.5,298,3,43,1,1.5,-1.5,-0.5,+,a4Pi
final,28212.691057,2.5,299,1,49,1,0.5,-0.5,0.5,+,X2Pi
final,28221.06662,2.5,300,3,44,1,1.5,0.5,1.5,+,a4Pi
final,28273.416406,2.5,301,2,11,1,0.5,0.5,1.5,+,B2Pi
final,28297.796157,2.5,302,3,44,1,1.5,-0.5,0.5,+,a4Pi
final,28312.966594,2.5,303,3,45,1,1.5,1.5,2.5,+,a4Pi
final,28374.103332,2.5,304,3,44,1,1.5,-1.5,-0.5,+,a4Pi
final,28390.596503,2.5,305,3,45,1,1.5,0.5,1.5,+,a4Pi
final,28456.971266,2.5,306,1,49,1,0.5,0.5,1.5,+,X2Pi
final,28467.798189,2.5,307,3,45,1,1.5,-0.5,0.5,+,a4Pi
final,28488.14764,2.5,308,3,46,1,1.5,1.5,2.5,+,a4Pi
final,28544.563702,2.5,309,3,45,1,1.5,-1.5,-0.5,+,a4Pi
final,28566.218457,2.5,310,3,46,1,1.5,0.5,1.5,+,a4Pi
final,28603.765371,2.5,311,1,50,1,0.5,-0.5,0.5,+,X2Pi
final,28623.852888,2.5,312,2,12,1,0.5,-0.5,0.5,+,B2Pi
final,28643.84866,2.5,313,3,46,1,1.5,-0.5,0.5,+,a4Pi
final,28669.212798,2.5,314,3,47,1,1.5,1.5,2.5,+,a4Pi
final,28721.030573,2.5,315,3,46,1,1.5,-1.5,-0.5,+,a4Pi
final,28743.138956,2.5,316,2,12,1,0.5,0.5,1.5,+,B2Pi
final,28747.686239,2.5,317,3,47,1,1.5,0.5,1.5,+,a4Pi
final,28825.708092,2.5,318,3,47,1,1.5,-0.5,0.5,+,a4Pi
final,28845.102074,2.5,319,1,50,1,0.5,0.5,1.5,+,X2Pi
final,28855.943295,2.5,320,3,48,1,1.5,1.5,2.5,+,a4Pi
final,28903.270889,2.5,321,3,47,1,1.5,-1.5,-0.5,+,a4Pi
final,28934.78663,2.5,322,3,48,1,1.5,0.5,1.5,+,a4Pi
final,28986.495385,2.5,323,1,51,1,0.5,-0.5,0.5,+,X2Pi
final,29013.168521,2.5,324,3,48,1,1.5,-0.5,0.5,+,a4Pi
final,29048.147531,2.5,325,3,49,1,1.5,1.5,2.5,+,a4Pi
final,29087.552643,2.5,326,2,13,1,0.5,-0.5,0.5,+,B2Pi
final,29091.081666,2.5,327,3,48,1,1.5,-1.5,-0.5,+,a4Pi
final,29127.332459,2.5,328,3,49,1,1.5,0.5,1.5,+,a4Pi
final,29206.047021,2.5,329,3,49,1,1.5,-0.5,0.5,+,a4Pi
final,29209.375462,2.5,330,2,13,1,0.5,0.5,1.5,+,B2Pi
final,29224.891261,2.5,331,1,51,1,0.5,0.5,1.5,+,X2Pi
final,29245.656224,2.5,332,3,50,1,1.5,1.5,2.5,+,a4Pi
final,29284.284041,2.5,333,3,49,1,1.5,-1.5,-0.5,+,a4Pi
final,29325.158036,2.5,334,3,50,1,1.5,0.5,1.5,+,a4Pi
final,29360.818731,2.5,335,1,52,1,0.5,-0.5,0.5,+,X2Pi
final,29404.181342,2.5,336,3,50,1,1.5,-0.5,0.5,+,a4Pi
final,29448.318568,2.5,337,3,51,1,1.5,1.5,2.5,+,a4Pi
final,29482.719069,2.5,338,3,50,1,1.5,-1.5,-0.5,+,a4Pi
final,29528.115564,2.5,339,3,51,1,1.5,0.5,1.5,+,a4Pi
final,29547.729258,2.5,340,2,14,1,0.5,-0.5,0.5,+,B2Pi
final,29596.280472,2.5,341,1,52,1,0.5,0.5,1.5,+,X2Pi
final,29607.426555,2.5,342,3,51,1,1.5,-0.5,0.5,+,a4Pi
final,29655.999094,2.5,343,3,52,1,1.5,1.5,2.5,+,a4Pi
final,29672.123793,2.5,344,2,14,1,0.5,0.5,1.5,+,B2Pi
final,29686.244547,2.5,345,3,51,1,1.5,-1.5,-0.5,+,a4Pi
final,29726.672759,2.5,346,1,53,1,0.5,-0.5,0.5,+,X2Pi
final,29736.072001,2.5,347,3,52,1,1.5,0.5,1.5,+,a4Pi
final,29815.651995,2.5,348,3,52,1,1.5,-0.5,0.5,+,a4Pi
final,29868.575418,2.5,349,3,53,1,1.5,1.5,2.5,+,a4Pi
final,29894.732131,2.5,350,3,52,1,1.5,-1.5,-0.5,+,a4Pi
final,29948.907039,2.5,351,3,53,1,1.5,0.5,1.5,+,a4Pi
final,29959.210785,2.5,352,1,53,1,0.5,0.5,1.5,+,X2Pi
final,30004.384947,2.5,353,2,15,1,0.5,-0.5,0.5,+,B2Pi
final,30028.739356,2.5,354,3,53,1,1.5,-0.5,0.5,+,a4Pi
final,30083.994577,2.5,355,1,54,1,0.5,-0.5,0.5,+,X2Pi
final,30085.936372,2.5,356,3,54,1,1.5,1.5,2.5,+,a4Pi
final,30108.065421,2.5,357,3,53,1,1.5,-1.5,-0.5,+,a4Pi
final,30131.381803,2.5,358,2,15,1,0.5,0.5,1.5,+,B2Pi
final,30166.511099,2.5,359,3,54,1,1.5,0.5,1.5,+,a4Pi
final,30246.580819,2.5,360,3,54,1,1.5,-0.5,0.5,+,a4Pi
final,30307.980143,2.5,361,3,55,1,1.5,1.5,2.5,+,a4Pi
final,30313.622686,2.5,362,1,54,1,0.5,0.5,1.5,+,X2Pi
final,30326.138626,2.5,363,3,54,1,1.5,-1.5,-0.5,+,a4Pi
final,30388.784011,2.5,364,3,55,1,1.5,0.5,1.5,+,a4Pi
final,30432.721045,2.5,365,1,55,1,0.5,-0.5,0.5,+,X2Pi
final,30457.521914,2.5,366,2,16,1,0.5,-0.5,0.5,+,B2Pi
final,30469.077576,2.5,367,3,55,1,1.5,-0.5,0.5,+,a4Pi
final,30534.625487,2.5,368,3,56,1,1.5,1.5,2.5,+,a4Pi
final,30548.853637,2.5,369,3,55,1,1.5,-1.5,-0.5,+,a4Pi
final,30587.14733,2.5,370,2,16,1,0.5,0.5,1.5,+,B2Pi
final,30615.635072,2.5,371,3,56,1,1.5,0.5,1.5,+,a4Pi
final,30659.456092,2.5,372,1,55,1,0.5,0.5,1.5,+,X2Pi
final,30696.139471,2.5,373,3,56,1,1.5,-0.5,0.5,+,a4Pi
final,30765.767502,2.5,374,3,57,1,1.5,1.5,2.5,+,a4Pi
final,30772.788793,2.5,375,1,56,1,0.5,-0.5,0.5,+,X2Pi
final,30776.126456,2.5,376,3,56,1,1.5,-1.5,-0.5,+,a4Pi
final,30846.979552,2.5,377,3,57,1,1.5,0.5,1.5,+,a4Pi
final,30907.142262,2.5,378,2,17,1,0.5,-0.5,0.5,+,B2Pi
final,30927.684978,2.5,379,3,57,1,1.5,-0.5,0.5,+,a4Pi
final,30996.650342,2.5,380,1,56,1,0.5,0.5,1.5,+,X2Pi
final,31003.135657,2.5,381,3,58,1,1.5,1.5,2.5,+,a4Pi
final,31007.931893,2.5,382,3,57,1,1.5,-1.5,-0.5,+,a4Pi
final,31039.41831,2.5,383,2,17,1,0.5,0.5,1.5,+,B2Pi
final,31082.911382,2.5,384,3,58,1,1.5,0.5,1.5,+,a4Pi
final,31104.134225,2.5,385,1,57,1,0.5,-0.5,0.5,+,X2Pi
final,31163.857686,2.5,386,3,58,1,1.5,-0.5,0.5,+,a4Pi
final,31245.857873,2.5,387,3,58,1,1.5,-1.5,-0.5,+,a4Pi
final,31325.144218,2.5,388,1,57,1,0.5,0.5,1.5,+,X2Pi
final,31353.248134,2.5,389,2,18,1,0.5,-0.5,0.5,+,B2Pi
final,31426.693536,2.5,390,1,58,1,0.5,-0.5,0.5,+,X2Pi
final,31488.19264,2.5,391,2,18,1,0.5,0.5,1.5,+,B2Pi
final,31644.875942,2.5,392,1,58,1,0.5,0.5,1.5,+,X2Pi
final,31740.402715,2.5,393,1,59,1,0.5,-0.5,0.5,+,X2Pi
final,31795.841663,2.5,394,2,19,1,0.5,-0.5,0.5,+,B2Pi
final,31933.468238,2.5,395,2,19,1,0.5,0.5,1.5,+,B2Pi
final,31955.783203,2.5,396,1,59,1,0.5,0.5,1.5,+,X2Pi
final,32045.197565,2.5,397,1,60,1,0.5,-0.5,0.5,+,X2Pi
final,32234.924884,2.5,398,2,20,1,0.5,-0.5,0.5,+,B2Pi
final,32257.803161,2.5,399,1,60,1,0.5,0.5,1.5,+,X2Pi
final,32341.013709,2.5,400,1,61,1,0.5,-0.5,0.5,+,X2Pi
final,32375.243093,2.5,401,2,20,1,0.5,0.5,1.5,+,B2Pi
final,32550.872471,2.5,402,1,61,1,0.5,0.5,1.5,+,X2Pi
final,32627.786607,2.5,403,1,62,1,0.5,-0.5,0.5,+,X2Pi
final,32670.499617,2.5,404,2,21,1,0.5,-0.5,0.5,+,B2Pi
final,32813.515356,2.5,405,2,21,1,0.5,0.5,1.5,+,B2Pi
final,32834.927303,2.5,406,1,62,1,0.5,0.5,1.5,+,X2Pi
final,32905.45158,2.5,407,1,63,1,0.5,-0.5,0.5,+,X2Pi
final,33102.56747,2.5,408,2,22,1,0.5,-0.5,0.5,+,B2Pi
final,33109.903361,2.5,409,1,63,1,0.5,0.5,1.5,+,X2Pi
final,33173.943811,2.5,410,1,64,1,0.5,-0.5,0.5,+,X2Pi
final,33248.283432,2.5,411,2,22,1,0.5,0.5,1.5,+,B2Pi
final,33375.735928,2.5,412,1,64,1,0.5,0.5,1.5,+,X2Pi
final,33433.198328,2.5,413,1,65,1,0.5,-0.5,0.5,+,X2Pi
final,33531.130084,2.5,414,2,23,1,0.5,-0.5,0.5,+,B2Pi
final,33632.359942,2.5,415,1,65,1,0.5,0.5,1.5,+,X2Pi
final,33679.545725,2.5,416,2,23,1,0.5,0.5,1.5,+,B2Pi
final,33683.150046,2.5,417,1,66,1,0.5,-0.5,0.5,+,X2Pi
final,33879.709976,2.5,418,1,66,1,0.5,0.5,1.5,+,X2Pi
final,33923.733887,2.5,419,1,67,1,0.5,-0.5,0.5,+,X2Pi
final,33956.188991,2.5,420,2,24,1,0.5,-0.5,0.5,+,B2Pi
final,34107.300672,2.5,421,2,24,1,0.5,0.5,1.5,+,B2Pi
final,34117.720211,2.5,422,1,67,1,0.5,0.5,1.5,+,X2Pi
final,34154.884727,2.5,423,1,68,1,0.5,-0.5,0.5,+,X2Pi
final,34346.324601,2.5,424,1,68,1,0.5,0.5,1.5,+,X2Pi
final,34376.537361,2.5,425,1,69,1,0.5,-0.5,0.5,+,X2Pi
final,34377.745465,2.5,426,2,25,1,0.5,-0.5,0.5,+,B2Pi
final,34531.546971,2.5,427,2,25,1,0.5,0.5,1.5,+,B2Pi
final,34565.456931,2.5,428,1,69,1,0.5,0.5,1.5,+,X2Pi
final,34588.626689,2.5,429,1,70,1,0.5,-0.5,0.5,+,X2Pi
final,34775.050763,2.5,430,1,70,1,0.5,0.5,1.5,+,X2Pi
final,34791.087716,2.5,431,1,71,1,0.5,-0.5,0.5,+,X2Pi
final,34795.800733,2.5,432,2,26,1,0.5,-0.5,0.5,+,B2Pi
final,34952.283415,2.5,433,2,26,1,0.5,0.5,1.5,+,B2Pi
final,34975.039566,2.5,434,1,71,1,0.5,0.5,1.5,+,X2Pi
final,34983.855779,2.5,435,1,72,1,0.5,-0.5,0.5,+,X2Pi
final,35165.355332,2.5,436,1,72,1,0.5,0.5,1.5,+,X2Pi
final,35166.868355,2.5,437,1,73,1,0.5,-0.5,0.5,+,X2Pi
final,35210.35595,2.5,438,2,27,1,0.5,-0.5,0.5,+,B2Pi
final,35340.060469,2.5,439,1,74,1,0.5,-0.5,0.5,+,X2Pi
final,35345.938771,2.5,440,1,73,1,0.5,0.5,1.5,+,X2Pi
final,35369.508849,2.5,441,2,27,1,0.5,0.5,1.5,+,B2Pi
final,35503.46155,2.5,442,1,75,1,0.5,-0.5,0.5,+,X2Pi
final,35516.726785,2.5,443,1,74,1,0.5,0.5,1.5,+,X2Pi
final,35621.412147,2.5,444,2,28,1,0.5,-0.5,0.5,+,B2Pi
final,35657.803117,2.5,445,1,76,1,0.5,-0.5,0.5,+,X2Pi
final,35677.80532,2.5,446,1,75,1,0.5,0.5,1.5,+,X2Pi
final,35783.222205,2.5,447,2,28,1,0.5,0.5,1.5,+,B2Pi
final,35806.873537,2.5,448,1,77,1,0.5,-0.5,0.5,+,X2Pi
final,35830.315671,2.5,449,1,76,1,0.5,0.5,1.5,+,X2Pi
final,35958.838111,2.5,450,1,78,1,0.5,-0.5,0.5,+,X2Pi
final,35979.096962,2.5,451,1,77,1,0.5,0.5,1.5,+,X2Pi
final,36028.97023,2.5,452,2,29,1,0.5,-0.5,0.5,+,B2Pi
final,36120.618887,2.5,453,1,79,1,0.5,-0.5,0.5,+,X2Pi
final,36132.683236,2.5,454,1,78,1,0.5,0.5,1.5,+,X2Pi
final,36193.422567,2.5,455,2,29,1,0.5,0.5,1.5,+,B2Pi
final,36293.959276,2.5,456,1,80,1,0.5,-0.5,0.5,+,X2Pi
final,36296.839815,2.5,457,1,79,1,0.5,0.5,1.5,+,X2Pi
final,36433.031064,2.5,458,2,30,1,0.5,-0.5,0.5,+,B2Pi
final,36472.389838,2.5,459,1,80,1,0.5,0.5,1.5,+,X2Pi
final,36478.206238,2.5,460,1,81,1,0.5,-0.5,0.5,+,X2Pi
final,36600.10907,2.5,461,2,30,1,0.5,0.5,1.5,+,B2Pi
final,36658.494512,2.5,462,1,81,1,0.5,0.5,1.5,+,X2Pi
final,36672.898446,2.5,463,1,82,1,0.5,-0.5,0.5,+,X2Pi
final,2.396301,2.5,1,1,0,-1,0.5,0.5,-0.5,-,X2Pi
final,323.695706,2.5,2,1,0,-1,0.5,-0.5,-1.5,-,X2Pi
final,736.040967,2.5,3,1,1,-1,0.5,0.5,-0.5,-,X2Pi
final,1057.154715,2.5,4,1,1,-1,0.5,-0.5,-1.5,-,X2Pi
final,1463.779382,2.5,5,1,2,-1,0.5,0.5,-0.5,-,X2Pi
final,1784.679069,2.5,6,1,2,-1,0.5,-0.5,-1.5,-,X2Pi
final,2185.573772,2.5,7,1,3,-1,0.5,0.5,-0.5,-,X2Pi
final,2506.229221,2.5,8,1,3,-1,0.5,-0.5,-1.5,-,X2Pi
final,2901.38589,2.5,9,1,4,-1,0.5,0.5,-0.5,-,X2Pi
final,3221.765098,2.5,10,1,4,-1,0.5,-0.5,-1.5,-,X2Pi
final,3611.177024,2.5,11,1,5,-1,0.5,0.5,-0.5,-,X2Pi
final,3931.246104,2.5,12,1,5,-1,0.5,-0.5,-1.5,-,X2Pi
final,4314.908017,2.5,13,1,6,-1,0.5,0.5,-0.5,-,X2Pi
final,4634.631116,2.5,14,1,6,-1,0.5,-0.5,-1.5,-,X2Pi
final,5012.539294,2.5,15,1,7,-1,0.5,0.5,-0.5,-,X2Pi
final,5331.878476,2.5,16,1,7,-1,0.5,-0.5,-1.5,-,X2Pi
final,5704.030878,2.5,17,1,8,-1,0.5,0.5,-0.5,-,X2Pi
final,6022.945976,2.5,18,1,8,-1,0.5,-0.5,-1.5,-,X2Pi
final,6389.342396,2.5,19,1,9,-1,0.5,0.5,-0.5,-,X2Pi
final,6707.790875,2.5,20,1,9,-1,0.5,-0.5,-1.5,-,X2Pi
final,7068.433075,2.5,21,1,10,-1,0.5,0.5,-0.5,-,X2Pi
final,7386.369903,2.5,22,1,10,-1,0.5,-0.5,-1.5,-,X2Pi
final,7741.261748,2.5,23,1,11,-1,0.5,0.5,-0.5,-,X2Pi
final,8058.639269,2.5,24,1,11,-1,0.5,-0.5,-1.5,-,X2Pi
final,8407.786844,2.5,25,1,12,-1,0.5,0.5,-0.5,-,X2Pi
final,8724.554679,2.5,26,1,12,-1,0.5,-0.5,-1.5,-,X2Pi
final,9067.966385,2.5,27,1,13,-1,0.5,0.5,-0.5,-,X2Pi
final,9384.071346,2.5,28,1,13,-1,0.5,-0.5,-1.5,-,X2Pi
final,9721.757986,2.5,29,1,14,-1,0.5,0.5,-0.5,-,X2Pi
final,10037.143993,2.5,30,1,14,-1,0.5,-0.5,-1.5,-,X2Pi
final,10369.118845,2.5,31,1,15,-1,0.5,0.5,-0.5,-,X2Pi
final,10683.726877,2.5,32,1,15,-1,0.5,-0.5,-1.5,-,X2Pi
final,11010.005735,2.5,33,1,16,-1,0.5,0.5,-0.5,-,X2Pi
final,11323.773793,2.5,34,1,16,-1,0.5,-0.5,-1.5,-,X2Pi
final,11644.374992,2.5,35,1,17,-1,0.5,0.5,-0.5,-,X2Pi
final,11957.238095,2.5,36,1,17,-1,0.5,-0.5,-1.5,-,X2Pi
final,12272.182514,2.5,37,1,18,-1,0.5,0.5,-0.5,-,X2Pi
final,12584.072702,2.5,38,1,18,-1,0.5,-0.5,-1.5,-,X2Pi
final,12893.383752,2.5,39,1,19,-1,0.5,0.5,-0.5,-,X2Pi
final,13204.230108,2.5,40,1,19,-1,0.5,-0.5,-1.5,-,X2Pi
final,13507.933687,2.5,41,1,20,-1,0.5,0.5,-0.5,-,X2Pi
final,13817.662408,2.5,42,1,20,-1,0.5,-0.5,-1.5,-,X2Pi
final,14115.786785,2.5,43,1,21,-1,0.5,0.5,-0.5,-,X2Pi
final,14424.321351,2.5,44,1,21,-1,0.5,-0.5,-1.5,-,X2Pi
final,14716.896976,2.5,45,1,22,-1,0.5,0.5,-0.5,-,X2Pi
final,15024.158355,2.5,46,1,22,-1,0.5,-0.5,-1.5,-,X2Pi
final,15311.217678,2.5,47,1,23,-1,0.5,0.5,-0.5,-,X2Pi
final,15617.12449,2.5,48,1,23,-1,0.5,-0.5,-1.5,-,X2Pi
final,15898.701761,2.5,49,1,24,-1,0.5,0.5,-0.5,-,X2Pi
final,15991.784174,2.5,50,3,0,-1,1.5,-1.5,-2.5,-,a4Pi
final,16094.145916,2.5,51,3,0,-1,1.5,-0.5,-1.5,-,a4Pi
final,16195.643742,2.5,52,3,0,-1,1.5,0.5,-0.5,-,a4Pi
final,16203.170512,2.5,53,1,24,-1,0.5,-0.5,-1.5,-,X2Pi
final,16296.266421,2.5,54,3,0,-1,1.5,1.5,0.5,-,a4Pi
final,16442.139596,2.5,55,3,1,-1,1.5,-1.5,-2.5,-,a4Pi
final,16479.301484,2.5,56,1,25,-1,0.5,0.5,-0.5,-,X2Pi
final,16544.573149,2.5,57,3,1,-1,1.5,-0.5,-1.5,-,a4Pi
final,16646.148975,2.5,58,3,1,-1,1.5,0.5,-0.5,-,a4Pi
final,16746.856015,2.5,59,3,1,-1,1.5,1.5,0.5,-,a4Pi
final,16782.246935,2.5,60,1,25,-1,0.5,-0.5,-1.5,-,X2Pi
final,16886.948511,2.5,61,3,2,-1,1.5,-1.5,-2.5,-,a4Pi
final,16989.449137,2.5,62,3,2,-1,1.5,-0.5,-1.5,-,a4Pi
final,17052.968505,2.5,63,1,26,-1,0.5,0.5,-0.5,-,X2Pi
final,17091.098301,2.5,64,3,2,-1,1.5,0.5,-0.5,-,a4Pi
final,17191.885117,2.5,65,3,2,-1,1.5,1.5,0.5,-,a4Pi
final,17326.127525,2.5,66,3,3,-1,1.5,-1.5,-2.5,-,a4Pi
final,17354.304014,2.5,67,1,26,-1,0.5,-0.5,-1.5,-,X2Pi
final,17428.689772,2.5,68,3,3,-1,1.5,-0.5,-1.5,-,a4Pi
final,17530.406903,2.5,69,3,3,-1,1.5,0.5,-0.5,-,a4Pi
final,17619.653854,2.5,70,1,27,-1,0.5,0.5,-0.5,-,X2Pi
final,17631.268207,2.5,71,3,3,-1,1.5,1.5,0.5,-,a4Pi
final,17759.58675,2.5,72,3,4,-1,1.5,-1.5,-2.5,-,a4Pi
final,17862.204305,2.5,73,3,4,-1,1.5,-0.5,-1.5,-,a4Pi
final,17919.291772,2.5,74,1,27,-1,0.5,-0.5,-1.5,-,X2Pi
final,17963.98318,2.5,75,3,4,-1,1.5,0.5,-0.5,-,a4Pi
final,18064.91284,2.5,76,3,4,-1,1.5,1.5,0.5,-,a4Pi
final,18179.307896,2.5,77,1,28,-1,0.5,0.5,-0.5,-,X2Pi
final,18187.229233,2.5,78,3,5,-1,1.5,-1.5,-2.5,-,a4Pi
final,18289.894746,2.5,79,3,5,-1,1.5,-0.5,-1.5,-,a4Pi
final,18391.728109,2.5,80,3,5,-1,1.5,0.5,-0.5,-,a4Pi
final,18477.160047,2.5,81,1,28,-1,0.5,-0.5,-1.5,-,X2Pi
final,18492.71897,2.5,82,3,5,-1,1.5,1.5,0.5,-,a4Pi
final,18608.949864,2.5,83,3,6,-1,1.5,-1.5,-2.5,-,a4Pi
final,18711.654841,2.5,84,3,6,-1,1.5,-0.5,-1.5,-,a4Pi
final,18731.880333,2.5,85,1,29,-1,0.5,0.5,-0.5,-,X2Pi
final,18813.534307,2.5,86,3,6,-1,1.5,0.5,-0.5,-,a4Pi
final,18914.57809,2.5,87,3,6,-1,1.5,1.5,0.5,-,a4Pi
final,19024.634438,2.5,88,3,7,-1,1.5,-1.5,-2.5,-,a4Pi
final,19027.858479,2.5,89,1,29,-1,0.5,-0.5,-1.5,-,X2Pi
final,19127.369011,2.5,90,3,7,-1,1.5,-0.5,-1.5,-,a4Pi
final,19229.284823,2.5,91,3,7,-1,1.5,0.5,-0.5,-,a4Pi
final,19277.320169,2.5,92,1,30,-1,0.5,0.5,-0.5,-,X2Pi
final,19330.371889,2.5,93,3,7,-1,1.5,1.5,0.5,-,a4Pi
final,19434.158581,2.5,94,3,8,-1,1.5,-1.5,-2.5,-,a4Pi
final,19536.911291,2.5,95,3,8,-1,1.5,-0.5,-1.5,-,a4Pi
final,19571.336553,2.5,96,1,30,-1,0.5,-0.5,-1.5,-,X2Pi
final,19638.852114,2.5,97,3,8,-1,1.5,0.5,-0.5,-,a4Pi
final,19739.971252,2.5,98,3,8,-1,1.5,1.5,0.5,-,a4Pi
final,19815.575708,2.5,99,1,31,-1,0.5,0.5,-0.5,-,X2Pi
final,19837.386612,2.5,100,3,9,-1,1.5,-1.5,-2.5,-,a4Pi
final,19940.144151,2.5,101,3,9,-1,1.5,-0.5,-1.5,-,a4Pi
final,20042.096804,2.5,102,3,9,-1,1.5,0.5,-0.5,-,a4Pi
final,20107.543593,2.5,103,1,31,-1,0.5,-0.5,-1.5,-,X2Pi
final,20143.234969,2.5,104,3,9,-1,1.5,1.5,0.5,-,a4Pi
final,20234.169944,2.5,105,3,10,-1,1.5,-1.5,-2.5,-,a4Pi
final,20336.916868,2.5,106,3,10,-1,1.5,-0.5,-1.5,-,a4Pi
final,20346.594545,2.5,107,1,32,-1,0.5,0.5,-0.5,-,X2Pi
final,20438.866046,2.5,108,3,10,-1,1.5,0.5,-0.5,-,a4Pi
final,20540.008075,2.5,109,3,10,-1,1.5,1.5,0.5,-,a4Pi
final,20624.345481,2.5,110,3,11,-1,1.5,-1.5,-2.5,-,a4Pi
final,20636.428776,2.5,111,1,32,-1,0.5,-0.5,-1.5,-,X2Pi
final,20727.063822,2.5,112,3,11,-1,1.5,-0.5,-1.5,-,a4Pi
final,20828.9917,2.5,113,3,11,-1,1.5,0.5,-0.5,-,a4Pi
final,20870.323567,2.5,114,1,33,-1,0.5,0.5,-0.5,-,X2Pi
final,20930.119918,2.5,115,3,11,-1,1.5,1.5,0.5,-,a4Pi
final,21007.733725,2.5,116,3,12,-1,1.5,-1.5,-2.5,-,a4Pi
final,21110.402497,2.5,117,3,12,-1,1.5,-0.5,-1.5,-,a4Pi
final,21157.941127,2.5,118,1,33,-1,0.5,-0.5,-1.5,-,X2Pi
final,21212.288234,2.5,119,3,12,-1,1.5,0.5,-0.5,-,a4Pi
final,21313.381954,2.5,120,3,12,-1,1.5,1.5,0.5,-,a4Pi
final,21384.136561,2.5,121,3,13,-1,1.5,-1.5,-2.5,-,a4Pi
final,21386.708956,2.5,122,1,34,-1,0.5,0.5,-0.5,-,X2Pi
final,21486.731247,2.5,123,3,13,-1,1.5,-0.5,-1.5,-,a4Pi
final,21588.55047,2.5,124,3,13,-1,1.5,0.5,-0.5,-,a4Pi
final,21672.029508,2.5,125,1,34,-1,0.5,-0.5,-1.5,-,X2Pi
final,21689.585472,2.5,126,3,13,-1,1.5,1.5,0.5,-,a4Pi
final,21753.334636,2.5,127,3,14,-1,1.5,-1.5,-2.5,-,a4Pi
final,21855.826574,2.5,128,3,14,-1,1.5,-0.5,-1.5,-,a4Pi
final,21895.6962,2.5,129,1,35,-1,0.5,0.5,-0.5,-,X2Pi
final,21957.550754,2.5,130,3,14,-1,1.5,0.5,-0.5,-,a4Pi
final,22058.498656,2.5,131,3,14,-1,1.5,1.5,0.5,-,a4Pi
final,22115.084455,2.5,132,3,15,-1,1.5,-1.5,-2.5,-,a4Pi
final,22178.642618,2.5,133,1,35,-1,0.5,-0.5,-1.5,-,X2Pi
final,22217.440004,2.5,134,3,15,-1,1.5,-0.5,-1.5,-,a4Pi
final,22319.035616,2.5,135,3,15,-1,1.5,0.5,-0.5,-,a4Pi
final,22397.230102,2.5,136,1,36,-1,0.5,0.5,-0.5,-,X2Pi
final,22419.863019,2.5,137,3,15,-1,1.5,1.5,0.5,-,a4Pi
final,22469.11479,2.5,138,3,16,-1,1.5,-1.5,-2.5,-,a4Pi
final,22571.294484,2.5,139,3,16,-1,1.5,-0.5,-1.5,-,a4Pi
final,22672.722139,2.5,140,3,16,-1,1.5,0.5,-0.5,-,a4Pi
final,22677.72897,2.5,141,1,36,-1,0.5,-0.5,-1.5,-,X2Pi
final,22773.389748,2.5,142,3,16,-1,1.5,1.5,0.5,-,a4Pi
final,22783.976887,2.5,143,2,0,-1,0.5,0.5,-0.5,-,B2Pi
final,22815.122839,2.5,144,3,17,-1,1.5,-1.5,-2.5,-,a4Pi
final,22876.877276,2.5,145,2,0,-1,0.5,-0.5,-1.5,-,B2Pi
final,22891.254793,2.5,146,1,37,-1,0.5,0.5,-0.5,-,X2Pi
final,22917.08022,2.5,147,3,17,-1,1.5,-0.5,-1.5,-,a4Pi
final,23018.293476,2.5,148,3,17,-1,1.5,0.5,-0.5,-,a4Pi
final,23118.754883,2.5,149,3,17,-1,1.5,1.5,0.5,-,a4Pi
final,23152.769562,2.5,150,3,18,-1,1.5,-1.5,-2.5,-,a4Pi
final,23169.236876,2.5,151,1,37,-1,0.5,-0.5,-1.5,-,X2Pi
final,23254.44976,2.5,152,3,18,-1,1.5,-0.5,-1.5,-,a4Pi
final,23290.086089,2.5,153,2,1,-1,0.5,0.5,-0.5,-,B2Pi
final,23355.393661,2.5,154,3,18,-1,1.5,0.5,-0.5,-,a4Pi
final,23377.713774,2.5,155,1,38,-1,0.5,0.5,-0.5,-,X2Pi
final,23384.844174,2.5,156,2,1,-1,0.5,-0.5,-1.5,-,B2Pi
final,23455.593851,2.5,157,3,18,-1,1.5,1.5,0.5,-,a4Pi
final,23481.674123,2.5,158,3,19,-1,1.5,-1.5,-2.5,-,a4Pi
final,23583.012159,2.5,159,3,19,-1,1.5,-0.5,-1.5,-,a4Pi
final,23653.114407,2.5,160,1,38,-1,0.5,-0.5,-1.5,-,X2Pi
final,23683.621496,2.5,161,3,19,-1,1.5,0.5,-0.5,-,a4Pi
final,23783.495046,2.5,162,3,19,-1,1.5,1.5,0.5,-,a4Pi
final,23792.656266,2.5,163,2,2,-1,0.5,0.5,-0.5,-,B2Pi
final,23801.407476,2.5,164,3,20,-1,1.5,-1.5,-2.5,-,a4Pi
final,23856.549951,2.5,165,1,39,-1,0.5,0.5,-0.5,-,X2Pi
final,23889.338263,2.5,166,2,2,-1,0.5,-0.5,-1.5,-,B2Pi
final,23902.32629,2.5,167,3,20,-1,1.5,-0.5,-1.5,-,a4Pi
final,24002.523543,2.5,168,3,20,-1,1.5,0.5,-0.5,-,a4Pi
final,24101.992496,2.5,169,3,20,-1,1.5,1.5,0.5,-,a4Pi
final,24111.485215,2.5,170,3,21,-1,1.5,-1.5,-2.5,-,a4Pi
final,24129.309348,2.5,171,1,39,-1,0.5,-0.5,-1.5,-,X2Pi
final,24211.89306,2.5,172,3,21,-1,1.5,-0.5,-1.5,-,a4Pi
final,24291.6874,2.5,173,2,3,-1,0.5,0.5,-0.5,-,B2Pi
final,24311.585685,2.5,174,3,21,-1,1.5,0.5,-0.5,-,a4Pi
final,24327.705651,2.5,175,1,40,-1,0.5,0.5,-0.5,-,X2Pi
final,24390.359569,2.5,176,2,3,-1,0.5,-0.5,-1.5,-,B2Pi
final,24410.556723,2.5,177,3,21,-1,1.5,1.5,0.5,-,a4Pi
final,24411.359032,2.5,178,3,22,-1,1.5,-1.5,-2.5,-,a4Pi
final,24511.146424,2.5,179,3,22,-1,1.5,-0.5,-1.5,-,a4Pi
final,24597.769189,2.5,180,1,40,-1,0.5,-0.5,-1.5,-,X2Pi
final,24610.223655,2.5,181,3,22,-1,1.5,0.5,-0.5,-,a4Pi
final,24700.407116,2.5,182,3,23,-1,1.5,-1.5,-2.5,-,a4Pi
final,24708.584732,2.5,183,3,22,-1,1.5,1.5,0.5,-,a4Pi
final,24787.17986,2.5,184,2,4,-1,0.5,0.5,-0.5,-,B2Pi
final,24791.122641,2.5,185,1,41,-1,0.5,0.5,-0.5,-,X2Pi
final,24799.442976,2.5,186,3,23,-1,1.5,-0.5,-1.5,-,a4Pi
final,24887.907724,2.5,187,2,4,-1,0.5,-0.5,-1.5,-,B2Pi
final,24897.771728,2.5,188,3,23,-1,1.5,0.5,-0.5,-,a4Pi
final,24977.923667,2.5,189,3,24,-1,1.5,-1.5,-2.5,-,a4Pi
final,24995.38774,2.5,190,3,23,-1,1.5,1.5,0.5,-,a4Pi
final,25058.441095,2.5,191,1,41,-1,0.5,-0.5,-1.5,-,X2Pi
final,25076.0505,2.5,192,3,24,-1,1.5,-0.5,-1.5,-,a4Pi
final,25173.470234,2.5,193,3,24,-1,1.5,0.5,-0.5,-,a4Pi
final,25243.107285,2.5,194,3,25,-1,1.5,-1.5,-2.5,-,a4Pi
final,25246.742191,2.5,195,1,42,-1,0.5,0.5,-0.5,-,X2Pi
final,25270.177544,2.5,196,3,24,-1,1.5,1.5,0.5,-,a4Pi
final,25279.1344,2.5,197,2,5,-1,0.5,0.5,-0.5,-,B2Pi
final,25340.135451,2.5,198,3,25,-1,1.5,-0.5,-1.5,-,a4Pi
final,25381.982016,2.5,199,2,5,-1,0.5,-0.5,-1.5,-,B2Pi
final,25436.452016,2.5,200,3,25,-1,1.5,0.5,-0.5,-,a4Pi
final,25495.04935,2.5,201,3,26,-1,1.5,-1.5,-2.5,-,a4Pi
final,25511.271841,2.5,202,1,42,-1,0.5,-0.5,-1.5,-,X2Pi
final,25532.051818,2.5,203,3,25,-1,1.5,1.5,0.5,-,a4Pi
final,25590.750313,2.5,204,3,26,-1,1.5,-0.5,-1.5,-,a4Pi
final,25685.728577,2.5,205,3,26,-1,1.5,0.5,-0.5,-,a4Pi
final,25694.5051,2.5,206,1,43,-1,0.5,0.5,-0.5,-,X2Pi
final,25732.724736,2.5,207,3,27,-1,1.5,-1.5,-2.5,-,a4Pi
final,25767.551762,2.5,208,2,6,-1,0.5,0.5,-0.5,-,B2Pi
final,25779.978867,2.5,209,3,26,-1,1.5,1.5,0.5,-,a4Pi
final,25826.82282,2.5,210,3,27,-1,1.5,-0.5,-1.5,-,a4Pi
final,25872.581731,2.5,211,2,6,-1,0.5,-0.5,-1.5,-,B2Pi
final,25920.177573,2.5,212,3,27,-1,1.5,0.5,-0.5,-,a4Pi
final,25954.987186,2.5,213,3,28,-1,1.5,-1.5,-2.5,-,a4Pi
final,25956.207788,2.5,214,1,43,-1,0.5,-0.5,-1.5,-,X2Pi
final,26012.783089,2.5,215,3,27,-1,1.5,1.5,0.5,-,a4Pi
final,26047.150532,2.5,216,3,28,-1,1.5,-0.5,-1.5,-,a4Pi
final,26134.351702,2.5,217,1,44,-1,0.5,0.5,-0.5,-,X2Pi
final,26138.536453,2.5,218,3,28,-1,1.5,0.5,-0.5,-,a4Pi
final,26160.575463,2.5,219,3,29,-1,1.5,-1.5,-2.5,-,a4Pi
final,26229.137517,2.5,220,3,28,-1,1.5,1.5,0.5,-,a4Pi
final,26250.407503,2.5,221,3,29,-1,1.5,-0.5,-1.5,-,a4Pi
final,26252.433064,2.5,222,2,7,-1,0.5,0.5,-0.5,-,B2Pi
final,26339.409446,2.5,223,3,29,-1,1.5,0.5,-0.5,-,a4Pi
final,26348.142502,2.5,224,3,30,-1,1.5,-1.5,-2.5,-,a4Pi
final,26359.705791,2.5,225,2,7,-1,0.5,-0.5,-1.5,-,B2Pi
final,26393.194883,2.5,226,1,44,-1,0.5,-0.5,-1.5,-,X2Pi
final,26427.570868,2.5,227,3,29,-1,1.5,1.5,0.5,-,a4Pi
final,26435.176425,2.5,228,3,30,-1,1.5,-0.5,-1.5,-,a4Pi
final,26516.325145,2.5,229,3,31,-1,1.5,-1.5,-2.5,-,a4Pi
final,26521.303154,2.5,230,3,30,-1,1.5,0.5,-0.5,-,a4Pi
final,26566.221909,2.5,231,1,45,-1,0.5,0.5,-0.5,-,X2Pi
final,26600.028489,2.5,232,3,31,-1,1.5,-0.5,-1.5,-,a4Pi
final,26606.507102,2.5,233,3,30,-1,1.5,1.5,0.5,-,a4Pi
final,26663.88314,2.5,234,3,32,-1,1.5,-1.5,-2.5,-,a4Pi
final,26682.718115,2.5,235,3,31,-1,1.5,0.5,-0.5,-,a4Pi
final,26733.779724,2.5,236,2,8,-1,0.5,0.5,-0.5,-,B2Pi
final,26743.684681,2.5,237,3,32,-1,1.5,-0.5,-1.5,-,a4Pi
final,26764.370588,2.5,238,3,31,-1,1.5,1.5,0.5,-,a4Pi
final,26789.942056,2.5,239,3,33,-1,1.5,-1.5,-2.5,-,a4Pi
final,26822.1786,2.5,240,1,45,-1,0.5,-0.5,-1.5,-,X2Pi
final,26822.337102,2.5,241,3,32,-1,1.5,0.5,-0.5,-,a4Pi
final,26843.35283,2.5,242,2,8,-1,0.5,-0.5,-1.5,-,B2Pi
final,26865.305037,2.5,243,3,33,-1,1.5,-0.5,-1.5,-,a4Pi
final,26894.542993,2.5,244,3,34,-1,1.5,-1.5,-2.5,-,a4Pi
final,26899.807377,2.5,245,3,32,-1,1.5,1.5,0.5,-,a4Pi
final,26939.375199,2.5,246,3,33,-1,1.5,0.5,-0.5,-,a4Pi
final,26965.287581,2.5,247,3,34,-1,1.5,-0.5,-1.5,-,a4Pi
final,26982.291646,2.5,248,3,35,-1,1.5,-1.5,-2.5,-,a4Pi
final,26990.055251,2.5,249,1,46,-1,0.5,0.5,-0.5,-,X2Pi
final,27012.119112,2.5,250,3,33,-1,1.5,1.5,0.5,-,a4Pi
final,27034.786305,2.5,251,3,34,-1,1.5,0.5,-0.5,-,a4Pi
final,27050.372393,2.5,252,3,35,-1,1.5,-0.5,-1.5,-,a4Pi
final,27069.368717,2.5,253,3,36,-1,1.5,-1.5,-2.5,-,a4Pi
final,27103.114436,2.5,254,3,34,-1,1.5,1.5,0.5,-,a4Pi
final,27117.938749,2.5,255,3,35,-1,1.5,0.5,-0.5,-,a4Pi
final,27138.441841,2.5,256,3,36,-1,1.5,-0.5,-1.5,-,a4Pi
final,27168.693978,2.5,257,3,37,-1,1.5,-1.5,-2.5,-,a4Pi
final,27185.140823,2.5,258,3,35,-1,1.5,1.5,0.5,-,a4Pi
final,27207.425843,2.5,259,3,36,-1,1.5,0.5,-0.5,-,a4Pi
final,27211.593201,2.5,260,2,9,-1,0.5,0.5,-0.5,-,B2Pi
final,27239.610972,2.5,261,3,37,-1,1.5,-0.5,-1.5,-,a4Pi
final,27243.103911,2.5,262,1,46,-1,0.5,-0.5,-1.5,-,X2Pi
final,27276.319975,2.5,263,3,36,-1,1.5,1.5,0.5,-,a4Pi
final,27280.77915,2.5,264,3,38,-1,1.5,-1.5,-2.5,-,a4Pi
final,27310.380784,2.5,265,3,37,-1,1.5,0.5,-0.5,-,a4Pi
final,27323.521442,2.5,266,2,9,-1,0.5,-0.5,-1.5,-,B2Pi
final,27353.170973,2.5,267,3,38,-1,1.5,-0.5,-1.5,-,a4Pi
final,27380.979856,2.5,268,3,37,-1,1.5,1.5,0.5,-,a4Pi
final,27403.702159,2.5,269,3,39,-1,1.5,-1.5,-2.5,-,a4Pi
final,27405.790898,2.5,270,1,47,-1,0.5,0.5,-0.5,-,X2Pi
final,27425.33465,2.5,271,3,38,-1,1.5,0.5,-0.5,-,a4Pi
final,27477.253847,2.5,272,3,39,-1,1.5,-0.5,-1.5,-,a4Pi
final,27497.25189,2.5,273,3,38,-1,1.5,1.5,0.5,-,a4Pi
final,27536.063733,2.5,274,3,40,-1,1.5,-1.5,-2.5,-,a4Pi
final,27550.521478,2.5,275,3,39,-1,1.5,0.5,-0.5,-,a4Pi
final,27610.564762,2.5,276,3,40,-1,1.5,-0.5,-1.5,-,a4Pi
final,27623.490727,2.5,277,3,39,-1,1.5,1.5,0.5,-,a4Pi
final,27655.915267,2.5,278,1,47,-1,0.5,-0.5,-1.5,-,X2Pi
final,27676.896639,2.5,279,3,41,-1,1.5,-1.5,-2.5,-,a4Pi
final,27684.741796,2.5,280,3,40,-1,1.5,0.5,-0.5,-,a4Pi
final,27685.875262,2.5,281,2,10,-1,0.5,0.5,-0.5,-,B2Pi
final,27752.199118,2.5,282,3,41,-1,1.5,-0.5,-1.5,-,a4Pi
final,27758.582883,2.5,283,3,40,-1,1.5,1.5,0.5,-,a4Pi
final,27800.209919,2.5,284,2,10,-1,0.5,-0.5,-1.5,-,B2Pi
final,27813.367663,2.5,285,1,48,-1,0.5,0.5,-0.5,-,X2Pi
final,27825.49432,2.5,286,3,42,-1,1.5,-1.5,-2.5,-,a4Pi
final,27827.147466,2.5,287,3,41,-1,1.5,0.5,-0.5,-,a4Pi
final,27901.489079,2.5,288,3,42,-1,1.5,-0.5,-1.5,-,a4Pi
final,27901.731221,2.5,289,3,41,-1,1.5,1.5,0.5,-,a4Pi
final,27977.105832,2.5,290,3,42,-1,1.5,0.5,-0.5,-,a4Pi
final,27981.314206,2.5,291,3,43,-1,1.5,-1.5,-2.5,-,a4Pi
final,28052.335092,2.5,292,3,42,-1,1.5,1.5,0.5,-,a4Pi
final,28057.916888,2.5,293,3,43,-1,1.5,-0.5,-1.5,-,a4Pi
final,28060.556597,2.5,294,1,48,-1,0.5,-0.5,-1.5,-,X2Pi
final,28134.121977,2.5,295,3,43,-1,1.5,0.5,-0.5,-,a4Pi
final,28143.923035,2.5,296,3,44,-1,1.5,-1.5,-2.5,-,a4Pi
final,28156.627816,2.5,297,2,11,-1,0.5,0.5,-0.5,-,B2Pi
final,28209.920675,2.5,298,3,43,-1,1.5,1.5,0.5,-,a4Pi
final,28212.72404,2.5,299,1,49,-1,0.5,0.5,-0.5,-,X2Pi
final,28221.06662,2.5,300,3,44,-1,1.5,-0.5,-1.5,-,a4Pi
final,28273.416406,2.5,301,2,11,-1,0.5,-0.5,-1.5,-,B2Pi
final,28297.796157,2.5,302,3,44,-1,1.5,0.5,-0.5,-,a4Pi
final,28312.966594,2.5,303,3,45,-1,1.5,-1.5,-2.5,-,a4Pi
final,28374.103332,2.5,304,3,44,-1,1.5,1.5,0.5,-,a4Pi
final,28390.596503,2.5,305,3,45,-1,1.5,-0.5,-1.5,-,a4Pi
final,28456.971266,2.5,306,1,49,-1,0.5,-0.5,-1.5,-,X2Pi
final,28467.798189,2.5,307,3,45,-1,1.5,0.5,-0.5,-,a4Pi
final,28488.14764,2.5,308,3,46,-1,1.5,-1.5,-2.5,-,a4Pi
final,28544.563702,2.5,309,3,45,-1,1.5,1.5,0.5,-,a4Pi
final,28566.218457,2.5,310,3,46,-1,1.5,-0.5,-1.5,-,a4Pi
final,28603.798227,2.5,311,1,50,-1,0.5,0.5,-0.5,-,X2Pi
final,28623.852888,2.5,312,2,12,-1,0.5,0.5,-0.5,-,B2Pi
final,28643.84866,2.5,313,3,46,-1,1.5,0.5,-0.5,-,a4Pi
final,28669.212798,2.5,314,3,47,-1,1.5,-1.5,-2.5,-,a4Pi
final,28721.030573,2.5,315,3,46,-1,1.5,1.5,0.5,-,a4Pi
final,28743.138956,2.5,316,2,12,-1,0.5,-0.5,-1.5,-,B2Pi
final,28747.686239,2.5,317,3,47,-1,1.5,-0.5,-1.5,-,a4Pi
final,28825.708092,2.5,318,3,47,-1,1.5,0.5,-0.5,-,a4Pi
final,28845.102074,2.5,319,1,50,-1,0.5,-0.5,-1.5,-,X2Pi
final,28855.943295,2.5,320,3,48,-1,1.5,-1.5,-2.5,-,a4Pi
final,28903.270889,2.5,321,3,47,-1,1.5,1.5,0.5,-,a4Pi
final,28934.78663,2.5,322,3,48,-1,1.5,-0.5,-1.5,-,a4Pi
final,28986.528111,2.5,323,1,51,-1,0.5,0.5,-0.5,-,X2Pi
final,29013.168521,2.5,324,3,48,-1,1.5,0.5,-0.5,-,a4Pi
final,29048.147531,2.5,325,3,49,-1,1.5,-1.5,-2.5,-,a4Pi
final,29087.552643,2.5,326,2,13,-1,0.5,0.5,-0.5,-,B2Pi
final,29091.081666,2.5,327,3,48,-1,1.5,1.5,0.5,-,a4Pi
final,29127.332459,2.5,328,3,49,-1,1.5,-0.5,-1.5,-,a4Pi
final,29206.047021,2.5,329,3,49,-1,1.5,0.5,-0.5,-,a4Pi
final,29209.375462,2.5,330,2,13,-1,0.5,-0.5,-1.5,-,B2Pi
final,29224.891262,2.5,331,1,51,-1,0.5,-0.5,-1.5,-,X2Pi
final,29245.656224,2.5,332,3,50,-1,1.5,-1.5,-2.5,-,a4Pi
final,29284.284041,2.5,333,3,49,-1,1.5,1.5,0.5,-,a4Pi
final,29325.158036,2.5,334,3,50,-1,1.5,-0.5,-1.5,-,a4Pi
final,29360.851324,2.5,335,1,52,-1,0.5,0.5,-0.5,-,X2Pi
final,29404.181342,2.5,336,3,50,-1,1.5,0.5,-0.5,-,a4Pi
final,29448.318568,2.5,337,3,51,-1,1.5,-1.5,-2.5,-,a4Pi
final,29482.719069,2.5,338,3,50,-1,1.5,1.5,0.5,-,a4Pi
final,29528.115564,2.5,339,3,51,-1,1.5,-0.5,-1.5,-,a4Pi
final,29547.729258,2.5,340,2,14,-1,0.5,0.5,-0.5,-,B2Pi
final,29596.280472,2.5,341,1,52,-1,0.5,-0.5,-1.5,-,X2Pi
final,29607.426555,2.5,342,3,51,-1,1.5,0.5,-0.5,-,a4Pi
final,29655.999094,2.5,343,3,52,-1,1.5,-1.5,-2.5,-,a4Pi
final,29672.123793,2.5,344,2,14,-1,0.5,-0.5,-1.5,-,B2Pi
final,29686.244547,2.5,345,3,51,-1,1.5,1.5,0.5,-,a4Pi
final,29726.705215,2.5,346,1,53,-1,0.5,0.5,-0.5,-,X2Pi
final,29736.072001,2.5,347,3,52,-1,1.5,-0.5,-1.5,-,a4Pi
final,29815.651995,2.5,348,3,52,-1,1.5,0.5,-0.5,-,a4Pi
final,29868.575418,2.5,349,3,53,-1,1.5,-1.5,-2.5,-,a4Pi
final,29894.732131,2.5,350,3,52,-1,1.5,1.5,0.5,-,a4Pi
final,29948.907039,2.5,351,3,53,-1,1.5,-0.5,-1.5,-,a4Pi
final,29959.210785,2.5,352,1,53,-1,0.5,-0.5,-1.5,-,X2Pi
final,30004.384947,2.5,353,2,15,-1,0.5,0.5,-0.5,-,B2Pi
final,30028.739356,2.5,354,3,53,-1,1.5,0.5,-0.5,-,a4Pi
final,30084.026894,2.5,355,1,54,-1,0.5,0.5,-0.5,-,X2Pi
final,30085.936372,2.5,356,3,54,-1,1.5,-1.5,-2.5,-,a4Pi
final,30108.065421,2.5,357,3,53,-1,1.5,1.5,0.5,-,a4Pi
final,30131.381803,2.5,358,2,15,-1,0.5,-0.5,-1.5,-,B2Pi
final,30166.511099,2.5,359,3,54,-1,1.5,-0.5,-1.5,-,a4Pi
final,30246.580819,2.5,360,3,54,-1,1.5,0.5,-0.5,-,a4Pi
final,30307.980143,2.5,361,3,55,-1,1.5,-1.5,-2.5,-,a4Pi
final,30313.622686,2.5,362,1,54,-1,0.5,-0.5,-1.5,-,X2Pi
final,30326.138626,2.5,363,3,54,-1,1.5,1.5,0.5,-,a4Pi
final,30388.784011,2.5,364,3,55,-1,1.5,-0.5,-1.5,-,a4Pi
final,30432.75322,2.5,365,1,55,-1,0.5,0.5,-0.5,-,X2Pi
final,30457.521914,2.5,366,2,16,-1,0.5,0.5,-0.5,-,B2Pi
final,30469.077576,2.5,367,3,55,-1,1.5,0.5,-0.5,-,a4Pi
final,30534.625487,2.5,368,3,56,-1,1.5,-1.5,-2.5,-,a4Pi
final,30548.853637,2.5,369,3,55,-1,1.5,1.5,0.5,-,a4Pi
final,30587.14733,2.5,370,2,16,-1,0.5,-0.5,-1.5,-,B2Pi
final,30615.635072,2.5,371,3,56,-1,1.5,-0.5,-1.5,-,a4Pi
final,30659.456092,2.5,372,1,55,-1,0.5,-0.5,-1.5,-,X2Pi
final,30696.139471,2.5,373,3,56,-1,1.5,0.5,-0.5,-,a4Pi
final,30765.767502,2.5,374,3,57,-1,1.5,-1.5,-2.5,-,a4Pi
final,30772.820821,2.5,375,1,56,-1,0.5,0.5,-0.5,-,X2Pi
final,30776.126456,2.5,376,3,56,-1,1.5,1.5,0.5,-,a4Pi
final,30846.979552,2.5,377,3,57,-1,1.5,-0.5,-1.5,-,a4Pi
final,30907.142262,2.5,378,2,17,-1,0.5,0.5,-0.5,-,B2Pi
final,30927.684978,2.5,379,3,57,-1,1.5,0.5,-0.5,-,a4Pi
final,30996.650343,2.5,380,1,56,-1,0.5,-0.5,-1.5,-,X2Pi
final,31003.135657,2.5,381,3,58,-1,1.5,-1.5,-2.5,-,a4Pi
final,31007.931893,2.5,382,3,57,-1,1.5,1.5,0.5,-,a4Pi
final,31039.41831,2.5,383,2,17,-1,0.5,-0.5,-1.5,-,B2Pi
final,31082.911382,2.5,384,3,58,-1,1.5,-0.5,-1.5,-,a4Pi
final,31104.166103,2.5,385,1,57,-1,0.5,0.5,-0.5,-,X2Pi
final,31163.857686,2.5,386,3,58,-1,1.5,0.5,-0.5,-,a4Pi
final,31245.857873,2.5,387,3,58,-1,1.5,1.5,0.5,-,a4Pi
final,31325.144218,2.5,388,1,57,-1,0.5,-0.5,-1.5,-,X2Pi
final,31353.248134,2.5,389,2,18,-1,0.5,0.5,-0.5,-,B2Pi
final,31426.72526,2.5,390,1,58,-1,0.5,0.5,-0.5,-,X2Pi
final,31488.19264,2.5,391,2,18,-1,0.5,-0.5,-1.5,-,B2Pi
final,31644.875942,2.5,392,1,58,-1,0.5,-0.5,-1.5,-,X2Pi
final,31740.43428,2.5,393,1,59,-1,0.5,0.5,-0.5,-,X2Pi
final,31795.841663,2.5,394,2,19,-1,0.5,0.5,-0.5,-,B2Pi
final,31933.468238,2.5,395,2,19,-1,0.5,-0.5,-1.5,-,B2Pi
final,31955.783204,2.5,396,1,59,-1,0.5,-0.5,-1.5,-,X2Pi
final,32045.228967,2.5,397,1,60,-1,0.5,0.5,-0.5,-,X2Pi
final,32234.924884,2.5,398,2,20,-1,0.5,0.5,-0.5,-,B2Pi
final,32257.803161,2.5,399,1,60,-1,0.5,-0.5,-1.5,-,X2Pi
final,32341.044943,2.5,400,1,61,-1,0.5,0.5,-0.5,-,X2Pi
final,32375.243093,2.5,401,2,20,-1,0.5,-0.5,-1.5,-,B2Pi
final,32550.872471,2.5,402,1,61,-1,0.5,-0.5,-1.5,-,X2Pi
final,32627.817669,2.5,403,1,62,-1,0.5,0.5,-0.5,-,X2Pi
final,32670.499617,2.5,404,2,21,-1,0.5,0.5,-0.5,-,B2Pi
final,32813.515356,2.5,405,2,21,-1,0.5,-0.5,-1.5,-,B2Pi
final,32834.927303,2.5,406,1,62,-1,0.5,-0.5,-1.5,-,X2Pi
final,32905.482463,2.5,407,1,63,-1,0.5,0.5,-0.5,-,X2Pi
final,33102.56747,2.5,408,2,22,-1,0.5,0.5,-0.5,-,B2Pi
final,33109.903361,2.5,409,1,63,-1,0.5,-0.5,-1.5,-,X2Pi
final,33173.97451,2.5,410,1,64,-1,0.5,0.5,-0.5,-,X2Pi
final,33248.283432,2.5,411,2,22,-1,0.5,-0.5,-1.5,-,B2Pi
final,33375.735929,2.5,412,1,64,-1,0.5,-0.5,-1.5,-,X2Pi
final,33433.228837,2.5,413,1,65,-1,0.5,0.5,-0.5,-,X2Pi
final,33531.130084,2.5,414,2,23,-1,0.5,0.5,-0.5,-,B2Pi
final,33632.359942,2.5,415,1,65,-1,0.5,-0.5,-1.5,-,X2Pi
final,33679.545725,2.5,416,2,23,-1,0.5,-0.5,-1.5,-,B2Pi
final,33683.180359,2.5,417,1,66,-1,0.5,0.5,-0.5,-,X2Pi
final,33879.709976,2.5,418,1,66,-1,0.5,-0.5,-1.5,-,X2Pi
final,33923.763996,2.5,419,1,67,-1,0.5,0.5,-0.5,-,X2Pi
final,33956.188991,2.5,420,2,24,-1,0.5,0.5,-0.5,-,B2Pi
final,34107.300672,2.5,421,2,24,-1,0.5,-0.5,-1.5,-,B2Pi
final,34117.720211,2.5,422,1,67,-1,0.5,-0.5,-1.5,-,X2Pi
final,34154.914625,2.5,423,1,68,-1,0.5,0.5,-0.5,-,X2Pi
final,34346.324601,2.5,424,1,68,-1,0.5,-0.5,-1.5,-,X2Pi
final,34376.567039,2.5,425,1,69,-1,0.5,0.5,-0.5,-,X2Pi
final,34377.745465,2.5,426,2,25,-1,0.5,0.5,-0.5,-,B2Pi
final,34531.546971,2.5,427,2,25,-1,0.5,-0.5,-1.5,-,B2Pi
final,34565.456932,2.5,428,1,69,-1,0.5,-0.5,-1.5,-,X2Pi
final,34588.656139,2.5,429,1,70,-1,0.5,0.5,-0.5,-,X2Pi
final,34775.050763,2.5,430,1,70,-1,0.5,-0.5,-1.5,-,X2Pi
final,34791.116928,2.5,431,1,71,-1,0.5,0.5,-0.5,-,X2Pi
final,34795.800733,2.5,432,2,26,-1,0.5,0.5,-0.5,-,B2Pi
final,34952.283415,2.5,433,2,26,-1,0.5,-0.5,-1.5,-,B2Pi
final,34975.039568,2.5,434,1,71,-1,0.5,-0.5,-1.5,-,X2Pi
final,34983.884742,2.5,435,1,72,-1,0.5,0.5,-0.5,-,X2Pi
final,35165.355374,2.5,436,1,72,-1,0.5,-0.5,-1.5,-,X2Pi
final,35166.897018,2.5,437,1,73,-1,0.5,0.5,-0.5,-,X2Pi
final,35210.35595,2.5,438,2,27,-1,0.5,0.5,-0.5,-,B2Pi
final,35340.0889,2.5,439,1,74,-1,0.5,0.5,-0.5,-,X2Pi
final,35345.938774,2.5,440,1,73,-1,0.5,-0.5,-1.5,-,X2Pi
final,35369.508849,2.5,441,2,27,-1,0.5,-0.5,-1.5,-,B2Pi
final,35503.489704,2.5,442,1,75,-1,0.5,0.5,-0.5,-,X2Pi
final,35516.726785,2.5,443,1,74,-1,0.5,-0.5,-1.5,-,X2Pi
final,35621.412147,2.5,444,2,28,-1,0.5,0.5,-0.5,-,B2Pi
final,35657.831018,2.5,445,1,76,-1,0.5,0.5,-0.5,-,X2Pi
final,35677.80532,2.5,446,1,75,-1,0.5,-0.5,-1.5,-,X2Pi
final,35783.222205,2.5,447,2,28,-1,0.5,-0.5,-1.5,-,B2Pi
final,35806.901323,2.5,448,1,77,-1,0.5,0.5,-0.5,-,X2Pi
final,35830.315672,2.5,449,1,76,-1,0.5,-0.5,-1.5,-,X2Pi
final,35958.865991,2.5,450,1,78,-1,0.5,0.5,-0.5,-,X2Pi
final,35979.096963,2.5,451,1,77,-1,0.5,-0.5,-1.5,-,X2Pi
final,36028.97023,2.5,452,2,29,-1,0.5,0.5,-0.5,-,B2Pi
final,36120.646961,2.5,453,1,79,-1,0.5,0.5,-0.5,-,X2Pi
final,36132.683236,2.5,454,1,78,-1,0.5,-0.5,-1.5,-,X2Pi
final,36193.422567,2.5,455,2,29,-1,0.5,-0.5,-1.5,-,B2Pi
final,36293.98751,2.5,456,1,80,-1,0.5,0.5,-0.5,-,X2Pi
final,36296.83983,2.5,457,1,79,-1,0.5,-0.5,-1.5,-,X2Pi
final,36433.031064,2.5,458,2,30,-1,0.5,0.5,-0.5,-,B2Pi
final,36472.389841,2.5,459,1,80,-1,0.5,-0.5,-1.5,-,X2Pi
final,36478.234565,2.5,460,1,81,-1,0.5,0.5,-0.5,-,X2Pi
final,36600.10907,2.5,461,2,30,-1,0.5,-0.5,-1.5,-,B2Pi
final,36658.494513,2.5,462,1,81,-1,0.5,-0.5,-1.5,-,X2Pi
final,36672.926489,2.5,463,1,82,-1,0.5,0.5,-0.5,-,X2Pi
final,4.47753,3.5,1,1,0,1,0.5,-0.5,0.5,+,X2Pi
final,325.774859,3.5,2,1,0,1,0.5,0.5,1.5,+,X2Pi
final,738.111109,3.5,3,1,1,1,0.5,-0.5,0.5,+,X2Pi
final,1059.222723,3.5,4,1,1,1,0.5,0.5,1.5,+,X2Pi
final,1465.83839,3.5,5,1,2,1,0.5,-0.5,0.5,+,X2Pi
final,1786.735882,3.5,6,1,2,1,0.5,0.5,1.5,+,X2Pi
final,2187.621596,3.5,7,1,3,1,0.5,-0.5,0.5,+,X2Pi
final,2508.27479,3.5,8,1,3,1,0.5,0.5,1.5,+,X2Pi
final,2903.422478,3.5,9,1,4,1,0.5,-0.5,0.5,+,X2Pi
final,3223.799368,3.5,10,1,4,1,0.5,0.5,1.5,+,X2Pi
final,3613.202321,3.5,11,1,5,1,0.5,-0.5,0.5,+,X2Pi
final,3933.269019,3.5,12,1,5,1,0.5,0.5,1.5,+,X2Pi
final,4316.921968,3.5,13,1,6,1,0.5,-0.5,0.5,+,X2Pi
final,4636.642619,3.5,14,1,6,1,0.5,0.5,1.5,+,X2Pi
final,5014.541839,3.5,15,1,7,1,0.5,-0.5,0.5,+,X2Pi
final,5333.878505,3.5,16,1,7,1,0.5,0.5,1.5,+,X2Pi
final,5706.021958,3.5,17,1,8,1,0.5,-0.5,0.5,+,X2Pi
final,6024.934469,3.5,18,1,8,1,0.5,0.5,1.5,+,X2Pi
final,6391.321947,3.5,19,1,9,1,0.5,-0.5,0.5,+,X2Pi
final,6709.767765,3.5,20,1,9,1,0.5,0.5,1.5,+,X2Pi
final,7070.401032,3.5,21,1,10,1,0.5,-0.5,0.5,+,X2Pi
final,7388.335122,3.5,22,1,10,1,0.5,0.5,1.5,+,X2Pi
final,7743.218044,3.5,23,1,11,1,0.5,-0.5,0.5,+,X2Pi
final,8060.592746,3.5,24,1,11,1,0.5,0.5,1.5,+,X2Pi
final,8409.731408,3.5,25,1,12,1,0.5,-0.5,0.5,+,X2Pi
final,8726.496342,3.5,26,1,12,1,0.5,0.5,1.5,+,X2Pi
final,9069.899145,3.5,27,1,13,1,0.5,-0.5,0.5,+,X2Pi
final,9386.001118,3.5,28,1,13,1,0.5,0.5,1.5,+,X2Pi
final,9723.678867,3.5,29,1,14,1,0.5,-0.5,0.5,+,X2Pi
final,10039.061797,3.5,30,1,14,1,0.5,0.5,1.5,+,X2Pi
final,10371.02777,3.5,31,1,15,1,0.5,-0.5,0.5,+,X2Pi
final,10685.632632,3.5,32,1,15,1,0.5,0.5,1.5,+,X2Pi
final,11011.902623,3.5,33,1,16,1,0.5,-0.5,0.5,+,X2Pi
final,11325.667415,3.5,34,1,16,1,0.5,0.5,1.5,+,X2Pi
final,11646.259762,3.5,35,1,17,1,0.5,-0.5,0.5,+,X2Pi
final,11959.119498,3.5,36,1,17,1,0.5,0.5,1.5,+,X2Pi
final,12274.055081,3.5,37,1,18,1,0.5,-0.5,0.5,+,X2Pi
final,12585.941797,3.5,38,1,18,1,0.5,0.5,1.5,+,X2Pi
final,12895.244028,3.5,39,1,19,1,0.5,-0.5,0.5,+,X2Pi
final,13206.086803,3.5,40,1,19,1,0.5,0.5,1.5,+,X2Pi
final,13509.781582,3.5,41,1,20,1,0.5,-0.5,0.5,+,X2Pi
final,13819.50661,3.5,42,1,20,1,0.5,0.5,1.5,+,X2Pi
final,14117.622207,3.5,43,1,21,1,0.5,-0.5,0.5,+,X2Pi
final,14426.152961,3.5,44,1,21,1,0.5,0.5,1.5,+,X2Pi
final,14718.719827,3.5,45,1,22,1,0.5,-0.5,0.5,+,X2Pi
final,15025.977274,3.5,46,1,22,1,0.5,0.5,1.5,+,X2Pi
final,15313.027859,3.5,47,1,23,1,0.5,-0.5,0.5,+,X2Pi
final,15618.930614,3.5,48,1,23,1,0.5,0.5,1.5,+,X2Pi
final,15900.499171,3.5,49,1,24,1,0.5,-0.5,0.5,+,X2Pi
final,15993.30565,3.5,50,3,0,1,1.5,1.5,2.5,+,a4Pi
final,16095.67388,3.5,51,3,0,1,1.5,0.5,1.5,+,a4Pi
final,16197.178379,3.5,52,3,0,1,1.5,-0.5,0.5,+,a4Pi
final,16204.963736,3.5,53,1,24,1,0.5,0.5,1.5,+,X2Pi
final,16297.807924,3.5,54,3,0,1,1.5,-1.5,-0.5,+,a4Pi
final,16443.650105,3.5,55,3,1,1,1.5,1.5,2.5,+,a4Pi
final,16481.086018,3.5,56,1,25,1,0.5,-0.5,0.5,+,X2Pi
final,16546.090046,3.5,57,3,1,1,1.5,0.5,1.5,+,a4Pi
final,16647.672441,3.5,58,3,1,1,1.5,-0.5,0.5,+,a4Pi
final,16748.386239,3.5,59,3,1,1,1.5,-1.5,-0.5,+,a4Pi
final,16784.02715,3.5,60,1,25,1,0.5,0.5,1.5,+,X2Pi
final,16888.447931,3.5,61,3,2,1,1.5,1.5,2.5,+,a4Pi
final,16990.954845,3.5,62,3,2,1,1.5,0.5,1.5,+,a4Pi
final,17054.740052,3.5,63,1,26,1,0.5,-0.5,0.5,+,X2Pi
final,17092.610473,3.5,64,3,2,1,1.5,-0.5,0.5,+,a4Pi
final,17193.40394,3.5,65,3,2,1,1.5,-1.5,-0.5,+,a4Pi
final,17327.615724,3.5,66,3,3,1,1.5,1.5,2.5,+,a4Pi
final,17356.071107,3.5,67,1,26,1,0.5,0.5,1.5,+,X2Pi
final,17430.184157,3.5,68,3,3,1,1.5,0.5,1.5,+,a4Pi
final,17531.907648,3.5,69,3,3,1,1.5,-0.5,0.5,+,a4Pi
final,17621.412304,3.5,70,1,27,1,0.5,-0.5,0.5,+,X2Pi
final,17632.775493,3.5,71,3,3,1,1.5,-1.5,-0.5,+,a4Pi
final,17761.063584,3.5,72,3,4,1,1.5,1.5,2.5,+,a4Pi
final,17863.687222,3.5,73,3,4,1,1.5,0.5,1.5,+,a4Pi
final,17921.045629,3.5,74,1,27,1,0.5,0.5,1.5,+,X2Pi
final,17965.47235,3.5,75,3,4,1,1.5,-0.5,0.5,+,a4Pi
final,18066.408441,3.5,76,3,4,1,1.5,-1.5,-0.5,+,a4Pi
final,18181.053133,3.5,77,1,28,1,0.5,-0.5,0.5,+,X2Pi
final,18188.694543,3.5,78,3,5,1,1.5,1.5,2.5,+,a4Pi
final,18291.366034,3.5,79,3,5,1,1.5,0.5,1.5,+,a4Pi
final,18393.205544,3.5,80,3,5,1,1.5,-0.5,0.5,+,a4Pi
final,18478.900549,3.5,81,1,28,1,0.5,0.5,1.5,+,X2Pi
final,18494.202725,3.5,82,3,5,1,1.5,-1.5,-0.5,+,a4Pi
final,18610.403476,3.5,83,3,6,1,1.5,1.5,2.5,+,a4Pi
final,18713.114327,3.5,84,3,6,1,1.5,0.5,1.5,+,a4Pi
final,18733.612237,3.5,85,1,29,1,0.5,-0.5,0.5,+,X2Pi
final,18814.99983,3.5,86,3,6,1,1.5,-0.5,0.5,+,a4Pi
final,18916.04982,3.5,87,3,6,1,1.5,-1.5,-0.5,+,a4Pi
final,19026.076161,3.5,88,3,7,1,1.5,1.5,2.5,+,a4Pi
final,19029.585505,3.5,89,1,29,1,0.5,0.5,1.5,+,X2Pi
final,19128.816501,3.5,90,3,7,1,1.5,0.5,1.5,+,a4Pi
final,19230.73824,3.5,91,3,7,1,1.5,-0.5,0.5,+,a4Pi
final,19279.038617,3.5,92,1,30,1,0.5,-0.5,0.5,+,X2Pi
final,19331.831398,3.5,93,3,7,1,1.5,-1.5,-0.5,+,a4Pi
final,19435.588206,3.5,94,3,8,1,1.5,1.5,2.5,+,a4Pi
final,19538.346574,3.5,95,3,8,1,1.5,0.5,1.5,+,a4Pi
final,19573.049979,3.5,96,1,30,1,0.5,0.5,1.5,+,X2Pi
final,19640.293209,3.5,97,3,8,1,1.5,-0.5,0.5,+,a4Pi
final,19741.418323,3.5,98,3,8,1,1.5,-1.5,-0.5,+,a4Pi
final,19817.280573,3.5,99,1,31,1,0.5,-0.5,0.5,+,X2Pi
final,19838.803908,3.5,100,3,9,1,1.5,1.5,2.5,+,a4Pi
final,19941.566992,3.5,101,3,9,1,1.5,0.5,1.5,+,a4Pi
final,20043.525342,3.5,102,3,9,1,1.5,-0.5,0.5,+,a4Pi
final,20109.24329,3.5,103,1,31,1,0.5,0.5,1.5,+,X2Pi
final,20144.669364,3.5,104,3,9,1,1.5,-1.5,-0.5,+,a4Pi
final,20235.574654,3.5,105,3,10,1,1.5,1.5,2.5,+,a4Pi
final,20338.327007,3.5,106,3,10,1,1.5,0.5,1.5,+,a4Pi
final,20348.285696,3.5,107,1,32,1,0.5,-0.5,0.5,+,X2Pi
final,20440.281764,3.5,108,3,10,1,1.5,-0.5,0.5,+,a4Pi
final,20541.429527,3.5,109,3,10,1,1.5,-1.5,-0.5,+,a4Pi
final,20625.737321,3.5,110,3,11,1,1.5,1.5,2.5,+,a4Pi
final,20638.114612,3.5,111,1,32,1,0.5,0.5,1.5,+,X2Pi
final,20728.460972,3.5,112,3,11,1,1.5,0.5,1.5,+,a4Pi
final,20830.394305,3.5,113,3,11,1,1.5,-0.5,0.5,+,a4Pi
final,20872.000867,3.5,114,1,33,1,0.5,-0.5,0.5,+,X2Pi
final,20931.52813,3.5,115,3,11,1,1.5,-1.5,-0.5,+,a4Pi
final,21009.112379,3.5,116,3,12,1,1.5,1.5,2.5,+,a4Pi
final,21111.786337,3.5,117,3,12,1,1.5,0.5,1.5,+,a4Pi
final,21159.612967,3.5,118,1,33,1,0.5,0.5,1.5,+,X2Pi
final,21213.677401,3.5,119,3,12,1,1.5,-0.5,0.5,+,a4Pi
final,21314.776595,3.5,120,3,12,1,1.5,-1.5,-0.5,+,a4Pi
final,21385.501675,3.5,121,3,13,1,1.5,1.5,2.5,+,a4Pi
final,21388.372268,3.5,122,1,34,1,0.5,-0.5,0.5,+,X2Pi
final,21488.101417,3.5,123,3,13,1,1.5,0.5,1.5,+,a4Pi
final,21589.925833,3.5,124,3,13,1,1.5,-0.5,0.5,+,a4Pi
final,21673.687215,3.5,125,1,34,1,0.5,0.5,1.5,+,X2Pi
final,21690.966172,3.5,126,3,13,1,1.5,-1.5,-0.5,+,a4Pi
final,21754.685815,3.5,127,3,14,1,1.5,1.5,2.5,+,a4Pi
final,21857.182671,3.5,128,3,14,1,1.5,0.5,1.5,+,a4Pi
final,21897.345379,3.5,129,1,35,1,0.5,-0.5,0.5,+,X2Pi
final,21958.911904,3.5,130,3,14,1,1.5,-0.5,0.5,+,a4Pi
final,22059.864998,3.5,131,3,14,1,1.5,-1.5,-0.5,+,a4Pi
final,22116.421253,3.5,132,3,15,1,1.5,1.5,2.5,+,a4Pi
final,22180.286047,3.5,133,1,35,1,0.5,0.5,1.5,+,X2Pi
final,22218.781574,3.5,134,3,15,1,1.5,0.5,1.5,+,a4Pi
final,22320.382089,3.5,135,3,15,1,1.5,-0.5,0.5,+,a4Pi
final,22398.864998,3.5,136,1,36,1,0.5,-0.5,0.5,+,X2Pi
final,22421.214532,3.5,137,3,15,1,1.5,-1.5,-0.5,+,a4Pi
final,22470.436705,3.5,138,3,16,1,1.5,1.5,2.5,+,a4Pi
final,22572.621015,3.5,139,3,16,1,1.5,0.5,1.5,+,a4Pi
final,22674.053413,3.5,140,3,16,1,1.5,-0.5,0.5,+,a4Pi
final,22679.357976,3.5,141,1,36,1,0.5,0.5,1.5,+,X2Pi
final,22774.725897,3.5,142,3,16,1,1.5,-1.5,-0.5,+,a4Pi
final,22785.620976,3.5,143,2,0,1,0.5,-0.5,0.5,+,B2Pi
final,22816.4293,3.5,144,3,17,1,1.5,1.5,2.5,+,a4Pi
final,22878.531697,3.5,145,2,0,1,0.5,0.5,1.5,+,B2Pi
final,22892.875253,3.5,146,1,37,1,0.5,-0.5,0.5,+,X2Pi
final,22918.391128,3.5,147,3,17,1,1.5,0.5,1.5,+,a4Pi
final,23019.608953,3.5,148,3,17,1,1.5,-0.5,0.5,+,a4Pi
final,23120.075059,3.5,149,3,17,1,1.5,-1.5,-0.5,+,a4Pi
final,23154.059919,3.5,150,3,18,1,1.5,1.5,2.5,+,a4Pi
final,23170.851308,3.5,151,1,37,1,0.5,0.5,1.5,+,X2Pi
final,23255.744379,3.5,152,3,18,1,1.5,0.5,1.5,+,a4Pi
final,23291.722334,3.5,153,2,1,1,0.5,-0.5,0.5,+,B2Pi
final,23356.692662,3.5,154,3,18,1,1.5,-0.5,0.5,+,a4Pi
final,23379.31964,3.5,155,1,38,1,0.5,-0.5,0.5,+,X2Pi
final,23386.490587,3.5,156,2,1,1,0.5,0.5,1.5,+,B2Pi
final,23456.897356,3.5,157,3,18,1,1.5,-1.5,-0.5,+,a4Pi
final,23482.947633,3.5,158,3,19,1,1.5,1.5,2.5,+,a4Pi
final,23584.289728,3.5,159,3,19,1,1.5,0.5,1.5,+,a4Pi
final,23654.714109,3.5,160,1,38,1,0.5,0.5,1.5,+,X2Pi
final,23684.903238,3.5,161,3,19,1,1.5,-0.5,0.5,+,a4Pi
final,23784.781078,3.5,162,3,19,1,1.5,-1.5,-0.5,+,a4Pi
final,23794.284651,3.5,163,2,2,1,0.5,-0.5,0.5,+,B2Pi
final,23802.663284,3.5,164,3,20,1,1.5,1.5,2.5,+,a4Pi
final,23858.14106,3.5,165,1,39,1,0.5,-0.5,0.5,+,X2Pi
final,23890.976656,3.5,166,2,2,1,0.5,0.5,1.5,+,B2Pi
final,23903.58593,3.5,167,3,20,1,1.5,0.5,1.5,+,a4Pi
final,24003.787122,3.5,168,3,20,1,1.5,-0.5,0.5,+,a4Pi
final,24103.260126,3.5,169,3,20,1,1.5,-1.5,-0.5,+,a4Pi
final,24112.722335,3.5,170,3,21,1,1.5,1.5,2.5,+,a4Pi
final,24130.894161,3.5,171,1,39,1,0.5,0.5,1.5,+,X2Pi
final,24213.133753,3.5,172,3,21,1,1.5,0.5,1.5,+,a4Pi
final,24293.307908,3.5,173,2,3,1,0.5,-0.5,0.5,+,B2Pi
final,24312.830053,3.5,174,3,21,1,1.5,-0.5,0.5,+,a4Pi
final,24329.281834,3.5,175,1,40,1,0.5,-0.5,0.5,+,X2Pi
final,24391.989933,3.5,176,2,3,1,0.5,0.5,1.5,+,B2Pi
final,24411.804871,3.5,177,3,21,1,1.5,-1.5,-0.5,+,a4Pi
final,24412.576315,3.5,178,3,22,1,1.5,1.5,2.5,+,a4Pi
final,24512.366986,3.5,179,3,22,1,1.5,0.5,1.5,+,a4Pi
final,24599.338948,3.5,180,1,40,1,0.5,0.5,1.5,+,X2Pi
final,24611.447588,3.5,181,3,22,1,1.5,-0.5,0.5,+,a4Pi
final,24701.603225,3.5,182,3,23,1,1.5,1.5,2.5,+,a4Pi
final,24709.812134,3.5,183,3,22,1,1.5,-1.5,-0.5,+,a4Pi
final,24788.792474,3.5,184,2,4,1,0.5,-0.5,0.5,+,B2Pi
final,24792.683724,3.5,185,1,41,1,0.5,-0.5,0.5,+,X2Pi
final,24800.642021,3.5,186,3,23,1,1.5,0.5,1.5,+,a4Pi
final,24889.530048,3.5,187,2,4,1,0.5,0.5,1.5,+,B2Pi
final,24898.973791,3.5,188,3,23,1,1.5,-0.5,0.5,+,a4Pi
final,24979.097031,3.5,189,3,24,1,1.5,1.5,2.5,+,a4Pi
final,24996.592908,3.5,190,3,23,1,1.5,-1.5,-0.5,+,a4Pi
final,25059.99563,3.5,191,1,41,1,0.5,0.5,1.5,+,X2Pi
final,25077.226394,3.5,192,3,24,1,1.5,0.5,1.5,+,a4Pi
final,25174.64873,3.5,193,3,24,1,1.5,-0.5,0.5,+,a4Pi
final,25244.256051,3.5,194,3,25,1,1.5,1.5,2.5,+,a4Pi
final,25248.287994,3.5,195,1,42,1,0.5,-0.5,0.5,+,X2Pi
final,25271.358715,3.5,196,3,24,1,1.5,-1.5,-0.5,+,a4Pi
final,25280.739102,3.5,197,2,5,1,0.5,-0.5,0.5,+,B2Pi
final,25341.286265,3.5,198,3,25,1,1.5,0.5,1.5,+,a4Pi
final,25383.596289,3.5,199,2,5,1,0.5,0.5,1.5,+,B2Pi
final,25437.604931,3.5,200,3,25,1,1.5,-0.5,0.5,+,a4Pi
final,25496.171321,3.5,201,3,26,1,1.5,1.5,2.5,+,a4Pi
final,25512.810978,3.5,202,1,42,1,0.5,0.5,1.5,+,X2Pi
final,25533.206891,3.5,203,3,25,1,1.5,-1.5,-0.5,+,a4Pi
final,25591.873749,3.5,204,3,26,1,1.5,0.5,1.5,+,a4Pi
final,25686.853507,3.5,205,3,26,1,1.5,-0.5,0.5,+,a4Pi
final,25696.035438,3.5,206,1,43,1,0.5,-0.5,0.5,+,X2Pi
final,25733.817305,3.5,207,3,27,1,1.5,1.5,2.5,+,a4Pi
final,25769.148537,3.5,208,2,6,1,0.5,-0.5,0.5,+,B2Pi
final,25781.105324,3.5,209,3,26,1,1.5,-1.5,-0.5,+,a4Pi
final,25827.916137,3.5,210,3,27,1,1.5,0.5,1.5,+,a4Pi
final,25874.187941,3.5,211,2,6,1,0.5,0.5,1.5,+,B2Pi
final,25921.271635,3.5,212,3,27,1,1.5,-0.5,0.5,+,a4Pi
final,25956.047245,3.5,213,3,28,1,1.5,1.5,2.5,+,a4Pi
final,25957.731346,3.5,214,1,43,1,0.5,0.5,1.5,+,X2Pi
final,26013.877895,3.5,215,3,27,1,1.5,-1.5,-0.5,+,a4Pi
final,26048.210451,3.5,216,3,28,1,1.5,0.5,1.5,+,a4Pi
final,26135.866384,3.5,217,1,44,1,0.5,-0.5,0.5,+,X2Pi
final,26139.596184,3.5,218,3,28,1,1.5,-0.5,0.5,+,a4Pi
final,26161.59932,3.5,219,3,29,1,1.5,1.5,2.5,+,a4Pi
final,26230.197009,3.5,220,3,28,1,1.5,-1.5,-0.5,+,a4Pi
final,26251.430108,3.5,221,3,29,1,1.5,0.5,1.5,+,a4Pi
final,26254.021894,3.5,222,2,7,1,0.5,-0.5,0.5,+,B2Pi
final,26340.430687,3.5,223,3,29,1,1.5,-0.5,0.5,+,a4Pi
final,26349.125801,3.5,224,3,30,1,1.5,1.5,2.5,+,a4Pi
final,26361.303927,3.5,225,2,7,1,0.5,0.5,1.5,+,B2Pi
final,26394.702676,3.5,226,1,44,1,0.5,0.5,1.5,+,X2Pi
final,26428.590623,3.5,227,3,29,1,1.5,-1.5,-0.5,+,a4Pi
final,26436.157079,3.5,228,3,30,1,1.5,0.5,1.5,+,a4Pi
final,26517.262844,3.5,229,3,31,1,1.5,1.5,2.5,+,a4Pi
final,26522.280958,3.5,230,3,30,1,1.5,-0.5,0.5,+,a4Pi
final,26567.720737,3.5,231,1,45,1,0.5,-0.5,0.5,+,X2Pi
final,26600.961806,3.5,232,3,31,1,1.5,0.5,1.5,+,a4Pi
final,26607.481831,3.5,233,3,30,1,1.5,-1.5,-0.5,+,a4Pi
final,26664.769607,3.5,234,3,32,1,1.5,1.5,2.5,+,a4Pi
final,26683.646717,3.5,235,3,31,1,1.5,-0.5,0.5,+,a4Pi
final,26735.360593,3.5,236,2,8,1,0.5,-0.5,0.5,+,B2Pi
final,26744.564654,3.5,237,3,32,1,1.5,0.5,1.5,+,a4Pi
final,26765.294108,3.5,238,3,31,1,1.5,-1.5,-0.5,+,a4Pi
final,26790.771467,3.5,239,3,33,1,1.5,1.5,2.5,+,a4Pi
final,26823.210088,3.5,240,3,32,1,1.5,-0.5,0.5,+,a4Pi
final,26823.670436,3.5,241,1,45,1,0.5,0.5,1.5,+,X2Pi
final,26844.94288,3.5,242,2,8,1,0.5,0.5,1.5,+,B2Pi
final,26866.125576,3.5,243,3,33,1,1.5,0.5,1.5,+,a4Pi
final,26895.312089,3.5,244,3,34,1,1.5,1.5,2.5,+,a4Pi
final,26900.672834,3.5,245,3,32,1,1.5,-1.5,-0.5,+,a4Pi
final,26940.186273,3.5,246,3,33,1,1.5,-0.5,0.5,+,a4Pi
final,26966.047187,3.5,247,3,34,1,1.5,0.5,1.5,+,a4Pi
final,26983.021749,3.5,248,3,35,1,1.5,1.5,2.5,+,a4Pi
final,26991.538022,3.5,249,1,46,1,0.5,-0.5,0.5,+,X2Pi
final,27012.920141,3.5,250,3,33,1,1.5,-1.5,-0.5,+,a4Pi
final,27035.537047,3.5,251,3,34,1,1.5,-0.5,0.5,+,a4Pi
final,27051.101972,3.5,252,3,35,1,1.5,0.5,1.5,+,a4Pi
final,27070.111264,3.5,253,3,36,1,1.5,1.5,2.5,+,a4Pi
final,27103.857526,3.5,254,3,34,1,1.5,-1.5,-0.5,+,a4Pi
final,27118.670131,3.5,255,3,35,1,1.5,-0.5,0.5,+,a4Pi
final,27139.191204,3.5,256,3,36,1,1.5,0.5,1.5,+,a4Pi
final,27169.465389,3.5,257,3,37,1,1.5,1.5,2.5,+,a4Pi
final,27185.876058,3.5,258,3,35,1,1.5,-1.5,-0.5,+,a4Pi
final,27208.182341,3.5,259,3,36,1,1.5,-0.5,0.5,+,a4Pi
final,27213.166092,3.5,260,2,9,1,0.5,-0.5,0.5,+,B2Pi
final,27240.389041,3.5,261,3,37,1,1.5,0.5,1.5,+,a4Pi
final,27244.57959,3.5,262,1,46,1,0.5,0.5,1.5,+,X2Pi
final,27277.083702,3.5,263,3,36,1,1.5,-1.5,-0.5,+,a4Pi
final,27281.574916,3.5,264,3,38,1,1.5,1.5,2.5,+,a4Pi
final,27311.165365,3.5,265,3,37,1,1.5,-0.5,0.5,+,a4Pi
final,27325.103394,3.5,266,2,9,1,0.5,0.5,1.5,+,B2Pi
final,27353.972523,3.5,267,3,38,1,1.5,0.5,1.5,+,a4Pi
final,27381.770806,3.5,268,3,37,1,1.5,-1.5,-0.5,+,a4Pi
final,27404.517773,3.5,269,3,39,1,1.5,1.5,2.5,+,a4Pi
final,27407.2574,3.5,270,1,47,1,0.5,-0.5,0.5,+,X2Pi
final,27426.141891,3.5,271,3,38,1,1.5,-0.5,0.5,+,a4Pi
final,27478.074666,3.5,272,3,39,1,1.5,0.5,1.5,+,a4Pi
final,27498.064741,3.5,273,3,38,1,1.5,-1.5,-0.5,+,a4Pi
final,27536.896144,3.5,274,3,40,1,1.5,1.5,2.5,+,a4Pi
final,27551.347457,3.5,275,3,39,1,1.5,-0.5,0.5,+,a4Pi
final,27611.401998,3.5,276,3,40,1,1.5,0.5,1.5,+,a4Pi
final,27624.321832,3.5,277,3,39,1,1.5,-1.5,-0.5,+,a4Pi
final,27657.374584,3.5,278,1,47,1,0.5,0.5,1.5,+,X2Pi
final,27677.743694,3.5,279,3,41,1,1.5,1.5,2.5,+,a4Pi
final,27685.583844,3.5,280,3,40,1,1.5,-0.5,0.5,+,a4Pi
final,27687.440159,3.5,281,2,10,1,0.5,-0.5,0.5,+,B2Pi
final,27753.050739,3.5,282,3,41,1,1.5,0.5,1.5,+,a4Pi
final,27759.429736,3.5,283,3,40,1,1.5,-1.5,-0.5,+,a4Pi
final,27801.78376,3.5,284,2,10,1,0.5,0.5,1.5,+,B2Pi
final,27814.81768,3.5,285,1,48,1,0.5,-0.5,0.5,+,X2Pi
final,27826.354424,3.5,286,3,42,1,1.5,1.5,2.5,+,a4Pi
final,27828.00366,3.5,287,3,41,1,1.5,-0.5,0.5,+,a4Pi
final,27902.353564,3.5,288,3,42,1,1.5,0.5,1.5,+,a4Pi
final,27902.591997,3.5,289,3,41,1,1.5,-1.5,-0.5,+,a4Pi
final,27977.974717,3.5,290,3,42,1,1.5,-0.5,0.5,+,a4Pi
final,27982.186119,3.5,291,3,43,1,1.5,1.5,2.5,+,a4Pi
final,28053.2084,3.5,292,3,42,1,1.5,-1.5,-0.5,+,a4Pi
final,28058.793045,3.5,293,3,43,1,1.5,0.5,1.5,+,a4Pi
final,28061.999339,3.5,294,1,48,1,0.5,0.5,1.5,+,X2Pi
final,28135.002408,3.5,295,3,43,1,1.5,-0.5,0.5,+,a4Pi
final,28144.805764,3.5,296,3,44,1,1.5,1.5,2.5,+,a4Pi
final,28158.184702,3.5,297,2,11,1,0.5,-0.5,0.5,+,B2Pi
final,28210.805409,3.5,298,3,43,1,1.5,-1.5,-0.5,+,a4Pi
final,28214.157346,3.5,299,1,49,1,0.5,-0.5,0.5,+,X2Pi
final,28221.953492,3.5,300,3,44,1,1.5,0.5,1.5,+,a4Pi
final,28274.982122,3.5,301,2,11,1,0.5,0.5,1.5,+,B2Pi
final,28298.687206,3.5,302,3,44,1,1.5,-0.5,0.5,+,a4Pi
final,28313.859326,3.5,303,3,45,1,1.5,1.5,2.5,+,a4Pi
final,28374.998596,3.5,304,3,44,1,1.5,-1.5,-0.5,+,a4Pi
final,28391.4933,3.5,305,3,45,1,1.5,0.5,1.5,+,a4Pi
final,28458.397213,3.5,306,1,49,1,0.5,0.5,1.5,+,X2Pi
final,28468.69909,3.5,307,3,45,1,1.5,-0.5,0.5,+,a4Pi
final,28489.049692,3.5,308,3,46,1,1.5,1.5,2.5,+,a4Pi
final,28545.46875,3.5,309,3,45,1,1.5,-1.5,-0.5,+,a4Pi
final,28567.124513,3.5,310,3,46,1,1.5,0.5,1.5,+,a4Pi
final,28605.21459,3.5,311,1,50,1,0.5,-0.5,0.5,+,X2Pi
final,28625.401747,3.5,312,2,12,1,0.5,-0.5,0.5,+,B2Pi
final,28644.758765,3.5,313,3,46,1,1.5,-0.5,0.5,+,a4Pi
final,28670.123588,3.5,314,3,47,1,1.5,1.5,2.5,+,a4Pi
final,28721.944772,3.5,315,3,46,1,1.5,-1.5,-0.5,+,a4Pi
final,28744.696534,3.5,316,2,12,1,0.5,0.5,1.5,+,B2Pi
final,28748.600988,3.5,317,3,47,1,1.5,0.5,1.5,+,a4Pi
final,28826.626846,3.5,318,3,47,1,1.5,-0.5,0.5,+,a4Pi
final,28846.510997,3.5,319,1,50,1,0.5,0.5,1.5,+,X2Pi
final,28856.862324,3.5,320,3,48,1,1.5,1.5,2.5,+,a4Pi
final,28904.193699,3.5,321,3,47,1,1.5,-1.5,-0.5,+,a4Pi
final,28935.709582,3.5,322,3,48,1,1.5,0.5,1.5,+,a4Pi
final,28987.927291,3.5,323,1,51,1,0.5,-0.5,0.5,+,X2Pi
final,29014.095445,3.5,324,3,48,1,1.5,-0.5,0.5,+,a4Pi
final,29049.074362,3.5,325,3,49,1,1.5,1.5,2.5,+,a4Pi
final,29089.093459,3.5,326,2,13,1,0.5,-0.5,0.5,+,B2Pi
final,29092.012615,3.5,327,3,48,1,1.5,-1.5,-0.5,+,a4Pi
final,29128.263185,3.5,328,3,49,1,1.5,0.5,1.5,+,a4Pi
final,29206.981694,3.5,329,3,49,1,1.5,-0.5,0.5,+,a4Pi
final,29210.924888,3.5,330,2,13,1,0.5,0.5,1.5,+,B2Pi
final,29226.282924,3.5,331,1,51,1,0.5,0.5,1.5,+,X2Pi
final,29246.590473,3.5,332,3,50,1,1.5,1.5,2.5,+,a4Pi
final,29285.222717,3.5,333,3,49,1,1.5,-1.5,-0.5,+,a4Pi
final,29326.096159,3.5,334,3,50,1,1.5,0.5,1.5,+,a4Pi
final,29362.233071,3.5,335,1,52,1,0.5,-0.5,0.5,+,X2Pi
final,29405.123394,3.5,336,3,50,1,1.5,-0.5,0.5,+,a4Pi
final,29449.259894,3.5,337,3,51,1,1.5,1.5,2.5,+,a4Pi
final,29483.665106,3.5,338,3,50,1,1.5,-1.5,-0.5,+,a4Pi
final,29529.060748,3.5,339,3,51,1,1.5,0.5,1.5,+,a4Pi
final,29549.262016,3.5,340,2,14,1,0.5,-0.5,0.5,+,B2Pi
final,29597.654628,3.5,341,1,52,1,0.5,0.5,1.5,+,X2Pi
final,29608.375655,3.5,342,3,51,1,1.5,-0.5,0.5,+,a4Pi
final,29656.94719,3.5,343,3,52,1,1.5,1.5,2.5,+,a4Pi
final,29673.665054,3.5,344,2,14,1,0.5,0.5,1.5,+,B2Pi
final,29687.197622,3.5,345,3,51,1,1.5,-1.5,-0.5,+,a4Pi
final,29728.069272,3.5,346,1,53,1,0.5,-0.5,0.5,+,X2Pi
final,29737.023947,3.5,347,3,52,1,1.5,0.5,1.5,+,a4Pi
final,29816.607848,3.5,348,3,52,1,1.5,-0.5,0.5,+,a4Pi
final,29869.530006,3.5,349,3,53,1,1.5,1.5,2.5,+,a4Pi
final,29895.691953,3.5,350,3,52,1,1.5,-1.5,-0.5,+,a4Pi
final,29949.865475,3.5,351,3,53,1,1.5,0.5,1.5,+,a4Pi
final,29960.567179,3.5,352,1,53,1,0.5,0.5,1.5,+,X2Pi
final,30005.909629,3.5,353,2,15,1,0.5,-0.5,0.5,+,B2Pi
final,30029.701697,3.5,354,3,53,1,1.5,-0.5,0.5,+,a4Pi
final,30085.372992,3.5,355,1,54,1,0.5,-0.5,0.5,+,X2Pi
final,30086.897184,3.5,356,3,54,1,1.5,1.5,2.5,+,a4Pi
final,30109.031727,3.5,357,3,53,1,1.5,-1.5,-0.5,+,a4Pi
final,30132.914883,3.5,358,2,15,1,0.5,0.5,1.5,+,B2Pi
final,30167.475774,3.5,359,3,54,1,1.5,0.5,1.5,+,a4Pi
final,30247.549418,3.5,360,3,54,1,1.5,-0.5,0.5,+,a4Pi
final,30308.947041,3.5,361,3,55,1,1.5,1.5,2.5,+,a4Pi
final,30314.961054,3.5,362,1,54,1,0.5,0.5,1.5,+,X2Pi
final,30327.111208,3.5,363,3,54,1,1.5,-1.5,-0.5,+,a4Pi
final,30389.754731,3.5,364,3,55,1,1.5,0.5,1.5,+,a4Pi
final,30434.081081,3.5,365,1,55,1,0.5,-0.5,0.5,+,X2Pi
final,30459.038505,3.5,366,2,16,1,0.5,-0.5,0.5,+,B2Pi
final,30470.052205,3.5,367,3,55,1,1.5,-0.5,0.5,+,a4Pi
final,30535.599019,3.5,368,3,56,1,1.5,1.5,2.5,+,a4Pi
final,30549.83226,3.5,369,3,55,1,1.5,-1.5,-0.5,+,a4Pi
final,30588.672215,3.5,370,2,16,1,0.5,0.5,1.5,+,B2Pi
final,30616.611889,3.5,371,3,56,1,1.5,0.5,1.5,+,a4Pi
final,30660.776157,3.5,372,1,55,1,0.5,0.5,1.5,+,X2Pi
final,30697.11979,3.5,373,3,56,1,1.5,-0.5,0.5,+,a4Pi
final,30766.748133,3.5,374,3,57,1,1.5,1.5,2.5,+,a4Pi
final,30774.130157,3.5,375,1,56,1,0.5,-0.5,0.5,+,X2Pi
final,30777.110478,3.5,376,3,56,1,1.5,-1.5,-0.5,+,a4Pi
final,30847.962894,3.5,377,3,57,1,1.5,0.5,1.5,+,a4Pi
final,30908.650745,3.5,378,2,17,1,0.5,-0.5,0.5,+,B2Pi
final,30928.670391,3.5,379,3,57,1,1.5,-0.5,0.5,+,a4Pi
final,30997.951818,3.5,380,1,56,1,0.5,0.5,1.5,+,X2Pi
final,31004.066816,3.5,381,3,58,1,1.5,1.5,2.5,+,a4Pi
final,31008.919663,3.5,382,3,57,1,1.5,-1.5,-0.5,+,a4Pi
final,31040.934984,3.5,383,2,17,1,0.5,0.5,1.5,+,B2Pi
final,31083.882922,3.5,384,3,58,1,1.5,0.5,1.5,+,a4Pi
final,31105.456615,3.5,385,1,57,1,0.5,-0.5,0.5,+,X2Pi
final,31164.869667,3.5,386,3,58,1,1.5,-0.5,0.5,+,a4Pi
final,31246.909465,3.5,387,3,58,1,1.5,-1.5,-0.5,+,a4Pi
final,31326.426806,3.5,388,1,57,1,0.5,0.5,1.5,+,X2Pi
final,31354.748494,3.5,389,2,18,1,0.5,-0.5,0.5,+,B2Pi
final,31427.996635,3.5,390,1,58,1,0.5,-0.5,0.5,+,X2Pi
final,31489.701089,3.5,391,2,18,1,0.5,0.5,1.5,+,B2Pi
final,31646.13933,3.5,392,1,58,1,0.5,0.5,1.5,+,X2Pi
final,31741.686195,3.5,393,1,59,1,0.5,-0.5,0.5,+,X2Pi
final,31797.333883,3.5,394,2,19,1,0.5,-0.5,0.5,+,B2Pi
final,31934.968446,3.5,395,2,19,1,0.5,0.5,1.5,+,B2Pi
final,31957.027067,3.5,396,1,59,1,0.5,0.5,1.5,+,X2Pi
final,32046.461082,3.5,397,1,60,1,0.5,-0.5,0.5,+,X2Pi
final,32236.408948,3.5,398,2,20,1,0.5,-0.5,0.5,+,B2Pi
final,32259.027159,3.5,399,1,60,1,0.5,0.5,1.5,+,X2Pi
final,32342.256904,3.5,400,1,61,1,0.5,-0.5,0.5,+,X2Pi
final,32376.735043,3.5,401,2,20,1,0.5,0.5,1.5,+,B2Pi
final,32552.076249,3.5,402,1,61,1,0.5,0.5,1.5,+,X2Pi
final,32629.009107,3.5,403,1,62,1,0.5,-0.5,0.5,+,X2Pi
final,32671.975509,3.5,404,2,21,1,0.5,-0.5,0.5,+,B2Pi
final,32814.999033,3.5,405,2,21,1,0.5,0.5,1.5,+,B2Pi
final,32836.110489,3.5,406,1,62,1,0.5,0.5,1.5,+,X2Pi
final,32906.652992,3.5,407,1,63,1,0.5,-0.5,0.5,+,X2Pi
final,33104.035172,3.5,408,2,22,1,0.5,-0.5,0.5,+,B2Pi
final,33111.065563,3.5,409,1,63,1,0.5,0.5,1.5,+,X2Pi
final,33175.123723,3.5,410,1,64,1,0.5,-0.5,0.5,+,X2Pi
final,33249.758818,3.5,411,2,22,1,0.5,0.5,1.5,+,B2Pi
final,33376.876737,3.5,412,1,64,1,0.5,0.5,1.5,+,X2Pi
final,33434.35631,3.5,413,1,65,1,0.5,-0.5,0.5,+,X2Pi
final,33532.58958,3.5,414,2,23,1,0.5,-0.5,0.5,+,B2Pi
final,33633.478925,3.5,415,1,65,1,0.5,0.5,1.5,+,X2Pi
final,33681.012806,3.5,416,2,23,1,0.5,0.5,1.5,+,B2Pi
final,33684.285644,3.5,417,1,66,1,0.5,-0.5,0.5,+,X2Pi
final,33880.806677,3.5,418,1,66,1,0.5,0.5,1.5,+,X2Pi
final,33924.846623,3.5,419,1,67,1,0.5,-0.5,0.5,+,X2Pi
final,33957.640264,3.5,420,2,24,1,0.5,-0.5,0.5,+,B2Pi
final,34108.75943,3.5,421,2,24,1,0.5,0.5,1.5,+,B2Pi
final,34118.794147,3.5,422,1,67,1,0.5,0.5,1.5,+,X2Pi
final,34155.974095,3.5,423,1,68,1,0.5,-0.5,0.5,+,X2Pi
final,34347.375259,3.5,424,1,68,1,0.5,0.5,1.5,+,X2Pi
final,34377.602831,3.5,425,1,69,1,0.5,-0.5,0.5,+,X2Pi
final,34379.188497,3.5,426,2,25,1,0.5,-0.5,0.5,+,B2Pi
final,34532.997389,3.5,427,2,25,1,0.5,0.5,1.5,+,B2Pi
final,34566.483764,3.5,428,1,69,1,0.5,0.5,1.5,+,X2Pi
final,34589.667702,3.5,429,1,70,1,0.5,-0.5,0.5,+,X2Pi
final,34776.05317,3.5,430,1,70,1,0.5,0.5,1.5,+,X2Pi
final,34792.103693,3.5,431,1,71,1,0.5,-0.5,0.5,+,X2Pi
final,34797.235508,3.5,432,2,26,1,0.5,-0.5,0.5,+,B2Pi
final,34953.725476,3.5,433,2,26,1,0.5,0.5,1.5,+,B2Pi
final,34976.016843,3.5,434,1,71,1,0.5,0.5,1.5,+,X2Pi
final,34984.846176,3.5,435,1,72,1,0.5,-0.5,0.5,+,X2Pi
final,35166.30537,3.5,436,1,72,1,0.5,0.5,1.5,+,X2Pi
final,35167.833948,3.5,437,1,73,1,0.5,-0.5,0.5,+,X2Pi
final,35211.78245,3.5,438,2,27,1,0.5,-0.5,0.5,+,B2Pi
final,35340.996531,3.5,439,1,74,1,0.5,-0.5,0.5,+,X2Pi
final,35346.864914,3.5,440,1,73,1,0.5,0.5,1.5,+,X2Pi
final,35370.942535,3.5,441,2,27,1,0.5,0.5,1.5,+,B2Pi
final,35504.370612,3.5,442,1,75,1,0.5,-0.5,0.5,+,X2Pi
final,35517.625593,3.5,443,1,74,1,0.5,0.5,1.5,+,X2Pi
final,35622.830354,3.5,444,2,28,1,0.5,-0.5,0.5,+,B2Pi
final,35658.68846,3.5,445,1,76,1,0.5,-0.5,0.5,+,X2Pi
final,35678.677078,3.5,446,1,75,1,0.5,0.5,1.5,+,X2Pi
final,35784.647499,3.5,447,2,28,1,0.5,0.5,1.5,+,B2Pi
final,35807.749893,3.5,448,1,77,1,0.5,-0.5,0.5,+,X2Pi
final,35831.165662,3.5,449,1,76,1,0.5,0.5,1.5,+,X2Pi
final,35959.726925,3.5,450,1,78,1,0.5,-0.5,0.5,+,X2Pi
final,35979.942606,3.5,451,1,77,1,0.5,0.5,1.5,+,X2Pi
final,36030.380127,3.5,452,2,29,1,0.5,-0.5,0.5,+,B2Pi
final,36121.529686,3.5,453,1,79,1,0.5,-0.5,0.5,+,X2Pi
final,36133.544815,3.5,454,1,78,1,0.5,0.5,1.5,+,X2Pi
final,36194.839452,3.5,455,2,29,1,0.5,0.5,1.5,+,B2Pi
final,36294.887409,3.5,456,1,80,1,0.5,-0.5,0.5,+,X2Pi
final,36297.725753,3.5,457,1,79,1,0.5,0.5,1.5,+,X2Pi
final,36434.432632,3.5,458,2,30,1,0.5,-0.5,0.5,+,B2Pi
final,36473.297018,3.5,459,1,80,1,0.5,0.5,1.5,+,X2Pi
final,36479.14178,3.5,460,1,81,1,0.5,-0.5,0.5,+,X2Pi
final,36601.517527,3.5,461,2,30,1,0.5,0.5,1.5,+,B2Pi
final,36659.429327,3.5,462,1,81,1,0.5,0.5,1.5,+,X2Pi
final,36673.799714,3.5,463,1,82,1,0.5,-0.5,0.5,+,X2Pi
final,4.427884,3.5,1,1,0,-1,0.5,0.5,-0.5,-,X2Pi
final,325.774858,3.5,2,1,0,-1,0.5,-0.5,-1.5,-,X2Pi
final,738.061549,3.5,3,1,1,-1,0.5,0.5,-0.5,-,X2Pi
final,1059.222722,3.5,4,1,1,-1,0.5,-0.5,-1.5,-,X2Pi
final,1465.788917,3.5,5,1,2,-1,0.5,0.5,-0.5,-,X2Pi
final,1786.735882,3.5,6,1,2,-1,0.5,-0.5,-1.5,-,X2Pi
final,2187.572211,3.5,7,1,3,-1,0.5,0.5,-0.5,-,X2Pi
final,2508.274789,3.5,8,1,3,-1,0.5,-0.5,-1.5,-,X2Pi
final,2903.373182,3.5,9,1,4,-1,0.5,0.5,-0.5,-,X2Pi
final,3223.799367,3.5,10,1,4,-1,0.5,-0.5,-1.5,-,X2Pi
final,3613.153115,3.5,11,1,5,-1,0.5,0.5,-0.5,-,X2Pi
final,3933.269019,3.5,12,1,5,-1,0.5,-0.5,-1.5,-,X2Pi
final,4316.872852,3.5,13,1,6,-1,0.5,0.5,-0.5,-,X2Pi
final,4636.642618,3.5,14,1,6,-1,0.5,-0.5,-1.5,-,X2Pi
final,5014.492814,3.5,15,1,7,-1,0.5,0.5,-0.5,-,X2Pi
final,5333.878504,3.5,16,1,7,-1,0.5,-0.5,-1.5,-,X2Pi
final,5705.973025,3.5,17,1,8,-1,0.5,0.5,-0.5,-,X2Pi
final,6024.934468,3.5,18,1,8,-1,0.5,-0.5,-1.5,-,X2Pi
final,6391.273106,3.5,19,1,9,-1,0.5,0.5,-0.5,-,X2Pi
final,6709.767764,3.5,20,1,9,-1,0.5,-0.5,-1.5,-,X2Pi
final,7070.352285,3.5,21,1,10,-1,0.5,0.5,-0.5,-,X2Pi
final,7388.335121,3.5,22,1,10,-1,0.5,-0.5,-1.5,-,X2Pi
final,7743.169391,3.5,23,1,11,-1,0.5,0.5,-0.5,-,X2Pi
final,8060.592746,3.5,24,1,11,-1,0.5,-0.5,-1.5,-,X2Pi
final,8409.68285,3.5,25,1,12,-1,0.5,0.5,-0.5,-,X2Pi
final,8726.496342,3.5,26,1,12,-1,0.5,-0.5,-1.5,-,X2Pi
final,9069.850683,3.5,27,1,13,-1,0.5,0.5,-0.5,-,X2Pi
final,9386.001118,3.5,28,1,13,-1,0.5,-0.5,-1.5,-,X2Pi
final,9723.630503,3.5,29,1,14,-1,0.5,0.5,-0.5,-,X2Pi
final,10039.061797,3.5,30,1,14,-1,0.5,-0.5,-1.5,-,X2Pi
final,10370.979504,3.5,31,1,15,-1,0.5,0.5,-0.5,-,X2Pi
final,10685.632631,3.5,32,1,15,-1,0.5,-0.5,-1.5,-,X2Pi
final,11011.854456,3.5,33,1,16,-1,0.5,0.5,-0.5,-,X2Pi
final,11325.667415,3.5,34,1,16,-1,0.5,-0.5,-1.5,-,X2Pi
final,11646.211696,3.5,35,1,17,-1,0.5,0.5,-0.5,-,X2Pi
final,11959.119497,3.5,36,1,17,-1,0.5,-0.5,-1.5,-,X2Pi
final,12274.007116,3.5,37,1,18,-1,0.5,0.5,-0.5,-,X2Pi
final,12585.941796,3.5,38,1,18,-1,0.5,-0.5,-1.5,-,X2Pi
final,12895.196166,3.5,39,1,19,-1,0.5,0.5,-0.5,-,X2Pi
final,13206.086803,3.5,40,1,19,-1,0.5,-0.5,-1.5,-,X2Pi
final,13509.733824,3.5,41,1,20,-1,0.5,0.5,-0.5,-,X2Pi
final,13819.506609,3.5,42,1,20,-1,0.5,-0.5,-1.5,-,X2Pi
final,14117.574554,3.5,43,1,21,-1,0.5,0.5,-0.5,-,X2Pi
final,14426.152961,3.5,44,1,21,-1,0.5,-0.5,-1.5,-,X2Pi
final,14718.672281,3.5,45,1,22,-1,0.5,0.5,-0.5,-,X2Pi
final,15025.977273,3.5,46,1,22,-1,0.5,-0.5,-1.5,-,X2Pi
final,15312.980421,3.5,47,1,23,-1,0.5,0.5,-0.5,-,X2Pi
final,15618.930614,3.5,48,1,23,-1,0.5,-0.5,-1.5,-,X2Pi
final,15900.451842,3.5,49,1,24,-1,0.5,0.5,-0.5,-,X2Pi
final,15993.30565,3.5,50,3,0,-1,1.5,-1.5,-2.5,-,a4Pi
final,16095.67388,3.5,51,3,0,-1,1.5,-0.5,-1.5,-,a4Pi
final,16197.178379,3.5,52,3,0,-1,1.5,0.5,-0.5,-,a4Pi
final,16204.963736,3.5,53,1,24,-1,0.5,-0.5,-1.5,-,X2Pi
final,16297.807924,3.5,54,3,0,-1,1.5,1.5,0.5,-,a4Pi
final,16443.650105,3.5,55,3,1,-1,1.5,-1.5,-2.5,-,a4Pi
final,16481.038799,3.5,56,1,25,-1,0.5,0.5,-0.5,-,X2Pi
final,16546.090046,3.5,57,3,1,-1,1.5,-0.5,-1.5,-,a4Pi
final,16647.672441,3.5,58,3,1,-1,1.5,0.5,-0.5,-,a4Pi
final,16748.386239,3.5,59,3,1,-1,1.5,1.5,0.5,-,a4Pi
final,16784.027149,3.5,60,1,25,-1,0.5,-0.5,-1.5,-,X2Pi
final,16888.447931,3.5,61,3,2,-1,1.5,-1.5,-2.5,-,a4Pi
final,16990.954845,3.5,62,3,2,-1,1.5,-0.5,-1.5,-,a4Pi
final,17054.692945,3.5,63,1,26,-1,0.5,0.5,-0.5,-,X2Pi
final,17092.610473,3.5,64,3,2,-1,1.5,0.5,-0.5,-,a4Pi
final,17193.40394,3.5,65,3,2,-1,1.5,1.5,0.5,-,a4Pi
final,17327.615724,3.5,66,3,3,-1,1.5,-1.5,-2.5,-,a4Pi
final,17356.071107,3.5,67,1,26,-1,0.5,-0.5,-1.5,-,X2Pi
final,17430.184157,3.5,68,3,3,-1,1.5,-0.5,-1.5,-,a4Pi
final,17531.907648,3.5,69,3,3,-1,1.5,0.5,-0.5,-,a4Pi
final,17621.36531,3.5,70,1,27,-1,0.5,0.5,-0.5,-,X2Pi
final,17632.775493,3.5,71,3,3,-1,1.5,1.5,0.5,-,a4Pi
final,17761.063584,3.5,72,3,4,-1,1.5,-1.5,-2.5,-,a4Pi
final,17863.687222,3.5,73,3,4,-1,1.5,-0.5,-1.5,-,a4Pi
final,17921.045629,3.5,74,1,27,-1,0.5,-0.5,-1.5,-,X2Pi
final,17965.47235,3.5,75,3,4,-1,1.5,0.5,-0.5,-,a4Pi
final,18066.408441,3.5,76,3,4,-1,1.5,1.5,0.5,-,a4Pi
final,18181.006254,3.5,77,1,28,-1,0.5,0.5,-0.5,-,X2Pi
final,18188.694543,3.5,78,3,5,-1,1.5,-1.5,-2.5,-,a4Pi
final,18291.366034,3.5,79,3,5,-1,1.5,-0.5,-1.5,-,a4Pi
final,18393.205544,3.5,80,3,5,-1,1.5,0.5,-0.5,-,a4Pi
final,18478.900548,3.5,81,1,28,-1,0.5,-0.5,-1.5,-,X2Pi
final,18494.202725,3.5,82,3,5,-1,1.5,1.5,0.5,-,a4Pi
final,18610.403476,3.5,83,3,6,-1,1.5,-1.5,-2.5,-,a4Pi
final,18713.114327,3.5,84,3,6,-1,1.5,-0.5,-1.5,-,a4Pi
final,18733.565475,3.5,85,1,29,-1,0.5,0.5,-0.5,-,X2Pi
final,18814.99983,3.5,86,3,6,-1,1.5,0.5,-0.5,-,a4Pi
final,18916.04982,3.5,87,3,6,-1,1.5,1.5,0.5,-,a4Pi
final,19026.076161,3.5,88,3,7,-1,1.5,-1.5,-2.5,-,a4Pi
final,19029.585505,3.5,89,1,29,-1,0.5,-0.5,-1.5,-,X2Pi
final,19128.816501,3.5,90,3,7,-1,1.5,-0.5,-1.5,-,a4Pi
final,19230.73824,3.5,91,3,7,-1,1.5,0.5,-0.5,-,a4Pi
final,19278.991973,3.5,92,1,30,-1,0.5,0.5,-0.5,-,X2Pi
final,19331.831398,3.5,93,3,7,-1,1.5,1.5,0.5,-,a4Pi
final,19435.588206,3.5,94,3,8,-1,1.5,-1.5,-2.5,-,a4Pi
final,19538.346574,3.5,95,3,8,-1,1.5,-0.5,-1.5,-,a4Pi
final,19573.049978,3.5,96,1,30,-1,0.5,-0.5,-1.5,-,X2Pi
final,19640.293209,3.5,97,3,8,-1,1.5,0.5,-0.5,-,a4Pi
final,19741.418323,3.5,98,3,8,-1,1.5,1.5,0.5,-,a4Pi
final,19817.234049,3.5,99,1,31,-1,0.5,0.5,-0.5,-,X2Pi
final,19838.803908,3.5,100,3,9,-1,1.5,-1.5,-2.5,-,a4Pi
final,19941.566992,3.5,101,3,9,-1,1.5,-0.5,-1.5,-,a4Pi
final,20043.525342,3.5,102,3,9,-1,1.5,0.5,-0.5,-,a4Pi
final,20109.243289,3.5,103,1,31,-1,0.5,-0.5,-1.5,-,X2Pi
final,20144.669364,3.5,104,3,9,-1,1.5,1.5,0.5,-,a4Pi
final,20235.574654,3.5,105,3,10,-1,1.5,-1.5,-2.5,-,a4Pi
final,20338.327007,3.5,106,3,10,-1,1.5,-0.5,-1.5,-,a4Pi
final,20348.239294,3.5,107,1,32,-1,0.5,0.5,-0.5,-,X2Pi
final,20440.281764,3.5,108,3,10,-1,1.5,0.5,-0.5,-,a4Pi
final,20541.429527,3.5,109,3,10,-1,1.5,1.5,0.5,-,a4Pi
final,20625.737321,3.5,110,3,11,-1,1.5,-1.5,-2.5,-,a4Pi
final,20638.114612,3.5,111,1,32,-1,0.5,-0.5,-1.5,-,X2Pi
final,20728.460972,3.5,112,3,11,-1,1.5,-0.5,-1.5,-,a4Pi
final,20830.394305,3.5,113,3,11,-1,1.5,0.5,-0.5,-,a4Pi
final,20871.95459,3.5,114,1,33,-1,0.5,0.5,-0.5,-,X2Pi
final,20931.52813,3.5,115,3,11,-1,1.5,1.5,0.5,-,a4Pi
final,21009.112379,3.5,116,3,12,-1,1.5,-1.5,-2.5,-,a4Pi
final,21111.786337,3.5,117,3,12,-1,1.5,-0.5,-1.5,-,a4Pi
final,21159.612967,3.5,118,1,33,-1,0.5,-0.5,-1.5,-,X2Pi
final,21213.677401,3.5,119,3,12,-1,1.5,0.5,-0.5,-,a4Pi
final,21314.776595,3.5,120,3,12,-1,1.5,1.5,0.5,-,a4Pi
final,21385.501675,3.5,121,3,13,-1,1.5,-1.5,-2.5,-,a4Pi
final,21388.326116,3.5,122,1,34,-1,0.5,0.5,-0.5,-,X2Pi
final,21488.101417,3.5,123,3,13,-1,1.5,-0.5,-1.5,-,a4Pi
final,21589.925833,3.5,124,3,13,-1,1.5,0.5,-0.5,-,a4Pi
final,21673.687214,3.5,125,1,34,-1,0.5,-0.5,-1.5,-,X2Pi
final,21690.966172,3.5,126,3,13,-1,1.5,1.5,0.5,-,a4Pi
final,21754.685815,3.5,127,3,14,-1,1.5,-1.5,-2.5,-,a4Pi
final,21857.182671,3.5,128,3,14,-1,1.5,-0.5,-1.5,-,a4Pi
final,21897.299354,3.5,129,1,35,-1,0.5,0.5,-0.5,-,X2Pi
final,21958.911904,3.5,130,3,14,-1,1.5,0.5,-0.5,-,a4Pi
final,22059.864998,3.5,131,3,14,-1,1.5,1.5,0.5,-,a4Pi
final,22116.421253,3.5,132,3,15,-1,1.5,-1.5,-2.5,-,a4Pi
final,22180.286047,3.5,133,1,35,-1,0.5,-0.5,-1.5,-,X2Pi
final,22218.781574,3.5,134,3,15,-1,1.5,-0.5,-1.5,-,a4Pi
final,22320.382089,3.5,135,3,15,-1,1.5,0.5,-0.5,-,a4Pi
final,22398.819103,3.5,136,1,36,-1,0.5,0.5,-0.5,-,X2Pi
final,22421.214532,3.5,137,3,15,-1,1.5,1.5,0.5,-,a4Pi
final,22470.436705,3.5,138,3,16,-1,1.5,-1.5,-2.5,-,a4Pi
final,22572.621015,3.5,139,3,16,-1,1.5,-0.5,-1.5,-,a4Pi
final,22674.053413,3.5,140,3,16,-1,1.5,0.5,-0.5,-,a4Pi
final,22679.357975,3.5,141,1,36,-1,0.5,-0.5,-1.5,-,X2Pi
final,22774.725897,3.5,142,3,16,-1,1.5,1.5,0.5,-,a4Pi
final,22785.620976,3.5,143,2,0,-1,0.5,0.5,-0.5,-,B2Pi
final,22816.4293,3.5,144,3,17,-1,1.5,-1.5,-2.5,-,a4Pi
final,22878.531697,3.5,145,2,0,-1,0.5,-0.5,-1.5,-,B2Pi
final,22892.82949,3.5,146,1,37,-1,0.5,0.5,-0.5,-,X2Pi
final,22918.391128,3.5,147,3,17,-1,1.5,-0.5,-1.5,-,a4Pi
final,23019.608953,3.5,148,3,17,-1,1.5,0.5,-0.5,-,a4Pi
final,23120.075059,3.5,149,3,17,-1,1.5,1.5,0.5,-,a4Pi
final,23154.059919,3.5,150,3,18,-1,1.5,-1.5,-2.5,-,a4Pi
final,23170.851307,3.5,151,1,37,-1,0.5,-0.5,-1.5,-,X2Pi
final,23255.744379,3.5,152,3,18,-1,1.5,-0.5,-1.5,-,a4Pi
final,23291.722334,3.5,153,2,1,-1,0.5,0.5,-0.5,-,B2Pi
final,23356.692662,3.5,154,3,18,-1,1.5,0.5,-0.5,-,a4Pi
final,23379.274012,3.5,155,1,38,-1,0.5,0.5,-0.5,-,X2Pi
final,23386.490587,3.5,156,2,1,-1,0.5,-0.5,-1.5,-,B2Pi
final,23456.897356,3.5,157,3,18,-1,1.5,1.5,0.5,-,a4Pi
final,23482.947633,3.5,158,3,19,-1,1.5,-1.5,-2.5,-,a4Pi
final,23584.289728,3.5,159,3,19,-1,1.5,-0.5,-1.5,-,a4Pi
final,23654.714108,3.5,160,1,38,-1,0.5,-0.5,-1.5,-,X2Pi
final,23684.903238,3.5,161,3,19,-1,1.5,0.5,-0.5,-,a4Pi
final,23784.781078,3.5,162,3,19,-1,1.5,1.5,0.5,-,a4Pi
final,23794.284651,3.5,163,2,2,-1,0.5,0.5,-0.5,-,B2Pi
final,23802.663284,3.5,164,3,20,-1,1.5,-1.5,-2.5,-,a4Pi
final,23858.095568,3.5,165,1,39,-1,0.5,0.5,-0.5,-,X2Pi
final,23890.976656,3.5,166,2,2,-1,0.5,-0.5,-1.5,-,B2Pi
final,23903.58593,3.5,167,3,20,-1,1.5,-0.5,-1.5,-,a4Pi
final,24003.787122,3.5,168,3,20,-1,1.5,0.5,-0.5,-,a4Pi
final,24103.260126,3.5,169,3,20,-1,1.5,1.5,0.5,-,a4Pi
final,24112.722335,3.5,170,3,21,-1,1.5,-1.5,-2.5,-,a4Pi
final,24130.89416,3.5,171,1,39,-1,0.5,-0.5,-1.5,-,X2Pi
final,24213.133753,3.5,172,3,21,-1,1.5,-0.5,-1.5,-,a4Pi
final,24293.307908,3.5,173,2,3,-1,0.5,0.5,-0.5,-,B2Pi
final,24312.830053,3.5,174,3,21,-1,1.5,0.5,-0.5,-,a4Pi
final,24329.236481,3.5,175,1,40,-1,0.5,0.5,-0.5,-,X2Pi
final,24391.989933,3.5,176,2,3,-1,0.5,-0.5,-1.5,-,B2Pi
final,24411.804871,3.5,177,3,21,-1,1.5,1.5,0.5,-,a4Pi
final,24412.576315,3.5,178,3,22,-1,1.5,-1.5,-2.5,-,a4Pi
final,24512.366986,3.5,179,3,22,-1,1.5,-0.5,-1.5,-,a4Pi
final,24599.338947,3.5,180,1,40,-1,0.5,-0.5,-1.5,-,X2Pi
final,24611.447588,3.5,181,3,22,-1,1.5,0.5,-0.5,-,a4Pi
final,24701.603225,3.5,182,3,23,-1,1.5,-1.5,-2.5,-,a4Pi
final,24709.812134,3.5,183,3,22,-1,1.5,1.5,0.5,-,a4Pi
final,24788.792474,3.5,184,2,4,-1,0.5,0.5,-0.5,-,B2Pi
final,24792.638512,3.5,185,1,41,-1,0.5,0.5,-0.5,-,X2Pi
final,24800.642021,3.5,186,3,23,-1,1.5,-0.5,-1.5,-,a4Pi
final,24889.530048,3.5,187,2,4,-1,0.5,-0.5,-1.5,-,B2Pi
final,24898.973791,3.5,188,3,23,-1,1.5,0.5,-0.5,-,a4Pi
final,24979.097031,3.5,189,3,24,-1,1.5,-1.5,-2.5,-,a4Pi
final,24996.592908,3.5,190,3,23,-1,1.5,1.5,0.5,-,a4Pi
final,25059.99563,3.5,191,1,41,-1,0.5,-0.5,-1.5,-,X2Pi
final,25077.226394,3.5,192,3,24,-1,1.5,-0.5,-1.5,-,a4Pi
final,25174.64873,3.5,193,3,24,-1,1.5,0.5,-0.5,-,a4Pi
final,25244.256051,3.5,194,3,25,-1,1.5,-1.5,-2.5,-,a4Pi
final,25248.242926,3.5,195,1,42,-1,0.5,0.5,-0.5,-,X2Pi
final,25271.358715,3.5,196,3,24,-1,1.5,1.5,0.5,-,a4Pi
final,25280.739102,3.5,197,2,5,-1,0.5,0.5,-0.5,-,B2Pi
final,25341.286265,3.5,198,3,25,-1,1.5,-0.5,-1.5,-,a4Pi
final,25383.596289,3.5,199,2,5,-1,0.5,-0.5,-1.5,-,B2Pi
final,25437.604931,3.5,200,3,25,-1,1.5,0.5,-0.5,-,a4Pi
final,25496.171321,3.5,201,3,26,-1,1.5,-1.5,-2.5,-,a4Pi
final,25512.810977,3.5,202,1,42,-1,0.5,-0.5,-1.5,-,X2Pi
final,25533.206891,3.5,203,3,25,-1,1.5,1.5,0.5,-,a4Pi
final,25591.873749,3.5,204,3,26,-1,1.5,-0.5,-1.5,-,a4Pi
final,25686.853507,3.5,205,3,26,-1,1.5,0.5,-0.5,-,a4Pi
final,25695.990518,3.5,206,1,43,-1,0.5,0.5,-0.5,-,X2Pi
final,25733.817305,3.5,207,3,27,-1,1.5,-1.5,-2.5,-,a4Pi
final,25769.148537,3.5,208,2,6,-1,0.5,0.5,-0.5,-,B2Pi
final,25781.105324,3.5,209,3,26,-1,1.5,1.5,0.5,-,a4Pi
final,25827.916137,3.5,210,3,27,-1,1.5,-0.5,-1.5,-,a4Pi
final,25874.187941,3.5,211,2,6,-1,0.5,-0.5,-1.5,-,B2Pi
final,25921.271635,3.5,212,3,27,-1,1.5,0.5,-0.5,-,a4Pi
final,25956.047245,3.5,213,3,28,-1,1.5,-1.5,-2.5,-,a4Pi
final,25957.731346,3.5,214,1,43,-1,0.5,-0.5,-1.5,-,X2Pi
final,26013.877895,3.5,215,3,27,-1,1.5,1.5,0.5,-,a4Pi
final,26048.210451,3.5,216,3,28,-1,1.5,-0.5,-1.5,-,a4Pi
final,26135.821613,3.5,217,1,44,-1,0.5,0.5,-0.5,-,X2Pi
final,26139.596184,3.5,218,3,28,-1,1.5,0.5,-0.5,-,a4Pi
final,26161.59932,3.5,219,3,29,-1,1.5,-1.5,-2.5,-,a4Pi
final,26230.197009,3.5,220,3,28,-1,1.5,1.5,0.5,-,a4Pi
final,26251.430108,3.5,221,3,29,-1,1.5,-0.5,-1.5,-,a4Pi
final,26254.021894,3.5,222,2,7,-1,0.5,0.5,-0.5,-,B2Pi
final,26340.430687,3.5,223,3,29,-1,1.5,0.5,-0.5,-,a4Pi
final,26349.125801,3.5,224,3,30,-1,1.5,-1.5,-2.5,-,a4Pi
final,26361.303927,3.5,225,2,7,-1,0.5,-0.5,-1.5,-,B2Pi
final,26394.702676,3.5,226,1,44,-1,0.5,-0.5,-1.5,-,X2Pi
final,26428.590623,3.5,227,3,29,-1,1.5,1.5,0.5,-,a4Pi
final,26436.157079,3.5,228,3,30,-1,1.5,-0.5,-1.5,-,a4Pi
final,26517.262844,3.5,229,3,31,-1,1.5,-1.5,-2.5,-,a4Pi
final,26522.280958,3.5,230,3,30,-1,1.5,0.5,-0.5,-,a4Pi
final,26567.676119,3.5,231,1,45,-1,0.5,0.5,-0.5,-,X2Pi
final,26600.961806,3.5,232,3,31,-1,1.5,-0.5,-1.5,-,a4Pi
final,26607.481831,3.5,233,3,30,-1,1.5,1.5,0.5,-,a4Pi
final,26664.769607,3.5,234,3,32,-1,1.5,-1.5,-2.5,-,a4Pi
final,26683.646717,3.5,235,3,31,-1,1.5,0.5,-0.5,-,a4Pi
final,26735.360593,3.5,236,2,8,-1,0.5,0.5,-0.5,-,B2Pi
final,26744.564654,3.5,237,3,32,-1,1.5,-0.5,-1.5,-,a4Pi
final,26765.294108,3.5,238,3,31,-1,1.5,1.5,0.5,-,a4Pi
final,26790.771467,3.5,239,3,33,-1,1.5,-1.5,-2.5,-,a4Pi
final,26823.210088,3.5,240,3,32,-1,1.5,0.5,-0.5,-,a4Pi
final,26823.670435,3.5,241,1,45,-1,0.5,-0.5,-1.5,-,X2Pi
final,26844.94288,3.5,242,2,8,-1,0.5,-0.5,-1.5,-,B2Pi
final,26866.125576,3.5,243,3,33,-1,1.5,-0.5,-1.5,-,a4Pi
final,26895.312089,3.5,244,3,34,-1,1.5,-1.5,-2.5,-,a4Pi
final,26900.672834,3.5,245,3,32,-1,1.5,1.5,0.5,-,a4Pi
final,26940.186273,3.5,246,3,33,-1,1.5,0.5,-0.5,-,a4Pi
final,26966.047187,3.5,247,3,34,-1,1.5,-0.5,-1.5,-,a4Pi
final,26983.021749,3.5,248,3,35,-1,1.5,-1.5,-2.5,-,a4Pi
final,26991.493559,3.5,249,1,46,-1,0.5,0.5,-0.5,-,X2Pi
final,27012.920141,3.5,250,3,33,-1,1.5,1.5,0.5,-,a4Pi
final,27035.537047,3.5,251,3,34,-1,1.5,0.5,-0.5,-,a4Pi
final,27051.101972,3.5,252,3,35,-1,1.5,-0.5,-1.5,-,a4Pi
final,27070.111264,3.5,253,3,36,-1,1.5,-1.5,-2.5,-,a4Pi
final,27103.857526,3.5,254,3,34,-1,1.5,1.5,0.5,-,a4Pi
final,27118.670131,3.5,255,3,35,-1,1.5,0.5,-0.5,-,a4Pi
final,27139.191204,3.5,256,3,36,-1,1.5,-0.5,-1.5,-,a4Pi
final,27169.465389,3.5,257,3,37,-1,1.5,-1.5,-2.5,-,a4Pi
final,27185.876058,3.5,258,3,35,-1,1.5,1.5,0.5,-,a4Pi
final,27208.182341,3.5,259,3,36,-1,1.5,0.5,-0.5,-,a4Pi
final,27213.166092,3.5,260,2,9,-1,0.5,0.5,-0.5,-,B2Pi
final,27240.389041,3.5,261,3,37,-1,1.5,-0.5,-1.5,-,a4Pi
final,27244.57959,3.5,262,1,46,-1,0.5,-0.5,-1.5,-,X2Pi
final,27277.083702,3.5,263,3,36,-1,1.5,1.5,0.5,-,a4Pi
final,27281.574916,3.5,264,3,38,-1,1.5,-1.5,-2.5,-,a4Pi
final,27311.165365,3.5,265,3,37,-1,1.5,0.5,-0.5,-,a4Pi
final,27325.103394,3.5,266,2,9,-1,0.5,-0.5,-1.5,-,B2Pi
final,27353.972523,3.5,267,3,38,-1,1.5,-0.5,-1.5,-,a4Pi
final,27381.770806,3.5,268,3,37,-1,1.5,1.5,0.5,-,a4Pi
final,27404.517773,3.5,269,3,39,-1,1.5,-1.5,-2.5,-,a4Pi
final,27407.213096,3.5,270,1,47,-1,0.5,0.5,-0.5,-,X2Pi
final,27426.141891,3.5,271,3,38,-1,1.5,0.5,-0.5,-,a4Pi
final,27478.074666,3.5,272,3,39,-1,1.5,-0.5,-1.5,-,a4Pi
final,27498.064741,3.5,273,3,38,-1,1.5,1.5,0.5,-,a4Pi
final,27536.896144,3.5,274,3,40,-1,1.5,-1.5,-2.5,-,a4Pi
final,27551.347457,3.5,275,3,39,-1,1.5,0.5,-0.5,-,a4Pi
final,27611.401998,3.5,276,3,40,-1,1.5,-0.5,-1.5,-,a4Pi
final,27624.321832,3.5,277,3,39,-1,1.5,1.5,0.5,-,a4Pi
final,27657.374584,3.5,278,1,47,-1,0.5,-0.5,-1.5,-,X2Pi
final,27677.743694,3.5,279,3,41,-1,1.5,-1.5,-2.5,-,a4Pi
final,27685.583844,3.5,280,3,40,-1,1.5,0.5,-0.5,-,a4Pi
final,27687.440159,3.5,281,2,10,-1,0.5,0.5,-0.5,-,B2Pi
final,27753.050739,3.5,282,3,41,-1,1.5,-0.5,-1.5,-,a4Pi
final,27759.429736,3.5,283,3,40,-1,1.5,1.5,0.5,-,a4Pi
final,27801.78376,3.5,284,2,10,-1,0.5,-0.5,-1.5,-,B2Pi
final,27814.773538,3.5,285,1,48,-1,0.5,0.5,-0.5,-,X2Pi
final,27826.354424,3.5,286,3,42,-1,1.5,-1.5,-2.5,-,a4Pi
final,27828.00366,3.5,287,3,41,-1,1.5,0.5,-0.5,-,a4Pi
final,27902.353564,3.5,288,3,42,-1,1.5,-0.5,-1.5,-,a4Pi
final,27902.591997,3.5,289,3,41,-1,1.5,1.5,0.5,-,a4Pi
final,27977.974717,3.5,290,3,42,-1,1.5,0.5,-0.5,-,a4Pi
final,27982.186119,3.5,291,3,43,-1,1.5,-1.5,-2.5,-,a4Pi
final,28053.2084,3.5,292,3,42,-1,1.5,1.5,0.5,-,a4Pi
final,28058.793045,3.5,293,3,43,-1,1.5,-0.5,-1.5,-,a4Pi
final,28061.999338,3.5,294,1,48,-1,0.5,-0.5,-1.5,-,X2Pi
final,28135.002408,3.5,295,3,43,-1,1.5,0.5,-0.5,-,a4Pi
final,28144.805764,3.5,296,3,44,-1,1.5,-1.5,-2.5,-,a4Pi
final,28158.184702,3.5,297,2,11,-1,0.5,0.5,-0.5,-,B2Pi
final,28210.805409,3.5,298,3,43,-1,1.5,1.5,0.5,-,a4Pi
final,28214.11337,3.5,299,1,49,-1,0.5,0.5,-0.5,-,X2Pi
final,28221.953492,3.5,300,3,44,-1,1.5,-0.5,-1.5,-,a4Pi
final,28274.982122,3.5,301,2,11,-1,0.5,-0.5,-1.5,-,B2Pi
final,28298.687206,3.5,302,3,44,-1,1.5,0.5,-0.5,-,a4Pi
final,28313.859326,3.5,303,3,45,-1,1.5,-1.5,-2.5,-,a4Pi
final,28374.998596,3.5,304,3,44,-1,1.5,1.5,0.5,-,a4Pi
final,28391.4933,3.5,305,3,45,-1,1.5,-0.5,-1.5,-,a4Pi
final,28458.397212,3.5,306,1,49,-1,0.5,-0.5,-1.5,-,X2Pi
final,28468.69909,3.5,307,3,45,-1,1.5,0.5,-0.5,-,a4Pi
final,28489.049692,3.5,308,3,46,-1,1.5,-1.5,-2.5,-,a4Pi
final,28545.46875,3.5,309,3,45,-1,1.5,1.5,0.5,-,a4Pi
final,28567.124513,3.5,310,3,46,-1,1.5,-0.5,-1.5,-,a4Pi
final,28605.170784,3.5,311,1,50,-1,0.5,0.5,-0.5,-,X2Pi
final,28625.401747,3.5,312,2,12,-1,0.5,0.5,-0.5,-,B2Pi
final,28644.758765,3.5,313,3,46,-1,1.5,0.5,-0.5,-,a4Pi
final,28670.123588,3.5,314,3,47,-1,1.5,-1.5,-2.5,-,a4Pi
final,28721.944772,3.5,315,3,46,-1,1.5,1.5,0.5,-,a4Pi
final,28744.696534,3.5,316,2,12,-1,0.5,-0.5,-1.5,-,B2Pi
final,28748.600988,3.5,317,3,47,-1,1.5,-0.5,-1.5,-,a4Pi
final,28826.626846,3.5,318,3,47,-1,1.5,0.5,-0.5,-,a4Pi
final,28846.510996,3.5,319,1,50,-1,0.5,-0.5,-1.5,-,X2Pi
final,28856.862324,3.5,320,3,48,-1,1.5,-1.5,-2.5,-,a4Pi
final,28904.193699,3.5,321,3,47,-1,1.5,1.5,0.5,-,a4Pi
final,28935.709582,3.5,322,3,48,-1,1.5,-0.5,-1.5,-,a4Pi
final,28987.883657,3.5,323,1,51,-1,0.5,0.5,-0.5,-,X2Pi
final,29014.095445,3.5,324,3,48,-1,1.5,0.5,-0.5,-,a4Pi
final,29049.074362,3.5,325,3,49,-1,1.5,-1.5,-2.5,-,a4Pi
final,29089.093459,3.5,326,2,13,-1,0.5,0.5,-0.5,-,B2Pi
final,29092.012615,3.5,327,3,48,-1,1.5,1.5,0.5,-,a4Pi
final,29128.263185,3.5,328,3,49,-1,1.5,-0.5,-1.5,-,a4Pi
final,29206.981694,3.5,329,3,49,-1,1.5,0.5,-0.5,-,a4Pi
final,29210.924888,3.5,330,2,13,-1,0.5,-0.5,-1.5,-,B2Pi
final,29226.282923,3.5,331,1,51,-1,0.5,-0.5,-1.5,-,X2Pi
final,29246.590473,3.5,332,3,50,-1,1.5,-1.5,-2.5,-,a4Pi
final,29285.222717,3.5,333,3,49,-1,1.5,1.5,0.5,-,a4Pi
final,29326.096159,3.5,334,3,50,-1,1.5,-0.5,-1.5,-,a4Pi
final,29362.189615,3.5,335,1,52,-1,0.5,0.5,-0.5,-,X2Pi
final,29405.123394,3.5,336,3,50,-1,1.5,0.5,-0.5,-,a4Pi
final,29449.259894,3.5,337,3,51,-1,1.5,-1.5,-2.5,-,a4Pi
final,29483.665106,3.5,338,3,50,-1,1.5,1.5,0.5,-,a4Pi
final,29529.060748,3.5,339,3,51,-1,1.5,-0.5,-1.5,-,a4Pi
final,29549.262016,3.5,340,2,14,-1,0.5,0.5,-0.5,-,B2Pi
final,29597.654627,3.5,341,1,52,-1,0.5,-0.5,-1.5,-,X2Pi
final,29608.375655,3.5,342,3,51,-1,1.5,0.5,-0.5,-,a4Pi
final,29656.94719,3.5,343,3,52,-1,1.5,-1.5,-2.5,-,a4Pi
final,29673.665054,3.5,344,2,14,-1,0.5,-0.5,-1.5,-,B2Pi
final,29687.197622,3.5,345,3,51,-1,1.5,1.5,0.5,-,a4Pi
final,29728.025997,3.5,346,1,53,-1,0.5,0.5,-0.5,-,X2Pi
final,29737.023947,3.5,347,3,52,-1,1.5,-0.5,-1.5,-,a4Pi
final,29816.607848,3.5,348,3,52,-1,1.5,0.5,-0.5,-,a4Pi
final,29869.530006,3.5,349,3,53,-1,1.5,-1.5,-2.5,-,a4Pi
final,29895.691953,3.5,350,3,52,-1,1.5,1.5,0.5,-,a4Pi
final,29949.865475,3.5,351,3,53,-1,1.5,-0.5,-1.5,-,a4Pi
final,29960.567179,3.5,352,1,53,-1,0.5,-0.5,-1.5,-,X2Pi
final,30005.909629,3.5,353,2,15,-1,0.5,0.5,-0.5,-,B2Pi
final,30029.701697,3.5,354,3,53,-1,1.5,0.5,-0.5,-,a4Pi
final,30085.329903,3.5,355,1,54,-1,0.5,0.5,-0.5,-,X2Pi
final,30086.897184,3.5,356,3,54,-1,1.5,-1.5,-2.5,-,a4Pi
final,30109.031727,3.5,357,3,53,-1,1.5,1.5,0.5,-,a4Pi
final,30132.914883,3.5,358,2,15,-1,0.5,-0.5,-1.5,-,B2Pi
final,30167.475774,3.5,359,3,54,-1,1.5,-0.5,-1.5,-,a4Pi
final,30247.549418,3.5,360,3,54,-1,1.5,0.5,-0.5,-,a4Pi
final,30308.947041,3.5,361,3,55,-1,1.5,-1.5,-2.5,-,a4Pi
final,30314.961053,3.5,362,1,54,-1,0.5,-0.5,-1.5,-,X2Pi
final,30327.111208,3.5,363,3,54,-1,1.5,1.5,0.5,-,a4Pi
final,30389.754731,3.5,364,3,55,-1,1.5,-0.5,-1.5,-,a4Pi
final,30434.038182,3.5,365,1,55,-1,0.5,0.5,-0.5,-,X2Pi
final,30459.038505,3.5,366,2,16,-1,0.5,0.5,-0.5,-,B2Pi
final,30470.052205,3.5,367,3,55,-1,1.5,0.5,-0.5,-,a4Pi
final,30535.599019,3.5,368,3,56,-1,1.5,-1.5,-2.5,-,a4Pi
final,30549.83226,3.5,369,3,55,-1,1.5,1.5,0.5,-,a4Pi
final,30588.672215,3.5,370,2,16,-1,0.5,-0.5,-1.5,-,B2Pi
final,30616.611889,3.5,371,3,56,-1,1.5,-0.5,-1.5,-,a4Pi
final,30660.776157,3.5,372,1,55,-1,0.5,-0.5,-1.5,-,X2Pi
final,30697.11979,3.5,373,3,56,-1,1.5,0.5,-0.5,-,a4Pi
final,30766.748133,3.5,374,3,57,-1,1.5,-1.5,-2.5,-,a4Pi
final,30774.087454,3.5,375,1,56,-1,0.5,0.5,-0.5,-,X2Pi
final,30777.110478,3.5,376,3,56,-1,1.5,1.5,0.5,-,a4Pi
final,30847.962894,3.5,377,3,57,-1,1.5,-0.5,-1.5,-,a4Pi
final,30908.650745,3.5,378,2,17,-1,0.5,0.5,-0.5,-,B2Pi
final,30928.670391,3.5,379,3,57,-1,1.5,0.5,-0.5,-,a4Pi
final,30997.951818,3.5,380,1,56,-1,0.5,-0.5,-1.5,-,X2Pi
final,31004.066816,3.5,381,3,58,-1,1.5,-1.5,-2.5,-,a4Pi
final,31008.919663,3.5,382,3,57,-1,1.5,1.5,0.5,-,a4Pi
final,31040.934984,3.5,383,2,17,-1,0.5,-0.5,-1.5,-,B2Pi
final,31083.882922,3.5,384,3,58,-1,1.5,-0.5,-1.5,-,a4Pi
final,31105.414112,3.5,385,1,57,-1,0.5,0.5,-0.5,-,X2Pi
final,31164.869667,3.5,386,3,58,-1,1.5,0.5,-0.5,-,a4Pi
final,31246.909465,3.5,387,3,58,-1,1.5,1.5,0.5,-,a4Pi
final,31326.426805,3.5,388,1,57,-1,0.5,-0.5,-1.5,-,X2Pi
final,31354.748494,3.5,389,2,18,-1,0.5,0.5,-0.5,-,B2Pi
final,31427.954338,3.5,390,1,58,-1,0.5,0.5,-0.5,-,X2Pi
final,31489.701089,3.5,391,2,18,-1,0.5,-0.5,-1.5,-,B2Pi
final,31646.13933,3.5,392,1,58,-1,0.5,-0.5,-1.5,-,X2Pi
final,31741.644108,3.5,393,1,59,-1,0.5,0.5,-0.5,-,X2Pi
final,31797.333883,3.5,394,2,19,-1,0.5,0.5,-0.5,-,B2Pi
final,31934.968446,3.5,395,2,19,-1,0.5,-0.5,-1.5,-,B2Pi
final,31957.027066,3.5,396,1,59,-1,0.5,-0.5,-1.5,-,X2Pi
final,32046.419213,3.5,397,1,60,-1,0.5,0.5,-0.5,-,X2Pi
final,32236.408948,3.5,398,2,20,-1,0.5,0.5,-0.5,-,B2Pi
final,32259.027159,3.5,399,1,60,-1,0.5,-0.5,-1.5,-,X2Pi
final,32342.215259,3.5,400,1,61,-1,0.5,0.5,-0.5,-,X2Pi
final,32376.735043,3.5,401,2,20,-1,0.5,-0.5,-1.5,-,B2Pi
final,32552.076249,3.5,402,1,61,-1,0.5,-0.5,-1.5,-,X2Pi
final,32628.967693,3.5,403,1,62,-1,0.5,0.5,-0.5,-,X2Pi
final,32671.975509,3.5,404,2,21,-1,0.5,0.5,-0.5,-,B2Pi
final,32814.999033,3.5,405,2,21,-1,0.5,-0.5,-1.5,-,B2Pi
final,32836.110489,3.5,406,1,62,-1,0.5,-0.5,-1.5,-,X2Pi
final,32906.611815,3.5,407,1,63,-1,0.5,0.5,-0.5,-,X2Pi
final,33104.035172,3.5,408,2,22,-1,0.5,0.5,-0.5,-,B2Pi
final,33111.065563,3.5,409,1,63,-1,0.5,-0.5,-1.5,-,X2Pi
final,33175.082792,3.5,410,1,64,-1,0.5,0.5,-0.5,-,X2Pi
final,33249.758818,3.5,411,2,22,-1,0.5,-0.5,-1.5,-,B2Pi
final,33376.876737,3.5,412,1,64,-1,0.5,-0.5,-1.5,-,X2Pi
final,33434.315632,3.5,413,1,65,-1,0.5,0.5,-0.5,-,X2Pi
final,33532.58958,3.5,414,2,23,-1,0.5,0.5,-0.5,-,B2Pi
final,33633.478924,3.5,415,1,65,-1,0.5,-0.5,-1.5,-,X2Pi
final,33681.012806,3.5,416,2,23,-1,0.5,-0.5,-1.5,-,B2Pi
final,33684.245228,3.5,417,1,66,-1,0.5,0.5,-0.5,-,X2Pi
final,33880.806676,3.5,418,1,66,-1,0.5,-0.5,-1.5,-,X2Pi
final,33924.806478,3.5,419,1,67,-1,0.5,0.5,-0.5,-,X2Pi
final,33957.640264,3.5,420,2,24,-1,0.5,0.5,-0.5,-,B2Pi
final,34108.75943,3.5,421,2,24,-1,0.5,-0.5,-1.5,-,B2Pi
final,34118.794147,3.5,422,1,67,-1,0.5,-0.5,-1.5,-,X2Pi
final,34155.934233,3.5,423,1,68,-1,0.5,0.5,-0.5,-,X2Pi
final,34347.375259,3.5,424,1,68,-1,0.5,-0.5,-1.5,-,X2Pi
final,34377.56326,3.5,425,1,69,-1,0.5,0.5,-0.5,-,X2Pi
final,34379.188497,3.5,426,2,25,-1,0.5,0.5,-0.5,-,B2Pi
final,34532.997389,3.5,427,2,25,-1,0.5,-0.5,-1.5,-,B2Pi
final,34566.483763,3.5,428,1,69,-1,0.5,-0.5,-1.5,-,X2Pi
final,34589.628436,3.5,429,1,70,-1,0.5,0.5,-0.5,-,X2Pi
final,34776.053168,3.5,430,1,70,-1,0.5,-0.5,-1.5,-,X2Pi
final,34792.064744,3.5,431,1,71,-1,0.5,0.5,-0.5,-,X2Pi
final,34797.235508,3.5,432,2,26,-1,0.5,0.5,-0.5,-,B2Pi
final,34953.725476,3.5,433,2,26,-1,0.5,-0.5,-1.5,-,B2Pi
final,34976.016839,3.5,434,1,71,-1,0.5,-0.5,-1.5,-,X2Pi
final,34984.80756,3.5,435,1,72,-1,0.5,0.5,-0.5,-,X2Pi
final,35166.30526,3.5,436,1,72,-1,0.5,-0.5,-1.5,-,X2Pi
final,35167.795784,3.5,437,1,73,-1,0.5,0.5,-0.5,-,X2Pi
final,35211.78245,3.5,438,2,27,-1,0.5,0.5,-0.5,-,B2Pi
final,35340.958626,3.5,439,1,74,-1,0.5,0.5,-0.5,-,X2Pi
final,35346.864907,3.5,440,1,73,-1,0.5,-0.5,-1.5,-,X2Pi
final,35370.942535,3.5,441,2,27,-1,0.5,-0.5,-1.5,-,B2Pi
final,35504.333075,3.5,442,1,75,-1,0.5,0.5,-0.5,-,X2Pi
final,35517.625591,3.5,443,1,74,-1,0.5,-0.5,-1.5,-,X2Pi
final,35622.830354,3.5,444,2,28,-1,0.5,0.5,-0.5,-,B2Pi
final,35658.65126,3.5,445,1,76,-1,0.5,0.5,-0.5,-,X2Pi
final,35678.677077,3.5,446,1,75,-1,0.5,-0.5,-1.5,-,X2Pi
final,35784.647499,3.5,447,2,28,-1,0.5,-0.5,-1.5,-,B2Pi
final,35807.712845,3.5,448,1,77,-1,0.5,0.5,-0.5,-,X2Pi
final,35831.165661,3.5,449,1,76,-1,0.5,-0.5,-1.5,-,X2Pi
final,35959.689752,3.5,450,1,78,-1,0.5,0.5,-0.5,-,X2Pi
final,35979.942605,3.5,451,1,77,-1,0.5,-0.5,-1.5,-,X2Pi
final,36030.380127,3.5,452,2,29,-1,0.5,0.5,-0.5,-,B2Pi
final,36121.492254,3.5,453,1,79,-1,0.5,0.5,-0.5,-,X2Pi
final,36133.544813,3.5,454,1,78,-1,0.5,-0.5,-1.5,-,X2Pi
final,36194.839452,3.5,455,2,29,-1,0.5,-0.5,-1.5,-,B2Pi
final,36294.849779,3.5,456,1,80,-1,0.5,0.5,-0.5,-,X2Pi
final,36297.725717,3.5,457,1,79,-1,0.5,-0.5,-1.5,-,X2Pi
final,36434.432632,3.5,458,2,30,-1,0.5,0.5,-0.5,-,B2Pi
final,36473.297008,3.5,459,1,80,-1,0.5,-0.5,-1.5,-,X2Pi
final,36479.104011,3.5,460,1,81,-1,0.5,0.5,-0.5,-,X2Pi
final,36601.517527,3.5,461,2,30,-1,0.5,-0.5,-1.5,-,B2Pi
final,36659.429325,3.5,462,1,81,-1,0.5,-0.5,-1.5,-,X2Pi
final,36673.76231,3.5,463,1,82,-1,0.5,0.5,-0.5,-,X2Pi
final,7.089537,4.5,1,1,0,1,0.5,-0.5,0.5,+,X2Pi
final,328.448025,4.5,2,1,0,1,0.5,0.5,1.5,+,X2Pi
final,740.708973,4.5,3,1,1,1,0.5,-0.5,0.5,+,X2Pi
final,1061.88156,4.5,4,1,1,1,0.5,0.5,1.5,+,X2Pi
final,1468.422051,4.5,5,1,2,1,0.5,-0.5,0.5,+,X2Pi
final,1789.380328,4.5,6,1,2,1,0.5,0.5,1.5,+,X2Pi
final,2190.19099,4.5,7,1,3,1,0.5,-0.5,0.5,+,X2Pi
final,2510.904778,4.5,8,1,3,1,0.5,0.5,1.5,+,X2Pi
final,2905.97754,4.5,9,1,4,1,0.5,-0.5,0.5,+,X2Pi
final,3226.414829,4.5,10,1,4,1,0.5,0.5,1.5,+,X2Pi
final,3615.742982,4.5,11,1,5,1,0.5,-0.5,0.5,+,X2Pi
final,3935.869882,4.5,12,1,5,1,0.5,0.5,1.5,+,X2Pi
final,4319.448156,4.5,13,1,6,1,0.5,-0.5,0.5,+,X2Pi
final,4639.228807,4.5,14,1,6,1,0.5,0.5,1.5,+,X2Pi
final,5017.053481,4.5,15,1,7,1,0.5,-0.5,0.5,+,X2Pi
final,5336.449941,4.5,16,1,7,1,0.5,0.5,1.5,+,X2Pi
final,5708.518976,4.5,17,1,8,1,0.5,-0.5,0.5,+,X2Pi
final,6027.491071,4.5,18,1,8,1,0.5,0.5,1.5,+,X2Pi
final,6393.804261,4.5,19,1,9,1,0.5,-0.5,0.5,+,X2Pi
final,6712.30945,4.5,20,1,9,1,0.5,0.5,1.5,+,X2Pi
final,7072.86856,4.5,21,1,10,1,0.5,-0.5,0.5,+,X2Pi
final,7390.861801,4.5,22,1,10,1,0.5,0.5,1.5,+,X2Pi
final,7745.670698,4.5,23,1,11,1,0.5,-0.5,0.5,+,X2Pi
final,8063.10433,4.5,24,1,11,1,0.5,0.5,1.5,+,X2Pi
final,8412.169101,4.5,25,1,12,1,0.5,-0.5,0.5,+,X2Pi
final,8728.992735,4.5,26,1,12,1,0.5,0.5,1.5,+,X2Pi
final,9072.321785,4.5,27,1,13,1,0.5,-0.5,0.5,+,X2Pi
final,9388.482224,4.5,28,1,13,1,0.5,0.5,1.5,+,X2Pi
final,9726.086359,4.5,29,1,14,1,0.5,-0.5,0.5,+,X2Pi
final,10041.527515,4.5,30,1,14,1,0.5,0.5,1.5,+,X2Pi
final,10373.420016,4.5,31,1,15,1,0.5,-0.5,0.5,+,X2Pi
final,10688.082857,4.5,32,1,15,1,0.5,0.5,1.5,+,X2Pi
final,11014.279522,4.5,33,1,16,1,0.5,-0.5,0.5,+,X2Pi
final,11328.102041,4.5,34,1,16,1,0.5,0.5,1.5,+,X2Pi
final,11648.621209,4.5,35,1,17,1,0.5,-0.5,0.5,+,X2Pi
final,11961.538413,4.5,36,1,17,1,0.5,0.5,1.5,+,X2Pi
final,12276.400969,4.5,37,1,18,1,0.5,-0.5,0.5,+,X2Pi
final,12588.344888,4.5,38,1,18,1,0.5,0.5,1.5,+,X2Pi
final,12897.574245,4.5,39,1,19,1,0.5,-0.5,0.5,+,X2Pi
final,13208.473951,4.5,40,1,19,1,0.5,0.5,1.5,+,X2Pi
final,13512.096015,4.5,41,1,20,1,0.5,-0.5,0.5,+,X2Pi
final,13821.877694,4.5,42,1,20,1,0.5,0.5,1.5,+,X2Pi
final,14119.920735,4.5,43,1,21,1,0.5,-0.5,0.5,+,X2Pi
final,14428.507856,4.5,44,1,21,1,0.5,0.5,1.5,+,X2Pi
final,14721.002331,4.5,45,1,22,1,0.5,-0.5,0.5,+,X2Pi
final,15028.315851,4.5,46,1,22,1,0.5,0.5,1.5,+,X2Pi
final,15315.294212,4.5,47,1,23,1,0.5,-0.5,0.5,+,X2Pi
final,15621.252741,4.5,48,1,23,1,0.5,0.5,1.5,+,X2Pi
final,15902.749244,4.5,49,1,24,1,0.5,-0.5,0.5,+,X2Pi
final,15995.261807,4.5,50,3,0,1,1.5,1.5,2.5,+,a4Pi
final,16097.638377,4.5,51,3,0,1,1.5,0.5,1.5,+,a4Pi
final,16199.151453,4.5,52,3,0,1,1.5,-0.5,0.5,+,a4Pi
final,16207.269277,4.5,53,1,24,1,0.5,0.5,1.5,+,X2Pi
final,16299.789825,4.5,54,3,0,1,1.5,-1.5,-0.5,+,a4Pi
final,16445.592161,4.5,55,3,1,1,1.5,1.5,2.5,+,a4Pi
final,16483.319676,4.5,56,1,25,1,0.5,-0.5,0.5,+,X2Pi
final,16548.040313,4.5,57,3,1,1,1.5,0.5,1.5,+,a4Pi
final,16649.631152,4.5,58,3,1,1,1.5,-0.5,0.5,+,a4Pi
final,16750.353639,4.5,59,3,1,1,1.5,-1.5,-0.5,+,a4Pi
final,16786.315964,4.5,60,1,25,1,0.5,0.5,1.5,+,X2Pi
final,16890.375729,4.5,61,3,2,1,1.5,1.5,2.5,+,a4Pi
final,16992.890725,4.5,62,3,2,1,1.5,0.5,1.5,+,a4Pi
final,17056.957158,4.5,63,1,26,1,0.5,-0.5,0.5,+,X2Pi
final,17094.554664,4.5,64,3,2,1,1.5,-0.5,0.5,+,a4Pi
final,17195.35668,4.5,65,3,2,1,1.5,-1.5,-0.5,+,a4Pi
final,17329.529095,4.5,66,3,3,1,1.5,1.5,2.5,+,a4Pi
final,17358.34305,4.5,67,1,26,1,0.5,0.5,1.5,+,X2Pi
final,17432.10548,4.5,68,3,3,1,1.5,0.5,1.5,+,a4Pi
final,17533.837145,4.5,69,3,3,1,1.5,-0.5,0.5,+,a4Pi
final,17623.612715,4.5,70,1,27,1,0.5,-0.5,0.5,+,X2Pi
final,17634.7134,4.5,71,3,3,1,1.5,-1.5,-0.5,+,a4Pi
final,17762.962341,4.5,72,3,4,1,1.5,1.5,2.5,+,a4Pi
final,17865.5938,4.5,73,3,4,1,1.5,0.5,1.5,+,a4Pi
final,17923.300554,4.5,74,1,27,1,0.5,0.5,1.5,+,X2Pi
final,17967.386966,4.5,75,3,4,1,1.5,-0.5,0.5,+,a4Pi
final,18068.331325,4.5,76,3,4,1,1.5,-1.5,-0.5,+,a4Pi
final,18183.236703,4.5,77,1,28,1,0.5,-0.5,0.5,+,X2Pi
final,18190.578483,4.5,78,3,5,1,1.5,1.5,2.5,+,a4Pi
final,18293.257661,4.5,79,3,5,1,1.5,0.5,1.5,+,a4Pi
final,18395.105071,4.5,80,3,5,1,1.5,-0.5,0.5,+,a4Pi
final,18481.138303,4.5,81,1,28,1,0.5,0.5,1.5,+,X2Pi
final,18496.110378,4.5,82,3,5,1,1.5,-1.5,-0.5,+,a4Pi
final,18612.272375,4.5,83,3,6,1,1.5,1.5,2.5,+,a4Pi
final,18714.990778,4.5,84,3,6,1,1.5,0.5,1.5,+,a4Pi
final,18735.778815,4.5,85,1,29,1,0.5,-0.5,0.5,+,X2Pi
final,18816.884041,4.5,86,3,6,1,1.5,-0.5,0.5,+,a4Pi
final,18917.942012,4.5,87,3,6,1,1.5,-1.5,-0.5,+,a4Pi
final,19027.929775,4.5,88,3,7,1,1.5,1.5,2.5,+,a4Pi
final,19031.805933,4.5,89,1,29,1,0.5,0.5,1.5,+,X2Pi
final,19130.677529,4.5,90,3,7,1,1.5,0.5,1.5,+,a4Pi
final,19232.606885,4.5,91,3,7,1,1.5,-0.5,0.5,+,a4Pi
final,19281.188046,4.5,92,1,30,1,0.5,-0.5,0.5,+,X2Pi
final,19333.707877,4.5,93,3,7,1,1.5,-1.5,-0.5,+,a4Pi
final,19437.426264,4.5,94,3,8,1,1.5,1.5,2.5,+,a4Pi
final,19540.191905,4.5,95,3,8,1,1.5,0.5,1.5,+,a4Pi
final,19575.252919,4.5,96,1,30,1,0.5,0.5,1.5,+,X2Pi
final,19642.146014,4.5,97,3,8,1,1.5,-0.5,0.5,+,a4Pi
final,19743.27881,4.5,98,3,8,1,1.5,-1.5,-0.5,+,a4Pi
final,19819.412692,4.5,99,1,31,1,0.5,-0.5,0.5,+,X2Pi
final,19840.626113,4.5,100,3,9,1,1.5,1.5,2.5,+,a4Pi
final,19943.396326,4.5,101,3,9,1,1.5,0.5,1.5,+,a4Pi
final,20045.362,4.5,102,3,9,1,1.5,-0.5,0.5,+,a4Pi
final,20111.428578,4.5,103,1,31,1,0.5,0.5,1.5,+,X2Pi
final,20146.513551,4.5,104,3,9,1,1.5,-1.5,-0.5,+,a4Pi
final,20237.380677,4.5,105,3,10,1,1.5,1.5,2.5,+,a4Pi
final,20340.140011,4.5,106,3,10,1,1.5,0.5,1.5,+,a4Pi
final,20350.400339,4.5,107,1,32,1,0.5,-0.5,0.5,+,X2Pi
final,20442.101938,4.5,108,3,10,1,1.5,-0.5,0.5,+,a4Pi
final,20543.257072,4.5,109,3,10,1,1.5,-1.5,-0.5,+,a4Pi
final,20627.526796,4.5,110,3,11,1,1.5,1.5,2.5,+,a4Pi
final,20640.28208,4.5,111,1,32,1,0.5,0.5,1.5,+,X2Pi
final,20730.257274,4.5,112,3,11,1,1.5,0.5,1.5,+,a4Pi
final,20832.19762,4.5,113,3,11,1,1.5,-0.5,0.5,+,a4Pi
final,20874.097863,4.5,114,1,33,1,0.5,-0.5,0.5,+,X2Pi
final,20933.338652,4.5,115,3,11,1,1.5,-1.5,-0.5,+,a4Pi
final,21010.8849,4.5,116,3,12,1,1.5,1.5,2.5,+,a4Pi
final,21113.565524,4.5,117,3,12,1,1.5,0.5,1.5,+,a4Pi
final,21161.762441,4.5,118,1,33,1,0.5,0.5,1.5,+,X2Pi
final,21215.463436,4.5,119,3,12,1,1.5,-0.5,0.5,+,a4Pi
final,21316.569669,4.5,120,3,12,1,1.5,-1.5,-0.5,+,a4Pi
final,21387.256787,4.5,121,3,13,1,1.5,1.5,2.5,+,a4Pi
final,21390.451438,4.5,122,1,34,1,0.5,-0.5,0.5,+,X2Pi
final,21489.863028,4.5,123,3,13,1,1.5,0.5,1.5,+,a4Pi
final,21591.69412,4.5,124,3,13,1,1.5,-0.5,0.5,+,a4Pi
final,21675.818515,4.5,125,1,34,1,0.5,0.5,1.5,+,X2Pi
final,21692.741321,4.5,126,3,13,1,1.5,-1.5,-0.5,+,a4Pi
final,21756.423009,4.5,127,3,14,1,1.5,1.5,2.5,+,a4Pi
final,21858.926188,4.5,128,3,14,1,1.5,0.5,1.5,+,a4Pi
final,21899.406541,4.5,129,1,35,1,0.5,-0.5,0.5,+,X2Pi
final,21960.661916,4.5,130,3,14,1,1.5,-0.5,0.5,+,a4Pi
final,22061.621685,4.5,131,3,14,1,1.5,-1.5,-0.5,+,a4Pi
final,22118.139957,4.5,132,3,15,1,1.5,1.5,2.5,+,a4Pi
final,22182.398991,4.5,133,1,35,1,0.5,0.5,1.5,+,X2Pi
final,22220.506413,4.5,134,3,15,1,1.5,0.5,1.5,+,a4Pi
final,22322.113231,4.5,135,3,15,1,1.5,-0.5,0.5,+,a4Pi
final,22400.907964,4.5,136,1,36,1,0.5,-0.5,0.5,+,X2Pi
final,22422.952152,4.5,137,3,15,1,1.5,-1.5,-0.5,+,a4Pi
final,22472.136271,4.5,138,3,16,1,1.5,1.5,2.5,+,a4Pi
final,22574.326516,4.5,139,3,16,1,1.5,0.5,1.5,+,a4Pi
final,22675.76501,4.5,140,3,16,1,1.5,-0.5,0.5,+,a4Pi
final,22681.452374,4.5,141,1,36,1,0.5,0.5,1.5,+,X2Pi
final,22776.443762,4.5,142,3,16,1,1.5,-1.5,-0.5,+,a4Pi
final,22787.734776,4.5,143,2,0,1,0.5,-0.5,0.5,+,B2Pi
final,22818.108995,4.5,144,3,17,1,1.5,1.5,2.5,+,a4Pi
final,22880.65878,4.5,145,2,0,1,0.5,0.5,1.5,+,B2Pi
final,22894.899828,4.5,146,1,37,1,0.5,-0.5,0.5,+,X2Pi
final,22920.076541,4.5,147,3,17,1,1.5,0.5,1.5,+,a4Pi
final,23021.300241,4.5,148,3,17,1,1.5,-0.5,0.5,+,a4Pi
final,23121.772385,4.5,149,3,17,1,1.5,-1.5,-0.5,+,a4Pi
final,23155.718907,4.5,150,3,18,1,1.5,1.5,2.5,+,a4Pi
final,23172.926968,4.5,151,1,37,1,0.5,0.5,1.5,+,X2Pi
final,23257.408849,4.5,152,3,18,1,1.5,0.5,1.5,+,a4Pi
final,23293.82605,4.5,153,2,1,1,0.5,-0.5,0.5,+,B2Pi
final,23358.362763,4.5,154,3,18,1,1.5,-0.5,0.5,+,a4Pi
final,23381.325624,4.5,155,1,38,1,0.5,-0.5,0.5,+,X2Pi
final,23388.607373,4.5,156,2,1,1,0.5,0.5,1.5,+,B2Pi
final,23458.573246,4.5,157,3,18,1,1.5,-1.5,-0.5,+,a4Pi
final,23484.584959,4.5,158,3,19,1,1.5,1.5,2.5,+,a4Pi
final,23585.932273,4.5,159,3,19,1,1.5,0.5,1.5,+,a4Pi
final,23656.77083,4.5,160,1,38,1,0.5,0.5,1.5,+,X2Pi
final,23686.551146,4.5,161,3,19,1,1.5,-0.5,0.5,+,a4Pi
final,23786.4345,4.5,162,3,19,1,1.5,-1.5,-0.5,+,a4Pi
final,23796.378261,4.5,163,2,2,1,0.5,-0.5,0.5,+,B2Pi
final,23804.277849,4.5,164,3,20,1,1.5,1.5,2.5,+,a4Pi
final,23860.128245,4.5,165,1,39,1,0.5,-0.5,0.5,+,X2Pi
final,23893.083132,4.5,166,2,2,1,0.5,0.5,1.5,+,B2Pi
final,23905.20542,4.5,167,3,20,1,1.5,0.5,1.5,+,a4Pi
final,24005.411675,4.5,168,3,20,1,1.5,-0.5,0.5,+,a4Pi
final,24104.889886,4.5,169,3,20,1,1.5,-1.5,-0.5,+,a4Pi
final,24114.312868,4.5,170,3,21,1,1.5,1.5,2.5,+,a4Pi
final,24132.931738,4.5,171,1,39,1,0.5,0.5,1.5,+,X2Pi
final,24214.72888,4.5,172,3,21,1,1.5,0.5,1.5,+,a4Pi
final,24295.39139,4.5,173,2,3,1,0.5,-0.5,0.5,+,B2Pi
final,24314.429904,4.5,174,3,21,1,1.5,-0.5,0.5,+,a4Pi
final,24331.250006,4.5,175,1,40,1,0.5,-0.5,0.5,+,X2Pi
final,24394.086086,4.5,176,2,3,1,0.5,0.5,1.5,+,B2Pi
final,24413.40958,4.5,177,3,21,1,1.5,-1.5,-0.5,+,a4Pi
final,24414.141342,4.5,178,3,22,1,1.5,1.5,2.5,+,a4Pi
final,24513.936227,4.5,179,3,22,1,1.5,0.5,1.5,+,a4Pi
final,24601.357169,4.5,180,1,40,1,0.5,0.5,1.5,+,X2Pi
final,24613.021162,4.5,181,3,22,1,1.5,-0.5,0.5,+,a4Pi
final,24703.141024,4.5,182,3,23,1,1.5,1.5,2.5,+,a4Pi
final,24711.390166,4.5,183,3,22,1,1.5,-1.5,-0.5,+,a4Pi
final,24790.865805,4.5,184,2,4,1,0.5,-0.5,0.5,+,B2Pi
final,24794.632663,4.5,185,1,41,1,0.5,-0.5,0.5,+,X2Pi
final,24802.183592,4.5,186,3,23,1,1.5,0.5,1.5,+,a4Pi
final,24891.615863,4.5,187,2,4,1,0.5,0.5,1.5,+,B2Pi
final,24900.519241,4.5,188,3,23,1,1.5,-0.5,0.5,+,a4Pi
final,24980.60558,4.5,189,3,24,1,1.5,1.5,2.5,+,a4Pi
final,24998.142349,4.5,190,3,23,1,1.5,-1.5,-0.5,+,a4Pi
final,25061.994278,4.5,191,1,41,1,0.5,0.5,1.5,+,X2Pi
final,25078.738196,4.5,192,3,24,1,1.5,0.5,1.5,+,a4Pi
final,25176.163875,4.5,193,3,24,1,1.5,-0.5,0.5,+,a4Pi
final,25245.732968,4.5,194,3,25,1,1.5,1.5,2.5,+,a4Pi
final,25250.217472,4.5,195,1,42,1,0.5,-0.5,0.5,+,X2Pi
final,25272.877297,4.5,196,3,24,1,1.5,-1.5,-0.5,+,a4Pi
final,25282.802263,4.5,197,2,5,1,0.5,-0.5,0.5,+,B2Pi
final,25342.765813,4.5,198,3,25,1,1.5,0.5,1.5,+,a4Pi
final,25385.671753,4.5,199,2,5,1,0.5,0.5,1.5,+,B2Pi
final,25439.087179,4.5,200,3,25,1,1.5,-0.5,0.5,+,a4Pi
final,25497.613782,4.5,201,3,26,1,1.5,1.5,2.5,+,a4Pi
final,25514.789827,4.5,202,1,42,1,0.5,0.5,1.5,+,X2Pi
final,25534.691911,4.5,203,3,25,1,1.5,-1.5,-0.5,+,a4Pi
final,25593.318089,4.5,204,3,26,1,1.5,0.5,1.5,+,a4Pi
final,25688.299767,4.5,205,3,26,1,1.5,-0.5,0.5,+,a4Pi
final,25697.945221,4.5,206,1,43,1,0.5,-0.5,0.5,+,X2Pi
final,25735.221953,4.5,207,3,27,1,1.5,1.5,2.5,+,a4Pi
final,25771.201504,4.5,208,2,6,1,0.5,-0.5,0.5,+,B2Pi
final,25782.553543,4.5,209,3,26,1,1.5,-1.5,-0.5,+,a4Pi
final,25829.321742,4.5,210,3,27,1,1.5,0.5,1.5,+,a4Pi
final,25876.253039,4.5,211,2,6,1,0.5,0.5,1.5,+,B2Pi
final,25922.678197,4.5,212,3,27,1,1.5,-0.5,0.5,+,a4Pi
final,25957.410083,4.5,213,3,28,1,1.5,1.5,2.5,+,a4Pi
final,25959.690165,4.5,214,1,43,1,0.5,0.5,1.5,+,X2Pi
final,26015.285411,4.5,215,3,27,1,1.5,-1.5,-0.5,+,a4Pi
final,26049.573104,4.5,216,3,28,1,1.5,0.5,1.5,+,a4Pi
final,26137.756229,4.5,217,1,44,1,0.5,-0.5,0.5,+,X2Pi
final,26140.958592,4.5,218,3,28,1,1.5,-0.5,0.5,+,a4Pi
final,26162.915596,4.5,219,3,29,1,1.5,1.5,2.5,+,a4Pi
final,26231.559106,4.5,220,3,28,1,1.5,-1.5,-0.5,+,a4Pi
final,26252.744771,4.5,221,3,29,1,1.5,0.5,1.5,+,a4Pi
final,26256.064646,4.5,222,2,7,1,0.5,-0.5,0.5,+,B2Pi
final,26341.743591,4.5,223,3,29,1,1.5,-0.5,0.5,+,a4Pi
final,26350.389914,4.5,224,3,30,1,1.5,1.5,2.5,+,a4Pi
final,26363.358644,4.5,225,2,7,1,0.5,0.5,1.5,+,B2Pi
final,26396.641225,4.5,226,1,44,1,0.5,0.5,1.5,+,X2Pi
final,26429.901612,4.5,227,3,29,1,1.5,-1.5,-0.5,+,a4Pi
final,26437.417784,4.5,228,3,30,1,1.5,0.5,1.5,+,a4Pi
final,26518.468303,4.5,229,3,31,1,1.5,1.5,2.5,+,a4Pi
final,26523.537992,4.5,230,3,30,1,1.5,-0.5,0.5,+,a4Pi
final,26569.590394,4.5,231,1,45,1,0.5,-0.5,0.5,+,X2Pi
final,26602.161622,4.5,232,3,31,1,1.5,0.5,1.5,+,a4Pi
final,26608.734904,4.5,233,3,30,1,1.5,-1.5,-0.5,+,a4Pi
final,26665.909165,4.5,234,3,32,1,1.5,1.5,2.5,+,a4Pi
final,26684.840462,4.5,235,3,31,1,1.5,-0.5,0.5,+,a4Pi
final,26737.393109,4.5,236,2,8,1,0.5,-0.5,0.5,+,B2Pi
final,26745.695851,4.5,237,3,32,1,1.5,0.5,1.5,+,a4Pi
final,26766.481309,4.5,238,3,31,1,1.5,-1.5,-0.5,+,a4Pi
final,26791.837628,4.5,239,3,33,1,1.5,1.5,2.5,+,a4Pi
final,26824.33229,4.5,240,3,32,1,1.5,-0.5,0.5,+,a4Pi
final,26825.588467,4.5,241,1,45,1,0.5,0.5,1.5,+,X2Pi
final,26846.9872,4.5,242,2,8,1,0.5,0.5,1.5,+,B2Pi
final,26867.180317,4.5,243,3,33,1,1.5,0.5,1.5,+,a4Pi
final,26896.300686,4.5,244,3,34,1,1.5,1.5,2.5,+,a4Pi
final,26901.785341,4.5,245,3,32,1,1.5,-1.5,-0.5,+,a4Pi
final,26941.22883,4.5,246,3,33,1,1.5,-0.5,0.5,+,a4Pi
final,26967.023586,4.5,247,3,34,1,1.5,0.5,1.5,+,a4Pi
final,26983.960373,4.5,248,3,35,1,1.5,1.5,2.5,+,a4Pi
final,26993.387233,4.5,249,1,46,1,0.5,-0.5,0.5,+,X2Pi
final,27013.949768,4.5,250,3,33,1,1.5,-1.5,-0.5,+,a4Pi
final,27036.502066,4.5,251,3,34,1,1.5,-0.5,0.5,+,a4Pi
final,27052.039973,4.5,252,3,35,1,1.5,0.5,1.5,+,a4Pi
final,27071.066058,4.5,253,3,36,1,1.5,1.5,2.5,+,a4Pi
final,27104.812735,4.5,254,3,34,1,1.5,-1.5,-0.5,+,a4Pi
final,27119.610495,4.5,255,3,35,1,1.5,-0.5,0.5,+,a4Pi
final,27140.154772,4.5,256,3,36,1,1.5,0.5,1.5,+,a4Pi
final,27170.457296,4.5,257,3,37,1,1.5,1.5,2.5,+,a4Pi
final,27186.821414,4.5,258,3,35,1,1.5,-1.5,-0.5,+,a4Pi
final,27209.155087,4.5,259,3,36,1,1.5,-0.5,0.5,+,a4Pi
final,27215.188352,4.5,260,2,9,1,0.5,-0.5,0.5,+,B2Pi
final,27241.389505,4.5,261,3,37,1,1.5,0.5,1.5,+,a4Pi
final,27246.476848,4.5,262,1,46,1,0.5,0.5,1.5,+,X2Pi
final,27278.065742,4.5,263,3,36,1,1.5,-1.5,-0.5,+,a4Pi
final,27282.598118,4.5,264,3,38,1,1.5,1.5,2.5,+,a4Pi
final,27312.174199,4.5,265,3,37,1,1.5,-0.5,0.5,+,a4Pi
final,27327.137302,4.5,266,2,9,1,0.5,0.5,1.5,+,B2Pi
final,27355.003158,4.5,267,3,38,1,1.5,0.5,1.5,+,a4Pi
final,27382.787826,4.5,268,3,37,1,1.5,-1.5,-0.5,+,a4Pi
final,27405.56648,4.5,269,3,39,1,1.5,1.5,2.5,+,a4Pi
final,27409.085899,4.5,270,1,47,1,0.5,-0.5,0.5,+,X2Pi
final,27427.17984,4.5,271,3,38,1,1.5,-0.5,0.5,+,a4Pi
final,27479.130061,4.5,272,3,39,1,1.5,0.5,1.5,+,a4Pi
final,27499.109902,4.5,273,3,38,1,1.5,-1.5,-0.5,+,a4Pi
final,27537.966436,4.5,274,3,40,1,1.5,1.5,2.5,+,a4Pi
final,27552.409486,4.5,275,3,39,1,1.5,-0.5,0.5,+,a4Pi
final,27612.478492,4.5,276,3,40,1,1.5,0.5,1.5,+,a4Pi
final,27625.390451,4.5,277,3,39,1,1.5,-1.5,-0.5,+,a4Pi
final,27659.250804,4.5,278,1,47,1,0.5,0.5,1.5,+,X2Pi
final,27678.832807,4.5,279,3,41,1,1.5,1.5,2.5,+,a4Pi
final,27686.666524,4.5,280,3,40,1,1.5,-0.5,0.5,+,a4Pi
final,27689.45214,4.5,281,2,10,1,0.5,-0.5,0.5,+,B2Pi
final,27754.145722,4.5,282,3,41,1,1.5,0.5,1.5,+,a4Pi
final,27760.518593,4.5,283,3,40,1,1.5,-1.5,-0.5,+,a4Pi
final,27803.807239,4.5,284,2,10,1,0.5,0.5,1.5,+,B2Pi
final,27816.625191,4.5,285,1,48,1,0.5,-0.5,0.5,+,X2Pi
final,27827.460308,4.5,286,3,42,1,1.5,1.5,2.5,+,a4Pi
final,27829.10452,4.5,287,3,41,1,1.5,-0.5,0.5,+,a4Pi
final,27903.465081,4.5,288,3,42,1,1.5,0.5,1.5,+,a4Pi
final,27903.698749,4.5,289,3,41,1,1.5,-1.5,-0.5,+,a4Pi
final,27979.091891,4.5,290,3,42,1,1.5,-0.5,0.5,+,a4Pi
final,27983.307182,4.5,291,3,43,1,1.5,1.5,2.5,+,a4Pi
final,28054.331259,4.5,292,3,42,1,1.5,-1.5,-0.5,+,a4Pi
final,28059.919566,4.5,293,3,43,1,1.5,0.5,1.5,+,a4Pi
final,28063.854247,4.5,294,1,48,1,0.5,0.5,1.5,+,X2Pi
final,28136.134421,4.5,295,3,43,1,1.5,-0.5,0.5,+,a4Pi
final,28145.94073,4.5,296,3,44,1,1.5,1.5,2.5,+,a4Pi
final,28160.186383,4.5,297,2,11,1,0.5,-0.5,0.5,+,B2Pi
final,28211.942955,4.5,298,3,43,1,1.5,-1.5,-0.5,+,a4Pi
final,28215.943584,4.5,299,1,49,1,0.5,-0.5,0.5,+,X2Pi
final,28223.093785,4.5,300,3,44,1,1.5,0.5,1.5,+,a4Pi
final,28276.995155,4.5,301,2,11,1,0.5,0.5,1.5,+,B2Pi
final,28299.83287,4.5,302,3,44,1,1.5,-0.5,0.5,+,a4Pi
final,28315.00715,4.5,303,3,45,1,1.5,1.5,2.5,+,a4Pi
final,28376.149678,4.5,304,3,44,1,1.5,-1.5,-0.5,+,a4Pi
final,28392.64635,4.5,305,3,45,1,1.5,0.5,1.5,+,a4Pi
final,28460.230526,4.5,306,1,49,1,0.5,0.5,1.5,+,X2Pi
final,28469.857417,4.5,307,3,45,1,1.5,-0.5,0.5,+,a4Pi
final,28490.209496,4.5,308,3,46,1,1.5,1.5,2.5,+,a4Pi
final,28546.632408,4.5,309,3,45,1,1.5,-1.5,-0.5,+,a4Pi
final,28568.289466,4.5,310,3,46,1,1.5,0.5,1.5,+,a4Pi
final,28606.979261,4.5,311,1,50,1,0.5,-0.5,0.5,+,X2Pi
final,28627.393108,4.5,312,2,12,1,0.5,-0.5,0.5,+,B2Pi
final,28645.928922,4.5,313,3,46,1,1.5,-0.5,0.5,+,a4Pi
final,28671.294626,4.5,314,3,47,1,1.5,1.5,2.5,+,a4Pi
final,28723.120195,4.5,315,3,46,1,1.5,-1.5,-0.5,+,a4Pi
final,28746.699105,4.5,316,2,12,1,0.5,0.5,1.5,+,B2Pi
final,28749.777115,4.5,317,3,47,1,1.5,0.5,1.5,+,a4Pi
final,28827.808123,4.5,318,3,47,1,1.5,-0.5,0.5,+,a4Pi
final,28848.322421,4.5,319,1,50,1,0.5,0.5,1.5,+,X2Pi
final,28858.043953,4.5,320,3,48,1,1.5,1.5,2.5,+,a4Pi
final,28905.380189,4.5,321,3,47,1,1.5,-1.5,-0.5,+,a4Pi
final,28936.896253,4.5,322,3,48,1,1.5,0.5,1.5,+,a4Pi
final,28989.67009,4.5,323,1,51,1,0.5,-0.5,0.5,+,X2Pi
final,29015.287224,4.5,324,3,48,1,1.5,-0.5,0.5,+,a4Pi
final,29050.266021,4.5,325,3,49,1,1.5,1.5,2.5,+,a4Pi
final,29091.07448,4.5,326,2,13,1,0.5,-0.5,0.5,+,B2Pi
final,29093.209569,4.5,327,3,48,1,1.5,-1.5,-0.5,+,a4Pi
final,29129.459851,4.5,328,3,49,1,1.5,0.5,1.5,+,a4Pi
final,29208.183434,4.5,329,3,49,1,1.5,-0.5,0.5,+,a4Pi
final,29212.916978,4.5,330,2,13,1,0.5,0.5,1.5,+,B2Pi
final,29228.072155,4.5,331,1,51,1,0.5,0.5,1.5,+,X2Pi
final,29247.791667,4.5,332,3,50,1,1.5,1.5,2.5,+,a4Pi
final,29286.429603,4.5,333,3,49,1,1.5,-1.5,-0.5,+,a4Pi
final,29327.302334,4.5,334,3,50,1,1.5,0.5,1.5,+,a4Pi
final,29363.953684,4.5,335,1,52,1,0.5,-0.5,0.5,+,X2Pi
final,29406.33462,4.5,336,3,50,1,1.5,-0.5,0.5,+,a4Pi
final,29450.470186,4.5,337,3,51,1,1.5,1.5,2.5,+,a4Pi
final,29484.881458,4.5,338,3,50,1,1.5,-1.5,-0.5,+,a4Pi
final,29530.276001,4.5,339,3,51,1,1.5,0.5,1.5,+,a4Pi
final,29551.232674,4.5,340,2,14,1,0.5,-0.5,0.5,+,B2Pi
final,29599.42135,4.5,341,1,52,1,0.5,0.5,1.5,+,X2Pi
final,29609.595942,4.5,342,3,51,1,1.5,-0.5,0.5,+,a4Pi
final,29658.166186,4.5,343,3,52,1,1.5,1.5,2.5,+,a4Pi
final,29675.646644,4.5,344,2,14,1,0.5,0.5,1.5,+,B2Pi
final,29688.423019,4.5,345,3,51,1,1.5,-1.5,-0.5,+,a4Pi
final,29729.767371,4.5,346,1,53,1,0.5,-0.5,0.5,+,X2Pi
final,29738.247892,4.5,347,3,52,1,1.5,0.5,1.5,+,a4Pi
final,29817.836817,4.5,348,3,52,1,1.5,-0.5,0.5,+,a4Pi
final,29870.757349,4.5,349,3,53,1,1.5,1.5,2.5,+,a4Pi
final,29896.926023,4.5,350,3,52,1,1.5,-1.5,-0.5,+,a4Pi
final,29951.097765,4.5,351,3,53,1,1.5,0.5,1.5,+,a4Pi
final,29962.311064,4.5,352,1,53,1,0.5,0.5,1.5,+,X2Pi
final,30007.869906,4.5,353,2,15,1,0.5,-0.5,0.5,+,B2Pi
final,30030.939006,4.5,354,3,53,1,1.5,-0.5,0.5,+,a4Pi
final,30087.048239,4.5,355,1,54,1,0.5,-0.5,0.5,+,X2Pi
final,30088.132529,4.5,356,3,54,1,1.5,1.5,2.5,+,a4Pi
final,30110.274135,4.5,357,3,53,1,1.5,-1.5,-0.5,+,a4Pi
final,30134.885956,4.5,358,2,15,1,0.5,0.5,1.5,+,B2Pi
final,30168.716087,4.5,359,3,54,1,1.5,0.5,1.5,+,a4Pi
final,30248.794773,4.5,360,3,54,1,1.5,-0.5,0.5,+,a4Pi
final,30310.190215,4.5,361,3,55,1,1.5,1.5,2.5,+,a4Pi
final,30316.68176,4.5,362,1,54,1,0.5,0.5,1.5,+,X2Pi
final,30328.361685,4.5,363,3,54,1,1.5,-1.5,-0.5,+,a4Pi
final,30391.002818,4.5,364,3,55,1,1.5,0.5,1.5,+,a4Pi
final,30435.733125,4.5,365,1,55,1,0.5,-0.5,0.5,+,X2Pi
final,30460.988378,4.5,366,2,16,1,0.5,-0.5,0.5,+,B2Pi
final,30471.305319,4.5,367,3,55,1,1.5,-0.5,0.5,+,a4Pi
final,30536.850752,4.5,368,3,56,1,1.5,1.5,2.5,+,a4Pi
final,30551.090508,4.5,369,3,55,1,1.5,-1.5,-0.5,+,a4Pi
final,30590.632751,4.5,370,2,16,1,0.5,0.5,1.5,+,B2Pi
final,30617.867844,4.5,371,3,56,1,1.5,0.5,1.5,+,a4Pi
final,30662.473331,4.5,372,1,55,1,0.5,0.5,1.5,+,X2Pi
final,30698.380247,4.5,373,3,56,1,1.5,-0.5,0.5,+,a4Pi
final,30768.009199,4.5,374,3,57,1,1.5,1.5,2.5,+,a4Pi
final,30775.758634,4.5,375,1,56,1,0.5,-0.5,0.5,+,X2Pi
final,30778.375697,4.5,376,3,56,1,1.5,-1.5,-0.5,+,a4Pi
final,30849.227371,4.5,377,3,57,1,1.5,0.5,1.5,+,a4Pi
final,30910.590194,4.5,378,2,17,1,0.5,-0.5,0.5,+,B2Pi
final,30929.937482,4.5,379,3,57,1,1.5,-0.5,0.5,+,a4Pi
final,30999.62509,4.5,380,1,56,1,0.5,0.5,1.5,+,X2Pi
final,31005.265392,4.5,381,3,58,1,1.5,1.5,2.5,+,a4Pi
final,31010.189765,4.5,382,3,57,1,1.5,-1.5,-0.5,+,a4Pi
final,31042.884964,4.5,383,2,17,1,0.5,0.5,1.5,+,B2Pi
final,31085.133507,4.5,384,3,58,1,1.5,0.5,1.5,+,a4Pi
final,31107.061145,4.5,385,1,57,1,0.5,-0.5,0.5,+,X2Pi
final,31166.172314,4.5,386,3,58,1,1.5,-0.5,0.5,+,a4Pi
final,31248.263078,4.5,387,3,58,1,1.5,-1.5,-0.5,+,a4Pi
final,31328.075791,4.5,388,1,57,1,0.5,0.5,1.5,+,X2Pi
final,31356.677498,4.5,389,2,18,1,0.5,-0.5,0.5,+,B2Pi
final,31429.576824,4.5,390,1,58,1,0.5,-0.5,0.5,+,X2Pi
final,31491.640493,4.5,391,2,18,1,0.5,0.5,1.5,+,B2Pi
final,31647.763629,4.5,392,1,58,1,0.5,0.5,1.5,+,X2Pi
final,31743.241632,4.5,393,1,59,1,0.5,-0.5,0.5,+,X2Pi
final,31799.252422,4.5,394,2,19,1,0.5,-0.5,0.5,+,B2Pi
final,31936.897253,4.5,395,2,19,1,0.5,0.5,1.5,+,B2Pi
final,31958.626261,4.5,396,1,59,1,0.5,0.5,1.5,+,X2Pi
final,32047.99134,4.5,397,1,60,1,0.5,-0.5,0.5,+,X2Pi
final,32238.317001,4.5,398,2,20,1,0.5,-0.5,0.5,+,B2Pi
final,32260.600812,4.5,399,1,60,1,0.5,0.5,1.5,+,X2Pi
final,32343.761537,4.5,400,1,61,1,0.5,-0.5,0.5,+,X2Pi
final,32378.653234,4.5,401,2,20,1,0.5,0.5,1.5,+,B2Pi
final,32553.623902,4.5,402,1,61,1,0.5,0.5,1.5,+,X2Pi
final,32630.487648,4.5,403,1,62,1,0.5,-0.5,0.5,+,X2Pi
final,32673.873053,4.5,404,2,21,1,0.5,-0.5,0.5,+,B2Pi
final,32816.906586,4.5,405,2,21,1,0.5,0.5,1.5,+,B2Pi
final,32837.631664,4.5,406,1,62,1,0.5,0.5,1.5,+,X2Pi
final,32908.104952,4.5,407,1,63,1,0.5,-0.5,0.5,+,X2Pi
final,33105.922187,4.5,408,2,22,1,0.5,-0.5,0.5,+,B2Pi
final,33112.559758,4.5,409,1,63,1,0.5,0.5,1.5,+,X2Pi
final,33176.548593,4.5,410,1,64,1,0.5,-0.5,0.5,+,X2Pi
final,33251.655714,4.5,411,2,22,1,0.5,0.5,1.5,+,B2Pi
final,33378.343423,4.5,412,1,64,1,0.5,0.5,1.5,+,X2Pi
final,33435.753551,4.5,413,1,65,1,0.5,-0.5,0.5,+,X2Pi
final,33534.466045,4.5,414,2,23,1,0.5,-0.5,0.5,+,B2Pi
final,33634.917546,4.5,415,1,65,1,0.5,0.5,1.5,+,X2Pi
final,33682.899021,4.5,416,2,23,1,0.5,0.5,1.5,+,B2Pi
final,33685.654692,4.5,417,1,66,1,0.5,-0.5,0.5,+,X2Pi
final,33882.216648,4.5,418,1,66,1,0.5,0.5,1.5,+,X2Pi
final,33926.186884,4.5,419,1,67,1,0.5,-0.5,0.5,+,X2Pi
final,33959.506156,4.5,420,2,24,1,0.5,-0.5,0.5,+,B2Pi
final,34110.634944,4.5,421,2,24,1,0.5,0.5,1.5,+,B2Pi
final,34120.174846,4.5,422,1,67,1,0.5,0.5,1.5,+,X2Pi
final,34157.284945,4.5,423,1,68,1,0.5,-0.5,0.5,+,X2Pi
final,34348.726027,4.5,424,1,68,1,0.5,0.5,1.5,+,X2Pi
final,34378.883608,4.5,425,1,69,1,0.5,-0.5,0.5,+,X2Pi
final,34381.043795,4.5,426,2,25,1,0.5,-0.5,0.5,+,B2Pi
final,34534.86218,4.5,427,2,25,1,0.5,0.5,1.5,+,B2Pi
final,34567.803894,4.5,428,1,69,1,0.5,0.5,1.5,+,X2Pi
final,34590.917715,4.5,429,1,70,1,0.5,-0.5,0.5,+,X2Pi
final,34777.341891,4.5,430,1,70,1,0.5,0.5,1.5,+,X2Pi
final,34793.32223,4.5,431,1,71,1,0.5,-0.5,0.5,+,X2Pi
final,34799.080189,4.5,432,2,26,1,0.5,-0.5,0.5,+,B2Pi
final,34955.579523,4.5,433,2,26,1,0.5,0.5,1.5,+,B2Pi
final,34977.273243,4.5,434,1,71,1,0.5,0.5,1.5,+,X2Pi
final,34986.032572,4.5,435,1,72,1,0.5,-0.5,0.5,+,X2Pi
final,35167.526411,4.5,436,1,72,1,0.5,0.5,1.5,+,X2Pi
final,35168.989561,4.5,437,1,73,1,0.5,-0.5,0.5,+,X2Pi
final,35213.616491,4.5,438,2,27,1,0.5,-0.5,0.5,+,B2Pi
final,35342.114663,4.5,439,1,74,1,0.5,-0.5,0.5,+,X2Pi
final,35348.055552,4.5,440,1,73,1,0.5,0.5,1.5,+,X2Pi
final,35372.785814,4.5,441,2,27,1,0.5,0.5,1.5,+,B2Pi
final,35505.454852,4.5,442,1,75,1,0.5,-0.5,0.5,+,X2Pi
final,35518.781101,4.5,443,1,74,1,0.5,0.5,1.5,+,X2Pi
final,35624.653733,4.5,444,2,28,1,0.5,-0.5,0.5,+,B2Pi
final,35659.742994,4.5,445,1,76,1,0.5,-0.5,0.5,+,X2Pi
final,35679.797816,4.5,446,1,75,1,0.5,0.5,1.5,+,X2Pi
final,35786.479989,4.5,447,2,28,1,0.5,0.5,1.5,+,B2Pi
final,35808.793301,4.5,448,1,77,1,0.5,-0.5,0.5,+,X2Pi
final,35832.258454,4.5,449,1,76,1,0.5,0.5,1.5,+,X2Pi
final,35960.786168,4.5,450,1,78,1,0.5,-0.5,0.5,+,X2Pi
final,35981.029894,4.5,451,1,77,1,0.5,0.5,1.5,+,X2Pi
final,36032.19282,4.5,452,2,29,1,0.5,-0.5,0.5,+,B2Pi
final,36122.616708,4.5,453,1,79,1,0.5,-0.5,0.5,+,X2Pi
final,36134.652654,4.5,454,1,78,1,0.5,0.5,1.5,+,X2Pi
final,36196.661129,4.5,455,2,29,1,0.5,0.5,1.5,+,B2Pi
final,36295.996445,4.5,456,1,80,1,0.5,-0.5,0.5,+,X2Pi
final,36298.864869,4.5,457,1,79,1,0.5,0.5,1.5,+,X2Pi
final,36436.234617,4.5,458,2,30,1,0.5,-0.5,0.5,+,B2Pi
final,36474.463511,4.5,459,1,80,1,0.5,0.5,1.5,+,X2Pi
final,36480.260443,4.5,460,1,81,1,0.5,-0.5,0.5,+,X2Pi
final,36603.328368,4.5,461,2,30,1,0.5,0.5,1.5,+,B2Pi
final,36660.631466,4.5,462,1,81,1,0.5,0.5,1.5,+,X2Pi
final,36674.876229,4.5,463,1,82,1,0.5,-0.5,0.5,+,X2Pi
final,7.151594,4.5,1,1,0,-1,0.5,0.5,-0.5,-,X2Pi
final,328.448026,4.5,2,1,0,-1,0.5,-0.5,-1.5,-,X2Pi
final,740.770922,4.5,3,1,1,-1,0.5,0.5,-0.5,-,X2Pi
final,1061.881561,4.5,4,1,1,-1,0.5,-0.5,-1.5,-,X2Pi
final,1468.48389,4.5,5,1,2,-1,0.5,0.5,-0.5,-,X2Pi
final,1789.380329,4.5,6,1,2,-1,0.5,-0.5,-1.5,-,X2Pi
final,2190.25272,4.5,7,1,3,-1,0.5,0.5,-0.5,-,X2Pi
final,2510.904779,4.5,8,1,3,-1,0.5,-0.5,-1.5,-,X2Pi
final,2906.039159,4.5,9,1,4,-1,0.5,0.5,-0.5,-,X2Pi
final,3226.41483,4.5,10,1,4,-1,0.5,-0.5,-1.5,-,X2Pi
final,3615.804489,4.5,11,1,5,-1,0.5,0.5,-0.5,-,X2Pi
final,3935.869883,4.5,12,1,5,-1,0.5,-0.5,-1.5,-,X2Pi
final,4319.509551,4.5,13,1,6,-1,0.5,0.5,-0.5,-,X2Pi
final,4639.228809,4.5,14,1,6,-1,0.5,-0.5,-1.5,-,X2Pi
final,5017.114762,4.5,15,1,7,-1,0.5,0.5,-0.5,-,X2Pi
final,5336.449942,4.5,16,1,7,-1,0.5,-0.5,-1.5,-,X2Pi
final,5708.580142,4.5,17,1,8,-1,0.5,0.5,-0.5,-,X2Pi
final,6027.491073,4.5,18,1,8,-1,0.5,-0.5,-1.5,-,X2Pi
final,6393.865312,4.5,19,1,9,-1,0.5,0.5,-0.5,-,X2Pi
final,6712.309451,4.5,20,1,9,-1,0.5,-0.5,-1.5,-,X2Pi
final,7072.929493,4.5,21,1,10,-1,0.5,0.5,-0.5,-,X2Pi
final,7390.861803,4.5,22,1,10,-1,0.5,-0.5,-1.5,-,X2Pi
final,7745.731514,4.5,23,1,11,-1,0.5,0.5,-0.5,-,X2Pi
final,8063.104331,4.5,24,1,11,-1,0.5,-0.5,-1.5,-,X2Pi
final,8412.229798,4.5,25,1,12,-1,0.5,0.5,-0.5,-,X2Pi
final,8728.992737,4.5,26,1,12,-1,0.5,-0.5,-1.5,-,X2Pi
final,9072.382361,4.5,27,1,13,-1,0.5,0.5,-0.5,-,X2Pi
final,9388.482225,4.5,28,1,13,-1,0.5,-0.5,-1.5,-,X2Pi
final,9726.146814,4.5,29,1,14,-1,0.5,0.5,-0.5,-,X2Pi
final,10041.527516,4.5,30,1,14,-1,0.5,-0.5,-1.5,-,X2Pi
final,10373.480348,4.5,31,1,15,-1,0.5,0.5,-0.5,-,X2Pi
final,10688.082858,4.5,32,1,15,-1,0.5,-0.5,-1.5,-,X2Pi
final,11014.339729,4.5,33,1,16,-1,0.5,0.5,-0.5,-,X2Pi
final,11328.102042,4.5,34,1,16,-1,0.5,-0.5,-1.5,-,X2Pi
final,11648.681291,4.5,35,1,17,-1,0.5,0.5,-0.5,-,X2Pi
final,11961.538414,4.5,36,1,17,-1,0.5,-0.5,-1.5,-,X2Pi
final,12276.460924,4.5,37,1,18,-1,0.5,0.5,-0.5,-,X2Pi
final,12588.344889,4.5,38,1,18,-1,0.5,-0.5,-1.5,-,X2Pi
final,12897.634072,4.5,39,1,19,-1,0.5,0.5,-0.5,-,X2Pi
final,13208.473953,4.5,40,1,19,-1,0.5,-0.5,-1.5,-,X2Pi
final,13512.155711,4.5,41,1,20,-1,0.5,0.5,-0.5,-,X2Pi
final,13821.877695,4.5,42,1,20,-1,0.5,-0.5,-1.5,-,X2Pi
final,14119.980301,4.5,43,1,21,-1,0.5,0.5,-0.5,-,X2Pi
final,14428.507857,4.5,44,1,21,-1,0.5,-0.5,-1.5,-,X2Pi
final,14721.061763,4.5,45,1,22,-1,0.5,0.5,-0.5,-,X2Pi
final,15028.315852,4.5,46,1,22,-1,0.5,-0.5,-1.5,-,X2Pi
final,15315.35351,4.5,47,1,23,-1,0.5,0.5,-0.5,-,X2Pi
final,15621.252742,4.5,48,1,23,-1,0.5,-0.5,-1.5,-,X2Pi
final,15902.808405,4.5,49,1,24,-1,0.5,0.5,-0.5,-,X2Pi
final,15995.261807,4.5,50,3,0,-1,1.5,-1.5,-2.5,-,a4Pi
final,16097.638377,4.5,51,3,0,-1,1.5,-0.5,-1.5,-,a4Pi
final,16199.151453,4.5,52,3,0,-1,1.5,0.5,-0.5,-,a4Pi
final,16207.269278,4.5,53,1,24,-1,0.5,-0.5,-1.5,-,X2Pi
final,16299.789825,4.5,54,3,0,-1,1.5,1.5,0.5,-,a4Pi
final,16445.592161,4.5,55,3,1,-1,1.5,-1.5,-2.5,-,a4Pi
final,16483.378699,4.5,56,1,25,-1,0.5,0.5,-0.5,-,X2Pi
final,16548.040313,4.5,57,3,1,-1,1.5,-0.5,-1.5,-,a4Pi
final,16649.631152,4.5,58,3,1,-1,1.5,0.5,-0.5,-,a4Pi
final,16750.353639,4.5,59,3,1,-1,1.5,1.5,0.5,-,a4Pi
final,16786.315965,4.5,60,1,25,-1,0.5,-0.5,-1.5,-,X2Pi
final,16890.375729,4.5,61,3,2,-1,1.5,-1.5,-2.5,-,a4Pi
final,16992.890725,4.5,62,3,2,-1,1.5,-0.5,-1.5,-,a4Pi
final,17057.016041,4.5,63,1,26,-1,0.5,0.5,-0.5,-,X2Pi
final,17094.554664,4.5,64,3,2,-1,1.5,0.5,-0.5,-,a4Pi
final,17195.35668,4.5,65,3,2,-1,1.5,1.5,0.5,-,a4Pi
final,17329.529095,4.5,66,3,3,-1,1.5,-1.5,-2.5,-,a4Pi
final,17358.343051,4.5,67,1,26,-1,0.5,-0.5,-1.5,-,X2Pi
final,17432.10548,4.5,68,3,3,-1,1.5,-0.5,-1.5,-,a4Pi
final,17533.837145,4.5,69,3,3,-1,1.5,0.5,-0.5,-,a4Pi
final,17623.671457,4.5,70,1,27,-1,0.5,0.5,-0.5,-,X2Pi
final,17634.7134,4.5,71,3,3,-1,1.5,1.5,0.5,-,a4Pi
final,17762.962341,4.5,72,3,4,-1,1.5,-1.5,-2.5,-,a4Pi
final,17865.5938,4.5,73,3,4,-1,1.5,-0.5,-1.5,-,a4Pi
final,17923.300555,4.5,74,1,27,-1,0.5,-0.5,-1.5,-,X2Pi
final,17967.386966,4.5,75,3,4,-1,1.5,0.5,-0.5,-,a4Pi
final,18068.331325,4.5,76,3,4,-1,1.5,1.5,0.5,-,a4Pi
final,18183.295301,4.5,77,1,28,-1,0.5,0.5,-0.5,-,X2Pi
final,18190.578483,4.5,78,3,5,-1,1.5,-1.5,-2.5,-,a4Pi
final,18293.257661,4.5,79,3,5,-1,1.5,-0.5,-1.5,-,a4Pi
final,18395.105071,4.5,80,3,5,-1,1.5,0.5,-0.5,-,a4Pi
final,18481.138304,4.5,81,1,28,-1,0.5,-0.5,-1.5,-,X2Pi
final,18496.110378,4.5,82,3,5,-1,1.5,1.5,0.5,-,a4Pi
final,18612.272375,4.5,83,3,6,-1,1.5,-1.5,-2.5,-,a4Pi
final,18714.990778,4.5,84,3,6,-1,1.5,-0.5,-1.5,-,a4Pi
final,18735.837267,4.5,85,1,29,-1,0.5,0.5,-0.5,-,X2Pi
final,18816.884041,4.5,86,3,6,-1,1.5,0.5,-0.5,-,a4Pi
final,18917.942012,4.5,87,3,6,-1,1.5,1.5,0.5,-,a4Pi
final,19027.929775,4.5,88,3,7,-1,1.5,-1.5,-2.5,-,a4Pi
final,19031.805934,4.5,89,1,29,-1,0.5,-0.5,-1.5,-,X2Pi
final,19130.677529,4.5,90,3,7,-1,1.5,-0.5,-1.5,-,a4Pi
final,19232.606885,4.5,91,3,7,-1,1.5,0.5,-0.5,-,a4Pi
final,19281.24635,4.5,92,1,30,-1,0.5,0.5,-0.5,-,X2Pi
final,19333.707877,4.5,93,3,7,-1,1.5,1.5,0.5,-,a4Pi
final,19437.426264,4.5,94,3,8,-1,1.5,-1.5,-2.5,-,a4Pi
final,19540.191905,4.5,95,3,8,-1,1.5,-0.5,-1.5,-,a4Pi
final,19575.25292,4.5,96,1,30,-1,0.5,-0.5,-1.5,-,X2Pi
final,19642.146014,4.5,97,3,8,-1,1.5,0.5,-0.5,-,a4Pi
final,19743.27881,4.5,98,3,8,-1,1.5,1.5,0.5,-,a4Pi
final,19819.470846,4.5,99,1,31,-1,0.5,0.5,-0.5,-,X2Pi
final,19840.626113,4.5,100,3,9,-1,1.5,-1.5,-2.5,-,a4Pi
final,19943.396326,4.5,101,3,9,-1,1.5,-0.5,-1.5,-,a4Pi
final,20045.362,4.5,102,3,9,-1,1.5,0.5,-0.5,-,a4Pi
final,20111.428579,4.5,103,1,31,-1,0.5,-0.5,-1.5,-,X2Pi
final,20146.513551,4.5,104,3,9,-1,1.5,1.5,0.5,-,a4Pi
final,20237.380677,4.5,105,3,10,-1,1.5,-1.5,-2.5,-,a4Pi
final,20340.140011,4.5,106,3,10,-1,1.5,-0.5,-1.5,-,a4Pi
final,20350.458341,4.5,107,1,32,-1,0.5,0.5,-0.5,-,X2Pi
final,20442.101938,4.5,108,3,10,-1,1.5,0.5,-0.5,-,a4Pi
final,20543.257072,4.5,109,3,10,-1,1.5,1.5,0.5,-,a4Pi
final,20627.526796,4.5,110,3,11,-1,1.5,-1.5,-2.5,-,a4Pi
final,20640.282081,4.5,111,1,32,-1,0.5,-0.5,-1.5,-,X2Pi
final,20730.257274,4.5,112,3,11,-1,1.5,-0.5,-1.5,-,a4Pi
final,20832.19762,4.5,113,3,11,-1,1.5,0.5,-0.5,-,a4Pi
final,20874.15571,4.5,114,1,33,-1,0.5,0.5,-0.5,-,X2Pi
final,20933.338652,4.5,115,3,11,-1,1.5,1.5,0.5,-,a4Pi
final,21010.8849,4.5,116,3,12,-1,1.5,-1.5,-2.5,-,a4Pi
final,21113.565524,4.5,117,3,12,-1,1.5,-0.5,-1.5,-,a4Pi
final,21161.762442,4.5,118,1,33,-1,0.5,-0.5,-1.5,-,X2Pi
final,21215.463436,4.5,119,3,12,-1,1.5,0.5,-0.5,-,a4Pi
final,21316.569669,4.5,120,3,12,-1,1.5,1.5,0.5,-,a4Pi
final,21387.256787,4.5,121,3,13,-1,1.5,-1.5,-2.5,-,a4Pi
final,21390.509128,4.5,122,1,34,-1,0.5,0.5,-0.5,-,X2Pi
final,21489.863028,4.5,123,3,13,-1,1.5,-0.5,-1.5,-,a4Pi
final,21591.69412,4.5,124,3,13,-1,1.5,0.5,-0.5,-,a4Pi
final,21675.818516,4.5,125,1,34,-1,0.5,-0.5,-1.5,-,X2Pi
final,21692.741321,4.5,126,3,13,-1,1.5,1.5,0.5,-,a4Pi
final,21756.423009,4.5,127,3,14,-1,1.5,-1.5,-2.5,-,a4Pi
final,21858.926188,4.5,128,3,14,-1,1.5,-0.5,-1.5,-,a4Pi
final,21899.464071,4.5,129,1,35,-1,0.5,0.5,-0.5,-,X2Pi
final,21960.661916,4.5,130,3,14,-1,1.5,0.5,-0.5,-,a4Pi
final,22061.621685,4.5,131,3,14,-1,1.5,1.5,0.5,-,a4Pi
final,22118.139957,4.5,132,3,15,-1,1.5,-1.5,-2.5,-,a4Pi
final,22182.398992,4.5,133,1,35,-1,0.5,-0.5,-1.5,-,X2Pi
final,22220.506413,4.5,134,3,15,-1,1.5,-0.5,-1.5,-,a4Pi
final,22322.113231,4.5,135,3,15,-1,1.5,0.5,-0.5,-,a4Pi
final,22400.965332,4.5,136,1,36,-1,0.5,0.5,-0.5,-,X2Pi
final,22422.952152,4.5,137,3,15,-1,1.5,1.5,0.5,-,a4Pi
final,22472.136271,4.5,138,3,16,-1,1.5,-1.5,-2.5,-,a4Pi
final,22574.326516,4.5,139,3,16,-1,1.5,-0.5,-1.5,-,a4Pi
final,22675.76501,4.5,140,3,16,-1,1.5,0.5,-0.5,-,a4Pi
final,22681.452375,4.5,141,1,36,-1,0.5,-0.5,-1.5,-,X2Pi
final,22776.443762,4.5,142,3,16,-1,1.5,1.5,0.5,-,a4Pi
final,22787.734776,4.5,143,2,0,-1,0.5,0.5,-0.5,-,B2Pi
final,22818.108995,4.5,144,3,17,-1,1.5,-1.5,-2.5,-,a4Pi
final,22880.65878,4.5,145,2,0,-1,0.5,-0.5,-1.5,-,B2Pi
final,22894.957031,4.5,146,1,37,-1,0.5,0.5,-0.5,-,X2Pi
final,22920.076541,4.5,147,3,17,-1,1.5,-0.5,-1.5,-,a4Pi
final,23021.300241,4.5,148,3,17,-1,1.5,0.5,-0.5,-,a4Pi
final,23121.772385,4.5,149,3,17,-1,1.5,1.5,0.5,-,a4Pi
final,23155.718907,4.5,150,3,18,-1,1.5,-1.5,-2.5,-,a4Pi
final,23172.926969,4.5,151,1,37,-1,0.5,-0.5,-1.5,-,X2Pi
final,23257.408849,4.5,152,3,18,-1,1.5,-0.5,-1.5,-,a4Pi
final,23293.82605,4.5,153,2,1,-1,0.5,0.5,-0.5,-,B2Pi
final,23358.362763,4.5,154,3,18,-1,1.5,0.5,-0.5,-,a4Pi
final,23381.382659,4.5,155,1,38,-1,0.5,0.5,-0.5,-,X2Pi
final,23388.607373,4.5,156,2,1,-1,0.5,-0.5,-1.5,-,B2Pi
final,23458.573246,4.5,157,3,18,-1,1.5,1.5,0.5,-,a4Pi
final,23484.584959,4.5,158,3,19,-1,1.5,-1.5,-2.5,-,a4Pi
final,23585.932273,4.5,159,3,19,-1,1.5,-0.5,-1.5,-,a4Pi
final,23656.770831,4.5,160,1,38,-1,0.5,-0.5,-1.5,-,X2Pi
final,23686.551146,4.5,161,3,19,-1,1.5,0.5,-0.5,-,a4Pi
final,23786.4345,4.5,162,3,19,-1,1.5,1.5,0.5,-,a4Pi
final,23796.378261,4.5,163,2,2,-1,0.5,0.5,-0.5,-,B2Pi
final,23804.277849,4.5,164,3,20,-1,1.5,-1.5,-2.5,-,a4Pi
final,23860.185109,4.5,165,1,39,-1,0.5,0.5,-0.5,-,X2Pi
final,23893.083132,4.5,166,2,2,-1,0.5,-0.5,-1.5,-,B2Pi
final,23905.20542,4.5,167,3,20,-1,1.5,-0.5,-1.5,-,a4Pi
final,24005.411675,4.5,168,3,20,-1,1.5,0.5,-0.5,-,a4Pi
final,24104.889886,4.5,169,3,20,-1,1.5,1.5,0.5,-,a4Pi
final,24114.312868,4.5,170,3,21,-1,1.5,-1.5,-2.5,-,a4Pi
final,24132.931739,4.5,171,1,39,-1,0.5,-0.5,-1.5,-,X2Pi
final,24214.72888,4.5,172,3,21,-1,1.5,-0.5,-1.5,-,a4Pi
final,24295.39139,4.5,173,2,3,-1,0.5,0.5,-0.5,-,B2Pi
final,24314.429904,4.5,174,3,21,-1,1.5,0.5,-0.5,-,a4Pi
final,24331.306696,4.5,175,1,40,-1,0.5,0.5,-0.5,-,X2Pi
final,24394.086086,4.5,176,2,3,-1,0.5,-0.5,-1.5,-,B2Pi
final,24413.40958,4.5,177,3,21,-1,1.5,1.5,0.5,-,a4Pi
final,24414.141342,4.5,178,3,22,-1,1.5,-1.5,-2.5,-,a4Pi
final,24513.936227,4.5,179,3,22,-1,1.5,-0.5,-1.5,-,a4Pi
final,24601.35717,4.5,180,1,40,-1,0.5,-0.5,-1.5,-,X2Pi
final,24613.021162,4.5,181,3,22,-1,1.5,0.5,-0.5,-,a4Pi
final,24703.141024,4.5,182,3,23,-1,1.5,-1.5,-2.5,-,a4Pi
final,24711.390166,4.5,183,3,22,-1,1.5,1.5,0.5,-,a4Pi
final,24790.865805,4.5,184,2,4,-1,0.5,0.5,-0.5,-,B2Pi
final,24794.689177,4.5,185,1,41,-1,0.5,0.5,-0.5,-,X2Pi
final,24802.183592,4.5,186,3,23,-1,1.5,-0.5,-1.5,-,a4Pi
final,24891.615863,4.5,187,2,4,-1,0.5,-0.5,-1.5,-,B2Pi
final,24900.519241,4.5,188,3,23,-1,1.5,0.5,-0.5,-,a4Pi
final,24980.60558,4.5,189,3,24,-1,1.5,-1.5,-2.5,-,a4Pi
final,24998.142349,4.5,190,3,23,-1,1.5,1.5,0.5,-,a4Pi
final,25061.994279,4.5,191,1,41,-1,0.5,-0.5,-1.5,-,X2Pi
final,25078.738196,4.5,192,3,24,-1,1.5,-0.5,-1.5,-,a4Pi
final,25176.163875,4.5,193,3,24,-1,1.5,0.5,-0.5,-,a4Pi
final,25245.732968,4.5,194,3,25,-1,1.5,-1.5,-2.5,-,a4Pi
final,25250.273805,4.5,195,1,42,-1,0.5,0.5,-0.5,-,X2Pi
final,25272.877297,4.5,196,3,24,-1,1.5,1.5,0.5,-,a4Pi
final,25282.802263,4.5,197,2,5,-1,0.5,0.5,-0.5,-,B2Pi
final,25342.765813,4.5,198,3,25,-1,1.5,-0.5,-1.5,-,a4Pi
final,25385.671753,4.5,199,2,5,-1,0.5,-0.5,-1.5,-,B2Pi
final,25439.087179,4.5,200,3,25,-1,1.5,0.5,-0.5,-,a4Pi
final,25497.613782,4.5,201,3,26,-1,1.5,-1.5,-2.5,-,a4Pi
final,25514.789828,4.5,202,1,42,-1,0.5,-0.5,-1.5,-,X2Pi
final,25534.691911,4.5,203,3,25,-1,1.5,1.5,0.5,-,a4Pi
final,25593.318089,4.5,204,3,26,-1,1.5,-0.5,-1.5,-,a4Pi
final,25688.299767,4.5,205,3,26,-1,1.5,0.5,-0.5,-,a4Pi
final,25698.001371,4.5,206,1,43,-1,0.5,0.5,-0.5,-,X2Pi
final,25735.221953,4.5,207,3,27,-1,1.5,-1.5,-2.5,-,a4Pi
final,25771.201504,4.5,208,2,6,-1,0.5,0.5,-0.5,-,B2Pi
final,25782.553543,4.5,209,3,26,-1,1.5,1.5,0.5,-,a4Pi
final,25829.321742,4.5,210,3,27,-1,1.5,-0.5,-1.5,-,a4Pi
final,25876.253039,4.5,211,2,6,-1,0.5,-0.5,-1.5,-,B2Pi
final,25922.678197,4.5,212,3,27,-1,1.5,0.5,-0.5,-,a4Pi
final,25957.410083,4.5,213,3,28,-1,1.5,-1.5,-2.5,-,a4Pi
final,25959.690166,4.5,214,1,43,-1,0.5,-0.5,-1.5,-,X2Pi
final,26015.285411,4.5,215,3,27,-1,1.5,1.5,0.5,-,a4Pi
final,26049.573104,4.5,216,3,28,-1,1.5,-0.5,-1.5,-,a4Pi
final,26137.812192,4.5,217,1,44,-1,0.5,0.5,-0.5,-,X2Pi
final,26140.958592,4.5,218,3,28,-1,1.5,0.5,-0.5,-,a4Pi
final,26162.915596,4.5,219,3,29,-1,1.5,-1.5,-2.5,-,a4Pi
final,26231.559106,4.5,220,3,28,-1,1.5,1.5,0.5,-,a4Pi
final,26252.744771,4.5,221,3,29,-1,1.5,-0.5,-1.5,-,a4Pi
final,26256.064646,4.5,222,2,7,-1,0.5,0.5,-0.5,-,B2Pi
final,26341.743591,4.5,223,3,29,-1,1.5,0.5,-0.5,-,a4Pi
final,26350.389914,4.5,224,3,30,-1,1.5,-1.5,-2.5,-,a4Pi
final,26363.358644,4.5,225,2,7,-1,0.5,-0.5,-1.5,-,B2Pi
final,26396.641226,4.5,226,1,44,-1,0.5,-0.5,-1.5,-,X2Pi
final,26429.901612,4.5,227,3,29,-1,1.5,1.5,0.5,-,a4Pi
final,26437.417784,4.5,228,3,30,-1,1.5,-0.5,-1.5,-,a4Pi
final,26518.468303,4.5,229,3,31,-1,1.5,-1.5,-2.5,-,a4Pi
final,26523.537992,4.5,230,3,30,-1,1.5,0.5,-0.5,-,a4Pi
final,26569.646167,4.5,231,1,45,-1,0.5,0.5,-0.5,-,X2Pi
final,26602.161622,4.5,232,3,31,-1,1.5,-0.5,-1.5,-,a4Pi
final,26608.734904,4.5,233,3,30,-1,1.5,1.5,0.5,-,a4Pi
final,26665.909165,4.5,234,3,32,-1,1.5,-1.5,-2.5,-,a4Pi
final,26684.840462,4.5,235,3,31,-1,1.5,0.5,-0.5,-,a4Pi
final,26737.393109,4.5,236,2,8,-1,0.5,0.5,-0.5,-,B2Pi
final,26745.695851,4.5,237,3,32,-1,1.5,-0.5,-1.5,-,a4Pi
final,26766.481309,4.5,238,3,31,-1,1.5,1.5,0.5,-,a4Pi
final,26791.837628,4.5,239,3,33,-1,1.5,-1.5,-2.5,-,a4Pi
final,26824.33229,4.5,240,3,32,-1,1.5,0.5,-0.5,-,a4Pi
final,26825.588468,4.5,241,1,45,-1,0.5,-0.5,-1.5,-,X2Pi
final,26846.9872,4.5,242,2,8,-1,0.5,-0.5,-1.5,-,B2Pi
final,26867.180317,4.5,243,3,33,-1,1.5,-0.5,-1.5,-,a4Pi
final,26896.300686,4.5,244,3,34,-1,1.5,-1.5,-2.5,-,a4Pi
final,26901.785341,4.5,245,3,32,-1,1.5,1.5,0.5,-,a4Pi
final,26941.22883,4.5,246,3,33,-1,1.5,0.5,-0.5,-,a4Pi
final,26967.023586,4.5,247,3,34,-1,1.5,-0.5,-1.5,-,a4Pi
final,26983.960373,4.5,248,3,35,-1,1.5,-1.5,-2.5,-,a4Pi
final,26993.442811,4.5,249,1,46,-1,0.5,0.5,-0.5,-,X2Pi
final,27013.949768,4.5,250,3,33,-1,1.5,1.5,0.5,-,a4Pi
final,27036.502066,4.5,251,3,34,-1,1.5,0.5,-0.5,-,a4Pi
final,27052.039973,4.5,252,3,35,-1,1.5,-0.5,-1.5,-,a4Pi
final,27071.066058,4.5,253,3,36,-1,1.5,-1.5,-2.5,-,a4Pi
final,27104.812735,4.5,254,3,34,-1,1.5,1.5,0.5,-,a4Pi
final,27119.610495,4.5,255,3,35,-1,1.5,0.5,-0.5,-,a4Pi
final,27140.154772,4.5,256,3,36,-1,1.5,-0.5,-1.5,-,a4Pi
final,27170.457296,4.5,257,3,37,-1,1.5,-1.5,-2.5,-,a4Pi
final,27186.821414,4.5,258,3,35,-1,1.5,1.5,0.5,-,a4Pi
final,27209.155087,4.5,259,3,36,-1,1.5,0.5,-0.5,-,a4Pi
final,27215.188352,4.5,260,2,9,-1,0.5,0.5,-0.5,-,B2Pi
final,27241.389505,4.5,261,3,37,-1,1.5,-0.5,-1.5,-,a4Pi
final,27246.476849,4.5,262,1,46,-1,0.5,-0.5,-1.5,-,X2Pi
final,27278.065742,4.5,263,3,36,-1,1.5,1.5,0.5,-,a4Pi
final,27282.598118,4.5,264,3,38,-1,1.5,-1.5,-2.5,-,a4Pi
final,27312.174199,4.5,265,3,37,-1,1.5,0.5,-0.5,-,a4Pi
final,27327.137302,4.5,266,2,9,-1,0.5,-0.5,-1.5,-,B2Pi
final,27355.003158,4.5,267,3,38,-1,1.5,-0.5,-1.5,-,a4Pi
final,27382.787826,4.5,268,3,37,-1,1.5,1.5,0.5,-,a4Pi
final,27405.56648,4.5,269,3,39,-1,1.5,-1.5,-2.5,-,a4Pi
final,27409.141278,4.5,270,1,47,-1,0.5,0.5,-0.5,-,X2Pi
final,27427.17984,4.5,271,3,38,-1,1.5,0.5,-0.5,-,a4Pi
final,27479.130061,4.5,272,3,39,-1,1.5,-0.5,-1.5,-,a4Pi
final,27499.109902,4.5,273,3,38,-1,1.5,1.5,0.5,-,a4Pi
final,27537.966436,4.5,274,3,40,-1,1.5,-1.5,-2.5,-,a4Pi
final,27552.409486,4.5,275,3,39,-1,1.5,0.5,-0.5,-,a4Pi
final,27612.478492,4.5,276,3,40,-1,1.5,-0.5,-1.5,-,a4Pi
final,27625.390451,4.5,277,3,39,-1,1.5,1.5,0.5,-,a4Pi
final,27659.250805,4.5,278,1,47,-1,0.5,-0.5,-1.5,-,X2Pi
final,27678.832807,4.5,279,3,41,-1,1.5,-1.5,-2.5,-,a4Pi
final,27686.666524,4.5,280,3,40,-1,1.5,0.5,-0.5,-,a4Pi
final,27689.45214,4.5,281,2,10,-1,0.5,0.5,-0.5,-,B2Pi
final,27754.145722,4.5,282,3,41,-1,1.5,-0.5,-1.5,-,a4Pi
final,27760.518593,4.5,283,3,40,-1,1.5,1.5,0.5,-,a4Pi
final,27803.807239,4.5,284,2,10,-1,0.5,-0.5,-1.5,-,B2Pi
final,27816.680367,4.5,285,1,48,-1,0.5,0.5,-0.5,-,X2Pi
final,27827.460308,4.5,286,3,42,-1,1.5,-1.5,-2.5,-,a4Pi
final,27829.10452,4.5,287,3,41,-1,1.5,0.5,-0.5,-,a4Pi
final,27903.465081,4.5,288,3,42,-1,1.5,-0.5,-1.5,-,a4Pi
final,27903.698749,4.5,289,3,41,-1,1.5,1.5,0.5,-,a4Pi
final,27979.091891,4.5,290,3,42,-1,1.5,0.5,-0.5,-,a4Pi
final,27983.307182,4.5,291,3,43,-1,1.5,-1.5,-2.5,-,a4Pi
final,28054.331259,4.5,292,3,42,-1,1.5,1.5,0.5,-,a4Pi
final,28059.919566,4.5,293,3,43,-1,1.5,-0.5,-1.5,-,a4Pi
final,28063.854248,4.5,294,1,48,-1,0.5,-0.5,-1.5,-,X2Pi
final,28136.134421,4.5,295,3,43,-1,1.5,0.5,-0.5,-,a4Pi
final,28145.94073,4.5,296,3,44,-1,1.5,-1.5,-2.5,-,a4Pi
final,28160.186383,4.5,297,2,11,-1,0.5,0.5,-0.5,-,B2Pi
final,28211.942955,4.5,298,3,43,-1,1.5,1.5,0.5,-,a4Pi
final,28215.998554,4.5,299,1,49,-1,0.5,0.5,-0.5,-,X2Pi
final,28223.093785,4.5,300,3,44,-1,1.5,-0.5,-1.5,-,a4Pi
final,28276.995155,4.5,301,2,11,-1,0.5,-0.5,-1.5,-,B2Pi
final,28299.83287,4.5,302,3,44,-1,1.5,0.5,-0.5,-,a4Pi
final,28315.00715,4.5,303,3,45,-1,1.5,-1.5,-2.5,-,a4Pi
final,28376.149678,4.5,304,3,44,-1,1.5,1.5,0.5,-,a4Pi
final,28392.64635,4.5,305,3,45,-1,1.5,-0.5,-1.5,-,a4Pi
final,28460.230527,4.5,306,1,49,-1,0.5,-0.5,-1.5,-,X2Pi
final,28469.857417,4.5,307,3,45,-1,1.5,0.5,-0.5,-,a4Pi
final,28490.209496,4.5,308,3,46,-1,1.5,-1.5,-2.5,-,a4Pi
final,28546.632408,4.5,309,3,45,-1,1.5,1.5,0.5,-,a4Pi
final,28568.289466,4.5,310,3,46,-1,1.5,-0.5,-1.5,-,a4Pi
final,28607.034019,4.5,311,1,50,-1,0.5,0.5,-0.5,-,X2Pi
final,28627.393108,4.5,312,2,12,-1,0.5,0.5,-0.5,-,B2Pi
final,28645.928922,4.5,313,3,46,-1,1.5,0.5,-0.5,-,a4Pi
final,28671.294626,4.5,314,3,47,-1,1.5,-1.5,-2.5,-,a4Pi
final,28723.120195,4.5,315,3,46,-1,1.5,1.5,0.5,-,a4Pi
final,28746.699105,4.5,316,2,12,-1,0.5,-0.5,-1.5,-,B2Pi
final,28749.777115,4.5,317,3,47,-1,1.5,-0.5,-1.5,-,a4Pi
final,28827.808123,4.5,318,3,47,-1,1.5,0.5,-0.5,-,a4Pi
final,28848.322422,4.5,319,1,50,-1,0.5,-0.5,-1.5,-,X2Pi
final,28858.043953,4.5,320,3,48,-1,1.5,-1.5,-2.5,-,a4Pi
final,28905.380189,4.5,321,3,47,-1,1.5,1.5,0.5,-,a4Pi
final,28936.896253,4.5,322,3,48,-1,1.5,-0.5,-1.5,-,a4Pi
final,28989.724631,4.5,323,1,51,-1,0.5,0.5,-0.5,-,X2Pi
final,29015.287224,4.5,324,3,48,-1,1.5,0.5,-0.5,-,a4Pi
final,29050.266021,4.5,325,3,49,-1,1.5,-1.5,-2.5,-,a4Pi
final,29091.07448,4.5,326,2,13,-1,0.5,0.5,-0.5,-,B2Pi
final,29093.209569,4.5,327,3,48,-1,1.5,1.5,0.5,-,a4Pi
final,29129.459851,4.5,328,3,49,-1,1.5,-0.5,-1.5,-,a4Pi
final,29208.183434,4.5,329,3,49,-1,1.5,0.5,-0.5,-,a4Pi
final,29212.916978,4.5,330,2,13,-1,0.5,-0.5,-1.5,-,B2Pi
final,29228.072156,4.5,331,1,51,-1,0.5,-0.5,-1.5,-,X2Pi
final,29247.791667,4.5,332,3,50,-1,1.5,-1.5,-2.5,-,a4Pi
final,29286.429603,4.5,333,3,49,-1,1.5,1.5,0.5,-,a4Pi
final,29327.302334,4.5,334,3,50,-1,1.5,-0.5,-1.5,-,a4Pi
final,29364.008003,4.5,335,1,52,-1,0.5,0.5,-0.5,-,X2Pi
final,29406.33462,4.5,336,3,50,-1,1.5,0.5,-0.5,-,a4Pi
final,29450.470186,4.5,337,3,51,-1,1.5,-1.5,-2.5,-,a4Pi
final,29484.881458,4.5,338,3,50,-1,1.5,1.5,0.5,-,a4Pi
final,29530.276001,4.5,339,3,51,-1,1.5,-0.5,-1.5,-,a4Pi
final,29551.232674,4.5,340,2,14,-1,0.5,0.5,-0.5,-,B2Pi
final,29599.421351,4.5,341,1,52,-1,0.5,-0.5,-1.5,-,X2Pi
final,29609.595942,4.5,342,3,51,-1,1.5,0.5,-0.5,-,a4Pi
final,29658.166186,4.5,343,3,52,-1,1.5,-1.5,-2.5,-,a4Pi
final,29675.646644,4.5,344,2,14,-1,0.5,-0.5,-1.5,-,B2Pi
final,29688.423019,4.5,345,3,51,-1,1.5,1.5,0.5,-,a4Pi
final,29729.821463,4.5,346,1,53,-1,0.5,0.5,-0.5,-,X2Pi
final,29738.247892,4.5,347,3,52,-1,1.5,-0.5,-1.5,-,a4Pi
final,29817.836817,4.5,348,3,52,-1,1.5,0.5,-0.5,-,a4Pi
final,29870.757349,4.5,349,3,53,-1,1.5,-1.5,-2.5,-,a4Pi
final,29896.926023,4.5,350,3,52,-1,1.5,1.5,0.5,-,a4Pi
final,29951.097765,4.5,351,3,53,-1,1.5,-0.5,-1.5,-,a4Pi
final,29962.311065,4.5,352,1,53,-1,0.5,-0.5,-1.5,-,X2Pi
final,30007.869906,4.5,353,2,15,-1,0.5,0.5,-0.5,-,B2Pi
final,30030.939006,4.5,354,3,53,-1,1.5,0.5,-0.5,-,a4Pi
final,30087.102099,4.5,355,1,54,-1,0.5,0.5,-0.5,-,X2Pi
final,30088.132529,4.5,356,3,54,-1,1.5,-1.5,-2.5,-,a4Pi
final,30110.274135,4.5,357,3,53,-1,1.5,1.5,0.5,-,a4Pi
final,30134.885956,4.5,358,2,15,-1,0.5,-0.5,-1.5,-,B2Pi
final,30168.716087,4.5,359,3,54,-1,1.5,-0.5,-1.5,-,a4Pi
final,30248.794773,4.5,360,3,54,-1,1.5,0.5,-0.5,-,a4Pi
final,30310.190215,4.5,361,3,55,-1,1.5,-1.5,-2.5,-,a4Pi
final,30316.681761,4.5,362,1,54,-1,0.5,-0.5,-1.5,-,X2Pi
final,30328.361685,4.5,363,3,54,-1,1.5,1.5,0.5,-,a4Pi
final,30391.002818,4.5,364,3,55,-1,1.5,-0.5,-1.5,-,a4Pi
final,30435.786747,4.5,365,1,55,-1,0.5,0.5,-0.5,-,X2Pi
final,30460.988378,4.5,366,2,16,-1,0.5,0.5,-0.5,-,B2Pi
final,30471.305319,4.5,367,3,55,-1,1.5,0.5,-0.5,-,a4Pi
final,30536.850752,4.5,368,3,56,-1,1.5,-1.5,-2.5,-,a4Pi
final,30551.090508,4.5,369,3,55,-1,1.5,1.5,0.5,-,a4Pi
final,30590.632751,4.5,370,2,16,-1,0.5,-0.5,-1.5,-,B2Pi
final,30617.867844,4.5,371,3,56,-1,1.5,-0.5,-1.5,-,a4Pi
final,30662.473332,4.5,372,1,55,-1,0.5,-0.5,-1.5,-,X2Pi
final,30698.380247,4.5,373,3,56,-1,1.5,0.5,-0.5,-,a4Pi
final,30768.009199,4.5,374,3,57,-1,1.5,-1.5,-2.5,-,a4Pi
final,30775.812012,4.5,375,1,56,-1,0.5,0.5,-0.5,-,X2Pi
final,30778.375697,4.5,376,3,56,-1,1.5,1.5,0.5,-,a4Pi
final,30849.227371,4.5,377,3,57,-1,1.5,-0.5,-1.5,-,a4Pi
final,30910.590194,4.5,378,2,17,-1,0.5,0.5,-0.5,-,B2Pi
final,30929.937482,4.5,379,3,57,-1,1.5,0.5,-0.5,-,a4Pi
final,30999.625091,4.5,380,1,56,-1,0.5,-0.5,-1.5,-,X2Pi
final,31005.265392,4.5,381,3,58,-1,1.5,-1.5,-2.5,-,a4Pi
final,31010.189765,4.5,382,3,57,-1,1.5,1.5,0.5,-,a4Pi
final,31042.884964,4.5,383,2,17,-1,0.5,-0.5,-1.5,-,B2Pi
final,31085.133507,4.5,384,3,58,-1,1.5,-0.5,-1.5,-,a4Pi
final,31107.114273,4.5,385,1,57,-1,0.5,0.5,-0.5,-,X2Pi
final,31166.172314,4.5,386,3,58,-1,1.5,0.5,-0.5,-,a4Pi
final,31248.263078,4.5,387,3,58,-1,1.5,1.5,0.5,-,a4Pi
final,31328.075792,4.5,388,1,57,-1,0.5,-0.5,-1.5,-,X2Pi
final,31356.677498,4.5,389,2,18,-1,0.5,0.5,-0.5,-,B2Pi
final,31429.629695,4.5,390,1,58,-1,0.5,0.5,-0.5,-,X2Pi
final,31491.640493,4.5,391,2,18,-1,0.5,-0.5,-1.5,-,B2Pi
final,31647.76363,4.5,392,1,58,-1,0.5,-0.5,-1.5,-,X2Pi
final,31743.294239,4.5,393,1,59,-1,0.5,0.5,-0.5,-,X2Pi
final,31799.252422,4.5,394,2,19,-1,0.5,0.5,-0.5,-,B2Pi
final,31936.897253,4.5,395,2,19,-1,0.5,-0.5,-1.5,-,B2Pi
final,31958.626262,4.5,396,1,59,-1,0.5,-0.5,-1.5,-,X2Pi
final,32048.043675,4.5,397,1,60,-1,0.5,0.5,-0.5,-,X2Pi
final,32238.317001,4.5,398,2,20,-1,0.5,0.5,-0.5,-,B2Pi
final,32260.600813,4.5,399,1,60,-1,0.5,-0.5,-1.5,-,X2Pi
final,32343.813592,4.5,400,1,61,-1,0.5,0.5,-0.5,-,X2Pi
final,32378.653234,4.5,401,2,20,-1,0.5,-0.5,-1.5,-,B2Pi
final,32553.623903,4.5,402,1,61,-1,0.5,-0.5,-1.5,-,X2Pi
final,32630.539415,4.5,403,1,62,-1,0.5,0.5,-0.5,-,X2Pi
final,32673.873053,4.5,404,2,21,-1,0.5,0.5,-0.5,-,B2Pi
final,32816.906586,4.5,405,2,21,-1,0.5,-0.5,-1.5,-,B2Pi
final,32837.631665,4.5,406,1,62,-1,0.5,-0.5,-1.5,-,X2Pi
final,32908.156422,4.5,407,1,63,-1,0.5,0.5,-0.5,-,X2Pi
final,33105.922187,4.5,408,2,22,-1,0.5,0.5,-0.5,-,B2Pi
final,33112.559759,4.5,409,1,63,-1,0.5,-0.5,-1.5,-,X2Pi
final,33176.599756,4.5,410,1,64,-1,0.5,0.5,-0.5,-,X2Pi
final,33251.655714,4.5,411,2,22,-1,0.5,-0.5,-1.5,-,B2Pi
final,33378.343424,4.5,412,1,64,-1,0.5,-0.5,-1.5,-,X2Pi
final,33435.804397,4.5,413,1,65,-1,0.5,0.5,-0.5,-,X2Pi
final,33534.466045,4.5,414,2,23,-1,0.5,0.5,-0.5,-,B2Pi
final,33634.917548,4.5,415,1,65,-1,0.5,-0.5,-1.5,-,X2Pi
final,33682.899021,4.5,416,2,23,-1,0.5,-0.5,-1.5,-,B2Pi
final,33685.705211,4.5,417,1,66,-1,0.5,0.5,-0.5,-,X2Pi
final,33882.216649,4.5,418,1,66,-1,0.5,-0.5,-1.5,-,X2Pi
final,33926.237063,4.5,419,1,67,-1,0.5,0.5,-0.5,-,X2Pi
final,33959.506156,4.5,420,2,24,-1,0.5,0.5,-0.5,-,B2Pi
final,34110.634944,4.5,421,2,24,-1,0.5,-0.5,-1.5,-,B2Pi
final,34120.174848,4.5,422,1,67,-1,0.5,-0.5,-1.5,-,X2Pi
final,34157.334772,4.5,423,1,68,-1,0.5,0.5,-0.5,-,X2Pi
final,34348.726028,4.5,424,1,68,-1,0.5,-0.5,-1.5,-,X2Pi
final,34378.933069,4.5,425,1,69,-1,0.5,0.5,-0.5,-,X2Pi
final,34381.043795,4.5,426,2,25,-1,0.5,0.5,-0.5,-,B2Pi
final,34534.86218,4.5,427,2,25,-1,0.5,-0.5,-1.5,-,B2Pi
final,34567.803895,4.5,428,1,69,-1,0.5,-0.5,-1.5,-,X2Pi
final,34590.966796,4.5,429,1,70,-1,0.5,0.5,-0.5,-,X2Pi
final,34777.341894,4.5,430,1,70,-1,0.5,-0.5,-1.5,-,X2Pi
final,34793.370914,4.5,431,1,71,-1,0.5,0.5,-0.5,-,X2Pi
final,34799.080189,4.5,432,2,26,-1,0.5,0.5,-0.5,-,B2Pi
final,34955.579523,4.5,433,2,26,-1,0.5,-0.5,-1.5,-,B2Pi
final,34977.273251,4.5,434,1,71,-1,0.5,-0.5,-1.5,-,X2Pi
final,34986.080837,4.5,435,1,72,-1,0.5,0.5,-0.5,-,X2Pi
final,35167.526637,4.5,436,1,72,-1,0.5,-0.5,-1.5,-,X2Pi
final,35169.037176,4.5,437,1,73,-1,0.5,0.5,-0.5,-,X2Pi
final,35213.616491,4.5,438,2,27,-1,0.5,0.5,-0.5,-,B2Pi
final,35342.162038,4.5,439,1,74,-1,0.5,0.5,-0.5,-,X2Pi
final,35348.055566,4.5,440,1,73,-1,0.5,-0.5,-1.5,-,X2Pi
final,35372.785814,4.5,441,2,27,-1,0.5,-0.5,-1.5,-,B2Pi
final,35505.501771,4.5,442,1,75,-1,0.5,0.5,-0.5,-,X2Pi
final,35518.781105,4.5,443,1,74,-1,0.5,-0.5,-1.5,-,X2Pi
final,35624.653733,4.5,444,2,28,-1,0.5,0.5,-0.5,-,B2Pi
final,35659.789493,4.5,445,1,76,-1,0.5,0.5,-0.5,-,X2Pi
final,35679.797817,4.5,446,1,75,-1,0.5,-0.5,-1.5,-,X2Pi
final,35786.479989,4.5,447,2,28,-1,0.5,-0.5,-1.5,-,B2Pi
final,35808.83961,4.5,448,1,77,-1,0.5,0.5,-0.5,-,X2Pi
final,35832.258455,4.5,449,1,76,-1,0.5,-0.5,-1.5,-,X2Pi
final,35960.832635,4.5,450,1,78,-1,0.5,0.5,-0.5,-,X2Pi
final,35981.029896,4.5,451,1,77,-1,0.5,-0.5,-1.5,-,X2Pi
final,36032.19282,4.5,452,2,29,-1,0.5,0.5,-0.5,-,B2Pi
final,36122.663499,4.5,453,1,79,-1,0.5,0.5,-0.5,-,X2Pi
final,36134.652658,4.5,454,1,78,-1,0.5,-0.5,-1.5,-,X2Pi
final,36196.661129,4.5,455,2,29,-1,0.5,-0.5,-1.5,-,B2Pi
final,36296.043458,4.5,456,1,80,-1,0.5,0.5,-0.5,-,X2Pi
final,36298.864943,4.5,457,1,79,-1,0.5,-0.5,-1.5,-,X2Pi
final,36436.234617,4.5,458,2,30,-1,0.5,0.5,-0.5,-,B2Pi
final,36474.463531,4.5,459,1,80,-1,0.5,-0.5,-1.5,-,X2Pi
final,36480.307654,4.5,460,1,81,-1,0.5,0.5,-0.5,-,X2Pi
final,36603.328368,4.5,461,2,30,-1,0.5,-0.5,-1.5,-,B2Pi
final,36660.63147,4.5,462,1,81,-1,0.5,-0.5,-1.5,-,X2Pi
final,36674.923005,4.5,463,1,82,-1,0.5,0.5,-0.5,-,X2Pi
final,10.418474,5.5,1,1,0,1,0.5,-0.5,0.5,+,X2Pi
final,331.715189,5.5,2,1,0,1,0.5,0.5,1.5,+,X2Pi
final,744.020385,5.5,3,1,1,1,0.5,-0.5,0.5,+,X2Pi
final,1065.131211,5.5,4,1,1,1,0.5,0.5,1.5,+,X2Pi
final,1471.715863,5.5,5,1,2,1,0.5,-0.5,0.5,+,X2Pi
final,1792.612388,5.5,6,1,2,1,0.5,0.5,1.5,+,X2Pi
final,2193.467124,5.5,7,1,3,1,0.5,-0.5,0.5,+,X2Pi
final,2514.119167,5.5,8,1,3,1,0.5,0.5,1.5,+,X2Pi
final,2909.235912,5.5,9,1,4,1,0.5,-0.5,0.5,+,X2Pi
final,3229.611463,5.5,10,1,4,1,0.5,0.5,1.5,+,X2Pi
final,3618.983507,5.5,11,1,5,1,0.5,-0.5,0.5,+,X2Pi
final,3939.048673,5.5,12,1,5,1,0.5,0.5,1.5,+,X2Pi
final,4322.670745,5.5,13,1,6,1,0.5,-0.5,0.5,+,X2Pi
final,4642.389664,5.5,14,1,6,1,0.5,0.5,1.5,+,X2Pi
final,5020.25804,5.5,15,1,7,1,0.5,-0.5,0.5,+,X2Pi
final,5339.592767,5.5,16,1,7,1,0.5,0.5,1.5,+,X2Pi
final,5711.705409,5.5,17,1,8,1,0.5,-0.5,0.5,+,X2Pi
final,6030.615767,5.5,18,1,8,1,0.5,0.5,1.5,+,X2Pi
final,6396.972468,5.5,19,1,9,1,0.5,-0.5,0.5,+,X2Pi
final,6715.415913,5.5,20,1,9,1,0.5,0.5,1.5,+,X2Pi
final,7076.018436,5.5,21,1,10,1,0.5,-0.5,0.5,+,X2Pi
final,7393.949924,5.5,22,1,10,1,0.5,0.5,1.5,+,X2Pi
final,7748.802138,5.5,23,1,11,1,0.5,-0.5,0.5,+,X2Pi
final,8066.174001,5.5,24,1,11,1,0.5,0.5,1.5,+,X2Pi
final,8415.281992,5.5,25,1,12,1,0.5,-0.5,0.5,+,X2Pi
final,8732.043841,5.5,26,1,12,1,0.5,0.5,1.5,+,X2Pi
final,9075.416013,5.5,27,1,13,1,0.5,-0.5,0.5,+,X2Pi
final,9391.514644,5.5,28,1,13,1,0.5,0.5,1.5,+,X2Pi
final,9729.161805,5.5,29,1,14,1,0.5,-0.5,0.5,+,X2Pi
final,10044.541127,5.5,30,1,14,1,0.5,0.5,1.5,+,X2Pi
final,10376.476557,5.5,31,1,15,1,0.5,-0.5,0.5,+,X2Pi
final,10691.077534,5.5,32,1,15,1,0.5,0.5,1.5,+,X2Pi
final,11017.317032,5.5,33,1,16,1,0.5,-0.5,0.5,+,X2Pi
final,11331.077651,5.5,34,1,16,1,0.5,0.5,1.5,+,X2Pi
final,11651.639557,5.5,35,1,17,1,0.5,-0.5,0.5,+,X2Pi
final,11964.494822,5.5,36,1,17,1,0.5,0.5,1.5,+,X2Pi
final,12279.40002,5.5,37,1,18,1,0.5,-0.5,0.5,+,X2Pi
final,12591.281954,5.5,38,1,18,1,0.5,0.5,1.5,+,X2Pi
final,12900.553861,5.5,39,1,19,1,0.5,-0.5,0.5,+,X2Pi
final,13211.391533,5.5,40,1,19,1,0.5,0.5,1.5,+,X2Pi
final,13515.056051,5.5,41,1,20,1,0.5,-0.5,0.5,+,X2Pi
final,13824.775641,5.5,42,1,20,1,0.5,0.5,1.5,+,X2Pi
final,14122.861045,5.5,43,1,21,1,0.5,-0.5,0.5,+,X2Pi
final,14431.386016,5.5,44,1,21,1,0.5,0.5,1.5,+,X2Pi
final,14723.922762,5.5,45,1,22,1,0.5,-0.5,0.5,+,X2Pi
final,15031.174067,5.5,46,1,22,1,0.5,0.5,1.5,+,X2Pi
final,15318.194606,5.5,47,1,23,1,0.5,-0.5,0.5,+,X2Pi
final,15624.09085,5.5,48,1,23,1,0.5,0.5,1.5,+,X2Pi
final,15905.629439,5.5,49,1,24,1,0.5,-0.5,0.5,+,X2Pi
final,15997.652622,5.5,50,3,0,1,1.5,1.5,2.5,+,a4Pi
final,16100.039384,5.5,51,3,0,1,1.5,0.5,1.5,+,a4Pi
final,16201.562943,5.5,52,3,0,1,1.5,-0.5,0.5,+,a4Pi
final,16210.087113,5.5,53,1,24,1,0.5,0.5,1.5,+,X2Pi
final,16302.212101,5.5,54,3,0,1,1.5,-1.5,-0.5,+,a4Pi
final,16447.965741,5.5,55,3,1,1,1.5,1.5,2.5,+,a4Pi
final,16486.179505,5.5,56,1,25,1,0.5,-0.5,0.5,+,X2Pi
final,16550.423928,5.5,57,3,1,1,1.5,0.5,1.5,+,a4Pi
final,16652.025087,5.5,58,3,1,1,1.5,-0.5,0.5,+,a4Pi
final,16752.758191,5.5,59,3,1,1,1.5,-1.5,-0.5,+,a4Pi
final,16789.113356,5.5,60,1,25,1,0.5,0.5,1.5,+,X2Pi
final,16892.731884,5.5,61,3,2,1,1.5,1.5,2.5,+,a4Pi
final,16995.256757,5.5,62,3,2,1,1.5,0.5,1.5,+,a4Pi
final,17059.796448,5.5,63,1,26,1,0.5,-0.5,0.5,+,X2Pi
final,17096.930851,5.5,64,3,2,1,1.5,-0.5,0.5,+,a4Pi
final,17197.743314,5.5,65,3,2,1,1.5,-1.5,-0.5,+,a4Pi
final,17331.867615,5.5,66,3,3,1,1.5,1.5,2.5,+,a4Pi
final,17361.119822,5.5,67,1,26,1,0.5,0.5,1.5,+,X2Pi
final,17434.453718,5.5,68,3,3,1,1.5,0.5,1.5,+,a4Pi
final,17536.195374,5.5,69,3,3,1,1.5,-0.5,0.5,+,a4Pi
final,17626.431289,5.5,70,1,27,1,0.5,-0.5,0.5,+,X2Pi
final,17637.081905,5.5,71,3,3,1,1.5,-1.5,-0.5,+,a4Pi
final,17765.283,5.5,72,3,4,1,1.5,1.5,2.5,+,a4Pi
final,17867.924015,5.5,73,3,4,1,1.5,0.5,1.5,+,a4Pi
final,17926.056525,5.5,74,1,27,1,0.5,0.5,1.5,+,X2Pi
final,17969.727005,5.5,75,3,4,1,1.5,-0.5,0.5,+,a4Pi
final,18070.681468,5.5,76,3,4,1,1.5,-1.5,-0.5,+,a4Pi
final,18186.034376,5.5,77,1,28,1,0.5,-0.5,0.5,+,X2Pi
final,18192.881031,5.5,78,3,5,1,1.5,1.5,2.5,+,a4Pi
final,18295.569603,5.5,79,3,5,1,1.5,0.5,1.5,+,a4Pi
final,18397.426668,5.5,80,3,5,1,1.5,-0.5,0.5,+,a4Pi
final,18483.873287,5.5,81,1,28,1,0.5,0.5,1.5,+,X2Pi
final,18498.441903,5.5,82,3,5,1,1.5,-1.5,-0.5,+,a4Pi
final,18614.55654,5.5,83,3,6,1,1.5,1.5,2.5,+,a4Pi
final,18717.284171,5.5,84,3,6,1,1.5,0.5,1.5,+,a4Pi
final,18738.555398,5.5,85,1,29,1,0.5,-0.5,0.5,+,X2Pi
final,18819.186918,5.5,86,3,6,1,1.5,-0.5,0.5,+,a4Pi
final,18920.25464,5.5,87,3,6,1,1.5,-1.5,-0.5,+,a4Pi
final,19030.195257,5.5,88,3,7,1,1.5,1.5,2.5,+,a4Pi
final,19034.519739,5.5,89,1,29,1,0.5,0.5,1.5,+,X2Pi
final,19132.95207,5.5,90,3,7,1,1.5,0.5,1.5,+,a4Pi
final,19234.890736,5.5,91,3,7,1,1.5,-0.5,0.5,+,a4Pi
final,19283.943344,5.5,92,1,30,1,0.5,-0.5,0.5,+,X2Pi
final,19336.001299,5.5,93,3,7,1,1.5,-1.5,-0.5,+,a4Pi
final,19439.672733,5.5,94,3,8,1,1.5,1.5,2.5,+,a4Pi
final,19542.447261,5.5,95,3,8,1,1.5,0.5,1.5,+,a4Pi
final,19577.945352,5.5,96,1,30,1,0.5,0.5,1.5,+,X2Pi
final,19644.410502,5.5,97,3,8,1,1.5,-0.5,0.5,+,a4Pi
final,19745.552687,5.5,98,3,8,1,1.5,-1.5,-0.5,+,a4Pi
final,19822.146503,5.5,99,1,31,1,0.5,-0.5,0.5,+,X2Pi
final,19842.853205,5.5,100,3,9,1,1.5,1.5,2.5,+,a4Pi
final,19945.632129,5.5,101,3,9,1,1.5,0.5,1.5,+,a4Pi
final,20047.606754,5.5,102,3,9,1,1.5,-0.5,0.5,+,a4Pi
final,20114.099437,5.5,103,1,31,1,0.5,0.5,1.5,+,X2Pi
final,20148.767505,5.5,104,3,9,1,1.5,-1.5,-0.5,+,a4Pi
final,20239.58799,5.5,105,3,10,1,1.5,1.5,2.5,+,a4Pi
final,20342.355853,5.5,106,3,10,1,1.5,0.5,1.5,+,a4Pi
final,20353.112454,5.5,107,1,32,1,0.5,-0.5,0.5,+,X2Pi
final,20444.326543,5.5,108,3,10,1,1.5,-0.5,0.5,+,a4Pi
final,20545.490684,5.5,109,3,10,1,1.5,-1.5,-0.5,+,a4Pi
final,20629.713883,5.5,110,3,11,1,1.5,1.5,2.5,+,a4Pi
final,20642.931157,5.5,111,1,32,1,0.5,0.5,1.5,+,X2Pi
final,20732.452702,5.5,112,3,11,1,1.5,0.5,1.5,+,a4Pi
final,20834.401618,5.5,113,3,11,1,1.5,-0.5,0.5,+,a4Pi
final,20876.788067,5.5,114,1,33,1,0.5,-0.5,0.5,+,X2Pi
final,20935.551458,5.5,115,3,11,1,1.5,-1.5,-0.5,+,a4Pi
final,21013.051263,5.5,116,3,12,1,1.5,1.5,2.5,+,a4Pi
final,21115.740034,5.5,117,3,12,1,1.5,0.5,1.5,+,a4Pi
final,21164.389523,5.5,118,1,33,1,0.5,0.5,1.5,+,X2Pi
final,21217.646314,5.5,119,3,12,1,1.5,-0.5,0.5,+,a4Pi
final,21318.761148,5.5,120,3,12,1,1.5,-1.5,-0.5,+,a4Pi
final,21389.401872,5.5,121,3,13,1,1.5,1.5,2.5,+,a4Pi
final,21393.11951,5.5,122,1,34,1,0.5,-0.5,0.5,+,X2Pi
final,21492.016054,5.5,123,3,13,1,1.5,0.5,1.5,+,a4Pi
final,21593.855305,5.5,124,3,13,1,1.5,-0.5,0.5,+,a4Pi
final,21678.423386,5.5,125,1,34,1,0.5,0.5,1.5,+,X2Pi
final,21694.91089,5.5,126,3,13,1,1.5,-1.5,-0.5,+,a4Pi
final,21758.546192,5.5,127,3,14,1,1.5,1.5,2.5,+,a4Pi
final,21861.057097,5.5,128,3,14,1,1.5,0.5,1.5,+,a4Pi
final,21902.052251,5.5,129,1,35,1,0.5,-0.5,0.5,+,X2Pi
final,21962.800762,5.5,130,3,14,1,1.5,-0.5,0.5,+,a4Pi
final,22063.768689,5.5,131,3,14,1,1.5,-1.5,-0.5,+,a4Pi
final,22120.240539,5.5,132,3,15,1,1.5,1.5,2.5,+,a4Pi
final,22184.981425,5.5,133,1,35,1,0.5,0.5,1.5,+,X2Pi
final,22222.614492,5.5,134,3,15,1,1.5,0.5,1.5,+,a4Pi
final,22324.229012,5.5,135,3,15,1,1.5,-0.5,0.5,+,a4Pi
final,22403.531077,5.5,136,1,36,1,0.5,-0.5,0.5,+,X2Pi
final,22425.075848,5.5,137,3,15,1,1.5,-1.5,-0.5,+,a4Pi
final,22474.21346,5.5,138,3,16,1,1.5,1.5,2.5,+,a4Pi
final,22576.410957,5.5,139,3,16,1,1.5,0.5,1.5,+,a4Pi
final,22677.856902,5.5,140,3,16,1,1.5,-0.5,0.5,+,a4Pi
final,22684.012142,5.5,141,1,36,1,0.5,0.5,1.5,+,X2Pi
final,22778.543311,5.5,142,3,16,1,1.5,-1.5,-0.5,+,a4Pi
final,22790.318267,5.5,143,2,0,1,0.5,-0.5,0.5,+,B2Pi
final,22820.161895,5.5,144,3,17,1,1.5,1.5,2.5,+,a4Pi
final,22883.258502,5.5,145,2,0,1,0.5,0.5,1.5,+,B2Pi
final,22897.500099,5.5,146,1,37,1,0.5,-0.5,0.5,+,X2Pi
final,22922.136428,5.5,147,3,17,1,1.5,0.5,1.5,+,a4Pi
final,23023.367306,5.5,148,3,17,1,1.5,-0.5,0.5,+,a4Pi
final,23123.846829,5.5,149,3,17,1,1.5,-1.5,-0.5,+,a4Pi
final,23157.746497,5.5,150,3,18,1,1.5,1.5,2.5,+,a4Pi
final,23175.463831,5.5,151,1,37,1,0.5,0.5,1.5,+,X2Pi
final,23259.443135,5.5,152,3,18,1,1.5,0.5,1.5,+,a4Pi
final,23296.397215,5.5,153,2,1,1,0.5,-0.5,0.5,+,B2Pi
final,23360.403931,5.5,154,3,18,1,1.5,-0.5,0.5,+,a4Pi
final,23383.902801,5.5,155,1,38,1,0.5,-0.5,0.5,+,X2Pi
final,23391.19451,5.5,156,2,1,1,0.5,0.5,1.5,+,B2Pi
final,23460.621489,5.5,157,3,18,1,1.5,-1.5,-0.5,+,a4Pi
final,23486.58607,5.5,158,3,19,1,1.5,1.5,2.5,+,a4Pi
final,23587.93976,5.5,159,3,19,1,1.5,0.5,1.5,+,a4Pi
final,23659.284545,5.5,160,1,38,1,0.5,0.5,1.5,+,X2Pi
final,23688.565186,5.5,161,3,19,1,1.5,-0.5,0.5,+,a4Pi
final,23788.455279,5.5,162,3,19,1,1.5,-1.5,-0.5,+,a4Pi
final,23798.937074,5.5,163,2,2,1,0.5,-0.5,0.5,+,B2Pi
final,23806.251137,5.5,164,3,20,1,1.5,1.5,2.5,+,a4Pi
final,23862.682069,5.5,165,1,39,1,0.5,-0.5,0.5,+,X2Pi
final,23895.657668,5.5,166,2,2,1,0.5,0.5,1.5,+,B2Pi
final,23907.184726,5.5,167,3,20,1,1.5,0.5,1.5,+,a4Pi
final,24007.397167,5.5,168,3,20,1,1.5,-0.5,0.5,+,a4Pi
final,24106.881741,5.5,169,3,20,1,1.5,-1.5,-0.5,+,a4Pi
final,24116.256779,5.5,170,3,21,1,1.5,1.5,2.5,+,a4Pi
final,24135.422054,5.5,171,1,39,1,0.5,0.5,1.5,+,X2Pi
final,24216.678405,5.5,172,3,21,1,1.5,0.5,1.5,+,a4Pi
final,24297.937824,5.5,173,2,3,1,0.5,-0.5,0.5,+,B2Pi
final,24316.385199,5.5,174,3,21,1,1.5,-0.5,0.5,+,a4Pi
final,24333.78021,5.5,175,1,40,1,0.5,-0.5,0.5,+,X2Pi
final,24396.648004,5.5,176,2,3,1,0.5,0.5,1.5,+,B2Pi
final,24415.370811,5.5,177,3,21,1,1.5,-1.5,-0.5,+,a4Pi
final,24416.054074,5.5,178,3,22,1,1.5,1.5,2.5,+,a4Pi
final,24515.854106,5.5,179,3,22,1,1.5,0.5,1.5,+,a4Pi
final,24603.823828,5.5,180,1,40,1,0.5,0.5,1.5,+,X2Pi
final,24614.944336,5.5,181,3,22,1,1.5,-0.5,0.5,+,a4Pi
final,24705.02047,5.5,182,3,23,1,1.5,1.5,2.5,+,a4Pi
final,24713.318786,5.5,183,3,22,1,1.5,-1.5,-0.5,+,a4Pi
final,24793.399834,5.5,184,2,4,1,0.5,-0.5,0.5,+,B2Pi
final,24797.13897,5.5,185,1,41,1,0.5,-0.5,0.5,+,X2Pi
final,24804.067646,5.5,186,3,23,1,1.5,0.5,1.5,+,a4Pi
final,24894.165147,5.5,187,2,4,1,0.5,0.5,1.5,+,B2Pi
final,24902.408034,5.5,188,3,23,1,1.5,-0.5,0.5,+,a4Pi
final,24982.44927,5.5,189,3,24,1,1.5,1.5,2.5,+,a4Pi
final,25000.036018,5.5,190,3,23,1,1.5,-1.5,-0.5,+,a4Pi
final,25064.437012,5.5,191,1,41,1,0.5,0.5,1.5,+,X2Pi
final,25080.585858,5.5,192,3,24,1,1.5,0.5,1.5,+,a4Pi
final,25178.01562,5.5,193,3,24,1,1.5,-0.5,0.5,+,a4Pi
final,25247.537986,5.5,194,3,25,1,1.5,1.5,2.5,+,a4Pi
final,25252.699596,5.5,195,1,42,1,0.5,-0.5,0.5,+,X2Pi
final,25274.73324,5.5,196,3,24,1,1.5,-1.5,-0.5,+,a4Pi
final,25285.32386,5.5,197,2,5,1,0.5,-0.5,0.5,+,B2Pi
final,25344.574045,5.5,198,3,25,1,1.5,0.5,1.5,+,a4Pi
final,25388.208384,5.5,199,2,5,1,0.5,0.5,1.5,+,B2Pi
final,25440.898708,5.5,200,3,25,1,1.5,-0.5,0.5,+,a4Pi
final,25499.376675,5.5,201,3,26,1,1.5,1.5,2.5,+,a4Pi
final,25517.208362,5.5,202,1,42,1,0.5,0.5,1.5,+,X2Pi
final,25536.506825,5.5,203,3,25,1,1.5,-1.5,-0.5,+,a4Pi
final,25595.083277,5.5,204,3,26,1,1.5,0.5,1.5,+,a4Pi
final,25690.067297,5.5,205,3,26,1,1.5,-0.5,0.5,+,a4Pi
final,25700.402869,5.5,206,1,43,1,0.5,-0.5,0.5,+,X2Pi
final,25736.938616,5.5,207,3,27,1,1.5,1.5,2.5,+,a4Pi
final,25773.710643,5.5,208,2,6,1,0.5,-0.5,0.5,+,B2Pi
final,25784.323465,5.5,209,3,26,1,1.5,-1.5,-0.5,+,a4Pi
final,25831.039573,5.5,210,3,27,1,1.5,0.5,1.5,+,a4Pi
final,25878.777001,5.5,211,2,6,1,0.5,0.5,1.5,+,B2Pi
final,25924.397192,5.5,212,3,27,1,1.5,-0.5,0.5,+,a4Pi
final,25959.075627,5.5,213,3,28,1,1.5,1.5,2.5,+,a4Pi
final,25962.084217,5.5,214,1,43,1,0.5,0.5,1.5,+,X2Pi
final,26017.005566,5.5,215,3,27,1,1.5,-1.5,-0.5,+,a4Pi
final,26051.238417,5.5,216,3,28,1,1.5,0.5,1.5,+,a4Pi
final,26140.189096,5.5,217,1,44,1,0.5,-0.5,0.5,+,X2Pi
final,26142.623601,5.5,218,3,28,1,1.5,-0.5,0.5,+,a4Pi
final,26164.52421,5.5,219,3,29,1,1.5,1.5,2.5,+,a4Pi
final,26233.223728,5.5,220,3,28,1,1.5,-1.5,-0.5,+,a4Pi
final,26254.351405,5.5,221,3,29,1,1.5,0.5,1.5,+,a4Pi
final,26258.5613,5.5,222,2,7,1,0.5,-0.5,0.5,+,B2Pi
final,26343.348069,5.5,223,3,29,1,1.5,-0.5,0.5,+,a4Pi
final,26351.934742,5.5,224,3,30,1,1.5,1.5,2.5,+,a4Pi
final,26365.869918,5.5,225,2,7,1,0.5,0.5,1.5,+,B2Pi
final,26399.010502,5.5,226,1,44,1,0.5,0.5,1.5,+,X2Pi
final,26431.503739,5.5,227,3,29,1,1.5,-1.5,-0.5,+,a4Pi
final,26438.958438,5.5,228,3,30,1,1.5,0.5,1.5,+,a4Pi
final,26519.941406,5.5,229,3,31,1,1.5,1.5,2.5,+,a4Pi
final,26525.074149,5.5,230,3,30,1,1.5,-0.5,0.5,+,a4Pi
final,26571.998167,5.5,231,1,45,1,0.5,-0.5,0.5,+,X2Pi
final,26603.627815,5.5,232,3,31,1,1.5,0.5,1.5,+,a4Pi
final,26610.266209,5.5,233,3,30,1,1.5,-1.5,-0.5,+,a4Pi
final,26667.301676,5.5,234,3,32,1,1.5,1.5,2.5,+,a4Pi
final,26686.299221,5.5,235,3,31,1,1.5,-0.5,0.5,+,a4Pi
final,26739.877252,5.5,236,2,8,1,0.5,-0.5,0.5,+,B2Pi
final,26747.078126,5.5,237,3,32,1,1.5,0.5,1.5,+,a4Pi
final,26767.932056,5.5,238,3,31,1,1.5,-1.5,-0.5,+,a4Pi
final,26793.140373,5.5,239,3,33,1,1.5,1.5,2.5,+,a4Pi
final,26825.703551,5.5,240,3,32,1,1.5,-0.5,0.5,+,a4Pi
final,26827.932665,5.5,241,1,45,1,0.5,0.5,1.5,+,X2Pi
final,26849.485768,5.5,242,2,8,1,0.5,0.5,1.5,+,B2Pi
final,26868.469083,5.5,243,3,33,1,1.5,0.5,1.5,+,a4Pi
final,26897.508605,5.5,244,3,34,1,1.5,1.5,2.5,+,a4Pi
final,26903.144732,5.5,245,3,32,1,1.5,-1.5,-0.5,+,a4Pi
final,26942.502681,5.5,246,3,33,1,1.5,-0.5,0.5,+,a4Pi
final,26968.216604,5.5,247,3,34,1,1.5,0.5,1.5,+,a4Pi
final,26985.107462,5.5,248,3,35,1,1.5,1.5,2.5,+,a4Pi
final,26995.769586,5.5,249,1,46,1,0.5,-0.5,0.5,+,X2Pi
final,27015.207794,5.5,250,3,33,1,1.5,-1.5,-0.5,+,a4Pi
final,27037.681198,5.5,251,3,34,1,1.5,-0.5,0.5,+,a4Pi
final,27053.186373,5.5,252,3,35,1,1.5,0.5,1.5,+,a4Pi
final,27072.233167,5.5,253,3,36,1,1.5,1.5,2.5,+,a4Pi
final,27105.97992,5.5,254,3,34,1,1.5,-1.5,-0.5,+,a4Pi
final,27120.759854,5.5,255,3,35,1,1.5,-0.5,0.5,+,a4Pi
final,27141.33262,5.5,256,3,36,1,1.5,0.5,1.5,+,a4Pi
final,27171.66977,5.5,257,3,37,1,1.5,1.5,2.5,+,a4Pi
final,27187.976934,5.5,258,3,35,1,1.5,-1.5,-0.5,+,a4Pi
final,27210.34416,5.5,259,3,36,1,1.5,-0.5,0.5,+,a4Pi
final,27217.659958,5.5,260,2,9,1,0.5,-0.5,0.5,+,B2Pi
final,27242.612434,5.5,261,3,37,1,1.5,0.5,1.5,+,a4Pi
final,27248.795656,5.5,262,1,46,1,0.5,0.5,1.5,+,X2Pi
final,27279.266175,5.5,263,3,36,1,1.5,-1.5,-0.5,+,a4Pi
final,27283.848809,5.5,264,3,38,1,1.5,1.5,2.5,+,a4Pi
final,27313.407351,5.5,265,3,37,1,1.5,-0.5,0.5,+,a4Pi
final,27329.623143,5.5,266,2,9,1,0.5,0.5,1.5,+,B2Pi
final,27356.262931,5.5,267,3,38,1,1.5,0.5,1.5,+,a4Pi
final,27384.030979,5.5,268,3,37,1,1.5,-1.5,-0.5,+,a4Pi
final,27406.848322,5.5,269,3,39,1,1.5,1.5,2.5,+,a4Pi
final,27411.442499,5.5,270,1,47,1,0.5,-0.5,0.5,+,X2Pi
final,27428.448548,5.5,271,3,38,1,1.5,-0.5,0.5,+,a4Pi
final,27480.420076,5.5,272,3,39,1,1.5,0.5,1.5,+,a4Pi
final,27500.387421,5.5,273,3,38,1,1.5,-1.5,-0.5,+,a4Pi
final,27539.274646,5.5,274,3,40,1,1.5,1.5,2.5,+,a4Pi
final,27553.707606,5.5,275,3,39,1,1.5,-0.5,0.5,+,a4Pi
final,27613.794281,5.5,276,3,40,1,1.5,0.5,1.5,+,a4Pi
final,27626.696624,5.5,277,3,39,1,1.5,-1.5,-0.5,+,a4Pi
final,27661.543898,5.5,278,1,47,1,0.5,0.5,1.5,+,X2Pi
final,27680.164009,5.5,279,3,41,1,1.5,1.5,2.5,+,a4Pi
final,27687.989871,5.5,280,3,40,1,1.5,-0.5,0.5,+,a4Pi
final,27691.911184,5.5,281,2,10,1,0.5,-0.5,0.5,+,B2Pi
final,27755.484098,5.5,282,3,41,1,1.5,0.5,1.5,+,a4Pi
final,27761.849488,5.5,283,3,40,1,1.5,-1.5,-0.5,+,a4Pi
final,27806.280333,5.5,284,2,10,1,0.5,0.5,1.5,+,B2Pi
final,27818.955691,5.5,285,1,48,1,0.5,-0.5,0.5,+,X2Pi
final,27828.812001,5.5,286,3,42,1,1.5,1.5,2.5,+,a4Pi
final,27830.450079,5.5,287,3,41,1,1.5,-0.5,0.5,+,a4Pi
final,27904.823658,5.5,288,3,42,1,1.5,0.5,1.5,+,a4Pi
final,27905.051507,5.5,289,3,41,1,1.5,-1.5,-0.5,+,a4Pi
final,27980.457379,5.5,290,3,42,1,1.5,-0.5,0.5,+,a4Pi
final,27984.677419,5.5,291,3,43,1,1.5,1.5,2.5,+,a4Pi
final,28055.703695,5.5,292,3,42,1,1.5,-1.5,-0.5,+,a4Pi
final,28061.296473,5.5,293,3,43,1,1.5,0.5,1.5,+,a4Pi
final,28066.121292,5.5,294,1,48,1,0.5,0.5,1.5,+,X2Pi
final,28137.518041,5.5,295,3,43,1,1.5,-0.5,0.5,+,a4Pi
final,28147.327956,5.5,296,3,44,1,1.5,1.5,2.5,+,a4Pi
final,28162.632839,5.5,297,2,11,1,0.5,-0.5,0.5,+,B2Pi
final,28213.333337,5.5,298,3,43,1,1.5,-1.5,-0.5,+,a4Pi
final,28218.247628,5.5,299,1,49,1,0.5,-0.5,0.5,+,X2Pi
final,28224.48752,5.5,300,3,44,1,1.5,0.5,1.5,+,a4Pi
final,28279.455483,5.5,301,2,11,1,0.5,0.5,1.5,+,B2Pi
final,28301.233168,5.5,302,3,44,1,1.5,-0.5,0.5,+,a4Pi
final,28316.410086,5.5,303,3,45,1,1.5,1.5,2.5,+,a4Pi
final,28377.556599,5.5,304,3,44,1,1.5,-1.5,-0.5,+,a4Pi
final,28394.055673,5.5,305,3,45,1,1.5,0.5,1.5,+,a4Pi
final,28462.471176,5.5,306,1,49,1,0.5,0.5,1.5,+,X2Pi
final,28471.273189,5.5,307,3,45,1,1.5,-0.5,0.5,+,a4Pi
final,28491.627071,5.5,308,3,46,1,1.5,1.5,2.5,+,a4Pi
final,28548.054696,5.5,309,3,45,1,1.5,-1.5,-0.5,+,a4Pi
final,28569.713333,5.5,310,3,46,1,1.5,0.5,1.5,+,a4Pi
final,28609.256478,5.5,311,1,50,1,0.5,-0.5,0.5,+,X2Pi
final,28629.82695,5.5,312,2,12,1,0.5,-0.5,0.5,+,B2Pi
final,28647.359151,5.5,313,3,46,1,1.5,-0.5,0.5,+,a4Pi
final,28672.725929,5.5,314,3,47,1,1.5,1.5,2.5,+,a4Pi
final,28724.556857,5.5,315,3,46,1,1.5,-1.5,-0.5,+,a4Pi
final,28749.146644,5.5,316,2,12,1,0.5,0.5,1.5,+,B2Pi
final,28751.214637,5.5,317,3,47,1,1.5,0.5,1.5,+,a4Pi
final,28829.251938,5.5,318,3,47,1,1.5,-0.5,0.5,+,a4Pi
final,28850.536317,5.5,319,1,50,1,0.5,0.5,1.5,+,X2Pi
final,28859.488197,5.5,320,3,48,1,1.5,1.5,2.5,+,a4Pi
final,28906.830377,5.5,321,3,47,1,1.5,-1.5,-0.5,+,a4Pi
final,28938.34666,5.5,322,3,48,1,1.5,0.5,1.5,+,a4Pi
final,28991.920097,5.5,323,1,51,1,0.5,-0.5,0.5,+,X2Pi
final,29016.743872,5.5,324,3,48,1,1.5,-0.5,0.5,+,a4Pi
final,29051.722522,5.5,325,3,49,1,1.5,1.5,2.5,+,a4Pi
final,29093.495682,5.5,326,2,13,1,0.5,-0.5,0.5,+,B2Pi
final,29094.672542,5.5,327,3,48,1,1.5,-1.5,-0.5,+,a4Pi
final,29130.92247,5.5,328,3,49,1,1.5,0.5,1.5,+,a4Pi
final,29209.652256,5.5,329,3,49,1,1.5,-0.5,0.5,+,a4Pi
final,29215.351707,5.5,330,2,13,1,0.5,0.5,1.5,+,B2Pi
final,29230.258923,5.5,331,1,51,1,0.5,0.5,1.5,+,X2Pi
final,29249.25982,5.5,332,3,50,1,1.5,1.5,2.5,+,a4Pi
final,29287.904715,5.5,333,3,49,1,1.5,-1.5,-0.5,+,a4Pi
final,29328.776574,5.5,334,3,50,1,1.5,0.5,1.5,+,a4Pi
final,29366.176084,5.5,335,1,52,1,0.5,-0.5,0.5,+,X2Pi
final,29407.815033,5.5,336,3,50,1,1.5,-0.5,0.5,+,a4Pi
final,29451.949457,5.5,337,3,51,1,1.5,1.5,2.5,+,a4Pi
final,29486.368134,5.5,338,3,50,1,1.5,-1.5,-0.5,+,a4Pi
final,29531.761335,5.5,339,3,51,1,1.5,0.5,1.5,+,a4Pi
final,29553.641212,5.5,340,2,14,1,0.5,-0.5,0.5,+,B2Pi
final,29601.580605,5.5,341,1,52,1,0.5,0.5,1.5,+,X2Pi
final,29611.087427,5.5,342,3,51,1,1.5,-0.5,0.5,+,a4Pi
final,29659.656093,5.5,343,3,52,1,1.5,1.5,2.5,+,a4Pi
final,29678.068542,5.5,344,2,14,1,0.5,0.5,1.5,+,B2Pi
final,29689.92075,5.5,345,3,51,1,1.5,-1.5,-0.5,+,a4Pi
final,29731.961754,5.5,346,1,53,1,0.5,-0.5,0.5,+,X2Pi
final,29739.743847,5.5,347,3,52,1,1.5,0.5,1.5,+,a4Pi
final,29819.338912,5.5,348,3,52,1,1.5,-0.5,0.5,+,a4Pi
final,29872.257458,5.5,349,3,53,1,1.5,1.5,2.5,+,a4Pi
final,29898.434353,5.5,350,3,52,1,1.5,-1.5,-0.5,+,a4Pi
final,29952.603918,5.5,351,3,53,1,1.5,0.5,1.5,+,a4Pi
final,29964.442405,5.5,352,1,53,1,0.5,0.5,1.5,+,X2Pi
final,30010.265754,5.5,353,2,15,1,0.5,-0.5,0.5,+,B2Pi
final,30032.451294,5.5,354,3,53,1,1.5,-0.5,0.5,+,a4Pi
final,30089.21418,5.5,355,1,54,1,0.5,-0.5,0.5,+,X2Pi
final,30089.642421,5.5,356,3,54,1,1.5,1.5,2.5,+,a4Pi
final,30111.792654,5.5,357,3,53,1,1.5,-1.5,-0.5,+,a4Pi
final,30137.294998,5.5,358,2,15,1,0.5,0.5,1.5,+,B2Pi
final,30170.232047,5.5,359,3,54,1,1.5,0.5,1.5,+,a4Pi
final,30250.316897,5.5,360,3,54,1,1.5,-0.5,0.5,+,a4Pi
final,30311.70968,5.5,361,3,55,1,1.5,1.5,2.5,+,a4Pi
final,30318.78477,5.5,362,1,54,1,0.5,0.5,1.5,+,X2Pi
final,30329.890067,5.5,363,3,54,1,1.5,-1.5,-0.5,+,a4Pi
final,30392.528289,5.5,364,3,55,1,1.5,0.5,1.5,+,a4Pi
final,30437.870181,5.5,365,1,55,1,0.5,-0.5,0.5,+,X2Pi
final,30463.371511,5.5,366,2,16,1,0.5,-0.5,0.5,+,B2Pi
final,30472.836932,5.5,367,3,55,1,1.5,-0.5,0.5,+,a4Pi
final,30538.380721,5.5,368,3,56,1,1.5,1.5,2.5,+,a4Pi
final,30552.628396,5.5,369,3,55,1,1.5,-1.5,-0.5,+,a4Pi
final,30593.028915,5.5,370,2,16,1,0.5,0.5,1.5,+,B2Pi
final,30619.402969,5.5,371,3,56,1,1.5,0.5,1.5,+,a4Pi
final,30664.547577,5.5,372,1,55,1,0.5,0.5,1.5,+,X2Pi
final,30699.920877,5.5,373,3,56,1,1.5,-0.5,0.5,+,a4Pi
final,30769.550886,5.5,374,3,57,1,1.5,1.5,2.5,+,a4Pi
final,30777.866346,5.5,375,1,56,1,0.5,-0.5,0.5,+,X2Pi
final,30779.922148,5.5,376,3,56,1,1.5,-1.5,-0.5,+,a4Pi
final,30850.773114,5.5,377,3,57,1,1.5,0.5,1.5,+,a4Pi
final,30912.960587,5.5,378,2,17,1,0.5,-0.5,0.5,+,B2Pi
final,30931.486348,5.5,379,3,57,1,1.5,-0.5,0.5,+,a4Pi
final,31001.670121,5.5,380,1,56,1,0.5,0.5,1.5,+,X2Pi
final,31006.732421,5.5,381,3,58,1,1.5,1.5,2.5,+,a4Pi
final,31011.742279,5.5,382,3,57,1,1.5,-1.5,-0.5,+,a4Pi
final,31045.268226,5.5,383,2,17,1,0.5,0.5,1.5,+,B2Pi
final,31086.664243,5.5,384,3,58,1,1.5,0.5,1.5,+,a4Pi
final,31109.139035,5.5,385,1,57,1,0.5,-0.5,0.5,+,X2Pi
final,31167.76678,5.5,386,3,58,1,1.5,-0.5,0.5,+,a4Pi
final,31249.919893,5.5,387,3,58,1,1.5,-1.5,-0.5,+,a4Pi
final,31330.091137,5.5,388,1,57,1,0.5,0.5,1.5,+,X2Pi
final,31359.035125,5.5,389,2,18,1,0.5,-0.5,0.5,+,B2Pi
final,31431.624397,5.5,390,1,58,1,0.5,-0.5,0.5,+,X2Pi
final,31494.010828,5.5,391,2,18,1,0.5,0.5,1.5,+,B2Pi
final,31649.7488,5.5,392,1,58,1,0.5,0.5,1.5,+,X2Pi
final,31745.258369,5.5,393,1,59,1,0.5,-0.5,0.5,+,X2Pi
final,31801.597257,5.5,394,2,19,1,0.5,-0.5,0.5,+,B2Pi
final,31939.254638,5.5,395,2,19,1,0.5,0.5,1.5,+,B2Pi
final,31960.580746,5.5,396,1,59,1,0.5,0.5,1.5,+,X2Pi
final,32049.976703,5.5,397,1,60,1,0.5,-0.5,0.5,+,X2Pi
final,32240.649019,5.5,398,2,20,1,0.5,-0.5,0.5,+,B2Pi
final,32262.524076,5.5,399,1,60,1,0.5,0.5,1.5,+,X2Pi
final,32345.714961,5.5,400,1,61,1,0.5,-0.5,0.5,+,X2Pi
final,32380.997643,5.5,401,2,20,1,0.5,0.5,1.5,+,B2Pi
final,32555.515387,5.5,402,1,61,1,0.5,0.5,1.5,+,X2Pi
final,32632.408545,5.5,403,1,62,1,0.5,-0.5,0.5,+,X2Pi
final,32676.192229,5.5,404,2,21,1,0.5,-0.5,0.5,+,B2Pi
final,32819.237994,5.5,405,2,21,1,0.5,0.5,1.5,+,B2Pi
final,32839.490784,5.5,406,1,62,1,0.5,0.5,1.5,+,X2Pi
final,32909.992706,5.5,407,1,63,1,0.5,-0.5,0.5,+,X2Pi
final,33108.228493,5.5,408,2,22,1,0.5,-0.5,0.5,+,B2Pi
final,33114.385898,5.5,409,1,63,1,0.5,0.5,1.5,+,X2Pi
final,33178.402557,5.5,410,1,64,1,0.5,-0.5,0.5,+,X2Pi
final,33253.974095,5.5,411,2,22,1,0.5,0.5,1.5,+,B2Pi
final,33380.135939,5.5,412,1,64,1,0.5,0.5,1.5,+,X2Pi
final,33437.573046,5.5,413,1,65,1,0.5,-0.5,0.5,+,X2Pi
final,33536.759456,5.5,414,2,23,1,0.5,-0.5,0.5,+,B2Pi
final,33636.675758,5.5,415,1,65,1,0.5,0.5,1.5,+,X2Pi
final,33685.204349,5.5,416,2,23,1,0.5,0.5,1.5,+,B2Pi
final,33687.439005,5.5,417,1,66,1,0.5,-0.5,0.5,+,X2Pi
final,33883.939838,5.5,418,1,66,1,0.5,0.5,1.5,+,X2Pi
final,33927.935263,5.5,419,1,67,1,0.5,-0.5,0.5,+,X2Pi
final,33961.786645,5.5,420,2,24,1,0.5,-0.5,0.5,+,B2Pi
final,34112.927193,5.5,421,2,24,1,0.5,0.5,1.5,+,B2Pi
final,34121.862256,5.5,422,1,67,1,0.5,0.5,1.5,+,X2Pi
final,34158.996597,5.5,423,1,68,1,0.5,-0.5,0.5,+,X2Pi
final,34350.376849,5.5,424,1,68,1,0.5,0.5,1.5,+,X2Pi
final,34380.557696,5.5,425,1,69,1,0.5,-0.5,0.5,+,X2Pi
final,34383.311335,5.5,426,2,25,1,0.5,-0.5,0.5,+,B2Pi
final,34537.141323,5.5,427,2,25,1,0.5,0.5,1.5,+,B2Pi
final,34569.417266,5.5,428,1,69,1,0.5,0.5,1.5,+,X2Pi
final,34592.553361,5.5,429,1,70,1,0.5,-0.5,0.5,+,X2Pi
final,34778.916872,5.5,430,1,70,1,0.5,0.5,1.5,+,X2Pi
final,34794.918525,5.5,431,1,71,1,0.5,-0.5,0.5,+,X2Pi
final,34801.334752,5.5,432,2,26,1,0.5,-0.5,0.5,+,B2Pi
final,34957.845533,5.5,433,2,26,1,0.5,0.5,1.5,+,B2Pi
final,34978.808723,5.5,434,1,71,1,0.5,0.5,1.5,+,X2Pi
final,34987.588659,5.5,435,1,72,1,0.5,-0.5,0.5,+,X2Pi
final,35169.019054,5.5,436,1,72,1,0.5,0.5,1.5,+,X2Pi
final,35170.506684,5.5,437,1,73,1,0.5,-0.5,0.5,+,X2Pi
final,35215.858051,5.5,438,2,27,1,0.5,-0.5,0.5,+,B2Pi
final,35343.585351,5.5,439,1,74,1,0.5,-0.5,0.5,+,X2Pi
final,35349.510655,5.5,440,1,73,1,0.5,0.5,1.5,+,X2Pi
final,35375.038665,5.5,441,2,27,1,0.5,0.5,1.5,+,B2Pi
final,35506.883111,5.5,442,1,75,1,0.5,-0.5,0.5,+,X2Pi
final,35520.193248,5.5,443,1,74,1,0.5,0.5,1.5,+,X2Pi
final,35626.882261,5.5,444,2,28,1,0.5,-0.5,0.5,+,B2Pi
final,35661.134067,5.5,445,1,76,1,0.5,-0.5,0.5,+,X2Pi
final,35681.16747,5.5,446,1,75,1,0.5,0.5,1.5,+,X2Pi
final,35788.719652,5.5,447,2,28,1,0.5,0.5,1.5,+,B2Pi
final,35810.170492,5.5,448,1,77,1,0.5,-0.5,0.5,+,X2Pi
final,35833.594012,5.5,449,1,76,1,0.5,0.5,1.5,+,X2Pi
final,35962.183209,5.5,450,1,78,1,0.5,-0.5,0.5,+,X2Pi
final,35982.358857,5.5,451,1,77,1,0.5,0.5,1.5,+,X2Pi
final,36034.408288,5.5,452,2,29,1,0.5,-0.5,0.5,+,B2Pi
final,36124.048557,5.5,453,1,79,1,0.5,-0.5,0.5,+,X2Pi
final,36136.00684,5.5,454,1,78,1,0.5,0.5,1.5,+,X2Pi
final,36198.887577,5.5,455,2,29,1,0.5,0.5,1.5,+,B2Pi
final,36297.455936,5.5,456,1,80,1,0.5,-0.5,0.5,+,X2Pi
final,36300.257504,5.5,457,1,79,1,0.5,0.5,1.5,+,X2Pi
final,36438.436997,5.5,458,2,30,1,0.5,-0.5,0.5,+,B2Pi
final,36475.889482,5.5,459,1,80,1,0.5,0.5,1.5,+,X2Pi
final,36481.732783,5.5,460,1,81,1,0.5,-0.5,0.5,+,X2Pi
final,36605.541572,5.5,461,2,30,1,0.5,0.5,1.5,+,B2Pi
final,36662.101108,5.5,462,1,81,1,0.5,0.5,1.5,+,X2Pi
final,36676.297809,5.5,463,1,82,1,0.5,-0.5,0.5,+,X2Pi
final,10.344007,5.5,1,1,0,-1,0.5,0.5,-0.5,-,X2Pi
final,331.715187,5.5,2,1,0,-1,0.5,-0.5,-1.5,-,X2Pi
final,743.946048,5.5,3,1,1,-1,0.5,0.5,-0.5,-,X2Pi
final,1065.131208,5.5,4,1,1,-1,0.5,-0.5,-1.5,-,X2Pi
final,1471.641656,5.5,5,1,2,-1,0.5,0.5,-0.5,-,X2Pi
final,1792.612386,5.5,6,1,2,-1,0.5,-0.5,-1.5,-,X2Pi
final,2193.393049,5.5,7,1,3,-1,0.5,0.5,-0.5,-,X2Pi
final,2514.119165,5.5,8,1,3,-1,0.5,-0.5,-1.5,-,X2Pi
final,2909.16197,5.5,9,1,4,-1,0.5,0.5,-0.5,-,X2Pi
final,3229.611461,5.5,10,1,4,-1,0.5,-0.5,-1.5,-,X2Pi
final,3618.909699,5.5,11,1,5,-1,0.5,0.5,-0.5,-,X2Pi
final,3939.048671,5.5,12,1,5,-1,0.5,-0.5,-1.5,-,X2Pi
final,4322.597072,5.5,13,1,6,-1,0.5,0.5,-0.5,-,X2Pi
final,4642.389661,5.5,14,1,6,-1,0.5,-0.5,-1.5,-,X2Pi
final,5020.184504,5.5,15,1,7,-1,0.5,0.5,-0.5,-,X2Pi
final,5339.592765,5.5,16,1,7,-1,0.5,-0.5,-1.5,-,X2Pi
final,5711.63201,5.5,17,1,8,-1,0.5,0.5,-0.5,-,X2Pi
final,6030.615765,5.5,18,1,8,-1,0.5,-0.5,-1.5,-,X2Pi
final,6396.899208,5.5,19,1,9,-1,0.5,0.5,-0.5,-,X2Pi
final,6715.415911,5.5,20,1,9,-1,0.5,-0.5,-1.5,-,X2Pi
final,7075.945317,5.5,21,1,10,-1,0.5,0.5,-0.5,-,X2Pi
final,7393.949922,5.5,22,1,10,-1,0.5,-0.5,-1.5,-,X2Pi
final,7748.72916,5.5,23,1,11,-1,0.5,0.5,-0.5,-,X2Pi
final,8066.173999,5.5,24,1,11,-1,0.5,-0.5,-1.5,-,X2Pi
final,8415.209157,5.5,25,1,12,-1,0.5,0.5,-0.5,-,X2Pi
final,8732.043839,5.5,26,1,12,-1,0.5,-0.5,-1.5,-,X2Pi
final,9075.343322,5.5,27,1,13,-1,0.5,0.5,-0.5,-,X2Pi
final,9391.514642,5.5,28,1,13,-1,0.5,-0.5,-1.5,-,X2Pi
final,9729.08926,5.5,29,1,14,-1,0.5,0.5,-0.5,-,X2Pi
final,10044.541125,5.5,30,1,14,-1,0.5,-0.5,-1.5,-,X2Pi
final,10376.40416,5.5,31,1,15,-1,0.5,0.5,-0.5,-,X2Pi
final,10691.077532,5.5,32,1,15,-1,0.5,-0.5,-1.5,-,X2Pi
final,11017.244783,5.5,33,1,16,-1,0.5,0.5,-0.5,-,X2Pi
final,11331.077649,5.5,34,1,16,-1,0.5,-0.5,-1.5,-,X2Pi
final,11651.567459,5.5,35,1,17,-1,0.5,0.5,-0.5,-,X2Pi
final,11964.49482,5.5,36,1,17,-1,0.5,-0.5,-1.5,-,X2Pi
final,12279.328075,5.5,37,1,18,-1,0.5,0.5,-0.5,-,X2Pi
final,12591.281953,5.5,38,1,18,-1,0.5,-0.5,-1.5,-,X2Pi
final,12900.48207,5.5,39,1,19,-1,0.5,0.5,-0.5,-,X2Pi
final,13211.391531,5.5,40,1,19,-1,0.5,-0.5,-1.5,-,X2Pi
final,13514.984416,5.5,41,1,20,-1,0.5,0.5,-0.5,-,X2Pi
final,13824.775639,5.5,42,1,20,-1,0.5,-0.5,-1.5,-,X2Pi
final,14122.789568,5.5,43,1,21,-1,0.5,0.5,-0.5,-,X2Pi
final,14431.386014,5.5,44,1,21,-1,0.5,-0.5,-1.5,-,X2Pi
final,14723.851444,5.5,45,1,22,-1,0.5,0.5,-0.5,-,X2Pi
final,15031.174065,5.5,46,1,22,-1,0.5,-0.5,-1.5,-,X2Pi
final,15318.12345,5.5,47,1,23,-1,0.5,0.5,-0.5,-,X2Pi
final,15624.090849,5.5,48,1,23,-1,0.5,-0.5,-1.5,-,X2Pi
final,15905.558446,5.5,49,1,24,-1,0.5,0.5,-0.5,-,X2Pi
final,15997.652622,5.5,50,3,0,-1,1.5,-1.5,-2.5,-,a4Pi
final,16100.039384,5.5,51,3,0,-1,1.5,-0.5,-1.5,-,a4Pi
final,16201.562943,5.5,52,3,0,-1,1.5,0.5,-0.5,-,a4Pi
final,16210.087111,5.5,53,1,24,-1,0.5,-0.5,-1.5,-,X2Pi
final,16302.212101,5.5,54,3,0,-1,1.5,1.5,0.5,-,a4Pi
final,16447.965741,5.5,55,3,1,-1,1.5,-1.5,-2.5,-,a4Pi
final,16486.108678,5.5,56,1,25,-1,0.5,0.5,-0.5,-,X2Pi
final,16550.423928,5.5,57,3,1,-1,1.5,-0.5,-1.5,-,a4Pi
final,16652.025087,5.5,58,3,1,-1,1.5,0.5,-0.5,-,a4Pi
final,16752.758191,5.5,59,3,1,-1,1.5,1.5,0.5,-,a4Pi
final,16789.113354,5.5,60,1,25,-1,0.5,-0.5,-1.5,-,X2Pi
final,16892.731884,5.5,61,3,2,-1,1.5,-1.5,-2.5,-,a4Pi
final,16995.256757,5.5,62,3,2,-1,1.5,-0.5,-1.5,-,a4Pi
final,17059.725789,5.5,63,1,26,-1,0.5,0.5,-0.5,-,X2Pi
final,17096.930851,5.5,64,3,2,-1,1.5,0.5,-0.5,-,a4Pi
final,17197.743314,5.5,65,3,2,-1,1.5,1.5,0.5,-,a4Pi
final,17331.867615,5.5,66,3,3,-1,1.5,-1.5,-2.5,-,a4Pi
final,17361.119821,5.5,67,1,26,-1,0.5,-0.5,-1.5,-,X2Pi
final,17434.453718,5.5,68,3,3,-1,1.5,-0.5,-1.5,-,a4Pi
final,17536.195374,5.5,69,3,3,-1,1.5,0.5,-0.5,-,a4Pi
final,17626.3608,5.5,70,1,27,-1,0.5,0.5,-0.5,-,X2Pi
final,17637.081905,5.5,71,3,3,-1,1.5,1.5,0.5,-,a4Pi
final,17765.283,5.5,72,3,4,-1,1.5,-1.5,-2.5,-,a4Pi
final,17867.924015,5.5,73,3,4,-1,1.5,-0.5,-1.5,-,a4Pi
final,17926.056523,5.5,74,1,27,-1,0.5,-0.5,-1.5,-,X2Pi
final,17969.727005,5.5,75,3,4,-1,1.5,0.5,-0.5,-,a4Pi
final,18070.681468,5.5,76,3,4,-1,1.5,1.5,0.5,-,a4Pi
final,18185.96406,5.5,77,1,28,-1,0.5,0.5,-0.5,-,X2Pi
final,18192.881031,5.5,78,3,5,-1,1.5,-1.5,-2.5,-,a4Pi
final,18295.569603,5.5,79,3,5,-1,1.5,-0.5,-1.5,-,a4Pi
final,18397.426668,5.5,80,3,5,-1,1.5,0.5,-0.5,-,a4Pi
final,18483.873285,5.5,81,1,28,-1,0.5,-0.5,-1.5,-,X2Pi
final,18498.441903,5.5,82,3,5,-1,1.5,1.5,0.5,-,a4Pi
final,18614.55654,5.5,83,3,6,-1,1.5,-1.5,-2.5,-,a4Pi
final,18717.284171,5.5,84,3,6,-1,1.5,-0.5,-1.5,-,a4Pi
final,18738.485257,5.5,85,1,29,-1,0.5,0.5,-0.5,-,X2Pi
final,18819.186918,5.5,86,3,6,-1,1.5,0.5,-0.5,-,a4Pi
final,18920.25464,5.5,87,3,6,-1,1.5,1.5,0.5,-,a4Pi
final,19030.195257,5.5,88,3,7,-1,1.5,-1.5,-2.5,-,a4Pi
final,19034.519738,5.5,89,1,29,-1,0.5,-0.5,-1.5,-,X2Pi
final,19132.95207,5.5,90,3,7,-1,1.5,-0.5,-1.5,-,a4Pi
final,19234.890736,5.5,91,3,7,-1,1.5,0.5,-0.5,-,a4Pi
final,19283.87338,5.5,92,1,30,-1,0.5,0.5,-0.5,-,X2Pi
final,19336.001299,5.5,93,3,7,-1,1.5,1.5,0.5,-,a4Pi
final,19439.672733,5.5,94,3,8,-1,1.5,-1.5,-2.5,-,a4Pi
final,19542.447261,5.5,95,3,8,-1,1.5,-0.5,-1.5,-,a4Pi
final,19577.94535,5.5,96,1,30,-1,0.5,-0.5,-1.5,-,X2Pi
final,19644.410502,5.5,97,3,8,-1,1.5,0.5,-0.5,-,a4Pi
final,19745.552687,5.5,98,3,8,-1,1.5,1.5,0.5,-,a4Pi
final,19822.076719,5.5,99,1,31,-1,0.5,0.5,-0.5,-,X2Pi
final,19842.853205,5.5,100,3,9,-1,1.5,-1.5,-2.5,-,a4Pi
final,19945.632129,5.5,101,3,9,-1,1.5,-0.5,-1.5,-,a4Pi
final,20047.606754,5.5,102,3,9,-1,1.5,0.5,-0.5,-,a4Pi
final,20114.099435,5.5,103,1,31,-1,0.5,-0.5,-1.5,-,X2Pi
final,20148.767505,5.5,104,3,9,-1,1.5,1.5,0.5,-,a4Pi
final,20239.58799,5.5,105,3,10,-1,1.5,-1.5,-2.5,-,a4Pi
final,20342.355853,5.5,106,3,10,-1,1.5,-0.5,-1.5,-,a4Pi
final,20353.042853,5.5,107,1,32,-1,0.5,0.5,-0.5,-,X2Pi
final,20444.326543,5.5,108,3,10,-1,1.5,0.5,-0.5,-,a4Pi
final,20545.490684,5.5,109,3,10,-1,1.5,1.5,0.5,-,a4Pi
final,20629.713883,5.5,110,3,11,-1,1.5,-1.5,-2.5,-,a4Pi
final,20642.931155,5.5,111,1,32,-1,0.5,-0.5,-1.5,-,X2Pi
final,20732.452702,5.5,112,3,11,-1,1.5,-0.5,-1.5,-,a4Pi
final,20834.401618,5.5,113,3,11,-1,1.5,0.5,-0.5,-,a4Pi
final,20876.718652,5.5,114,1,33,-1,0.5,0.5,-0.5,-,X2Pi
final,20935.551458,5.5,115,3,11,-1,1.5,1.5,0.5,-,a4Pi
final,21013.051263,5.5,116,3,12,-1,1.5,-1.5,-2.5,-,a4Pi
final,21115.740034,5.5,117,3,12,-1,1.5,-0.5,-1.5,-,a4Pi
final,21164.389522,5.5,118,1,33,-1,0.5,-0.5,-1.5,-,X2Pi
final,21217.646314,5.5,119,3,12,-1,1.5,0.5,-0.5,-,a4Pi
final,21318.761148,5.5,120,3,12,-1,1.5,1.5,0.5,-,a4Pi
final,21389.401872,5.5,121,3,13,-1,1.5,-1.5,-2.5,-,a4Pi
final,21393.050283,5.5,122,1,34,-1,0.5,0.5,-0.5,-,X2Pi
final,21492.016054,5.5,123,3,13,-1,1.5,-0.5,-1.5,-,a4Pi
final,21593.855305,5.5,124,3,13,-1,1.5,0.5,-0.5,-,a4Pi
final,21678.423384,5.5,125,1,34,-1,0.5,-0.5,-1.5,-,X2Pi
final,21694.91089,5.5,126,3,13,-1,1.5,1.5,0.5,-,a4Pi
final,21758.546192,5.5,127,3,14,-1,1.5,-1.5,-2.5,-,a4Pi
final,21861.057097,5.5,128,3,14,-1,1.5,-0.5,-1.5,-,a4Pi
final,21901.983217,5.5,129,1,35,-1,0.5,0.5,-0.5,-,X2Pi
final,21962.800762,5.5,130,3,14,-1,1.5,0.5,-0.5,-,a4Pi
final,22063.768689,5.5,131,3,14,-1,1.5,1.5,0.5,-,a4Pi
final,22120.240539,5.5,132,3,15,-1,1.5,-1.5,-2.5,-,a4Pi
final,22184.981423,5.5,133,1,35,-1,0.5,-0.5,-1.5,-,X2Pi
final,22222.614492,5.5,134,3,15,-1,1.5,-0.5,-1.5,-,a4Pi
final,22324.229012,5.5,135,3,15,-1,1.5,0.5,-0.5,-,a4Pi
final,22403.462236,5.5,136,1,36,-1,0.5,0.5,-0.5,-,X2Pi
final,22425.075848,5.5,137,3,15,-1,1.5,1.5,0.5,-,a4Pi
final,22474.21346,5.5,138,3,16,-1,1.5,-1.5,-2.5,-,a4Pi
final,22576.410957,5.5,139,3,16,-1,1.5,-0.5,-1.5,-,a4Pi
final,22677.856902,5.5,140,3,16,-1,1.5,0.5,-0.5,-,a4Pi
final,22684.01214,5.5,141,1,36,-1,0.5,-0.5,-1.5,-,X2Pi
final,22778.543311,5.5,142,3,16,-1,1.5,1.5,0.5,-,a4Pi
final,22790.318267,5.5,143,2,0,-1,0.5,0.5,-0.5,-,B2Pi
final,22820.161895,5.5,144,3,17,-1,1.5,-1.5,-2.5,-,a4Pi
final,22883.258502,5.5,145,2,0,-1,0.5,-0.5,-1.5,-,B2Pi
final,22897.431457,5.5,146,1,37,-1,0.5,0.5,-0.5,-,X2Pi
final,22922.136428,5.5,147,3,17,-1,1.5,-0.5,-1.5,-,a4Pi
final,23023.367306,5.5,148,3,17,-1,1.5,0.5,-0.5,-,a4Pi
final,23123.846829,5.5,149,3,17,-1,1.5,1.5,0.5,-,a4Pi
final,23157.746497,5.5,150,3,18,-1,1.5,-1.5,-2.5,-,a4Pi
final,23175.463829,5.5,151,1,37,-1,0.5,-0.5,-1.5,-,X2Pi
final,23259.443135,5.5,152,3,18,-1,1.5,-0.5,-1.5,-,a4Pi
final,23296.397215,5.5,153,2,1,-1,0.5,0.5,-0.5,-,B2Pi
final,23360.403931,5.5,154,3,18,-1,1.5,0.5,-0.5,-,a4Pi
final,23383.834361,5.5,155,1,38,-1,0.5,0.5,-0.5,-,X2Pi
final,23391.19451,5.5,156,2,1,-1,0.5,-0.5,-1.5,-,B2Pi
final,23460.621489,5.5,157,3,18,-1,1.5,1.5,0.5,-,a4Pi
final,23486.58607,5.5,158,3,19,-1,1.5,-1.5,-2.5,-,a4Pi
final,23587.93976,5.5,159,3,19,-1,1.5,-0.5,-1.5,-,a4Pi
final,23659.284543,5.5,160,1,38,-1,0.5,-0.5,-1.5,-,X2Pi
final,23688.565186,5.5,161,3,19,-1,1.5,0.5,-0.5,-,a4Pi
final,23788.455279,5.5,162,3,19,-1,1.5,1.5,0.5,-,a4Pi
final,23798.937074,5.5,163,2,2,-1,0.5,0.5,-0.5,-,B2Pi
final,23806.251137,5.5,164,3,20,-1,1.5,-1.5,-2.5,-,a4Pi
final,23862.613833,5.5,165,1,39,-1,0.5,0.5,-0.5,-,X2Pi
final,23895.657668,5.5,166,2,2,-1,0.5,-0.5,-1.5,-,B2Pi
final,23907.184726,5.5,167,3,20,-1,1.5,-0.5,-1.5,-,a4Pi
final,24007.397167,5.5,168,3,20,-1,1.5,0.5,-0.5,-,a4Pi
final,24106.881741,5.5,169,3,20,-1,1.5,1.5,0.5,-,a4Pi
final,24116.256779,5.5,170,3,21,-1,1.5,-1.5,-2.5,-,a4Pi
final,24135.422052,5.5,171,1,39,-1,0.5,-0.5,-1.5,-,X2Pi
final,24216.678405,5.5,172,3,21,-1,1.5,-0.5,-1.5,-,a4Pi
final,24297.937824,5.5,173,2,3,-1,0.5,0.5,-0.5,-,B2Pi
final,24316.385199,5.5,174,3,21,-1,1.5,0.5,-0.5,-,a4Pi
final,24333.712182,5.5,175,1,40,-1,0.5,0.5,-0.5,-,X2Pi
final,24396.648004,5.5,176,2,3,-1,0.5,-0.5,-1.5,-,B2Pi
final,24415.370811,5.5,177,3,21,-1,1.5,1.5,0.5,-,a4Pi
final,24416.054074,5.5,178,3,22,-1,1.5,-1.5,-2.5,-,a4Pi
final,24515.854106,5.5,179,3,22,-1,1.5,-0.5,-1.5,-,a4Pi
final,24603.823826,5.5,180,1,40,-1,0.5,-0.5,-1.5,-,X2Pi
final,24614.944336,5.5,181,3,22,-1,1.5,0.5,-0.5,-,a4Pi
final,24705.02047,5.5,182,3,23,-1,1.5,-1.5,-2.5,-,a4Pi
final,24713.318786,5.5,183,3,22,-1,1.5,1.5,0.5,-,a4Pi
final,24793.399834,5.5,184,2,4,-1,0.5,0.5,-0.5,-,B2Pi
final,24797.071154,5.5,185,1,41,-1,0.5,0.5,-0.5,-,X2Pi
final,24804.067646,5.5,186,3,23,-1,1.5,-0.5,-1.5,-,a4Pi
final,24894.165147,5.5,187,2,4,-1,0.5,-0.5,-1.5,-,B2Pi
final,24902.408034,5.5,188,3,23,-1,1.5,0.5,-0.5,-,a4Pi
final,24982.44927,5.5,189,3,24,-1,1.5,-1.5,-2.5,-,a4Pi
final,25000.036018,5.5,190,3,23,-1,1.5,1.5,0.5,-,a4Pi
final,25064.43701,5.5,191,1,41,-1,0.5,-0.5,-1.5,-,X2Pi
final,25080.585858,5.5,192,3,24,-1,1.5,-0.5,-1.5,-,a4Pi
final,25178.01562,5.5,193,3,24,-1,1.5,0.5,-0.5,-,a4Pi
final,25247.537986,5.5,194,3,25,-1,1.5,-1.5,-2.5,-,a4Pi
final,25252.631997,5.5,195,1,42,-1,0.5,0.5,-0.5,-,X2Pi
final,25274.73324,5.5,196,3,24,-1,1.5,1.5,0.5,-,a4Pi
final,25285.32386,5.5,197,2,5,-1,0.5,0.5,-0.5,-,B2Pi
final,25344.574045,5.5,198,3,25,-1,1.5,-0.5,-1.5,-,a4Pi
final,25388.208384,5.5,199,2,5,-1,0.5,-0.5,-1.5,-,B2Pi
final,25440.898708,5.5,200,3,25,-1,1.5,0.5,-0.5,-,a4Pi
final,25499.376675,5.5,201,3,26,-1,1.5,-1.5,-2.5,-,a4Pi
final,25517.20836,5.5,202,1,42,-1,0.5,-0.5,-1.5,-,X2Pi
final,25536.506825,5.5,203,3,25,-1,1.5,1.5,0.5,-,a4Pi
final,25595.083277,5.5,204,3,26,-1,1.5,-0.5,-1.5,-,a4Pi
final,25690.067297,5.5,205,3,26,-1,1.5,0.5,-0.5,-,a4Pi
final,25700.33549,5.5,206,1,43,-1,0.5,0.5,-0.5,-,X2Pi
final,25736.938616,5.5,207,3,27,-1,1.5,-1.5,-2.5,-,a4Pi
final,25773.710643,5.5,208,2,6,-1,0.5,0.5,-0.5,-,B2Pi
final,25784.323465,5.5,209,3,26,-1,1.5,1.5,0.5,-,a4Pi
final,25831.039573,5.5,210,3,27,-1,1.5,-0.5,-1.5,-,a4Pi
final,25878.777001,5.5,211,2,6,-1,0.5,-0.5,-1.5,-,B2Pi
final,25924.397192,5.5,212,3,27,-1,1.5,0.5,-0.5,-,a4Pi
final,25959.075627,5.5,213,3,28,-1,1.5,-1.5,-2.5,-,a4Pi
final,25962.084215,5.5,214,1,43,-1,0.5,-0.5,-1.5,-,X2Pi
final,26017.005566,5.5,215,3,27,-1,1.5,1.5,0.5,-,a4Pi
final,26051.238417,5.5,216,3,28,-1,1.5,-0.5,-1.5,-,a4Pi
final,26140.121941,5.5,217,1,44,-1,0.5,0.5,-0.5,-,X2Pi
final,26142.623601,5.5,218,3,28,-1,1.5,0.5,-0.5,-,a4Pi
final,26164.52421,5.5,219,3,29,-1,1.5,-1.5,-2.5,-,a4Pi
final,26233.223728,5.5,220,3,28,-1,1.5,1.5,0.5,-,a4Pi
final,26254.351405,5.5,221,3,29,-1,1.5,-0.5,-1.5,-,a4Pi
final,26258.5613,5.5,222,2,7,-1,0.5,0.5,-0.5,-,B2Pi
final,26343.348069,5.5,223,3,29,-1,1.5,0.5,-0.5,-,a4Pi
final,26351.934742,5.5,224,3,30,-1,1.5,-1.5,-2.5,-,a4Pi
final,26365.869918,5.5,225,2,7,-1,0.5,-0.5,-1.5,-,B2Pi
final,26399.0105,5.5,226,1,44,-1,0.5,-0.5,-1.5,-,X2Pi
final,26431.503739,5.5,227,3,29,-1,1.5,1.5,0.5,-,a4Pi
final,26438.958438,5.5,228,3,30,-1,1.5,-0.5,-1.5,-,a4Pi
final,26519.941406,5.5,229,3,31,-1,1.5,-1.5,-2.5,-,a4Pi
final,26525.074149,5.5,230,3,30,-1,1.5,0.5,-0.5,-,a4Pi
final,26571.931241,5.5,231,1,45,-1,0.5,0.5,-0.5,-,X2Pi
final,26603.627815,5.5,232,3,31,-1,1.5,-0.5,-1.5,-,a4Pi
final,26610.266209,5.5,233,3,30,-1,1.5,1.5,0.5,-,a4Pi
final,26667.301676,5.5,234,3,32,-1,1.5,-1.5,-2.5,-,a4Pi
final,26686.299221,5.5,235,3,31,-1,1.5,0.5,-0.5,-,a4Pi
final,26739.877252,5.5,236,2,8,-1,0.5,0.5,-0.5,-,B2Pi
final,26747.078126,5.5,237,3,32,-1,1.5,-0.5,-1.5,-,a4Pi
final,26767.932056,5.5,238,3,31,-1,1.5,1.5,0.5,-,a4Pi
final,26793.140373,5.5,239,3,33,-1,1.5,-1.5,-2.5,-,a4Pi
final,26825.703551,5.5,240,3,32,-1,1.5,0.5,-0.5,-,a4Pi
final,26827.932664,5.5,241,1,45,-1,0.5,-0.5,-1.5,-,X2Pi
final,26849.485768,5.5,242,2,8,-1,0.5,-0.5,-1.5,-,B2Pi
final,26868.469083,5.5,243,3,33,-1,1.5,-0.5,-1.5,-,a4Pi
final,26897.508605,5.5,244,3,34,-1,1.5,-1.5,-2.5,-,a4Pi
final,26903.144732,5.5,245,3,32,-1,1.5,1.5,0.5,-,a4Pi
final,26942.502681,5.5,246,3,33,-1,1.5,0.5,-0.5,-,a4Pi
final,26968.216604,5.5,247,3,34,-1,1.5,-0.5,-1.5,-,a4Pi
final,26985.107462,5.5,248,3,35,-1,1.5,-1.5,-2.5,-,a4Pi
final,26995.702894,5.5,249,1,46,-1,0.5,0.5,-0.5,-,X2Pi
final,27015.207794,5.5,250,3,33,-1,1.5,1.5,0.5,-,a4Pi
final,27037.681198,5.5,251,3,34,-1,1.5,0.5,-0.5,-,a4Pi
final,27053.186373,5.5,252,3,35,-1,1.5,-0.5,-1.5,-,a4Pi
final,27072.233167,5.5,253,3,36,-1,1.5,-1.5,-2.5,-,a4Pi
final,27105.97992,5.5,254,3,34,-1,1.5,1.5,0.5,-,a4Pi
final,27120.759854,5.5,255,3,35,-1,1.5,0.5,-0.5,-,a4Pi
final,27141.33262,5.5,256,3,36,-1,1.5,-0.5,-1.5,-,a4Pi
final,27171.66977,5.5,257,3,37,-1,1.5,-1.5,-2.5,-,a4Pi
final,27187.976934,5.5,258,3,35,-1,1.5,1.5,0.5,-,a4Pi
final,27210.34416,5.5,259,3,36,-1,1.5,0.5,-0.5,-,a4Pi
final,27217.659958,5.5,260,2,9,-1,0.5,0.5,-0.5,-,B2Pi
final,27242.612434,5.5,261,3,37,-1,1.5,-0.5,-1.5,-,a4Pi
final,27248.795654,5.5,262,1,46,-1,0.5,-0.5,-1.5,-,X2Pi
final,27279.266175,5.5,263,3,36,-1,1.5,1.5,0.5,-,a4Pi
final,27283.848809,5.5,264,3,38,-1,1.5,-1.5,-2.5,-,a4Pi
final,27313.407351,5.5,265,3,37,-1,1.5,0.5,-0.5,-,a4Pi
final,27329.623143,5.5,266,2,9,-1,0.5,-0.5,-1.5,-,B2Pi
final,27356.262931,5.5,267,3,38,-1,1.5,-0.5,-1.5,-,a4Pi
final,27384.030979,5.5,268,3,37,-1,1.5,1.5,0.5,-,a4Pi
final,27406.848322,5.5,269,3,39,-1,1.5,-1.5,-2.5,-,a4Pi
final,27411.376045,5.5,270,1,47,-1,0.5,0.5,-0.5,-,X2Pi
final,27428.448548,5.5,271,3,38,-1,1.5,0.5,-0.5,-,a4Pi
final,27480.420076,5.5,272,3,39,-1,1.5,-0.5,-1.5,-,a4Pi
final,27500.387421,5.5,273,3,38,-1,1.5,1.5,0.5,-,a4Pi
final,27539.274646,5.5,274,3,40,-1,1.5,-1.5,-2.5,-,a4Pi
final,27553.707606,5.5,275,3,39,-1,1.5,0.5,-0.5,-,a4Pi
final,27613.794281,5.5,276,3,40,-1,1.5,-0.5,-1.5,-,a4Pi
final,27626.696624,5.5,277,3,39,-1,1.5,1.5,0.5,-,a4Pi
final,27661.543896,5.5,278,1,47,-1,0.5,-0.5,-1.5,-,X2Pi
final,27680.164009,5.5,279,3,41,-1,1.5,-1.5,-2.5,-,a4Pi
final,27687.989871,5.5,280,3,40,-1,1.5,0.5,-0.5,-,a4Pi
final,27691.911184,5.5,281,2,10,-1,0.5,0.5,-0.5,-,B2Pi
final,27755.484098,5.5,282,3,41,-1,1.5,-0.5,-1.5,-,a4Pi
final,27761.849488,5.5,283,3,40,-1,1.5,1.5,0.5,-,a4Pi
final,27806.280333,5.5,284,2,10,-1,0.5,-0.5,-1.5,-,B2Pi
final,27818.889481,5.5,285,1,48,-1,0.5,0.5,-0.5,-,X2Pi
final,27828.812001,5.5,286,3,42,-1,1.5,-1.5,-2.5,-,a4Pi
final,27830.450079,5.5,287,3,41,-1,1.5,0.5,-0.5,-,a4Pi
final,27904.823658,5.5,288,3,42,-1,1.5,-0.5,-1.5,-,a4Pi
final,27905.051507,5.5,289,3,41,-1,1.5,1.5,0.5,-,a4Pi
final,27980.457379,5.5,290,3,42,-1,1.5,0.5,-0.5,-,a4Pi
final,27984.677419,5.5,291,3,43,-1,1.5,-1.5,-2.5,-,a4Pi
final,28055.703695,5.5,292,3,42,-1,1.5,1.5,0.5,-,a4Pi
final,28061.296473,5.5,293,3,43,-1,1.5,-0.5,-1.5,-,a4Pi
final,28066.12129,5.5,294,1,48,-1,0.5,-0.5,-1.5,-,X2Pi
final,28137.518041,5.5,295,3,43,-1,1.5,0.5,-0.5,-,a4Pi
final,28147.327956,5.5,296,3,44,-1,1.5,-1.5,-2.5,-,a4Pi
final,28162.632839,5.5,297,2,11,-1,0.5,0.5,-0.5,-,B2Pi
final,28213.333337,5.5,298,3,43,-1,1.5,1.5,0.5,-,a4Pi
final,28218.181666,5.5,299,1,49,-1,0.5,0.5,-0.5,-,X2Pi
final,28224.48752,5.5,300,3,44,-1,1.5,-0.5,-1.5,-,a4Pi
final,28279.455483,5.5,301,2,11,-1,0.5,-0.5,-1.5,-,B2Pi
final,28301.233168,5.5,302,3,44,-1,1.5,0.5,-0.5,-,a4Pi
final,28316.410086,5.5,303,3,45,-1,1.5,-1.5,-2.5,-,a4Pi
final,28377.556599,5.5,304,3,44,-1,1.5,1.5,0.5,-,a4Pi
final,28394.055673,5.5,305,3,45,-1,1.5,-0.5,-1.5,-,a4Pi
final,28462.471174,5.5,306,1,49,-1,0.5,-0.5,-1.5,-,X2Pi
final,28471.273189,5.5,307,3,45,-1,1.5,0.5,-0.5,-,a4Pi
final,28491.627071,5.5,308,3,46,-1,1.5,-1.5,-2.5,-,a4Pi
final,28548.054696,5.5,309,3,45,-1,1.5,1.5,0.5,-,a4Pi
final,28569.713333,5.5,310,3,46,-1,1.5,-0.5,-1.5,-,a4Pi
final,28609.19077,5.5,311,1,50,-1,0.5,0.5,-0.5,-,X2Pi
final,28629.82695,5.5,312,2,12,-1,0.5,0.5,-0.5,-,B2Pi
final,28647.359151,5.5,313,3,46,-1,1.5,0.5,-0.5,-,a4Pi
final,28672.725929,5.5,314,3,47,-1,1.5,-1.5,-2.5,-,a4Pi
final,28724.556857,5.5,315,3,46,-1,1.5,1.5,0.5,-,a4Pi
final,28749.146644,5.5,316,2,12,-1,0.5,-0.5,-1.5,-,B2Pi
final,28751.214637,5.5,317,3,47,-1,1.5,-0.5,-1.5,-,a4Pi
final,28829.251938,5.5,318,3,47,-1,1.5,0.5,-0.5,-,a4Pi
final,28850.536315,5.5,319,1,50,-1,0.5,-0.5,-1.5,-,X2Pi
final,28859.488197,5.5,320,3,48,-1,1.5,-1.5,-2.5,-,a4Pi
final,28906.830377,5.5,321,3,47,-1,1.5,1.5,0.5,-,a4Pi
final,28938.34666,5.5,322,3,48,-1,1.5,-0.5,-1.5,-,a4Pi
final,28991.854649,5.5,323,1,51,-1,0.5,0.5,-0.5,-,X2Pi
final,29016.743872,5.5,324,3,48,-1,1.5,0.5,-0.5,-,a4Pi
final,29051.722522,5.5,325,3,49,-1,1.5,-1.5,-2.5,-,a4Pi
final,29093.495682,5.5,326,2,13,-1,0.5,0.5,-0.5,-,B2Pi
final,29094.672542,5.5,327,3,48,-1,1.5,1.5,0.5,-,a4Pi
final,29130.92247,5.5,328,3,49,-1,1.5,-0.5,-1.5,-,a4Pi
final,29209.652256,5.5,329,3,49,-1,1.5,0.5,-0.5,-,a4Pi
final,29215.351707,5.5,330,2,13,-1,0.5,-0.5,-1.5,-,B2Pi
final,29230.258922,5.5,331,1,51,-1,0.5,-0.5,-1.5,-,X2Pi
final,29249.25982,5.5,332,3,50,-1,1.5,-1.5,-2.5,-,a4Pi
final,29287.904715,5.5,333,3,49,-1,1.5,1.5,0.5,-,a4Pi
final,29328.776574,5.5,334,3,50,-1,1.5,-0.5,-1.5,-,a4Pi
final,29366.110902,5.5,335,1,52,-1,0.5,0.5,-0.5,-,X2Pi
final,29407.815033,5.5,336,3,50,-1,1.5,0.5,-0.5,-,a4Pi
final,29451.949457,5.5,337,3,51,-1,1.5,-1.5,-2.5,-,a4Pi
final,29486.368134,5.5,338,3,50,-1,1.5,1.5,0.5,-,a4Pi
final,29531.761335,5.5,339,3,51,-1,1.5,-0.5,-1.5,-,a4Pi
final,29553.641212,5.5,340,2,14,-1,0.5,0.5,-0.5,-,B2Pi
final,29601.580603,5.5,341,1,52,-1,0.5,-0.5,-1.5,-,X2Pi
final,29611.087427,5.5,342,3,51,-1,1.5,0.5,-0.5,-,a4Pi
final,29659.656093,5.5,343,3,52,-1,1.5,-1.5,-2.5,-,a4Pi
final,29678.068542,5.5,344,2,14,-1,0.5,-0.5,-1.5,-,B2Pi
final,29689.92075,5.5,345,3,51,-1,1.5,1.5,0.5,-,a4Pi
final,29731.896844,5.5,346,1,53,-1,0.5,0.5,-0.5,-,X2Pi
final,29739.743847,5.5,347,3,52,-1,1.5,-0.5,-1.5,-,a4Pi
final,29819.338912,5.5,348,3,52,-1,1.5,0.5,-0.5,-,a4Pi
final,29872.257458,5.5,349,3,53,-1,1.5,-1.5,-2.5,-,a4Pi
final,29898.434353,5.5,350,3,52,-1,1.5,1.5,0.5,-,a4Pi
final,29952.603918,5.5,351,3,53,-1,1.5,-0.5,-1.5,-,a4Pi
final,29964.442404,5.5,352,1,53,-1,0.5,-0.5,-1.5,-,X2Pi
final,30010.265754,5.5,353,2,15,-1,0.5,0.5,-0.5,-,B2Pi
final,30032.451294,5.5,354,3,53,-1,1.5,0.5,-0.5,-,a4Pi
final,30089.149548,5.5,355,1,54,-1,0.5,0.5,-0.5,-,X2Pi
final,30089.642421,5.5,356,3,54,-1,1.5,-1.5,-2.5,-,a4Pi
final,30111.792654,5.5,357,3,53,-1,1.5,1.5,0.5,-,a4Pi
final,30137.294998,5.5,358,2,15,-1,0.5,-0.5,-1.5,-,B2Pi
final,30170.232047,5.5,359,3,54,-1,1.5,-0.5,-1.5,-,a4Pi
final,30250.316897,5.5,360,3,54,-1,1.5,0.5,-0.5,-,a4Pi
final,30311.70968,5.5,361,3,55,-1,1.5,-1.5,-2.5,-,a4Pi
final,30318.784769,5.5,362,1,54,-1,0.5,-0.5,-1.5,-,X2Pi
final,30329.890067,5.5,363,3,54,-1,1.5,1.5,0.5,-,a4Pi
final,30392.528289,5.5,364,3,55,-1,1.5,-0.5,-1.5,-,a4Pi
final,30437.805835,5.5,365,1,55,-1,0.5,0.5,-0.5,-,X2Pi
final,30463.371511,5.5,366,2,16,-1,0.5,0.5,-0.5,-,B2Pi
final,30472.836932,5.5,367,3,55,-1,1.5,0.5,-0.5,-,a4Pi
final,30538.380721,5.5,368,3,56,-1,1.5,-1.5,-2.5,-,a4Pi
final,30552.628396,5.5,369,3,55,-1,1.5,1.5,0.5,-,a4Pi
final,30593.028915,5.5,370,2,16,-1,0.5,-0.5,-1.5,-,B2Pi
final,30619.402969,5.5,371,3,56,-1,1.5,-0.5,-1.5,-,a4Pi
final,30664.547575,5.5,372,1,55,-1,0.5,-0.5,-1.5,-,X2Pi
final,30699.920877,5.5,373,3,56,-1,1.5,0.5,-0.5,-,a4Pi
final,30769.550886,5.5,374,3,57,-1,1.5,-1.5,-2.5,-,a4Pi
final,30777.802293,5.5,375,1,56,-1,0.5,0.5,-0.5,-,X2Pi
final,30779.922148,5.5,376,3,56,-1,1.5,1.5,0.5,-,a4Pi
final,30850.773114,5.5,377,3,57,-1,1.5,-0.5,-1.5,-,a4Pi
final,30912.960587,5.5,378,2,17,-1,0.5,0.5,-0.5,-,B2Pi
final,30931.486348,5.5,379,3,57,-1,1.5,0.5,-0.5,-,a4Pi
final,31001.67012,5.5,380,1,56,-1,0.5,-0.5,-1.5,-,X2Pi
final,31006.732421,5.5,381,3,58,-1,1.5,-1.5,-2.5,-,a4Pi
final,31011.742279,5.5,382,3,57,-1,1.5,1.5,0.5,-,a4Pi
final,31045.268226,5.5,383,2,17,-1,0.5,-0.5,-1.5,-,B2Pi
final,31086.664243,5.5,384,3,58,-1,1.5,-0.5,-1.5,-,a4Pi
final,31109.075283,5.5,385,1,57,-1,0.5,0.5,-0.5,-,X2Pi
final,31167.76678,5.5,386,3,58,-1,1.5,0.5,-0.5,-,a4Pi
final,31249.919893,5.5,387,3,58,-1,1.5,1.5,0.5,-,a4Pi
final,31330.091136,5.5,388,1,57,-1,0.5,-0.5,-1.5,-,X2Pi
final,31359.035125,5.5,389,2,18,-1,0.5,0.5,-0.5,-,B2Pi
final,31431.560953,5.5,390,1,58,-1,0.5,0.5,-0.5,-,X2Pi
final,31494.010828,5.5,391,2,18,-1,0.5,-0.5,-1.5,-,B2Pi
final,31649.748799,5.5,392,1,58,-1,0.5,-0.5,-1.5,-,X2Pi
final,31745.195243,5.5,393,1,59,-1,0.5,0.5,-0.5,-,X2Pi
final,31801.597257,5.5,394,2,19,-1,0.5,0.5,-0.5,-,B2Pi
final,31939.254638,5.5,395,2,19,-1,0.5,-0.5,-1.5,-,B2Pi
final,31960.580744,5.5,396,1,59,-1,0.5,-0.5,-1.5,-,X2Pi
final,32049.913902,5.5,397,1,60,-1,0.5,0.5,-0.5,-,X2Pi
final,32240.649019,5.5,398,2,20,-1,0.5,0.5,-0.5,-,B2Pi
final,32262.524074,5.5,399,1,60,-1,0.5,-0.5,-1.5,-,X2Pi
final,32345.652497,5.5,400,1,61,-1,0.5,0.5,-0.5,-,X2Pi
final,32380.997643,5.5,401,2,20,-1,0.5,-0.5,-1.5,-,B2Pi
final,32555.515386,5.5,402,1,61,-1,0.5,-0.5,-1.5,-,X2Pi
final,32632.346427,5.5,403,1,62,-1,0.5,0.5,-0.5,-,X2Pi
final,32676.192229,5.5,404,2,21,-1,0.5,0.5,-0.5,-,B2Pi
final,32819.237994,5.5,405,2,21,-1,0.5,-0.5,-1.5,-,B2Pi
final,32839.490782,5.5,406,1,62,-1,0.5,-0.5,-1.5,-,X2Pi
final,32909.930944,5.5,407,1,63,-1,0.5,0.5,-0.5,-,X2Pi
final,33108.228493,5.5,408,2,22,-1,0.5,0.5,-0.5,-,B2Pi
final,33114.385897,5.5,409,1,63,-1,0.5,-0.5,-1.5,-,X2Pi
final,33178.341163,5.5,410,1,64,-1,0.5,0.5,-0.5,-,X2Pi
final,33253.974095,5.5,411,2,22,-1,0.5,-0.5,-1.5,-,B2Pi
final,33380.135937,5.5,412,1,64,-1,0.5,-0.5,-1.5,-,X2Pi
final,33437.512032,5.5,413,1,65,-1,0.5,0.5,-0.5,-,X2Pi
final,33536.759456,5.5,414,2,23,-1,0.5,0.5,-0.5,-,B2Pi
final,33636.675756,5.5,415,1,65,-1,0.5,-0.5,-1.5,-,X2Pi
final,33685.204349,5.5,416,2,23,-1,0.5,-0.5,-1.5,-,B2Pi
final,33687.378385,5.5,417,1,66,-1,0.5,0.5,-0.5,-,X2Pi
final,33883.939836,5.5,418,1,66,-1,0.5,-0.5,-1.5,-,X2Pi
final,33927.87505,5.5,419,1,67,-1,0.5,0.5,-0.5,-,X2Pi
final,33961.786645,5.5,420,2,24,-1,0.5,0.5,-0.5,-,B2Pi
final,34112.927193,5.5,421,2,24,-1,0.5,-0.5,-1.5,-,B2Pi
final,34121.862254,5.5,422,1,67,-1,0.5,-0.5,-1.5,-,X2Pi
final,34158.936806,5.5,423,1,68,-1,0.5,0.5,-0.5,-,X2Pi
final,34350.376847,5.5,424,1,68,-1,0.5,-0.5,-1.5,-,X2Pi
final,34380.498345,5.5,425,1,69,-1,0.5,0.5,-0.5,-,X2Pi
final,34383.311335,5.5,426,2,25,-1,0.5,0.5,-0.5,-,B2Pi
final,34537.141323,5.5,427,2,25,-1,0.5,-0.5,-1.5,-,B2Pi
final,34569.417263,5.5,428,1,69,-1,0.5,-0.5,-1.5,-,X2Pi
final,34592.494467,5.5,429,1,70,-1,0.5,0.5,-0.5,-,X2Pi
final,34778.916867,5.5,430,1,70,-1,0.5,-0.5,-1.5,-,X2Pi
final,34794.860108,5.5,431,1,71,-1,0.5,0.5,-0.5,-,X2Pi
final,34801.334752,5.5,432,2,26,-1,0.5,0.5,-0.5,-,B2Pi
final,34957.845533,5.5,433,2,26,-1,0.5,-0.5,-1.5,-,B2Pi
final,34978.80871,5.5,434,1,71,-1,0.5,-0.5,-1.5,-,X2Pi
final,34987.530747,5.5,435,1,72,-1,0.5,0.5,-0.5,-,X2Pi
final,35169.018643,5.5,436,1,72,-1,0.5,-0.5,-1.5,-,X2Pi
final,35170.449689,5.5,437,1,73,-1,0.5,0.5,-0.5,-,X2Pi
final,35215.858051,5.5,438,2,27,-1,0.5,0.5,-0.5,-,B2Pi
final,35343.528511,5.5,439,1,74,-1,0.5,0.5,-0.5,-,X2Pi
final,35349.510631,5.5,440,1,73,-1,0.5,-0.5,-1.5,-,X2Pi
final,35375.038665,5.5,441,2,27,-1,0.5,-0.5,-1.5,-,B2Pi
final,35506.826813,5.5,442,1,75,-1,0.5,0.5,-0.5,-,X2Pi
final,35520.193242,5.5,443,1,74,-1,0.5,-0.5,-1.5,-,X2Pi
final,35626.882261,5.5,444,2,28,-1,0.5,0.5,-0.5,-,B2Pi
final,35661.078271,5.5,445,1,76,-1,0.5,0.5,-0.5,-,X2Pi
final,35681.167467,5.5,446,1,75,-1,0.5,-0.5,-1.5,-,X2Pi
final,35788.719652,5.5,447,2,28,-1,0.5,-0.5,-1.5,-,B2Pi
final,35810.114922,5.5,448,1,77,-1,0.5,0.5,-0.5,-,X2Pi
final,35833.59401,5.5,449,1,76,-1,0.5,-0.5,-1.5,-,X2Pi
final,35962.127448,5.5,450,1,78,-1,0.5,0.5,-0.5,-,X2Pi
final,35982.358854,5.5,451,1,77,-1,0.5,-0.5,-1.5,-,X2Pi
final,36034.408288,5.5,452,2,29,-1,0.5,0.5,-0.5,-,B2Pi
final,36123.992407,5.5,453,1,79,-1,0.5,0.5,-0.5,-,X2Pi
final,36136.006833,5.5,454,1,78,-1,0.5,-0.5,-1.5,-,X2Pi
final,36198.887577,5.5,455,2,29,-1,0.5,-0.5,-1.5,-,B2Pi
final,36297.399557,5.5,456,1,80,-1,0.5,0.5,-0.5,-,X2Pi
final,36300.257373,5.5,457,1,79,-1,0.5,-0.5,-1.5,-,X2Pi
final,36438.436997,5.5,458,2,30,-1,0.5,0.5,-0.5,-,B2Pi
final,36475.889448,5.5,459,1,80,-1,0.5,-0.5,-1.5,-,X2Pi
final,36481.67613,5.5,460,1,81,-1,0.5,0.5,-0.5,-,X2Pi
final,36605.541572,5.5,461,2,30,-1,0.5,-0.5,-1.5,-,B2Pi
final,36662.101101,5.5,462,1,81,-1,0.5,-0.5,-1.5,-,X2Pi
final,36676.241649,5.5,463,1,82,-1,0.5,0.5,-0.5,-,X2Pi
