kind,energy,j,number,state,v,lambda,spin,sigma,omega,parity,name
vibrational,0,,,1,0,,,,,,X2Pi
vibrational,2731.949373,,,1,1,,,,,,X2Pi
vibrational,5337.965522,,,1,2,,,,,,X2Pi
vibrational,7818.960942,,,1,3,,,,,,X2Pi
vibrational,10176.798737,,,1,4,,,,,,X2Pi
vibrational,12411.085934,,,1,5,,,,,,X2Pi
vibrational,14518.920806,,,1,6,,,,,,X2Pi
vibrational,16495.516594,,,1,7,,,,,,X2Pi
vibrational,18334.942529,,,1,8,,,,,,X2Pi
vibrational,20030.743109,,,1,9,,,,,,X2Pi
vibrational,21576.402444,,,1,10,,,,,,X2Pi
vibrational,22965.683975,,,1,11,,,,,,X2Pi
vibrational,24192.879455,,,1,12,,,,,,X2Pi
vibrational,25252.98958,,,1,13,,,,,,X2Pi
vibrational,26141.849398,,,1,14,,,,,,X2Pi
vibrational,26856.207678,,,1,15,,,,,,X2Pi
vibrational,27393.770918,,,1,16,,,,,,X2Pi
vibrational,27753.231493,,,1,17,,,,,,X2Pi
vibrational,27934.347197,,,1,18,,,,,,X2Pi
vibrational,27973.176529,,,1,19,,,,,,X2Pi
vibrational,28010.705445,,,1,20,,,,,,X2Pi
vibrational,28065.011035,,,1,21,,,,,,X2Pi
vibrational,28133.814165,,,1,22,,,,,,X2Pi
vibrational,28215.862001,,,1,23,,,,,,X2Pi
vibrational,28310.313616,,,1,24,,,,,,X2Pi
vibrational,28416.547115,,,1,25,,,,,,X2Pi
vibrational,28534.075517,,,1,26,,,,,,X2Pi
vibrational,28662.502627,,,1,27,,,,,,X2Pi
vibrational,28801.497108,,,1,28,,,,,,X2Pi
vibrational,28950.77602,,,1,29,,,,,,X2Pi
vibrational,6083.370695,,,2,0,,,,,,a4Sigma-
vibrational,9042.635175,,,2,1,,,,,,a4Sigma-
vibrational,11851.245387,,,2,2,,,,,,a4Sigma-
vibrational,14508.375017,,,2,3,,,,,,a4Sigma-
vibrational,17000.216738,,,2,4,,,,,,a4Sigma-
vibrational,19304.339276,,,2,5,,,,,,a4Sigma-
vibrational,21393.876517,,,2,6,,,,,,a4Sigma-
vibrational,23240.33325,,,2,7,,,,,,a4Sigma-
vibrational,24815.510375,,,2,8,,,,,,a4Sigma-
vibrational,26093.19047,,,2,9,,,,,,a4Sigma-
vibrational,27050.844669,,,2,10,,,,,,a4Sigma-
vibrational,27671.318644,,,2,11,,,,,,a4Sigma-
vibrational,27944.467536,,,2,12,,,,,,a4Sigma-
vibrational,27969.728787,,,2,13,,,,,,a4Sigma-
vibrational,27997.75123,,,2,14,,,,,,a4Sigma-
vibrational,28038.726311,,,2,15,,,,,,a4Sigma-
vibrational,28091.614228,,,2,16,,,,,,a4Sigma-
vibrational,28155.80721,,,2,17,,,,,,a4Sigma-
vibrational,28230.844933,,,2,18,,,,,,a4Sigma-
vibrational,28316.356306,,,2,19,,,,,,a4Sigma-
vibrational,28412.034717,,,2,20,,,,,,a4Sigma-
vibrational,28517.622013,,,2,21,,,,,,a4Sigma-
vibrational,28632.897093,,,2,22,,,,,,a4Sigma-
vibrational,28757.667692,,,2,23,,,,,,a4Sigma-
vibrational,28891.764424,,,2,24,,,,,,a4Sigma-
vibrational,29035.036391,,,2,25,,,,,,a4Sigma-
vibrational,29187.347904,,,2,26,,,,,,a4Sigma-
vibrational,29348.575978,,,2,27,,,,,,a4Sigma-
vibrational,29518.608384,,,2,28,,,,,,a4Sigma-
vibrational,29697.342112,,,2,29,,,,,,a4Sigma-
vibrational,29884.682133,,,2,30,,,,,,a4Sigma-
vibrational,30080.540392,,,2,31,,,,,,a4Sigma-
vibrational,30284.834978,,,2,32,,,,,,a4Sigma-
vibrational,30497.489427,,,2,33,,,,,,a4Sigma-
vibrational,30718.432145,,,2,34,,,,,,a4Sigma-
vibrational,30947.595901,,,2,35,,,,,,a4Sigma-
vibrational,31184.91741,,,2,36,,,,,,a4Sigma-
vibrational,31430.33696,,,2,37,,,,,,a4Sigma-
vibrational,31683.798093,,,2,38,,,,,,a4Sigma-
vibrational,31945.247324,,,2,39,,,,,,a4Sigma-
vibrational,32214.633898,,,2,40,,,,,,a4Sigma-
vibrational,32491.909564,,,2,41,,,,,,a4Sigma-
vibrational,32777.028389,,,2,42,,,,,,a4Sigma-
vibrational,33069.946579,,,2,43,,,,,,a4Sigma-
vibrational,33370.622328,,,2,44,,,,,,a4Sigma-
vibrational,33679.015674,,,2,45,,,,,,a4Sigma-
vibrational,33995.088374,,,2,46,,,,,,a4Sigma-
vibrational,34318.803788,,,2,47,,,,,,a4Sigma-
vibrational,34650.126779,,,2,48,,,,,,a4Sigma-
vibrational,34989.023613,,,2,49,,,,,,a4Sigma-
vibrational,23261.523928,,,3,0,,,,,,A2Delta
vibrational,25996.477101,,,3,1,,,,,,A2Delta
vibrational,28537.777362,,,3,2,,,,,,A2Delta
vibrational,30864.839264,,,3,3,,,,,,A2Delta
vibrational,32948.245802,,,3,4,,,,,,A2Delta
vibrational,34749.016706,,,3,5,,,,,,A2Delta
vibrational,36216.519575,,,3,6,,,,,,A2Delta
vibrational,37284.621371,,,3,7,,,,,,A2Delta
vibrational,37866.360013,,,3,8,,,,,,A2Delta
vibrational,37948.888742,,,3,9,,,,,,A2Delta
vibrational,37968.231433,,,3,10,,,,,,A2Delta
vibrational,37999.481049,,,3,11,,,,,,A2Delta
vibrational,38041.876894,,,3,12,,,,,,A2Delta
vibrational,38094.864953,,,3,13,,,,,,A2Delta
vibrational,38158.041899,,,3,14,,,,,,A2Delta
vibrational,38231.09758,,,3,15,,,,,,A2Delta
vibrational,38313.781103,,,3,16,,,,,,A2Delta
vibrational,38405.882102,,,3,17,,,,,,A2Delta
vibrational,38507.21978,,,3,18,,,,,,A2Delta
vibrational,38617.635986,,,3,19,,,,,,A2Delta
vibrational,38736.990504,,,3,20,,,,,,A2Delta
vibrational,38865.157687,,,3,21,,,,,,A2Delta
vibrational,39002.023958,,,3,22,,,,,,A2Delta
vibrational,39147.485894,,,3,23,,,,,,A2Delta
vibrational,39301.448731,,,3,24,,,,,,A2Delta
vibrational,39463.82518,,,3,25,,,,,,A2Delta
vibrational,39634.53446,,,3,26,,,,,,A2Delta
vibrational,39813.501514,,,3,27,,,,,,A2Delta
vibrational,40000.656353,,,3,28,,,,,,A2Delta
vibrational,40195.933507,,,3,29,,,,,,A2Delta
vibrational,40399.271563,,,3,30,,,,,,A2Delta
vibrational,40610.612761,,,3,31,,,,,,A2Delta
vibrational,40829.902657,,,3,32,,,,,,A2Delta
vibrational,41057.089821,,,3,33,,,,,,A2Delta
vibrational,41292.125578,,,3,34,,,,,,A2Delta
vibrational,41534.963774,,,3,35,,,,,,A2Delta
vibrational,41785.560579,,,3,36,,,,,,A2Delta
vibrational,42043.874302,,,3,37,,,,,,A2Delta
vibrational,42309.86523,,,3,38,,,,,,A2Delta
vibrational,42583.495484,,,3,39,,,,,,A2Delta
vibrational,42864.728886,,,3,40,,,,,,A2Delta
vibrational,43153.530845,,,3,41,,,,,,A2Delta
vibrational,43449.868245,,,3,42,,,,,,A2Delta
vibrational,43753.709352,,,3,43,,,,,,A2Delta
vibrational,44065.023722,,,3,44,,,,,,A2Delta
vibrational,44383.78212,,,3,45,,,,,,A2Delta
vibrational,44709.956446,,,3,46,,,,,,A2Delta
vibrational,45043.519669,,,3,47,,,,,,A2Delta
vibrational,45384.445759,,,3,48,,,,,,A2Delta
vibrational,45732.709631,,,3,49,,,,,,A2Delta
vibrational,25684.076785,,,4,0,,,,,,B2Sigma-
vibrational,27478.464274,,,4,1,,,,,,B2Sigma-
vibrational,27904.755998,,,4,2,,,,,,B2Sigma-
vibrational,27954.761823,,,4,3,,,,,,B2Sigma-
vibrational,27983.934232,,,4,4,,,,,,B2Sigma-
vibrational,28025.228704,,,4,5,,,,,,B2Sigma-
vibrational,28078.865373,,,4,6,,,,,,B2Sigma-
vibrational,28143.523427,,,4,7,,,,,,B2Sigma-
vibrational,28218.432977,,,4,8,,,,,,B2Sigma-
vibrational,28303.020834,,,4,9,,,,,,B2Sigma-
vibrational,28396.778373,,,4,10,,,,,,B2Sigma-
vibrational,28499.116911,,,4,11,,,,,,B2Sigma-
vibrational,28608.61628,,,4,12,,,,,,B2Sigma-
vibrational,28697.621438,,,4,13,,,,,,B2Sigma-
vibrational,28740.518226,,,4,14,,,,,,B2Sigma-
vibrational,28860.291455,,,4,15,,,,,,B2Sigma-
vibrational,28992.785488,,,4,16,,,,,,B2Sigma-
vibrational,29131.518679,,,4,17,,,,,,B2Sigma-
vibrational,29274.551468,,,4,18,,,,,,B2Sigma-
vibrational,29420.094685,,,4,19,,,,,,B2Sigma-
vibrational,29567.723629,,,4,20,,,,,,B2Sigma-
vibrational,29720.151368,,,4,21,,,,,,B2Sigma-
vibrational,29881.362788,,,4,22,,,,,,B2Sigma-
vibrational,30052.95253,,,4,23,,,,,,B2Sigma-
vibrational,30234.261985,,,4,24,,,,,,B2Sigma-
vibrational,30424.147255,,,4,25,,,,,,B2Sigma-
vibrational,30621.768078,,,4,26,,,,,,B2Sigma-
vibrational,30826.685113,,,4,27,,,,,,B2Sigma-
vibrational,31038.77011,,,4,28,,,,,,B2Sigma-
vibrational,31258.079767,,,4,29,,,,,,B2Sigma-
vibrational,31484.733914,,,4,30,,,,,,B2Sigma-
vibrational,31718.827907,,,4,31,,,,,,B2Sigma-
vibrational,31960.395235,,,4,32,,,,,,B2Sigma-
vibrational,32209.412445,,,4,33,,,,,,B2Sigma-
vibrational,32465.824731,,,4,34,,,,,,B2Sigma-
vibrational,32729.572436,,,4,35,,,,,,B2Sigma-
vibrational,33000.607929,,,4,36,,,,,,B2Sigma-
vibrational,33278.90083,,,4,37,,,,,,B2Sigma-
vibrational,33564.434621,,,4,38,,,,,,B2Sigma-
vibrational,33857.199549,,,4,39,,,,,,B2Sigma-
vibrational,34157.186099,,,4,40,,,,,,B2Sigma-
vibrational,34464.381422,,,4,41,,,,,,B2Sigma-
vibrational,34778.768948,,,4,42,,,,,,B2Sigma-
vibrational,35100.330017,,,4,43,,,,,,B2Sigma-
vibrational,35429.045975,,,4,44,,,,,,B2Sigma-
vibrational,35764.899594,,,4,45,,,,,,B2Sigma-
vibrational,36107.875441,,,4,46,,,,,,B2Sigma-
vibrational,36457.959436,,,4,47,,,,,,B2Sigma-
vibrational,36815.138128,,,4,48,,,,,,B2Sigma-
vibrational,37179.398138,,,4,49,,,,,,B2Sigma-
vibrational,31763.079135,,,5,0,,,,,,C2Sigma+
vibrational,34374.631917,,,5,1,,,,,,C2Sigma+
vibrational,36744.369961,,,5,2,,,,,,C2Sigma+
vibrational,36986.101972,,,5,3,,,,,,C2Sigma+
vibrational,37060.613296,,,5,4,,,,,,C2Sigma+
vibrational,37140.745074,,,5,5,,,,,,C2Sigma+
vibrational,37227.720563,,,5,6,,,,,,C2Sigma+
vibrational,37321.707213,,,5,7,,,,,,C2Sigma+
vibrational,37422.629749,,,5,8,,,,,,C2Sigma+
vibrational,37530.344907,,,5,9,,,,,,C2Sigma+
vibrational,37644.697321,,,5,10,,,,,,C2Sigma+
vibrational,37765.54108,,,5,11,,,,,,C2Sigma+
vibrational,37892.748195,,,5,12,,,,,,C2Sigma+
vibrational,38026.210578,,,5,13,,,,,,C2Sigma+
vibrational,38165.837737,,,5,14,,,,,,C2Sigma+
vibrational,38311.550814,,,5,15,,,,,,C2Sigma+
vibrational,38463.272382,,,5,16,,,,,,C2Sigma+
vibrational,38620.906093,,,5,17,,,,,,C2Sigma+
vibrational,38765.985892,,,5,18,,,,,,C2Sigma+
vibrational,38784.663888,,,5,19,,,,,,C2Sigma+
vibrational,38953.50045,,,5,20,,,,,,C2Sigma+
vibrational,39127.872781,,,5,21,,,,,,C2Sigma+
vibrational,39306.987695,,,5,22,,,,,,C2Sigma+
vibrational,39489.695451,,,5,23,,,,,,C2Sigma+
vibrational,39673.509354,,,5,24,,,,,,C2Sigma+
vibrational,39853.149359,,,5,25,,,,,,C2Sigma+
vibrational,40022.753148,,,5,26,,,,,,C2Sigma+
vibrational,40191.841809,,,5,27,,,,,,C2Sigma+
vibrational,40378.311396,,,5,28,,,,,,C2Sigma+
vibrational,40582.335568,,,5,29,,,,,,C2Sigma+
vibrational,40798.341303,,,5,30,,,,,,C2Sigma+
vibrational,41023.302053,,,5,31,,,,,,C2Sigma+
vibrational,41256.016645,,,5,32,,,,,,C2Sigma+
vibrational,41496.105167,,,5,33,,,,,,C2Sigma+
vibrational,41743.534567,,,5,34,,,,,,C2Sigma+
vibrational,41998.390694,,,5,35,,,,,,C2Sigma+
vibrational,42260.765119,,,5,36,,,,,,C2Sigma+
vibrational,42530.708198,,,5,37,,,,,,C2Sigma+
vibrational,42808.221544,,,5,38,,,,,,C2Sigma+
vibrational,43093.269604,,,5,39,,,,,,C2Sigma+
vibrational,43385.796476,,,5,40,,,,,,C2Sigma+
vibrational,43685.7405,,,5,41,,,,,,C2Sigma+
vibrational,43993.043997,,,5,42,,,,,,C2Sigma+
vibrational,44307.658084,,,5,43,,,,,,C2Sigma+
vibrational,44629.543669,,,5,44,,,,,,C2Sigma+
vibrational,44958.670013,,,5,45,,,,,,C2Sigma+
vibrational,45295.012207,,,5,46,,,,,,C2Sigma+
vibrational,45638.54861,,,5,47,,,,,,C2Sigma+
vibrational,45989.258879,,,5,48,,,,,,C2Sigma+
vibrational,46347.122875,,,5,49,,,,,,C2Sigma+
final,0,0.5,1,1,0,1,0.5,-0.5,0.5,+,X2Pi
final,2731.706544,0.5,2,1,1,1,0.5,-0.5,0.5,+,X2Pi
final,5337.581892,0.5,3,1,2,1,0.5,-0.5,0.5,+,X2Pi
final,6127.137765,0.5,4,2,0,0,1.5,0.5,0.5,+,a4Sigma-
final,7818.495465,0.5,5,1,3,1,0.5,-0.5,0.5,+,X2Pi
final,9085.336773,0.5,6,2,1,0,1.5,0.5,0.5,+,a4Sigma-
final,10176.293622,0.5,7,1,4,1,0.5,-0.5,0.5,+,X2Pi
final,11892.808655,0.5,8,2,2,0,1.5,0.5,0.5,+,a4Sigma-
final,12410.578961,0.5,9,1,5,1,0.5,-0.5,0.5,+,X2Pi
final,14518.43032,0.5,10,1,6,1,0.5,-0.5,0.5,+,X2Pi
final,14548.747878,0.5,11,2,3,0,1.5,0.5,0.5,+,a4Sigma-
final,16495.05399,0.5,12,1,7,1,0.5,-0.5,0.5,+,X2Pi
final,17039.295415,0.5,13,2,4,0,1.5,0.5,0.5,+,a4Sigma-
final,18334.495248,0.5,14,1,8,1,0.5,-0.5,0.5,+,X2Pi
final,19341.972565,0.5,15,2,5,0,1.5,0.5,0.5,+,a4Sigma-
final,20030.32389,0.5,16,1,9,1,0.5,-0.5,0.5,+,X2Pi
final,21429.87397,0.5,17,2,6,0,1.5,0.5,0.5,+,a4Sigma-
final,21576.040268,0.5,18,1,10,1,0.5,-0.5,0.5,+,X2Pi
final,22965.424137,0.5,19,1,11,1,0.5,-0.5,0.5,+,X2Pi
final,23274.46167,0.5,20,2,7,0,1.5,0.5,0.5,+,a4Sigma-
final,24192.797366,0.5,21,1,12,1,0.5,-0.5,0.5,+,X2Pi
final,24847.488967,0.5,22,2,8,0,1.5,0.5,0.5,+,a4Sigma-
final,25253.189419,0.5,23,1,13,1,0.5,-0.5,0.5,+,X2Pi
final,25723.519579,0.5,24,4,0,0,0.5,0.5,0.5,+,B2Sigma-
final,26122.691088,0.5,25,2,9,0,1.5,0.5,0.5,+,a4Sigma-
final,26142.457352,0.5,26,1,14,1,0.5,-0.5,0.5,+,X2Pi
final,26857.346134,0.5,27,1,15,1,0.5,-0.5,0.5,+,X2Pi
final,27077.458483,0.5,28,2,10,0,1.5,0.5,0.5,+,a4Sigma-
final,27395.508329,0.5,29,1,16,1,0.5,-0.5,0.5,+,X2Pi
final,27515.05586,0.5,30,4,1,0,0.5,0.5,0.5,+,B2Sigma-
final,27694.457842,0.5,31,2,11,0,1.5,0.5,0.5,+,a4Sigma-
final,27755.470144,0.5,32,1,17,1,0.5,-0.5,0.5,+,X2Pi
final,27919.131458,0.5,33,4,2,0,0.5,0.5,0.5,+,B2Sigma-
final,27939.118527,0.5,34,1,18,1,0.5,-0.5,0.5,+,X2Pi
final,27962.791979,0.5,35,2,12,0,1.5,0.5,0.5,+,a4Sigma-
final,27963.579547,0.5,36,4,3,0,0.5,0.5,0.5,+,B2Sigma-
final,27981.655067,0.5,37,1,19,1,0.5,-0.5,0.5,+,X2Pi
final,27986.91545,0.5,38,2,13,0,1.5,0.5,0.5,+,a4Sigma-
final,28000.331694,0.5,39,4,4,0,0.5,0.5,0.5,+,B2Sigma-
final,28012.80919,0.5,40,2,14,0,1.5,0.5,0.5,+,a4Sigma-
final,28018.572065,0.5,41,1,20,1,0.5,-0.5,0.5,+,X2Pi
final,28043.493544,0.5,42,4,5,0,0.5,0.5,0.5,+,B2Sigma-
final,28054.970058,0.5,43,2,15,0,1.5,0.5,0.5,+,a4Sigma-
final,28068.626295,0.5,44,1,21,1,0.5,-0.5,0.5,+,X2Pi
final,28098.678028,0.5,45,4,6,0,0.5,0.5,0.5,+,B2Sigma-
final,28108.370652,0.5,46,2,16,0,1.5,0.5,0.5,+,a4Sigma-
final,28134.954472,0.5,47,1,22,1,0.5,-0.5,0.5,+,X2Pi
final,28164.677036,0.5,48,4,7,0,0.5,0.5,0.5,+,B2Sigma-
final,28172.929693,0.5,49,2,17,0,1.5,0.5,0.5,+,a4Sigma-
final,28214.705351,0.5,50,1,23,1,0.5,-0.5,0.5,+,X2Pi
final,28241.245089,0.5,51,4,8,0,0.5,0.5,0.5,+,B2Sigma-
final,28248.34984,0.5,52,2,18,0,1.5,0.5,0.5,+,a4Sigma-
final,28305.773933,0.5,53,1,24,1,0.5,-0.5,0.5,+,X2Pi
final,28328.546652,0.5,54,4,9,0,0.5,0.5,0.5,+,B2Sigma-
final,28334.468135,0.5,55,2,19,0,1.5,0.5,0.5,+,a4Sigma-
final,28405.667227,0.5,56,4,10,0,0.5,0.5,0.5,+,B2Sigma-
final,28426.792214,0.5,57,2,20,0,1.5,0.5,0.5,+,a4Sigma-
final,28432.018957,0.5,58,1,25,1,0.5,-0.5,0.5,+,X2Pi
final,28512.125372,0.5,59,4,11,0,0.5,0.5,0.5,+,B2Sigma-
final,28534.017162,0.5,60,2,21,0,1.5,0.5,0.5,+,a4Sigma-
final,28543.855512,0.5,61,1,26,1,0.5,-0.5,0.5,+,X2Pi
final,28624.26817,0.5,62,4,12,0,0.5,0.5,0.5,+,B2Sigma-
final,28649.85919,0.5,63,2,22,0,1.5,0.5,0.5,+,a4Sigma-
final,28669.236492,0.5,64,1,27,1,0.5,-0.5,0.5,+,X2Pi
final,28724.73091,0.5,65,4,13,0,0.5,0.5,0.5,+,B2Sigma-
final,28761.091959,0.5,66,4,14,0,0.5,0.5,0.5,+,B2Sigma-
final,28774.930073,0.5,67,2,23,0,1.5,0.5,0.5,+,a4Sigma-
final,28807.404511,0.5,68,1,28,1,0.5,-0.5,0.5,+,X2Pi
final,28878.19913,0.5,69,4,15,0,0.5,0.5,0.5,+,B2Sigma-
final,28909.211639,0.5,70,2,24,0,1.5,0.5,0.5,+,a4Sigma-
final,28955.065251,0.5,71,1,29,1,0.5,-0.5,0.5,+,X2Pi
final,29012.030487,0.5,72,4,16,0,0.5,0.5,0.5,+,B2Sigma-
final,29052.699894,0.5,73,2,25,0,1.5,0.5,0.5,+,a4Sigma-
final,29149.106106,0.5,74,4,17,0,0.5,0.5,0.5,+,B2Sigma-
final,29205.015796,0.5,75,2,26,0,1.5,0.5,0.5,+,a4Sigma-
final,29292.53427,0.5,76,4,18,0,0.5,0.5,0.5,+,B2Sigma-
final,29366.323259,0.5,77,2,27,0,1.5,0.5,0.5,+,a4Sigma-
final,29438.636989,0.5,78,4,19,0,0.5,0.5,0.5,+,B2Sigma-
final,29536.436619,0.5,79,2,28,0,1.5,0.5,0.5,+,a4Sigma-
final,29586.821762,0.5,80,4,20,0,0.5,0.5,0.5,+,B2Sigma-
final,29715.247211,0.5,81,2,29,0,1.5,0.5,0.5,+,a4Sigma-
final,29739.49466,0.5,82,4,21,0,0.5,0.5,0.5,+,B2Sigma-
final,29900.616887,0.5,83,4,22,0,0.5,0.5,0.5,+,B2Sigma-
final,29902.661817,0.5,84,2,30,0,1.5,0.5,0.5,+,a4Sigma-
final,30072.032735,0.5,85,4,23,0,0.5,0.5,0.5,+,B2Sigma-
final,30098.593252,0.5,86,2,31,0,1.5,0.5,0.5,+,a4Sigma-
final,30253.233019,0.5,87,4,24,0,0.5,0.5,0.5,+,B2Sigma-
final,30302.959545,0.5,88,2,32,0,1.5,0.5,0.5,+,a4Sigma-
final,30443.091304,0.5,89,4,25,0,0.5,0.5,0.5,+,B2Sigma-
final,30515.68372,0.5,90,2,33,0,1.5,0.5,0.5,+,a4Sigma-
final,30640.742348,0.5,91,4,26,0,0.5,0.5,0.5,+,B2Sigma-
final,30736.694158,0.5,92,2,34,0,1.5,0.5,0.5,+,a4Sigma-
final,30845.717612,0.5,93,4,27,0,0.5,0.5,0.5,+,B2Sigma-
final,30965.923922,0.5,94,2,35,0,1.5,0.5,0.5,+,a4Sigma-
final,31057.865738,0.5,95,4,28,0,0.5,0.5,0.5,+,B2Sigma-
final,31203.310048,0.5,96,2,36,0,1.5,0.5,0.5,+,a4Sigma-
final,31277.230431,0.5,97,4,29,0,0.5,0.5,0.5,+,B2Sigma-
final,31448.792979,0.5,98,2,37,0,1.5,0.5,0.5,+,a4Sigma-
final,31503.928206,0.5,99,4,30,0,0.5,0.5,0.5,+,B2Sigma-
final,31702.316284,0.5,100,2,38,0,1.5,0.5,0.5,+,a4Sigma-
final,31738.055821,0.5,101,4,31,0,0.5,0.5,0.5,+,B2Sigma-
final,31777.369464,0.5,102,5,0,0,0.5,0.5,0.5,+,C2Sigma+
final,31963.826474,0.5,103,2,39,0,1.5,0.5,0.5,+,a4Sigma-
final,31979.656584,0.5,104,4,32,0,0.5,0.5,0.5,+,B2Sigma-
final,32228.704892,0.5,105,4,33,0,0.5,0.5,0.5,+,B2Sigma-
final,32233.272887,0.5,106,2,40,0,1.5,0.5,0.5,+,a4Sigma-
final,32485.150523,0.5,107,4,34,0,0.5,0.5,0.5,+,B2Sigma-
final,32510.607271,0.5,108,2,41,0,1.5,0.5,0.5,+,a4Sigma-
final,32748.933778,0.5,109,4,35,0,0.5,0.5,0.5,+,B2Sigma-
final,32795.783913,0.5,110,2,42,0,1.5,0.5,0.5,+,a4Sigma-
final,33020.006123,0.5,111,4,36,0,0.5,0.5,0.5,+,B2Sigma-
final,33088.75913,0.5,112,2,43,0,1.5,0.5,0.5,+,a4Sigma-
final,33298.33607,0.5,113,4,37,0,0.5,0.5,0.5,+,B2Sigma-
final,33389.491247,0.5,114,2,44,0,1.5,0.5,0.5,+,a4Sigma-
final,33583.906328,0.5,115,4,38,0,0.5,0.5,0.5,+,B2Sigma-
final,33697.940549,0.5,116,2,45,0,1.5,0.5,0.5,+,a4Sigma-
final,33876.706835,0.5,117,4,39,0,0.5,0.5,0.5,+,B2Sigma-
final,34014.06926,0.5,118,2,46,0,1.5,0.5,0.5,+,a4Sigma-
final,34176.727939,0.5,119,4,40,0,0.5,0.5,0.5,+,B2Sigma-
final,34337.842064,0.5,120,2,47,0,1.5,0.5,0.5,+,a4Sigma-
final,34388.913403,0.5,121,5,1,0,0.5,0.5,0.5,+,C2Sigma+
final,34483.960179,0.5,122,4,41,0,0.5,0.5,0.5,+,B2Sigma-
final,34669.22743,0.5,123,2,48,0,1.5,0.5,0.5,+,a4Sigma-
final,34798.380917,0.5,124,4,42,0,0.5,0.5,0.5,+,B2Sigma-
final,35008.214988,0.5,125,2,49,0,1.5,0.5,0.5,+,a4Sigma-
final,35119.976352,0.5,126,4,43,0,0.5,0.5,0.5,+,B2Sigma-
final,35448.726923,0.5,127,4,44,0,0.5,0.5,0.5,+,B2Sigma-
final,35784.61549,0.5,128,4,45,0,0.5,0.5,0.5,+,B2Sigma-
final,36127.627227,0.5,129,4,46,0,0.5,0.5,0.5,+,B2Sigma-
final,36477.750006,0.5,130,4,47,0,0.5,0.5,0.5,+,B2Sigma-
final,36758.64292,0.5,131,5,2,0,0.5,0.5,0.5,+,C2Sigma+
final,36834.97977,0.5,132,4,48,0,0.5,0.5,0.5,+,B2Sigma-
final,37000.317668,0.5,133,5,3,0,0.5,0.5,0.5,+,C2Sigma+
final,37074.829356,0.5,134,5,4,0,0.5,0.5,0.5,+,C2Sigma+
final,37154.961305,0.5,135,5,5,0,0.5,0.5,0.5,+,C2Sigma+
final,37199.319554,0.5,136,4,49,0,0.5,0.5,0.5,+,B2Sigma-
final,37241.936873,0.5,137,5,6,0,0.5,0.5,0.5,+,C2Sigma+
final,37335.92355,0.5,138,5,7,0,0.5,0.5,0.5,+,C2Sigma+
final,37436.846074,0.5,139,5,8,0,0.5,0.5,0.5,+,C2Sigma+
final,37544.561194,0.5,140,5,9,0,0.5,0.5,0.5,+,C2Sigma+
final,37658.913547,0.5,141,5,10,0,0.5,0.5,0.5,+,C2Sigma+
final,37779.757228,0.5,142,5,11,0,0.5,0.5,0.5,+,C2Sigma+
final,37906.964234,0.5,143,5,12,0,0.5,0.5,0.5,+,C2Sigma+
final,38040.425964,0.5,144,5,13,0,0.5,0.5,0.5,+,C2Sigma+
final,38180.051186,0.5,145,5,14,0,0.5,0.5,0.5,+,C2Sigma+
final,38325.763972,0.5,146,5,15,0,0.5,0.5,0.5,+,C2Sigma+
final,38477.484879,0.5,147,5,16,0,0.5,0.5,0.5,+,C2Sigma+
final,38635.118554,0.5,148,5,17,0,0.5,0.5,0.5,+,C2Sigma+
final,38780.246805,0.5,149,5,18,0,0.5,0.5,0.5,+,C2Sigma+
final,38798.876753,0.5,150,5,19,0,0.5,0.5,0.5,+,C2Sigma+
final,38967.712372,0.5,151,5,20,0,0.5,0.5,0.5,+,C2Sigma+
final,39142.084599,0.5,152,5,21,0,0.5,0.5,0.5,+,C2Sigma+
final,39321.199266,0.5,153,5,22,0,0.5,0.5,0.5,+,C2Sigma+
final,39503.907079,0.5,154,5,23,0,0.5,0.5,0.5,+,C2Sigma+
final,39687.721399,0.5,155,5,24,0,0.5,0.5,0.5,+,C2Sigma+
final,39867.36294,0.5,156,5,25,0,0.5,0.5,0.5,+,C2Sigma+
final,40036.970361,0.5,157,5,26,0,0.5,0.5,0.5,+,C2Sigma+
final,40206.061015,0.5,158,5,27,0,0.5,0.5,0.5,+,C2Sigma+
final,40392.529765,0.5,159,5,28,0,0.5,0.5,0.5,+,C2Sigma+
final,40596.552979,0.5,160,5,29,0,0.5,0.5,0.5,+,C2Sigma+
final,40812.55821,0.5,161,5,30,0,0.5,0.5,0.5,+,C2Sigma+
final,41037.518899,0.5,162,5,31,0,0.5,0.5,0.5,+,C2Sigma+
final,41270.233677,0.5,163,5,32,0,0.5,0.5,0.5,+,C2Sigma+
final,41510.322402,0.5,164,5,33,0,0.5,0.5,0.5,+,C2Sigma+
final,41757.752023,0.5,165,5,34,0,0.5,0.5,0.5,+,C2Sigma+
final,42012.608423,0.5,166,5,35,0,0.5,0.5,0.5,+,C2Sigma+
final,42274.983073,0.5,167,5,36,0,0.5,0.5,0.5,+,C2Sigma+
final,42544.926283,0.5,168,5,37,0,0.5,0.5,0.5,+,C2Sigma+
final,42822.439744,0.5,169,5,38,0,0.5,0.5,0.5,+,C2Sigma+
final,43107.487966,0.5,170,5,39,0,0.5,0.5,0.5,+,C2Sigma+
final,43400.015,0.5,171,5,40,0,0.5,0.5,0.5,+,C2Sigma+
final,43699.959146,0.5,172,5,41,0,0.5,0.5,0.5,+,C2Sigma+
final,44007.262375,0.5,173,5,42,0,0.5,0.5,0.5,+,C2Sigma+
final,44321.869871,0.5,174,5,43,0,0.5,0.5,0.5,+,C2Sigma+
final,44643.750157,0.5,175,5,44,0,0.5,0.5,0.5,+,C2Sigma+
final,44972.875686,0.5,176,5,45,0,0.5,0.5,0.5,+,C2Sigma+
final,45309.217695,0.5,177,5,46,0,0.5,0.5,0.5,+,C2Sigma+
final,45652.753037,0.5,178,5,47,0,0.5,0.5,0.5,+,C2Sigma+
final,46003.463042,0.5,179,5,48,0,0.5,0.5,0.5,+,C2Sigma+
final,46361.326133,0.5,180,5,49,0,0.5,0.5,0.5,+,C2Sigma+
final,0.110631,0.5,1,1,0,-1,0.5,0.5,-0.5,-,X2Pi
final,2731.808838,0.5,2,1,1,-1,0.5,0.5,-0.5,-,X2Pi
final,5337.67635,0.5,3,1,2,-1,0.5,0.5,-0.5,-,X2Pi
final,6186.295283,0.5,4,2,0,0,1.5,-0.5,-0.5,-,a4Sigma-
final,7818.581924,0.5,5,1,3,-1,0.5,0.5,-0.5,-,X2Pi
final,9142.364646,0.5,6,2,1,0,1.5,-0.5,-0.5,-,a4Sigma-
final,10176.371739,0.5,7,1,4,-1,0.5,0.5,-0.5,-,X2Pi
final,11947.561547,0.5,8,2,2,0,1.5,-0.5,-0.5,-,a4Sigma-
final,12410.648141,0.5,9,1,5,-1,0.5,0.5,-0.5,-,X2Pi
final,14518.485827,0.5,10,1,6,-1,0.5,0.5,-0.5,-,X2Pi
final,14601.120583,0.5,11,2,3,0,1.5,-0.5,-0.5,-,a4Sigma-
final,16495.093561,0.5,12,1,7,-1,0.5,0.5,-0.5,-,X2Pi
final,17089.079758,0.5,13,2,4,0,1.5,-0.5,-0.5,-,a4Sigma-
final,18334.527744,0.5,14,1,8,-1,0.5,0.5,-0.5,-,X2Pi
final,19388.862969,0.5,15,2,5,0,1.5,-0.5,-0.5,-,a4Sigma-
final,20030.352438,0.5,16,1,9,-1,0.5,0.5,-0.5,-,X2Pi
final,21473.481097,0.5,17,2,6,0,1.5,-0.5,-0.5,-,a4Sigma-
final,21576.063363,0.5,18,1,10,-1,0.5,0.5,-0.5,-,X2Pi
final,22965.441026,0.5,19,1,11,-1,0.5,0.5,-0.5,-,X2Pi
final,23314.316156,0.5,20,2,7,0,1.5,-0.5,-0.5,-,a4Sigma-
final,24192.806667,0.5,21,1,12,-1,0.5,0.5,-0.5,-,X2Pi
final,24883.036251,0.5,22,2,8,0,1.5,-0.5,-0.5,-,a4Sigma-
final,25253.188623,0.5,23,1,13,-1,0.5,0.5,-0.5,-,X2Pi
final,25698.251907,0.5,24,4,0,0,0.5,-0.5,-0.5,-,B2Sigma-
final,26142.441513,0.5,25,1,14,-1,0.5,0.5,-0.5,-,X2Pi
final,26153.271372,0.5,26,2,9,0,1.5,-0.5,-0.5,-,a4Sigma-
final,26857.303942,0.5,27,1,15,-1,0.5,0.5,-0.5,-,X2Pi
final,27102.245889,0.5,28,2,10,0,1.5,-0.5,-0.5,-,a4Sigma-
final,27395.407787,0.5,29,1,16,-1,0.5,0.5,-0.5,-,X2Pi
final,27492.63649,0.5,30,4,1,0,0.5,-0.5,-0.5,-,B2Sigma-
final,27712.247205,0.5,31,2,11,0,1.5,-0.5,-0.5,-,a4Sigma-
final,27755.150271,0.5,32,1,17,-1,0.5,0.5,-0.5,-,X2Pi
final,27915.991614,0.5,33,4,2,0,0.5,-0.5,-0.5,-,B2Sigma-
final,27938.861956,0.5,34,1,18,-1,0.5,0.5,-0.5,-,X2Pi
final,27961.919599,0.5,35,4,3,0,0.5,-0.5,-0.5,-,B2Sigma-
final,27970.356301,0.5,36,2,12,0,1.5,-0.5,-0.5,-,a4Sigma-
final,27981.564089,0.5,37,1,19,-1,0.5,0.5,-0.5,-,X2Pi
final,27989.282414,0.5,38,2,13,0,1.5,-0.5,-0.5,-,a4Sigma-
final,28000.084457,0.5,39,4,4,0,0.5,-0.5,-0.5,-,B2Sigma-
final,28014.755924,0.5,40,1,20,-1,0.5,0.5,-0.5,-,X2Pi
final,28019.67161,0.5,41,2,14,0,1.5,-0.5,-0.5,-,a4Sigma-
final,28043.059472,0.5,42,4,5,0,0.5,-0.5,-0.5,-,B2Sigma-
final,28059.075233,0.5,43,2,15,0,1.5,-0.5,-0.5,-,a4Sigma-
final,28067.578522,0.5,44,1,21,-1,0.5,0.5,-0.5,-,X2Pi
final,28098.349669,0.5,45,4,6,0,0.5,-0.5,-0.5,-,B2Sigma-
final,28113.022598,0.5,46,2,16,0,1.5,-0.5,-0.5,-,a4Sigma-
final,28133.331904,0.5,47,1,22,-1,0.5,0.5,-0.5,-,X2Pi
final,28164.520942,0.5,48,4,7,0,0.5,-0.5,-0.5,-,B2Sigma-
final,28177.877519,0.5,49,2,17,0,1.5,-0.5,-0.5,-,a4Sigma-
final,28212.685932,0.5,50,1,23,-1,0.5,0.5,-0.5,-,X2Pi
final,28241.383595,0.5,51,4,8,0,0.5,-0.5,-0.5,-,B2Sigma-
final,28253.488051,0.5,52,2,18,0,1.5,-0.5,-0.5,-,a4Sigma-
final,28303.333973,0.5,53,1,24,-1,0.5,0.5,-0.5,-,X2Pi
final,28329.224184,0.5,54,4,9,0,0.5,-0.5,-0.5,-,B2Sigma-
final,28339.601626,0.5,55,2,19,0,1.5,-0.5,-0.5,-,a4Sigma-
final,28402.931832,0.5,56,4,10,0,0.5,-0.5,-0.5,-,B2Sigma-
final,28428.821355,0.5,57,1,25,-1,0.5,0.5,-0.5,-,X2Pi
final,28436.20058,0.5,58,2,20,0,1.5,-0.5,-0.5,-,a4Sigma-
final,28509.425937,0.5,59,4,11,0,0.5,-0.5,-0.5,-,B2Sigma-
final,28538.999065,0.5,60,2,21,0,1.5,-0.5,-0.5,-,a4Sigma-
final,28545.106918,0.5,61,1,26,-1,0.5,0.5,-0.5,-,X2Pi
final,28621.560597,0.5,62,4,12,0,0.5,-0.5,-0.5,-,B2Sigma-
final,28655.895071,0.5,63,2,22,0,1.5,-0.5,-0.5,-,a4Sigma-
final,28669.104041,0.5,64,1,27,-1,0.5,0.5,-0.5,-,X2Pi
final,28712.61404,0.5,65,4,13,0,0.5,-0.5,-0.5,-,B2Sigma-
final,28754.016214,0.5,66,4,14,0,0.5,-0.5,-0.5,-,B2Sigma-
final,28781.311969,0.5,67,2,23,0,1.5,-0.5,-0.5,-,a4Sigma-
final,28807.044129,0.5,68,1,28,-1,0.5,0.5,-0.5,-,X2Pi
final,28875.493708,0.5,69,4,15,0,0.5,-0.5,-0.5,-,B2Sigma-
final,28915.819281,0.5,70,2,24,0,1.5,-0.5,-0.5,-,a4Sigma-
final,28954.356887,0.5,71,1,29,-1,0.5,0.5,-0.5,-,X2Pi
final,29009.660536,0.5,72,4,16,0,0.5,-0.5,-0.5,-,B2Sigma-
final,29059.516882,0.5,73,2,25,0,1.5,-0.5,-0.5,-,a4Sigma-
final,29145.734007,0.5,74,4,17,0,0.5,-0.5,-0.5,-,B2Sigma-
final,29212.016634,0.5,75,2,26,0,1.5,-0.5,-0.5,-,a4Sigma-
final,29288.766744,0.5,76,4,18,0,0.5,-0.5,-0.5,-,B2Sigma-
final,29373.490596,0.5,77,2,27,0,1.5,-0.5,-0.5,-,a4Sigma-
final,29434.286088,0.5,78,4,19,0,0.5,-0.5,-0.5,-,B2Sigma-
final,29543.765476,0.5,79,2,28,0,1.5,-0.5,-0.5,-,a4Sigma-
final,29581.905036,0.5,80,4,20,0,0.5,-0.5,-0.5,-,B2Sigma-
final,29722.73242,0.5,81,2,29,0,1.5,-0.5,-0.5,-,a4Sigma-
final,29734.335108,0.5,82,4,21,0,0.5,-0.5,-0.5,-,B2Sigma-
final,29895.541121,0.5,83,4,22,0,0.5,-0.5,-0.5,-,B2Sigma-
final,29910.298439,0.5,84,2,30,0,1.5,-0.5,-0.5,-,a4Sigma-
final,30067.128493,0.5,85,4,23,0,0.5,-0.5,-0.5,-,B2Sigma-
final,30106.377007,0.5,86,2,31,0,1.5,-0.5,-0.5,-,a4Sigma-
final,30248.438788,0.5,87,4,24,0,0.5,-0.5,-0.5,-,B2Sigma-
final,30310.8864,0.5,88,2,32,0,1.5,-0.5,-0.5,-,a4Sigma-
final,30438.322501,0.5,89,4,25,0,0.5,-0.5,-0.5,-,B2Sigma-
final,30523.750029,0.5,90,2,33,0,1.5,-0.5,-0.5,-,a4Sigma-
final,30635.941384,0.5,91,4,26,0,0.5,-0.5,-0.5,-,B2Sigma-
final,30744.896511,0.5,92,2,34,0,1.5,-0.5,-0.5,-,a4Sigma-
final,30840.858332,0.5,93,4,27,0,0.5,-0.5,-0.5,-,B2Sigma-
final,30974.259148,0.5,94,2,35,0,1.5,-0.5,-0.5,-,a4Sigma-
final,31052.943391,0.5,95,4,28,0,0.5,-0.5,-0.5,-,B2Sigma-
final,31211.775218,0.5,96,2,36,0,1.5,-0.5,-0.5,-,a4Sigma-
final,31272.25214,0.5,97,4,29,0,0.5,-0.5,-0.5,-,B2Sigma-
final,31457.38542,0.5,98,2,37,0,1.5,-0.5,-0.5,-,a4Sigma-
final,31498.905454,0.5,99,4,30,0,0.5,-0.5,-0.5,-,B2Sigma-
final,31711.033566,0.5,100,2,38,0,1.5,-0.5,-0.5,-,a4Sigma-
final,31732.998732,0.5,101,4,31,0,0.5,-0.5,-0.5,-,B2Sigma-
final,31805.834552,0.5,102,5,0,0,0.5,-0.5,-0.5,-,C2Sigma+
final,31972.666356,0.5,103,2,39,0,1.5,-0.5,-0.5,-,a4Sigma-
final,31974.567494,0.5,104,4,32,0,0.5,-0.5,-0.5,-,B2Sigma-
final,32223.583984,0.5,105,4,33,0,0.5,-0.5,-0.5,-,B2Sigma-
final,32242.233585,0.5,106,2,40,0,1.5,-0.5,-0.5,-,a4Sigma-
final,32479.995784,0.5,107,4,34,0,0.5,-0.5,-0.5,-,B2Sigma-
final,32519.687198,0.5,108,2,41,0,1.5,-0.5,-0.5,-,a4Sigma-
final,32743.743357,0.5,109,4,35,0,0.5,-0.5,-0.5,-,B2Sigma-
final,32804.9819,0.5,110,2,42,0,1.5,-0.5,-0.5,-,a4Sigma-
final,33014.778869,0.5,111,4,36,0,0.5,-0.5,-0.5,-,B2Sigma-
final,33098.07471,0.5,112,2,43,0,1.5,-0.5,-0.5,-,a4Sigma-
final,33293.071628,0.5,113,4,37,0,0.5,-0.5,-0.5,-,B2Sigma-
final,33398.924876,0.5,114,2,44,0,1.5,-0.5,-0.5,-,a4Sigma-
final,33578.605134,0.5,115,4,38,0,0.5,-0.5,-0.5,-,B2Sigma-
final,33707.494621,0.5,116,2,45,0,1.5,-0.5,-0.5,-,a4Sigma-
final,33871.369815,0.5,117,4,39,0,0.5,-0.5,-0.5,-,B2Sigma-
final,34023.74959,0.5,118,2,46,0,1.5,-0.5,-0.5,-,a4Sigma-
final,34171.356039,0.5,119,4,40,0,0.5,-0.5,-0.5,-,B2Sigma-
final,34347.66445,0.5,120,2,47,0,1.5,-0.5,-0.5,-,a4Sigma-
final,34415.895455,0.5,121,5,1,0,0.5,-0.5,-0.5,-,C2Sigma+
final,34478.554352,0.5,122,4,41,0,0.5,-0.5,-0.5,-,B2Sigma-
final,34679.236671,0.5,123,2,48,0,1.5,-0.5,-0.5,-,a4Sigma-
final,34792.93988,0.5,124,4,42,0,0.5,-0.5,-0.5,-,B2Sigma-
final,35018.661009,0.5,125,2,49,0,1.5,-0.5,-0.5,-,a4Sigma-
final,35114.500675,0.5,126,4,43,0,0.5,-0.5,-0.5,-,B2Sigma-
final,35443.21647,0.5,127,4,44,0,0.5,-0.5,-0.5,-,B2Sigma-
final,35779.069969,0.5,128,4,45,0,0.5,-0.5,-0.5,-,B2Sigma-
final,36122.045879,0.5,129,4,46,0,0.5,-0.5,-0.5,-,B2Sigma-
final,36472.130591,0.5,130,4,47,0,0.5,-0.5,-0.5,-,B2Sigma-
final,36783.813912,0.5,131,5,2,0,0.5,-0.5,-0.5,-,C2Sigma+
final,36829.316822,0.5,132,4,48,0,0.5,-0.5,-0.5,-,B2Sigma-
final,37001.135424,0.5,133,5,3,0,0.5,-0.5,-0.5,-,C2Sigma+
final,37075.822304,0.5,134,5,4,0,0.5,-0.5,-0.5,-,C2Sigma+
final,37156.101431,0.5,135,5,5,0,0.5,-0.5,-0.5,-,C2Sigma+
final,37193.573096,0.5,136,4,49,0,0.5,-0.5,-0.5,-,B2Sigma-
final,37243.210331,0.5,137,5,6,0,0.5,-0.5,-0.5,-,C2Sigma+
final,37337.322266,0.5,138,5,7,0,0.5,-0.5,-0.5,-,C2Sigma+
final,37438.365125,0.5,139,5,8,0,0.5,-0.5,-0.5,-,C2Sigma+
final,37546.197599,0.5,140,5,9,0,0.5,-0.5,-0.5,-,C2Sigma+
final,37660.665583,0.5,141,5,10,0,0.5,-0.5,-0.5,-,C2Sigma+
final,37781.62399,0.5,142,5,11,0,0.5,-0.5,-0.5,-,C2Sigma+
final,37908.945351,0.5,143,5,12,0,0.5,-0.5,-0.5,-,C2Sigma+
final,38042.521485,0.5,144,5,13,0,0.5,-0.5,-0.5,-,C2Sigma+
final,38182.261495,0.5,145,5,14,0,0.5,-0.5,-0.5,-,C2Sigma+
final,38328.08944,0.5,146,5,15,0,0.5,-0.5,-0.5,-,C2Sigma+
final,38479.926658,0.5,147,5,16,0,0.5,-0.5,-0.5,-,C2Sigma+
final,38637.679955,0.5,148,5,17,0,0.5,-0.5,-0.5,-,C2Sigma+
final,38799.55999,0.5,149,5,18,0,0.5,-0.5,-0.5,-,C2Sigma+
final,38804.51449,0.5,150,5,19,0,0.5,-0.5,-0.5,-,C2Sigma+
final,38970.533909,0.5,151,5,20,0,0.5,-0.5,-0.5,-,C2Sigma+
final,39145.048387,0.5,152,5,21,0,0.5,-0.5,-0.5,-,C2Sigma+
final,39324.34304,0.5,153,5,22,0,0.5,-0.5,-0.5,-,C2Sigma+
final,39507.313559,0.5,154,5,23,0,0.5,-0.5,-0.5,-,C2Sigma+
final,39691.603528,0.5,155,5,24,0,0.5,-0.5,-0.5,-,C2Sigma+
final,39872.228022,0.5,156,5,25,0,0.5,-0.5,-0.5,-,C2Sigma+
final,40043.253967,0.5,157,5,26,0,0.5,-0.5,-0.5,-,C2Sigma+
final,40212.668076,0.5,158,5,27,0,0.5,-0.5,-0.5,-,C2Sigma+
final,40398.446909,0.5,159,5,28,0,0.5,-0.5,-0.5,-,C2Sigma+
final,40601.968139,0.5,160,5,29,0,0.5,-0.5,-0.5,-,C2Sigma+
final,40817.771843,0.5,161,5,30,0,0.5,-0.5,-0.5,-,C2Sigma+
final,41042.689558,0.5,162,5,31,0,0.5,-0.5,-0.5,-,C2Sigma+
final,41275.430335,0.5,163,5,32,0,0.5,-0.5,-0.5,-,C2Sigma+
final,41515.567912,0.5,164,5,33,0,0.5,-0.5,-0.5,-,C2Sigma+
final,41763.046887,0.5,165,5,34,0,0.5,-0.5,-0.5,-,C2Sigma+
final,42017.944518,0.5,166,5,35,0,0.5,-0.5,-0.5,-,C2Sigma+
final,42280.351336,0.5,167,5,36,0,0.5,-0.5,-0.5,-,C2Sigma+
final,42550.320274,0.5,168,5,37,0,0.5,-0.5,-0.5,-,C2Sigma+
final,42827.856499,0.5,169,5,38,0,0.5,-0.5,-0.5,-,C2Sigma+
final,43112.927333,0.5,170,5,39,0,0.5,-0.5,-0.5,-,C2Sigma+
final,43405.47844,0.5,171,5,40,0,0.5,-0.5,-0.5,-,C2Sigma+
final,43705.448716,0.5,172,5,41,0,0.5,-0.5,-0.5,-,C2Sigma+
final,44012.78007,0.5,173,5,42,0,0.5,-0.5,-0.5,-,C2Sigma+
final,44327.417292,0.5,174,5,43,0,0.5,-0.5,-0.5,-,C2Sigma+
final,44649.328831,0.5,175,5,44,0,0.5,-0.5,-0.5,-,C2Sigma+
final,44978.486338,0.5,176,5,45,0,0.5,-0.5,-0.5,-,C2Sigma+
final,45314.861581,0.5,177,5,46,0,0.5,-0.5,-0.5,-,C2Sigma+
final,45658.432675,0.5,178,5,47,0,0.5,-0.5,-0.5,-,C2Sigma+
final,46009.185685,0.5,179,5,48,0,0.5,-0.5,-0.5,-,C2Sigma+
final,46367.130167,0.5,180,5,49,0,0.5,-0.5,-0.5,-,C2Sigma+
final,17.87867,1.5,1,1,0,1,0.5,0.5,1.5,+,X2Pi
final,67.181207,1.5,2,1,0,1,0.5,-0.5,0.5,+,X2Pi
final,2749.681338,1.5,3,1,1,1,0.5,-0.5,0.5,+,X2Pi
final,2797.147978,1.5,4,1,1,1,0.5,0.5,1.5,+,X2Pi
final,5355.531058,1.5,5,1,2,1,0.5,-0.5,0.5,+,X2Pi
final,5401.220018,1.5,6,1,2,1,0.5,0.5,1.5,+,X2Pi
final,6127.174211,1.5,7,2,0,0,1.5,1.5,1.5,+,a4Sigma-
final,6274.950609,1.5,8,2,0,0,1.5,0.5,0.5,+,a4Sigma-
final,7836.345468,1.5,9,1,3,1,0.5,-0.5,0.5,+,X2Pi
final,7880.312016,1.5,10,1,3,1,0.5,0.5,1.5,+,X2Pi
final,9085.372642,1.5,11,2,1,0,1.5,1.5,1.5,+,a4Sigma-
final,9227.825061,1.5,12,2,1,0,1.5,0.5,0.5,+,a4Sigma-
final,10193.989787,1.5,13,1,4,1,0.5,-0.5,0.5,+,X2Pi
final,10236.275007,1.5,14,1,4,1,0.5,0.5,1.5,+,X2Pi
final,11892.844062,1.5,15,2,2,0,1.5,1.5,1.5,+,a4Sigma-
final,12029.610014,1.5,16,2,2,0,1.5,0.5,0.5,+,a4Sigma-
final,12428.068865,1.5,17,1,5,1,0.5,-0.5,0.5,+,X2Pi
final,12468.69047,1.5,18,1,5,1,0.5,0.5,1.5,+,X2Pi
final,14535.669797,1.5,19,1,6,1,0.5,-0.5,0.5,+,X2Pi
final,14548.78296,1.5,20,2,3,0,1.5,1.5,1.5,+,a4Sigma-
final,14574.632075,1.5,21,1,6,1,0.5,0.5,1.5,+,X2Pi
final,14679.597615,1.5,22,2,3,0,1.5,0.5,0.5,+,a4Sigma-
final,16511.995745,1.5,23,1,7,1,0.5,-0.5,0.5,+,X2Pi
final,16549.287961,1.5,24,1,7,1,0.5,0.5,1.5,+,X2Pi
final,17039.330093,1.5,25,2,4,0,1.5,1.5,1.5,+,a4Sigma-
final,17163.670455,1.5,26,2,4,0,1.5,0.5,0.5,+,a4Sigma-
final,18351.102061,1.5,27,1,8,1,0.5,-0.5,0.5,+,X2Pi
final,18386.718239,1.5,28,1,8,1,0.5,0.5,1.5,+,X2Pi
final,19342.006196,1.5,29,2,5,0,1.5,1.5,1.5,+,a4Sigma-
final,19459.10629,1.5,30,2,5,0,1.5,0.5,0.5,+,a4Sigma-
final,20046.52957,1.5,31,1,9,1,0.5,-0.5,0.5,+,X2Pi
final,20080.457326,1.5,32,1,9,1,0.5,0.5,1.5,+,X2Pi
final,21429.903574,1.5,33,2,6,0,1.5,1.5,1.5,+,a4Sigma-
final,21538.789605,1.5,34,2,6,0,1.5,0.5,0.5,+,a4Sigma-
final,21591.754382,1.5,35,1,10,1,0.5,-0.5,0.5,+,X2Pi
final,21623.980177,1.5,36,1,10,1,0.5,0.5,1.5,+,X2Pi
final,22980.530319,1.5,37,1,11,1,0.5,-0.5,0.5,+,X2Pi
final,23011.047503,1.5,38,1,11,1,0.5,0.5,1.5,+,X2Pi
final,23247.639702,1.5,39,3,0,2,0.5,-0.5,1.5,+,A2Delta
final,23274.486977,1.5,40,2,7,0,1.5,1.5,1.5,+,a4Sigma-
final,23373.981872,1.5,41,2,7,0,1.5,0.5,0.5,+,a4Sigma-
final,24207.148295,1.5,42,1,12,1,0.5,-0.5,0.5,+,X2Pi
final,24235.939314,1.5,43,1,12,1,0.5,0.5,1.5,+,X2Pi
final,24847.514832,1.5,44,2,8,0,1.5,1.5,1.5,+,a4Sigma-
final,24936.222338,1.5,45,2,8,0,1.5,0.5,0.5,+,a4Sigma-
final,25266.604393,1.5,46,1,13,1,0.5,-0.5,0.5,+,X2Pi
final,25293.638615,1.5,47,1,13,1,0.5,0.5,1.5,+,X2Pi
final,25723.529513,1.5,48,4,0,0,0.5,0.5,0.5,+,B2Sigma-
final,25983.777483,1.5,49,3,1,2,0.5,-0.5,1.5,+,A2Delta
final,26122.718986,1.5,50,2,9,0,1.5,1.5,1.5,+,a4Sigma-
final,26154.722,1.5,51,1,14,1,0.5,-0.5,0.5,+,X2Pi
final,26179.961851,1.5,52,1,14,1,0.5,0.5,1.5,+,X2Pi
final,26198.979003,1.5,53,2,9,0,1.5,0.5,0.5,+,a4Sigma-
final,26868.203128,1.5,54,1,15,1,0.5,-0.5,0.5,+,X2Pi
final,26891.645997,1.5,55,1,15,1,0.5,0.5,1.5,+,X2Pi
final,27077.491327,1.5,56,2,10,0,1.5,1.5,1.5,+,a4Sigma-
final,27139.217038,1.5,57,2,10,0,1.5,0.5,0.5,+,a4Sigma-
final,27404.605192,1.5,58,1,16,1,0.5,-0.5,0.5,+,X2Pi
final,27426.397312,1.5,59,1,16,1,0.5,0.5,1.5,+,X2Pi
final,27515.068377,1.5,60,4,1,0,0.5,0.5,0.5,+,B2Sigma-
final,27694.504972,1.5,61,2,11,0,1.5,1.5,1.5,+,a4Sigma-
final,27738.614034,1.5,62,2,11,0,1.5,0.5,0.5,+,a4Sigma-
final,27762.067568,1.5,63,1,17,1,0.5,-0.5,0.5,+,X2Pi
final,27782.802255,1.5,64,1,17,1,0.5,0.5,1.5,+,X2Pi
final,27918.4148,1.5,65,4,2,0,0.5,0.5,0.5,+,B2Sigma-
final,27942.635628,1.5,66,1,18,1,0.5,-0.5,0.5,+,X2Pi
final,27957.37661,1.5,67,1,18,1,0.5,0.5,1.5,+,X2Pi
final,27963.642457,1.5,68,4,3,0,0.5,0.5,0.5,+,B2Sigma-
final,27964.746125,1.5,69,2,12,0,1.5,1.5,1.5,+,a4Sigma-
final,27980.043414,1.5,70,2,12,0,1.5,0.5,0.5,+,a4Sigma-
final,27983.013968,1.5,71,2,13,0,1.5,1.5,1.5,+,a4Sigma-
final,27984.639573,1.5,72,1,19,1,0.5,-0.5,0.5,+,X2Pi
final,27993.573473,1.5,73,2,13,0,1.5,0.5,0.5,+,a4Sigma-
final,27998.11141,1.5,74,1,19,1,0.5,0.5,1.5,+,X2Pi
final,28002.401653,1.5,75,4,4,0,0.5,0.5,0.5,+,B2Sigma-
final,28013.522144,1.5,76,2,14,0,1.5,1.5,1.5,+,a4Sigma-
final,28018.058494,1.5,77,1,20,1,0.5,-0.5,0.5,+,X2Pi
final,28024.455871,1.5,78,2,14,0,1.5,0.5,0.5,+,a4Sigma-
final,28033.86862,1.5,79,1,20,1,0.5,0.5,1.5,+,X2Pi
final,28045.621184,1.5,80,4,5,0,0.5,0.5,0.5,+,B2Sigma-
final,28055.721274,1.5,81,2,15,0,1.5,1.5,1.5,+,a4Sigma-
final,28065.355514,1.5,82,2,15,0,1.5,0.5,0.5,+,a4Sigma-
final,28070.060256,1.5,83,1,21,1,0.5,-0.5,0.5,+,X2Pi
final,28087.434605,1.5,84,1,21,1,0.5,0.5,1.5,+,X2Pi
final,28101.173407,1.5,85,4,6,0,0.5,0.5,0.5,+,B2Sigma-
final,28109.363715,1.5,86,2,16,0,1.5,1.5,1.5,+,a4Sigma-
final,28120.215329,1.5,87,2,16,0,1.5,0.5,0.5,+,a4Sigma-
final,28135.458732,1.5,88,1,22,1,0.5,-0.5,0.5,+,X2Pi
final,28155.760269,1.5,89,1,22,1,0.5,0.5,1.5,+,X2Pi
final,28167.594106,1.5,90,4,7,0,0.5,0.5,0.5,+,B2Sigma-
final,28174.288532,1.5,91,2,17,0,1.5,1.5,1.5,+,a4Sigma-
final,28185.554513,1.5,92,2,17,0,1.5,0.5,0.5,+,a4Sigma-
final,28214.804218,1.5,93,1,23,1,0.5,-0.5,0.5,+,X2Pi
final,28236.889858,1.5,94,1,23,1,0.5,0.5,1.5,+,X2Pi
final,28244.779071,1.5,95,4,8,0,0.5,0.5,0.5,+,B2Sigma-
final,28250.48184,1.5,96,2,18,0,1.5,1.5,1.5,+,a4Sigma-
final,28261.589724,1.5,97,2,18,0,1.5,0.5,0.5,+,a4Sigma-
final,28305.430746,1.5,98,1,24,1,0.5,-0.5,0.5,+,X2Pi
final,28328.31602,1.5,99,2,19,0,1.5,1.5,1.5,+,a4Sigma-
final,28333.235444,1.5,100,4,9,0,0.5,0.5,0.5,+,B2Sigma-
final,28338.947307,1.5,101,1,24,1,0.5,0.5,1.5,+,X2Pi
final,28348.126221,1.5,102,2,19,0,1.5,0.5,0.5,+,a4Sigma-
final,28405.064688,1.5,103,4,10,0,0.5,0.5,0.5,+,B2Sigma-
final,28427.056392,1.5,104,2,20,0,1.5,1.5,1.5,+,a4Sigma-
final,28433.548191,1.5,105,1,25,1,0.5,-0.5,0.5,+,X2Pi
final,28441.355416,1.5,106,1,25,1,0.5,0.5,1.5,+,X2Pi
final,28445.636409,1.5,107,2,20,0,1.5,0.5,0.5,+,a4Sigma-
final,28511.768091,1.5,108,4,11,0,0.5,0.5,0.5,+,B2Sigma-
final,28526.398034,1.5,109,3,2,2,0.5,-0.5,1.5,+,A2Delta
final,28533.889364,1.5,110,2,21,0,1.5,1.5,1.5,+,a4Sigma-
final,28545.749533,1.5,111,1,26,1,0.5,-0.5,0.5,+,X2Pi
final,28551.076499,1.5,112,2,21,0,1.5,0.5,0.5,+,a4Sigma-
final,28559.748092,1.5,113,1,26,1,0.5,0.5,1.5,+,X2Pi
final,28624.399567,1.5,114,4,12,0,0.5,0.5,0.5,+,B2Sigma-
final,28649.781566,1.5,115,2,22,0,1.5,1.5,1.5,+,a4Sigma-
final,28665.005262,1.5,116,2,22,0,1.5,0.5,0.5,+,a4Sigma-
final,28673.279532,1.5,117,1,27,1,0.5,-0.5,0.5,+,X2Pi
final,28687.618129,1.5,118,1,27,1,0.5,0.5,1.5,+,X2Pi
final,28725.243455,1.5,119,4,13,0,0.5,0.5,0.5,+,B2Sigma-
final,28761.153523,1.5,120,4,14,0,0.5,0.5,0.5,+,B2Sigma-
final,28774.939341,1.5,121,2,23,0,1.5,1.5,1.5,+,a4Sigma-
final,28790.952247,1.5,122,2,23,0,1.5,0.5,0.5,+,a4Sigma-
final,28811.098528,1.5,123,1,28,1,0.5,-0.5,0.5,+,X2Pi
final,28826.440437,1.5,124,1,28,1,0.5,0.5,1.5,+,X2Pi
final,28878.983575,1.5,125,4,15,0,0.5,0.5,0.5,+,B2Sigma-
final,28909.313175,1.5,126,2,24,0,1.5,1.5,1.5,+,a4Sigma-
final,28925.781698,1.5,127,2,24,0,1.5,0.5,0.5,+,a4Sigma-
final,28958.275097,1.5,128,1,29,1,0.5,-0.5,0.5,+,X2Pi
final,28975.74322,1.5,129,1,29,1,0.5,0.5,1.5,+,X2Pi
final,29013.252361,1.5,130,4,16,0,0.5,0.5,0.5,+,B2Sigma-
final,29052.933967,1.5,131,2,25,0,1.5,1.5,1.5,+,a4Sigma-
final,29069.783565,1.5,132,2,25,0,1.5,0.5,0.5,+,a4Sigma-
final,29149.145116,1.5,133,4,17,0,0.5,0.5,0.5,+,B2Sigma-
final,29205.052549,1.5,134,2,26,0,1.5,1.5,1.5,+,a4Sigma-
final,29222.535781,1.5,135,2,26,0,1.5,0.5,0.5,+,a4Sigma-
final,29292.59162,1.5,136,4,18,0,0.5,0.5,0.5,+,B2Sigma-
final,29366.351132,1.5,137,2,27,0,1.5,1.5,1.5,+,a4Sigma-
final,29384.25744,1.5,138,2,27,0,1.5,0.5,0.5,+,a4Sigma-
final,29438.672171,1.5,139,4,19,0,0.5,0.5,0.5,+,B2Sigma-
final,29536.46448,1.5,140,2,28,0,1.5,1.5,1.5,+,a4Sigma-
final,29554.77398,1.5,141,2,28,0,1.5,0.5,0.5,+,a4Sigma-
final,29586.84417,1.5,142,4,20,0,0.5,0.5,0.5,+,B2Sigma-
final,29715.272246,1.5,143,2,29,0,1.5,1.5,1.5,+,a4Sigma-
final,29733.974691,1.5,144,2,29,0,1.5,0.5,0.5,+,a4Sigma-
final,29739.52002,1.5,145,4,21,0,0.5,0.5,0.5,+,B2Sigma-
final,29900.635589,1.5,146,4,22,0,0.5,0.5,0.5,+,B2Sigma-
final,29902.684044,1.5,147,2,30,0,1.5,1.5,1.5,+,a4Sigma-
final,29921.767251,1.5,148,2,30,0,1.5,0.5,0.5,+,a4Sigma-
final,30072.047543,1.5,149,4,23,0,0.5,0.5,0.5,+,B2Sigma-
final,30098.614647,1.5,150,2,31,0,1.5,1.5,1.5,+,a4Sigma-
final,30118.066033,1.5,151,2,31,0,1.5,0.5,0.5,+,a4Sigma-
final,30253.248968,1.5,152,4,24,0,0.5,0.5,0.5,+,B2Sigma-
final,30302.980966,1.5,153,2,32,0,1.5,1.5,1.5,+,a4Sigma-
final,30322.789928,1.5,154,2,32,0,1.5,0.5,0.5,+,a4Sigma-
final,30443.105129,1.5,155,4,25,0,0.5,0.5,0.5,+,B2Sigma-
final,30515.704982,1.5,156,2,33,0,1.5,1.5,1.5,+,a4Sigma-
final,30535.862729,1.5,157,2,33,0,1.5,0.5,0.5,+,a4Sigma-
final,30640.753047,1.5,158,4,26,0,0.5,0.5,0.5,+,B2Sigma-
final,30736.714801,1.5,159,2,34,0,1.5,1.5,1.5,+,a4Sigma-
final,30757.213393,1.5,160,2,34,0,1.5,0.5,0.5,+,a4Sigma-
final,30845.728046,1.5,161,4,27,0,0.5,0.5,0.5,+,B2Sigma-
final,30854.963509,1.5,162,3,3,2,0.5,-0.5,1.5,+,A2Delta
final,30965.943804,1.5,163,2,35,0,1.5,1.5,1.5,+,a4Sigma-
final,30986.775638,1.5,164,2,35,0,1.5,0.5,0.5,+,a4Sigma-
final,31057.876395,1.5,165,4,28,0,0.5,0.5,0.5,+,B2Sigma-
final,31203.329415,1.5,166,2,36,0,1.5,1.5,1.5,+,a4Sigma-
final,31224.487197,1.5,167,2,36,0,1.5,0.5,0.5,+,a4Sigma-
final,31277.239608,1.5,168,4,29,0,0.5,0.5,0.5,+,B2Sigma-
final,31448.812156,1.5,169,2,37,0,1.5,1.5,1.5,+,a4Sigma-
final,31470.289252,1.5,170,2,37,0,1.5,0.5,0.5,+,a4Sigma-
final,31503.935953,1.5,171,4,30,0,0.5,0.5,0.5,+,B2Sigma-
final,31702.335444,1.5,172,2,38,0,1.5,1.5,1.5,+,a4Sigma-
final,31724.126056,1.5,173,2,38,0,1.5,0.5,0.5,+,a4Sigma-
final,31738.064678,1.5,174,4,31,0,0.5,0.5,0.5,+,B2Sigma-
final,31862.786913,1.5,175,5,0,0,0.5,0.5,0.5,+,C2Sigma+
final,31963.84559,1.5,176,2,39,0,1.5,1.5,1.5,+,a4Sigma-
final,31979.664461,1.5,177,4,32,0,0.5,0.5,0.5,+,B2Sigma-
final,31985.944966,1.5,178,2,39,0,1.5,0.5,0.5,+,a4Sigma-
final,32228.71187,1.5,179,4,33,0,0.5,0.5,0.5,+,B2Sigma-
final,32233.291793,1.5,180,2,40,0,1.5,1.5,1.5,+,a4Sigma-
final,32255.696023,1.5,181,2,40,0,1.5,0.5,0.5,+,a4Sigma-
final,32485.156515,1.5,182,4,34,0,0.5,0.5,0.5,+,B2Sigma-
final,32510.62594,1.5,183,2,41,0,1.5,1.5,1.5,+,a4Sigma-
final,32533.332409,1.5,184,2,41,0,1.5,0.5,0.5,+,a4Sigma-
final,32748.93951,1.5,185,4,35,0,0.5,0.5,0.5,+,B2Sigma-
final,32795.802336,1.5,186,2,42,0,1.5,1.5,1.5,+,a4Sigma-
final,32818.809822,1.5,187,2,42,0,1.5,0.5,0.5,+,a4Sigma-
final,32940.131433,1.5,188,3,4,2,0.5,-0.5,1.5,+,A2Delta
final,33020.011993,1.5,189,4,36,0,0.5,0.5,0.5,+,B2Sigma-
final,33088.777402,1.5,190,2,43,0,1.5,1.5,1.5,+,a4Sigma-
final,33112.087272,1.5,191,2,43,0,1.5,0.5,0.5,+,a4Sigma-
final,33298.341729,1.5,192,4,37,0,0.5,0.5,0.5,+,B2Sigma-
final,33389.509465,1.5,193,2,44,0,1.5,1.5,1.5,+,a4Sigma-
final,33413.126805,1.5,194,2,44,0,1.5,0.5,0.5,+,a4Sigma-
final,33583.911403,1.5,195,4,38,0,0.5,0.5,0.5,+,B2Sigma-
final,33697.958743,1.5,196,2,45,0,1.5,1.5,1.5,+,a4Sigma-
final,33721.896755,1.5,197,2,45,0,1.5,0.5,0.5,+,a4Sigma-
final,33876.711505,1.5,198,4,39,0,0.5,0.5,0.5,+,B2Sigma-
final,34014.087348,1.5,199,2,46,0,1.5,1.5,1.5,+,a4Sigma-
final,34038.373795,1.5,200,2,46,0,1.5,0.5,0.5,+,a4Sigma-
final,34176.732755,1.5,201,4,40,0,0.5,0.5,0.5,+,B2Sigma-
final,34337.859852,1.5,202,2,47,0,1.5,1.5,1.5,+,a4Sigma-
final,34362.565938,1.5,203,2,47,0,1.5,0.5,0.5,+,a4Sigma-
final,34469.865076,1.5,204,5,1,0,0.5,0.5,0.5,+,C2Sigma+
final,34483.973409,1.5,205,4,41,0,0.5,0.5,0.5,+,B2Sigma-
final,34669.244681,1.5,206,2,48,0,1.5,1.5,1.5,+,a4Sigma-
final,34694.571733,1.5,207,2,48,0,1.5,0.5,0.5,+,a4Sigma-
final,34743.034505,1.5,208,3,5,2,0.5,-0.5,1.5,+,A2Delta
final,34798.385449,1.5,209,4,42,0,0.5,0.5,0.5,+,B2Sigma-
final,35008.231508,1.5,210,2,49,0,1.5,1.5,1.5,+,a4Sigma-
final,35035.394999,1.5,211,2,49,0,1.5,0.5,0.5,+,a4Sigma-
final,35119.980468,1.5,212,4,43,0,0.5,0.5,0.5,+,B2Sigma-
final,35448.730773,1.5,213,4,44,0,0.5,0.5,0.5,+,B2Sigma-
final,35784.619324,1.5,214,4,45,0,0.5,0.5,0.5,+,B2Sigma-
final,36127.631143,1.5,215,4,46,0,0.5,0.5,0.5,+,B2Sigma-
final,36213.224164,1.5,216,3,6,2,0.5,-0.5,1.5,+,A2Delta
final,36477.753998,1.5,217,4,47,0,0.5,0.5,0.5,+,B2Sigma-
final,36833.954764,1.5,218,5,2,0,0.5,0.5,0.5,+,C2Sigma+
final,36835.187387,1.5,219,4,48,0,0.5,0.5,0.5,+,B2Sigma-
final,37002.770785,1.5,220,5,3,0,0.5,0.5,0.5,+,C2Sigma+
final,37077.807301,1.5,221,5,4,0,0.5,0.5,0.5,+,C2Sigma+
final,37158.380225,1.5,222,5,5,0,0.5,0.5,0.5,+,C2Sigma+
final,37199.323035,1.5,223,4,49,0,0.5,0.5,0.5,+,B2Sigma-
final,37245.755296,1.5,224,5,6,0,0.5,0.5,0.5,+,C2Sigma+
final,37284.92989,1.5,225,3,7,2,0.5,-0.5,1.5,+,A2Delta
final,37340.117276,1.5,226,5,7,0,0.5,0.5,0.5,+,C2Sigma+
final,37441.400328,1.5,227,5,8,0,0.5,0.5,0.5,+,C2Sigma+
final,37549.467015,1.5,228,5,9,0,0.5,0.5,0.5,+,C2Sigma+
final,37664.16574,1.5,229,5,10,0,0.5,0.5,0.5,+,C2Sigma+
final,37785.353055,1.5,230,5,11,0,0.5,0.5,0.5,+,C2Sigma+
final,37872.260471,1.5,231,3,8,2,0.5,-0.5,1.5,+,A2Delta
final,37912.902545,1.5,232,5,12,0,0.5,0.5,0.5,+,C2Sigma+
final,37961.48548,1.5,233,3,9,2,0.5,-0.5,1.5,+,A2Delta
final,37980.455351,1.5,234,3,10,2,0.5,-0.5,1.5,+,A2Delta
final,38011.440439,1.5,235,3,11,2,0.5,-0.5,1.5,+,A2Delta
final,38046.706734,1.5,236,5,13,0,0.5,0.5,0.5,+,C2Sigma+
final,38053.628023,1.5,237,3,12,2,0.5,-0.5,1.5,+,A2Delta
final,38106.445594,1.5,238,3,13,2,0.5,-0.5,1.5,+,A2Delta
final,38169.476944,1.5,239,3,14,2,0.5,-0.5,1.5,+,A2Delta
final,38186.675318,1.5,240,5,14,0,0.5,0.5,0.5,+,C2Sigma+
final,38242.403701,1.5,241,3,15,2,0.5,-0.5,1.5,+,A2Delta
final,38324.970018,1.5,242,3,16,2,0.5,-0.5,1.5,+,A2Delta
final,38332.732829,1.5,243,5,15,0,0.5,0.5,0.5,+,C2Sigma+
final,38416.962538,1.5,244,3,17,2,0.5,-0.5,1.5,+,A2Delta
final,38484.801779,1.5,245,5,16,0,0.5,0.5,0.5,+,C2Sigma+
final,38518.198597,1.5,246,3,18,2,0.5,-0.5,1.5,+,A2Delta
final,38628.518805,1.5,247,3,19,2,0.5,-0.5,1.5,+,A2Delta
final,38642.792538,1.5,248,5,17,0,0.5,0.5,0.5,+,C2Sigma+
final,38747.782096,1.5,249,3,20,2,0.5,-0.5,1.5,+,A2Delta
final,38806.475291,1.5,250,5,18,0,0.5,0.5,0.5,+,C2Sigma+
final,38847.424385,1.5,251,5,19,0,0.5,0.5,0.5,+,C2Sigma+
final,38875.862102,1.5,252,3,21,2,0.5,-0.5,1.5,+,A2Delta
final,38976.173171,1.5,253,5,20,0,0.5,0.5,0.5,+,C2Sigma+
final,39012.639763,1.5,254,3,22,2,0.5,-0.5,1.5,+,A2Delta
final,39150.962495,1.5,255,5,21,0,0.5,0.5,0.5,+,C2Sigma+
final,39158.005434,1.5,256,3,23,2,0.5,-0.5,1.5,+,A2Delta
final,39311.891478,1.5,257,3,24,2,0.5,-0.5,1.5,+,A2Delta
final,39330.608853,1.5,258,5,22,0,0.5,0.5,0.5,+,C2Sigma+
final,39474.192294,1.5,259,3,25,2,0.5,-0.5,1.5,+,A2Delta
final,39514.084823,1.5,260,5,23,0,0.5,0.5,0.5,+,C2Sigma+
final,39644.827936,1.5,261,3,26,2,0.5,-0.5,1.5,+,A2Delta
final,39699.267023,1.5,262,5,24,0,0.5,0.5,0.5,+,C2Sigma+
final,39823.72474,1.5,263,3,27,2,0.5,-0.5,1.5,+,A2Delta
final,39881.707134,1.5,264,5,25,0,0.5,0.5,0.5,+,C2Sigma+
final,40010.8118,1.5,265,3,28,2,0.5,-0.5,1.5,+,A2Delta
final,40055.500491,1.5,266,5,26,0,0.5,0.5,0.5,+,C2Sigma+
final,40206.022567,1.5,267,3,29,2,0.5,-0.5,1.5,+,A2Delta
final,40225.88157,1.5,268,5,27,0,0.5,0.5,0.5,+,C2Sigma+
final,40409.295743,1.5,269,3,30,2,0.5,-0.5,1.5,+,A2Delta
final,40410.421545,1.5,270,5,28,0,0.5,0.5,0.5,+,C2Sigma+
final,40612.894787,1.5,271,5,29,0,0.5,0.5,0.5,+,C2Sigma+
final,40620.574048,1.5,272,3,31,2,0.5,-0.5,1.5,+,A2Delta
final,40828.248601,1.5,273,5,30,0,0.5,0.5,0.5,+,C2Sigma+
final,40839.802943,1.5,274,3,32,2,0.5,-0.5,1.5,+,A2Delta
final,41053.053292,1.5,275,5,31,0,0.5,0.5,0.5,+,C2Sigma+
final,41066.93048,1.5,276,3,33,2,0.5,-0.5,1.5,+,A2Delta
final,41285.832673,1.5,277,5,32,0,0.5,0.5,0.5,+,C2Sigma+
final,41301.907681,1.5,278,3,34,2,0.5,-0.5,1.5,+,A2Delta
final,41526.062861,1.5,279,5,33,0,0.5,0.5,0.5,+,C2Sigma+
final,41544.688511,1.5,280,3,35,2,0.5,-0.5,1.5,+,A2Delta
final,41773.640042,1.5,281,5,34,0,0.5,0.5,0.5,+,C2Sigma+
final,41795.229348,1.5,282,3,36,2,0.5,-0.5,1.5,+,A2Delta
final,42028.621635,1.5,283,5,35,0,0.5,0.5,0.5,+,C2Sigma+
final,42053.488472,1.5,284,3,37,2,0.5,-0.5,1.5,+,A2Delta
final,42291.094751,1.5,285,5,36,0,0.5,0.5,0.5,+,C2Sigma+
final,42319.42593,1.5,286,3,38,2,0.5,-0.5,1.5,+,A2Delta
final,42561.11681,1.5,287,5,37,0,0.5,0.5,0.5,+,C2Sigma+
final,42593.003636,1.5,288,3,39,2,0.5,-0.5,1.5,+,A2Delta
final,42838.699669,1.5,289,5,38,0,0.5,0.5,0.5,+,C2Sigma+
final,42874.185387,1.5,290,3,40,2,0.5,-0.5,1.5,+,A2Delta
final,43123.816377,1.5,291,5,39,0,0.5,0.5,0.5,+,C2Sigma+
final,43162.936696,1.5,292,3,41,2,0.5,-0.5,1.5,+,A2Delta
final,43416.416152,1.5,293,5,40,0,0.5,0.5,0.5,+,C2Sigma+
final,43459.224536,1.5,294,3,42,2,0.5,-0.5,1.5,+,A2Delta
final,43716.439441,1.5,295,5,41,0,0.5,0.5,0.5,+,C2Sigma+
final,43763.017175,1.5,296,3,43,2,0.5,-0.5,1.5,+,A2Delta
final,44023.828284,1.5,297,5,42,0,0.5,0.5,0.5,+,C2Sigma+
final,44074.284116,1.5,298,3,44,2,0.5,-0.5,1.5,+,A2Delta
final,44338.527044,1.5,299,5,43,0,0.5,0.5,0.5,+,C2Sigma+
final,44392.996223,1.5,300,3,45,2,0.5,-0.5,1.5,+,A2Delta
final,44660.504588,1.5,301,5,44,0,0.5,0.5,0.5,+,C2Sigma+
final,44719.125797,1.5,302,3,46,2,0.5,-0.5,1.5,+,A2Delta
final,44989.732291,1.5,303,5,45,0,0.5,0.5,0.5,+,C2Sigma+
final,45052.647125,1.5,304,3,47,2,0.5,-0.5,1.5,+,A2Delta
final,45326.185654,1.5,305,5,46,0,0.5,0.5,0.5,+,C2Sigma+
final,45393.537905,1.5,306,3,48,2,0.5,-0.5,1.5,+,A2Delta
final,45669.853978,1.5,307,5,47,0,0.5,0.5,0.5,+,C2Sigma+
final,45741.795568,1.5,308,3,49,2,0.5,-0.5,1.5,+,A2Delta
final,46020.761426,1.5,309,5,48,0,0.5,0.5,0.5,+,C2Sigma+
final,46379.18945,1.5,310,5,49,0,0.5,0.5,0.5,+,C2Sigma+
final,17.90182,1.5,1,1,0,-1,0.5,-0.5,-1.5,-,X2Pi
final,66.937178,1.5,2,1,0,-1,0.5,0.5,-0.5,-,X2Pi
final,2749.703896,1.5,3,1,1,-1,0.5,0.5,-0.5,-,X2Pi
final,2796.921206,1.5,4,1,1,-1,0.5,-0.5,-1.5,-,X2Pi
final,5355.552667,1.5,5,1,2,-1,0.5,0.5,-0.5,-,X2Pi
final,5401.009822,1.5,6,1,2,-1,0.5,-0.5,-1.5,-,X2Pi
final,6097.562272,1.5,7,2,0,0,1.5,-0.5,-0.5,-,a4Sigma-
final,6186.315581,1.5,8,2,0,0,1.5,-1.5,-1.5,-,a4Sigma-
final,7836.364875,1.5,9,1,3,-1,0.5,0.5,-0.5,-,X2Pi
final,7880.119938,1.5,10,1,3,-1,0.5,-0.5,-1.5,-,X2Pi
final,9056.825705,1.5,11,2,1,0,1.5,-0.5,-0.5,-,a4Sigma-
final,9142.384623,1.5,12,2,1,0,1.5,-1.5,-1.5,-,a4Sigma-
final,10194.004531,1.5,13,1,4,-1,0.5,0.5,-0.5,-,X2Pi
final,10236.104189,1.5,14,1,4,-1,0.5,-0.5,-1.5,-,X2Pi
final,11865.434936,1.5,15,2,2,0,1.5,-0.5,-0.5,-,a4Sigma-
final,11947.581266,1.5,16,2,2,0,1.5,-1.5,-1.5,-,a4Sigma-
final,12428.078416,1.5,17,1,5,-1,0.5,0.5,-0.5,-,X2Pi
final,12468.542668,1.5,18,1,5,-1,0.5,-0.5,-1.5,-,X2Pi
final,14522.56315,1.5,19,2,3,0,1.5,-0.5,-0.5,-,a4Sigma-
final,14535.68671,1.5,20,1,6,-1,0.5,0.5,-0.5,-,X2Pi
final,14574.504851,1.5,21,1,6,-1,0.5,-0.5,-1.5,-,X2Pi
final,14601.140243,1.5,22,2,3,0,1.5,-1.5,-1.5,-,a4Sigma-
final,16512.025965,1.5,23,1,7,-1,0.5,0.5,-0.5,-,X2Pi
final,16549.178692,1.5,24,1,7,-1,0.5,-0.5,-1.5,-,X2Pi
final,17014.4046,1.5,25,2,4,0,1.5,-0.5,-0.5,-,a4Sigma-
final,17089.099072,1.5,26,2,4,0,1.5,-1.5,-1.5,-,a4Sigma-
final,18351.134119,1.5,27,1,8,-1,0.5,0.5,-0.5,-,X2Pi
final,18386.621413,1.5,28,1,8,-1,0.5,-0.5,-1.5,-,X2Pi
final,19318.526866,1.5,29,2,5,0,1.5,-0.5,-0.5,-,a4Sigma-
final,19388.881708,1.5,30,2,5,0,1.5,-1.5,-1.5,-,a4Sigma-
final,20046.559476,1.5,31,1,9,-1,0.5,0.5,-0.5,-,X2Pi
final,20080.370525,1.5,32,1,9,-1,0.5,-0.5,-1.5,-,X2Pi
final,21408.065777,1.5,33,2,6,0,1.5,-0.5,-0.5,-,a4Sigma-
final,21473.497614,1.5,34,2,6,0,1.5,-1.5,-1.5,-,a4Sigma-
final,21591.783599,1.5,35,1,10,-1,0.5,0.5,-0.5,-,X2Pi
final,21623.90497,1.5,36,1,10,-1,0.5,-0.5,-1.5,-,X2Pi
final,22980.562034,1.5,37,1,11,-1,0.5,0.5,-0.5,-,X2Pi
final,23010.982238,1.5,38,1,11,-1,0.5,-0.5,-1.5,-,X2Pi
final,23247.639701,1.5,39,3,0,-2,0.5,0.5,-1.5,-,A2Delta
final,23254.524776,1.5,40,2,7,0,1.5,-0.5,-0.5,-,a4Sigma-
final,23314.330256,1.5,41,2,7,0,1.5,-1.5,-1.5,-,a4Sigma-
final,24207.184821,1.5,42,1,12,-1,0.5,0.5,-0.5,-,X2Pi
final,24235.884409,1.5,43,1,12,-1,0.5,-0.5,-1.5,-,X2Pi
final,24829.702251,1.5,44,2,8,0,1.5,-0.5,-0.5,-,a4Sigma-
final,24883.05065,1.5,45,2,8,0,1.5,-1.5,-1.5,-,a4Sigma-
final,25266.651587,1.5,46,1,13,-1,0.5,0.5,-0.5,-,X2Pi
final,25293.593294,1.5,47,1,13,-1,0.5,-0.5,-1.5,-,X2Pi
final,25774.01285,1.5,48,4,0,0,0.5,-0.5,-0.5,-,B2Sigma-
final,25983.777482,1.5,49,3,1,-2,0.5,0.5,-1.5,-,A2Delta
final,26107.383425,1.5,50,2,9,0,1.5,-0.5,-0.5,-,a4Sigma-
final,26153.286906,1.5,51,2,9,0,1.5,-1.5,-1.5,-,a4Sigma-
final,26154.790529,1.5,52,1,14,-1,0.5,0.5,-0.5,-,X2Pi
final,26179.925399,1.5,53,1,14,-1,0.5,-0.5,-1.5,-,X2Pi
final,26868.315804,1.5,54,1,15,-1,0.5,0.5,-0.5,-,X2Pi
final,26891.618428,1.5,55,1,15,-1,0.5,-0.5,-1.5,-,X2Pi
final,27065.040621,1.5,56,2,10,0,1.5,-0.5,-0.5,-,a4Sigma-
final,27102.264248,1.5,57,2,10,0,1.5,-1.5,-1.5,-,a4Sigma-
final,27404.827827,1.5,58,1,16,-1,0.5,0.5,-0.5,-,X2Pi
final,27426.377979,1.5,59,1,16,-1,0.5,-0.5,-1.5,-,X2Pi
final,27559.819863,1.5,60,4,1,0,0.5,-0.5,-0.5,-,B2Sigma-
final,27685.525888,1.5,61,2,11,0,1.5,-0.5,-0.5,-,a4Sigma-
final,27712.273836,1.5,62,2,11,0,1.5,-1.5,-1.5,-,a4Sigma-
final,27762.73429,1.5,63,1,17,-1,0.5,0.5,-0.5,-,X2Pi
final,27782.789279,1.5,64,1,17,-1,0.5,-0.5,-1.5,-,X2Pi
final,27924.614256,1.5,65,4,2,0,0.5,-0.5,-0.5,-,B2Sigma-
final,27943.262303,1.5,66,1,18,-1,0.5,0.5,-0.5,-,X2Pi
final,27956.756048,1.5,67,1,18,-1,0.5,-0.5,-1.5,-,X2Pi
final,27960.794329,1.5,68,2,12,0,1.5,-0.5,-0.5,-,a4Sigma-
final,27966.645414,1.5,69,4,3,0,0.5,-0.5,-0.5,-,B2Sigma-
final,27971.164473,1.5,70,2,12,0,1.5,-1.5,-1.5,-,a4Sigma-
final,27982.199255,1.5,71,2,13,0,1.5,-1.5,-1.5,-,a4Sigma-
final,27985.180151,1.5,72,1,19,-1,0.5,0.5,-0.5,-,X2Pi
final,27988.7065,1.5,73,2,13,0,1.5,-0.5,-0.5,-,a4Sigma-
final,27997.940289,1.5,74,1,19,-1,0.5,-0.5,-1.5,-,X2Pi
final,28002.883629,1.5,75,4,4,0,0.5,-0.5,-0.5,-,B2Sigma-
final,28011.650511,1.5,76,2,14,0,1.5,-0.5,-0.5,-,a4Sigma-
final,28017.06962,1.5,77,2,14,0,1.5,-1.5,-1.5,-,a4Sigma-
final,28021.139308,1.5,78,1,20,-1,0.5,0.5,-0.5,-,X2Pi
final,28033.838996,1.5,79,1,20,-1,0.5,-0.5,-1.5,-,X2Pi
final,28046.470675,1.5,80,4,5,0,0.5,-0.5,-0.5,-,B2Sigma-
final,28053.322236,1.5,81,2,15,0,1.5,-0.5,-0.5,-,a4Sigma-
final,28059.737836,1.5,82,2,15,0,1.5,-1.5,-1.5,-,a4Sigma-
final,28071.915767,1.5,83,1,21,-1,0.5,0.5,-0.5,-,X2Pi
final,28087.447354,1.5,84,1,21,-1,0.5,-0.5,-1.5,-,X2Pi
final,28101.780861,1.5,85,4,6,0,0.5,-0.5,-0.5,-,B2Sigma-
final,28106.686311,1.5,86,2,16,0,1.5,-0.5,-0.5,-,a4Sigma-
final,28113.593108,1.5,87,2,16,0,1.5,-1.5,-1.5,-,a4Sigma-
final,28138.687113,1.5,88,1,22,-1,0.5,0.5,-0.5,-,X2Pi
final,28155.784025,1.5,89,1,22,-1,0.5,-0.5,-1.5,-,X2Pi
final,28167.769368,1.5,90,4,7,0,0.5,-0.5,-0.5,-,B2Sigma-
final,28171.445646,1.5,91,2,17,0,1.5,-0.5,-0.5,-,a4Sigma-
final,28178.600956,1.5,92,2,17,0,1.5,-1.5,-1.5,-,a4Sigma-
final,28218.813155,1.5,93,1,23,-1,0.5,0.5,-0.5,-,X2Pi
final,28236.884793,1.5,94,1,23,-1,0.5,-0.5,-1.5,-,X2Pi
final,28244.219993,1.5,95,4,8,0,0.5,-0.5,-0.5,-,B2Sigma-
final,28247.500894,1.5,96,2,18,0,1.5,-0.5,-0.5,-,a4Sigma-
final,28254.589082,1.5,97,2,18,0,1.5,-1.5,-1.5,-,a4Sigma-
final,28310.258978,1.5,98,1,24,-1,0.5,0.5,-0.5,-,X2Pi
final,28327.628391,1.5,99,2,19,0,1.5,-1.5,-1.5,-,a4Sigma-
final,28332.118394,1.5,100,4,9,0,0.5,-0.5,-0.5,-,B2Sigma-
final,28335.315471,1.5,101,2,19,0,1.5,-0.5,-0.5,-,a4Sigma-
final,28341.970882,1.5,102,1,24,-1,0.5,-0.5,-1.5,-,X2Pi
final,28410.476925,1.5,103,4,10,0,0.5,-0.5,-0.5,-,B2Sigma-
final,28424.955229,1.5,104,2,20,0,1.5,-1.5,-1.5,-,a4Sigma-
final,28431.90679,1.5,105,1,25,-1,0.5,0.5,-0.5,-,X2Pi
final,28434.84743,1.5,106,2,20,0,1.5,-0.5,-0.5,-,a4Sigma-
final,28443.500236,1.5,107,1,25,-1,0.5,-0.5,-1.5,-,X2Pi
final,28517.113982,1.5,108,4,11,0,0.5,-0.5,-0.5,-,B2Sigma-
final,28526.398033,1.5,109,3,2,-2,0.5,0.5,-1.5,-,A2Delta
final,28531.154838,1.5,110,2,21,0,1.5,-1.5,-1.5,-,a4Sigma-
final,28539.883266,1.5,111,2,21,0,1.5,-0.5,-0.5,-,a4Sigma-
final,28547.359013,1.5,112,1,26,-1,0.5,0.5,-0.5,-,X2Pi
final,28559.612723,1.5,113,1,26,-1,0.5,-0.5,-1.5,-,X2Pi
final,28629.630156,1.5,114,4,12,0,0.5,-0.5,-0.5,-,B2Sigma-
final,28646.766047,1.5,115,2,22,0,1.5,-1.5,-1.5,-,a4Sigma-
final,28656.044983,1.5,116,2,22,0,1.5,-0.5,-0.5,-,a4Sigma-
final,28673.300765,1.5,117,1,27,-1,0.5,0.5,-0.5,-,X2Pi
final,28687.599536,1.5,118,1,27,-1,0.5,-0.5,-1.5,-,X2Pi
final,28741.443056,1.5,119,4,13,0,0.5,-0.5,-0.5,-,B2Sigma-
final,28771.735262,1.5,120,2,23,0,1.5,-0.5,-0.5,-,a4Sigma-
final,28781.343408,1.5,121,2,23,0,1.5,-1.5,-1.5,-,a4Sigma-
final,28782.942296,1.5,122,4,14,0,0.5,-0.5,-0.5,-,B2Sigma-
final,28811.975564,1.5,123,1,28,-1,0.5,0.5,-0.5,-,X2Pi
final,28826.439142,1.5,124,1,28,-1,0.5,-0.5,-1.5,-,X2Pi
final,28884.714534,1.5,125,4,15,0,0.5,-0.5,-0.5,-,B2Sigma-
final,28905.972241,1.5,126,2,24,0,1.5,-0.5,-0.5,-,a4Sigma-
final,28915.89712,1.5,127,2,24,0,1.5,-1.5,-1.5,-,a4Sigma-
final,28959.656753,1.5,128,1,29,-1,0.5,0.5,-0.5,-,X2Pi
final,28975.755038,1.5,129,1,29,-1,0.5,-0.5,-1.5,-,X2Pi
final,29018.049988,1.5,130,4,16,0,0.5,-0.5,-0.5,-,B2Sigma-
final,29049.430862,1.5,131,2,25,0,1.5,-0.5,-0.5,-,a4Sigma-
final,29059.641163,1.5,132,2,25,0,1.5,-1.5,-1.5,-,a4Sigma-
final,29155.860036,1.5,133,4,17,0,0.5,-0.5,-0.5,-,B2Sigma-
final,29201.538253,1.5,134,2,26,0,1.5,-0.5,-0.5,-,a4Sigma-
final,29212.037701,1.5,135,2,26,0,1.5,-1.5,-1.5,-,a4Sigma-
final,29300.03863,1.5,136,4,18,0,0.5,-0.5,-0.5,-,B2Sigma-
final,29362.757785,1.5,137,2,27,0,1.5,-0.5,-0.5,-,a4Sigma-
final,29373.505955,1.5,138,2,27,0,1.5,-1.5,-1.5,-,a4Sigma-
final,29447.232594,1.5,139,4,19,0,0.5,-0.5,-0.5,-,B2Sigma-
final,29532.790172,1.5,140,2,28,0,1.5,-0.5,-0.5,-,a4Sigma-
final,29543.78095,1.5,141,2,28,0,1.5,-1.5,-1.5,-,a4Sigma-
final,29596.550198,1.5,142,4,20,0,0.5,-0.5,-0.5,-,B2Sigma-
final,29711.520854,1.5,143,2,29,0,1.5,-0.5,-0.5,-,a4Sigma-
final,29722.746454,1.5,144,2,29,0,1.5,-1.5,-1.5,-,a4Sigma-
final,29749.80627,1.5,145,4,21,0,0.5,-0.5,-0.5,-,B2Sigma-
final,29898.858048,1.5,146,2,30,0,1.5,-0.5,-0.5,-,a4Sigma-
final,29910.31079,1.5,147,2,30,0,1.5,-1.5,-1.5,-,a4Sigma-
final,29910.830135,1.5,148,4,22,0,0.5,-0.5,-0.5,-,B2Sigma-
final,30081.912629,1.5,149,4,23,0,0.5,-0.5,-0.5,-,B2Sigma-
final,30094.715555,1.5,150,2,31,0,1.5,-0.5,-0.5,-,a4Sigma-
final,30106.388907,1.5,151,2,31,0,1.5,-1.5,-1.5,-,a4Sigma-
final,30262.87868,1.5,152,4,24,0,0.5,-0.5,-0.5,-,B2Sigma-
final,30299.010304,1.5,153,2,32,0,1.5,-0.5,-0.5,-,a4Sigma-
final,30310.898299,1.5,154,2,32,0,1.5,-1.5,-1.5,-,a4Sigma-
final,30452.665687,1.5,155,4,25,0,0.5,-0.5,-0.5,-,B2Sigma-
final,30511.664671,1.5,156,2,33,0,1.5,-0.5,-0.5,-,a4Sigma-
final,30523.761862,1.5,157,2,33,0,1.5,-1.5,-1.5,-,a4Sigma-
final,30650.36522,1.5,158,4,26,0,0.5,-0.5,-0.5,-,B2Sigma-
final,30732.60679,1.5,159,2,34,0,1.5,-0.5,-0.5,-,a4Sigma-
final,30744.908021,1.5,160,2,34,0,1.5,-1.5,-1.5,-,a4Sigma-
final,30854.963501,1.5,161,3,3,-2,0.5,0.5,-1.5,-,A2Delta
final,30855.450501,1.5,162,4,27,0,0.5,-0.5,-0.5,-,B2Sigma-
final,30961.769801,1.5,163,2,35,0,1.5,-0.5,-0.5,-,a4Sigma-
final,30974.270235,1.5,164,2,35,0,1.5,-1.5,-1.5,-,a4Sigma-
final,31067.723426,1.5,165,4,28,0,0.5,-0.5,-0.5,-,B2Sigma-
final,31199.090842,1.5,166,2,36,0,1.5,-0.5,-0.5,-,a4Sigma-
final,31211.786003,1.5,167,2,36,0,1.5,-1.5,-1.5,-,a4Sigma-
final,31287.19972,1.5,168,4,29,0,0.5,-0.5,-0.5,-,B2Sigma-
final,31444.51028,1.5,169,2,37,0,1.5,-0.5,-0.5,-,a4Sigma-
final,31457.396086,1.5,170,2,37,0,1.5,-1.5,-1.5,-,a4Sigma-
final,31513.986936,1.5,171,4,30,0,0.5,-0.5,-0.5,-,B2Sigma-
final,31697.971496,1.5,172,2,38,0,1.5,-0.5,-0.5,-,a4Sigma-
final,31711.04422,1.5,173,2,38,0,1.5,-1.5,-1.5,-,a4Sigma-
final,31748.186666,1.5,174,4,31,0,0.5,-0.5,-0.5,-,B2Sigma-
final,31805.893978,1.5,175,5,0,0,0.5,-0.5,-0.5,-,C2Sigma+
final,31959.420801,1.5,176,2,39,0,1.5,-0.5,-0.5,-,a4Sigma-
final,31972.677064,1.5,177,2,39,0,1.5,-1.5,-1.5,-,a4Sigma-
final,31989.849848,1.5,178,4,32,0,0.5,-0.5,-0.5,-,B2Sigma-
final,32228.807346,1.5,179,2,40,0,1.5,-0.5,-0.5,-,a4Sigma-
final,32238.960392,1.5,180,4,33,0,0.5,-0.5,-0.5,-,B2Sigma-
final,32242.244134,1.5,181,2,40,0,1.5,-1.5,-1.5,-,a4Sigma-
final,32495.471935,1.5,182,4,34,0,0.5,-0.5,-0.5,-,B2Sigma-
final,32506.082947,1.5,183,2,41,0,1.5,-0.5,-0.5,-,a4Sigma-
final,32519.697593,1.5,184,2,41,0,1.5,-1.5,-1.5,-,a4Sigma-
final,32759.325624,1.5,185,4,35,0,0.5,-0.5,-0.5,-,B2Sigma-
final,32791.201718,1.5,186,2,42,0,1.5,-0.5,-0.5,-,a4Sigma-
final,32804.992155,1.5,187,2,42,0,1.5,-1.5,-1.5,-,a4Sigma-
final,32940.131432,1.5,188,3,4,-2,0.5,0.5,-1.5,-,A2Delta
final,33030.471326,1.5,189,4,36,0,0.5,-0.5,-0.5,-,B2Sigma-
final,33084.119937,1.5,190,2,43,0,1.5,-0.5,-0.5,-,a4Sigma-
final,33098.084874,1.5,191,2,43,0,1.5,-1.5,-1.5,-,a4Sigma-
final,33308.875262,1.5,192,4,37,0,0.5,-0.5,-0.5,-,B2Sigma-
final,33384.795767,1.5,193,2,44,0,1.5,-0.5,-0.5,-,a4Sigma-
final,33398.935007,1.5,194,2,44,0,1.5,-1.5,-1.5,-,a4Sigma-
final,33594.518499,1.5,195,4,38,0,0.5,-0.5,-0.5,-,B2Sigma-
final,33693.189171,1.5,196,2,45,0,1.5,-0.5,-0.5,-,a4Sigma-
final,33707.504741,1.5,197,2,45,0,1.5,-1.5,-1.5,-,a4Sigma-
final,33887.390492,1.5,198,4,39,0,0.5,-0.5,-0.5,-,B2Sigma-
final,34009.261846,1.5,199,2,46,0,1.5,-0.5,-0.5,-,a4Sigma-
final,34023.759659,1.5,200,2,46,0,1.5,-1.5,-1.5,-,a4Sigma-
final,34187.481935,1.5,201,4,40,0,0.5,-0.5,-0.5,-,B2Sigma-
final,34332.977138,1.5,202,2,47,0,1.5,-0.5,-0.5,-,a4Sigma-
final,34347.674363,1.5,203,2,47,0,1.5,-1.5,-1.5,-,a4Sigma-
final,34415.94814,1.5,204,5,1,0,0.5,-0.5,-0.5,-,C2Sigma+
final,34494.784277,1.5,205,4,41,0,0.5,-0.5,-0.5,-,B2Sigma-
final,34664.299937,1.5,206,2,48,0,1.5,-0.5,-0.5,-,a4Sigma-
final,34679.246282,1.5,207,2,48,0,1.5,-1.5,-1.5,-,a4Sigma-
final,34743.034505,1.5,208,3,5,-2,0.5,0.5,-1.5,-,A2Delta
final,34809.274515,1.5,209,4,42,0,0.5,-0.5,-0.5,-,B2Sigma-
final,35003.196538,1.5,210,2,49,0,1.5,-0.5,-0.5,-,a4Sigma-
final,35018.670156,1.5,211,2,49,0,1.5,-1.5,-1.5,-,a4Sigma-
final,35130.940627,1.5,212,4,43,0,0.5,-0.5,-0.5,-,B2Sigma-
final,35459.763633,1.5,213,4,44,0,0.5,-0.5,-0.5,-,B2Sigma-
final,35795.728175,1.5,214,4,45,0,0.5,-0.5,-0.5,-,B2Sigma-
final,36138.823022,1.5,215,4,46,0,0.5,-0.5,-0.5,-,B2Sigma-
final,36213.224164,1.5,216,3,6,-2,0.5,0.5,-1.5,-,A2Delta
final,36489.047768,1.5,217,4,47,0,0.5,-0.5,-0.5,-,B2Sigma-
final,36783.859931,1.5,218,5,2,0,0.5,-0.5,-0.5,-,C2Sigma+
final,36846.436807,1.5,219,4,48,0,0.5,-0.5,-0.5,-,B2Sigma-
final,37001.136499,1.5,220,5,3,0,0.5,-0.5,-0.5,-,C2Sigma+
final,37075.823342,1.5,221,5,4,0,0.5,-0.5,-0.5,-,C2Sigma+
final,37156.102414,1.5,222,5,5,0,0.5,-0.5,-0.5,-,C2Sigma+
final,37211.250975,1.5,223,4,49,0,0.5,-0.5,-0.5,-,B2Sigma-
final,37243.211247,1.5,224,5,6,0,0.5,-0.5,-0.5,-,C2Sigma+
final,37284.92989,1.5,225,3,7,-2,0.5,0.5,-1.5,-,A2Delta
final,37337.323109,1.5,226,5,7,0,0.5,-0.5,-0.5,-,C2Sigma+
final,37438.365891,1.5,227,5,8,0,0.5,-0.5,-0.5,-,C2Sigma+
final,37546.198284,1.5,228,5,9,0,0.5,-0.5,-0.5,-,C2Sigma+
final,37660.666182,1.5,229,5,10,0,0.5,-0.5,-0.5,-,C2Sigma+
final,37781.624499,1.5,230,5,11,0,0.5,-0.5,-0.5,-,C2Sigma+
final,37872.260471,1.5,231,3,8,-2,0.5,0.5,-1.5,-,A2Delta
final,37908.945752,1.5,232,5,12,0,0.5,-0.5,-0.5,-,C2Sigma+
final,37961.48548,1.5,233,3,9,-2,0.5,0.5,-1.5,-,A2Delta
final,37980.455351,1.5,234,3,10,-2,0.5,0.5,-1.5,-,A2Delta
final,38011.440439,1.5,235,3,11,-2,0.5,0.5,-1.5,-,A2Delta
final,38042.521625,1.5,236,5,13,0,0.5,-0.5,-0.5,-,C2Sigma+
final,38053.628023,1.5,237,3,12,-2,0.5,0.5,-1.5,-,A2Delta
final,38106.445594,1.5,238,3,13,-2,0.5,0.5,-1.5,-,A2Delta
final,38169.476944,1.5,239,3,14,-2,0.5,0.5,-1.5,-,A2Delta
final,38182.261152,1.5,240,5,14,0,0.5,-0.5,-0.5,-,C2Sigma+
final,38242.403701,1.5,241,3,15,-2,0.5,0.5,-1.5,-,A2Delta
final,38324.970018,1.5,242,3,16,-2,0.5,0.5,-1.5,-,A2Delta
final,38328.088911,1.5,243,5,15,0,0.5,-0.5,-0.5,-,C2Sigma+
final,38416.962538,1.5,244,3,17,-2,0.5,0.5,-1.5,-,A2Delta
final,38479.925898,1.5,245,5,16,0,0.5,-0.5,-0.5,-,C2Sigma+
final,38518.198597,1.5,246,3,18,-2,0.5,0.5,-1.5,-,A2Delta
final,38628.518805,1.5,247,3,19,-2,0.5,0.5,-1.5,-,A2Delta
final,38637.679017,1.5,248,5,17,0,0.5,-0.5,-0.5,-,C2Sigma+
final,38747.782096,1.5,249,3,20,-2,0.5,0.5,-1.5,-,A2Delta
final,38799.570831,1.5,250,5,18,0,0.5,-0.5,-0.5,-,C2Sigma+
final,38804.536956,1.5,251,5,19,0,0.5,-0.5,-0.5,-,C2Sigma+
final,38875.862102,1.5,252,3,21,-2,0.5,0.5,-1.5,-,A2Delta
final,38970.532625,1.5,253,5,20,0,0.5,-0.5,-0.5,-,C2Sigma+
final,39012.639763,1.5,254,3,22,-2,0.5,0.5,-1.5,-,A2Delta
final,39145.046932,1.5,255,5,21,0,0.5,-0.5,-0.5,-,C2Sigma+
final,39158.005434,1.5,256,3,23,-2,0.5,0.5,-1.5,-,A2Delta
final,39311.891478,1.5,257,3,24,-2,0.5,0.5,-1.5,-,A2Delta
final,39324.34147,1.5,258,5,22,0,0.5,-0.5,-0.5,-,C2Sigma+
final,39474.192294,1.5,259,3,25,-2,0.5,0.5,-1.5,-,A2Delta
final,39507.311935,1.5,260,5,23,0,0.5,-0.5,-0.5,-,C2Sigma+
final,39644.827936,1.5,261,3,26,-2,0.5,0.5,-1.5,-,A2Delta
final,39691.602119,1.5,262,5,24,0,0.5,-0.5,-0.5,-,C2Sigma+
final,39823.72474,1.5,263,3,27,-2,0.5,0.5,-1.5,-,A2Delta
final,39872.227681,1.5,264,5,25,0,0.5,-0.5,-0.5,-,C2Sigma+
final,40010.811799,1.5,265,3,28,-2,0.5,0.5,-1.5,-,A2Delta
final,40043.256108,1.5,266,5,26,0,0.5,-0.5,-0.5,-,C2Sigma+
final,40206.022567,1.5,267,3,29,-2,0.5,0.5,-1.5,-,A2Delta
final,40212.672022,1.5,268,5,27,0,0.5,-0.5,-0.5,-,C2Sigma+
final,40398.450491,1.5,269,5,28,0,0.5,-0.5,-0.5,-,C2Sigma+
final,40409.295743,1.5,270,3,30,-2,0.5,0.5,-1.5,-,A2Delta
final,40601.971029,1.5,271,5,29,0,0.5,-0.5,-0.5,-,C2Sigma+
final,40620.574048,1.5,272,3,31,-2,0.5,0.5,-1.5,-,A2Delta
final,40817.774436,1.5,273,5,30,0,0.5,-0.5,-0.5,-,C2Sigma+
final,40839.802943,1.5,274,3,32,-2,0.5,0.5,-1.5,-,A2Delta
final,41042.692101,1.5,275,5,31,0,0.5,-0.5,-0.5,-,C2Sigma+
final,41066.93048,1.5,276,3,33,-2,0.5,0.5,-1.5,-,A2Delta
final,41275.432957,1.5,277,5,32,0,0.5,-0.5,-0.5,-,C2Sigma+
final,41301.907681,1.5,278,3,34,-2,0.5,0.5,-1.5,-,A2Delta
final,41515.570727,1.5,279,5,33,0,0.5,-0.5,-0.5,-,C2Sigma+
final,41544.688511,1.5,280,3,35,-2,0.5,0.5,-1.5,-,A2Delta
final,41763.049916,1.5,281,5,34,0,0.5,-0.5,-0.5,-,C2Sigma+
final,41795.229348,1.5,282,3,36,-2,0.5,0.5,-1.5,-,A2Delta
final,42017.947696,1.5,283,5,35,0,0.5,-0.5,-0.5,-,C2Sigma+
final,42053.488472,1.5,284,3,37,-2,0.5,0.5,-1.5,-,A2Delta
final,42280.354641,1.5,285,5,36,0,0.5,-0.5,-0.5,-,C2Sigma+
final,42319.42593,1.5,286,3,38,-2,0.5,0.5,-1.5,-,A2Delta
final,42550.323732,1.5,287,5,37,0,0.5,-0.5,-0.5,-,C2Sigma+
final,42593.003636,1.5,288,3,39,-2,0.5,0.5,-1.5,-,A2Delta
final,42827.860089,1.5,289,5,38,0,0.5,-0.5,-0.5,-,C2Sigma+
final,42874.185387,1.5,290,3,40,-2,0.5,0.5,-1.5,-,A2Delta
final,43112.930996,1.5,291,5,39,0,0.5,-0.5,-0.5,-,C2Sigma+
final,43162.936696,1.5,292,3,41,-2,0.5,0.5,-1.5,-,A2Delta
final,43405.482172,1.5,293,5,40,0,0.5,-0.5,-0.5,-,C2Sigma+
final,43459.224536,1.5,294,3,42,-2,0.5,0.5,-1.5,-,A2Delta
final,43705.452564,1.5,295,5,41,0,0.5,-0.5,-0.5,-,C2Sigma+
final,43763.017175,1.5,296,3,43,-2,0.5,0.5,-1.5,-,A2Delta
final,44012.784048,1.5,297,5,42,0,0.5,-0.5,-0.5,-,C2Sigma+
final,44074.284116,1.5,298,3,44,-2,0.5,0.5,-1.5,-,A2Delta
final,44327.421358,1.5,299,5,43,0,0.5,-0.5,-0.5,-,C2Sigma+
final,44392.996223,1.5,300,3,45,-2,0.5,0.5,-1.5,-,A2Delta
final,44649.332965,1.5,301,5,44,0,0.5,-0.5,-0.5,-,C2Sigma+
final,44719.125797,1.5,302,3,46,-2,0.5,0.5,-1.5,-,A2Delta
final,44978.490561,1.5,303,5,45,0,0.5,-0.5,-0.5,-,C2Sigma+
final,45052.647125,1.5,304,3,47,-2,0.5,0.5,-1.5,-,A2Delta
final,45314.865938,1.5,305,5,46,0,0.5,-0.5,-0.5,-,C2Sigma+
final,45393.537905,1.5,306,3,48,-2,0.5,0.5,-1.5,-,A2Delta
final,45658.437164,1.5,307,5,47,0,0.5,-0.5,-0.5,-,C2Sigma+
final,45741.795568,1.5,308,3,49,-2,0.5,0.5,-1.5,-,A2Delta
final,46009.190282,1.5,309,5,48,0,0.5,-0.5,-0.5,-,C2Sigma+
final,46367.134925,1.5,310,5,49,0,0.5,-0.5,-0.5,-,C2Sigma+
final,73.312695,2.5,1,1,0,1,0.5,-0.5,0.5,+,X2Pi
final,153.196003,2.5,2,1,0,1,0.5,0.5,1.5,+,X2Pi
final,2803.040774,2.5,3,1,1,1,0.5,-0.5,0.5,+,X2Pi
final,2879.941282,2.5,4,1,1,1,0.5,0.5,1.5,+,X2Pi
final,5406.84199,2.5,5,1,2,1,0.5,-0.5,0.5,+,X2Pi
final,5480.811723,2.5,6,1,2,1,0.5,0.5,1.5,+,X2Pi
final,6127.154229,2.5,7,2,0,0,1.5,0.5,0.5,+,a4Sigma-
final,6274.970972,2.5,8,2,0,0,1.5,1.5,1.5,+,a4Sigma-
final,7885.637905,2.5,9,1,3,1,0.5,-0.5,0.5,+,X2Pi
final,7956.738158,2.5,10,1,3,1,0.5,0.5,1.5,+,X2Pi
final,9085.352969,2.5,11,2,1,0,1.5,0.5,0.5,+,a4Sigma-
final,9227.845101,2.5,12,2,1,0,1.5,1.5,1.5,+,a4Sigma-
final,10241.279982,2.5,13,1,4,1,0.5,-0.5,0.5,+,X2Pi
final,10309.556842,2.5,14,1,4,1,0.5,0.5,1.5,+,X2Pi
final,11892.824633,2.5,15,2,2,0,1.5,0.5,0.5,+,a4Sigma-
final,12029.629793,2.5,16,2,2,0,1.5,1.5,1.5,+,a4Sigma-
final,12473.346447,2.5,17,1,5,1,0.5,-0.5,0.5,+,X2Pi
final,12538.80089,2.5,18,1,5,1,0.5,0.5,1.5,+,X2Pi
final,14548.763305,2.5,19,2,3,0,1.5,0.5,0.5,+,a4Sigma-
final,14578.911873,2.5,20,1,6,1,0.5,-0.5,0.5,+,X2Pi
final,14641.478249,2.5,21,1,6,1,0.5,0.5,1.5,+,X2Pi
final,14679.617295,2.5,22,2,3,0,1.5,1.5,1.5,+,a4Sigma-
final,16553.148011,2.5,23,1,7,1,0.5,-0.5,0.5,+,X2Pi
final,16612.734618,2.5,24,1,7,1,0.5,0.5,1.5,+,X2Pi
final,17039.311053,2.5,25,2,4,0,1.5,0.5,0.5,+,a4Sigma-
final,17163.689826,2.5,26,2,4,0,1.5,1.5,1.5,+,a4Sigma-
final,18390.061206,2.5,27,1,8,1,0.5,-0.5,0.5,+,X2Pi
final,18446.593633,2.5,28,1,8,1,0.5,0.5,1.5,+,X2Pi
final,19341.987714,2.5,29,2,5,0,1.5,0.5,0.5,+,a4Sigma-
final,19459.1251,2.5,30,2,5,0,1.5,1.5,1.5,+,a4Sigma-
final,20083.189392,2.5,31,1,9,1,0.5,-0.5,0.5,+,X2Pi
final,20136.564422,2.5,32,1,9,1,0.5,0.5,1.5,+,X2Pi
final,21429.887293,2.5,33,2,6,0,1.5,0.5,0.5,+,a4Sigma-
final,21538.806219,2.5,34,2,6,0,1.5,1.5,1.5,+,a4Sigma-
final,21626.00305,2.5,35,1,10,1,0.5,-0.5,0.5,+,X2Pi
final,21676.102102,2.5,36,1,10,1,0.5,0.5,1.5,+,X2Pi
final,23012.245932,2.5,37,1,11,1,0.5,-0.5,0.5,+,X2Pi
final,23058.941609,2.5,38,1,11,1,0.5,0.5,1.5,+,X2Pi
final,23245.901049,2.5,39,3,0,2,0.5,0.5,2.5,+,A2Delta
final,23274.473068,2.5,40,2,7,0,1.5,0.5,0.5,+,a4Sigma-
final,23334.564644,2.5,41,3,0,2,0.5,-0.5,1.5,+,A2Delta
final,23373.996025,2.5,42,2,7,0,1.5,1.5,1.5,+,a4Sigma-
final,24236.192851,2.5,43,1,12,1,0.5,-0.5,0.5,+,X2Pi
final,24279.351575,2.5,44,1,12,1,0.5,0.5,1.5,+,X2Pi
final,24847.500601,2.5,45,2,8,0,1.5,0.5,0.5,+,a4Sigma-
final,24936.236772,2.5,46,2,8,0,1.5,1.5,1.5,+,a4Sigma-
final,25292.824037,2.5,47,1,13,1,0.5,-0.5,0.5,+,X2Pi
final,25332.292614,2.5,48,1,13,1,0.5,0.5,1.5,+,X2Pi
final,25849.624289,2.5,49,4,0,0,0.5,0.5,0.5,+,B2Sigma-
final,25982.304699,2.5,50,3,1,2,0.5,0.5,2.5,+,A2Delta
final,26066.736661,2.5,51,3,1,2,0.5,-0.5,1.5,+,A2Delta
final,26122.70362,2.5,52,2,9,0,1.5,0.5,0.5,+,a4Sigma-
final,26177.940725,2.5,53,1,14,1,0.5,-0.5,0.5,+,X2Pi
final,26198.994646,2.5,54,2,9,0,1.5,1.5,1.5,+,a4Sigma-
final,26213.553039,2.5,55,1,14,1,0.5,0.5,1.5,+,X2Pi
final,26888.2153,2.5,56,1,15,1,0.5,-0.5,0.5,+,X2Pi
final,26919.816282,2.5,57,1,15,1,0.5,0.5,1.5,+,X2Pi
final,27077.473223,2.5,58,2,10,0,1.5,0.5,0.5,+,a4Sigma-
final,27139.235549,2.5,59,2,10,0,1.5,1.5,1.5,+,a4Sigma-
final,27421.168667,2.5,60,1,16,1,0.5,-0.5,0.5,+,X2Pi
final,27448.675726,2.5,61,1,16,1,0.5,0.5,1.5,+,X2Pi
final,27626.748629,2.5,62,4,1,0,0.5,0.5,0.5,+,B2Sigma-
final,27694.479129,2.5,63,2,11,0,1.5,0.5,0.5,+,a4Sigma-
final,27738.641414,2.5,64,2,11,0,1.5,1.5,1.5,+,a4Sigma-
final,27775.008384,2.5,65,1,17,1,0.5,-0.5,0.5,+,X2Pi
final,27798.494428,2.5,66,1,17,1,0.5,0.5,1.5,+,X2Pi
final,27932.552541,2.5,67,4,2,0,0.5,0.5,0.5,+,B2Sigma-
final,27949.969189,2.5,68,1,18,1,0.5,-0.5,0.5,+,X2Pi
final,27962.259632,2.5,69,2,12,0,1.5,0.5,0.5,+,a4Sigma-
final,27966.82652,2.5,70,1,18,1,0.5,0.5,1.5,+,X2Pi
final,27971.24576,2.5,71,4,3,0,0.5,0.5,0.5,+,B2Sigma-
final,27981.212674,2.5,72,2,12,0,1.5,1.5,1.5,+,a4Sigma-
final,27984.422919,2.5,73,2,13,0,1.5,0.5,0.5,+,a4Sigma-
final,27990.107528,2.5,74,1,19,1,0.5,-0.5,0.5,+,X2Pi
final,27992.638852,2.5,75,1,19,1,0.5,0.5,1.5,+,X2Pi
final,28001.97987,2.5,76,2,13,0,1.5,1.5,1.5,+,a4Sigma-
final,28007.088609,2.5,77,4,4,0,0.5,0.5,0.5,+,B2Sigma-
final,28013.7348,2.5,78,2,14,0,1.5,0.5,0.5,+,a4Sigma-
final,28023.079479,2.5,79,2,14,0,1.5,1.5,1.5,+,a4Sigma-
final,28025.493633,2.5,80,1,20,1,0.5,-0.5,0.5,+,X2Pi
final,28038.836745,2.5,81,1,20,1,0.5,0.5,1.5,+,X2Pi
final,28051.293485,2.5,82,4,5,0,0.5,0.5,0.5,+,B2Sigma-
final,28055.536488,2.5,83,2,15,0,1.5,0.5,0.5,+,a4Sigma-
final,28066.40392,2.5,84,2,15,0,1.5,1.5,1.5,+,a4Sigma-
final,28077.064059,2.5,85,1,21,1,0.5,-0.5,0.5,+,X2Pi
final,28093.0524,2.5,86,1,21,1,0.5,0.5,1.5,+,X2Pi
final,28106.737235,2.5,87,4,6,0,0.5,0.5,0.5,+,B2Sigma-
final,28109.244579,2.5,88,2,16,0,1.5,0.5,0.5,+,a4Sigma-
final,28120.78551,2.5,89,2,16,0,1.5,1.5,1.5,+,a4Sigma-
final,28144.40598,2.5,90,1,22,1,0.5,-0.5,0.5,+,X2Pi
final,28161.888677,2.5,91,1,22,1,0.5,0.5,1.5,+,X2Pi
final,28172.417745,2.5,92,4,7,0,0.5,0.5,0.5,+,B2Sigma-
final,28174.747291,2.5,93,2,17,0,1.5,0.5,0.5,+,a4Sigma-
final,28186.247099,2.5,94,2,17,0,1.5,1.5,1.5,+,a4Sigma-
final,28225.018132,2.5,95,1,23,1,0.5,-0.5,0.5,+,X2Pi
final,28243.112416,2.5,96,1,23,1,0.5,0.5,1.5,+,X2Pi
final,28248.792397,2.5,97,2,18,0,1.5,0.5,0.5,+,a4Sigma-
final,28251.605485,2.5,98,4,8,0,0.5,0.5,0.5,+,B2Sigma-
final,28262.6148,2.5,99,2,18,0,1.5,1.5,1.5,+,a4Sigma-
final,28316.928422,2.5,100,1,24,1,0.5,-0.5,0.5,+,X2Pi
final,28332.040134,2.5,101,2,19,0,1.5,1.5,1.5,+,a4Sigma-
final,28338.550235,2.5,102,4,9,0,0.5,0.5,0.5,+,B2Sigma-
final,28340.315785,2.5,103,1,24,1,0.5,0.5,1.5,+,X2Pi
final,28350.163952,2.5,104,2,19,0,1.5,0.5,0.5,+,a4Sigma-
final,28417.557264,2.5,105,4,10,0,0.5,0.5,0.5,+,B2Sigma-
final,28428.399069,2.5,106,2,20,0,1.5,0.5,0.5,+,a4Sigma-
final,28439.252039,2.5,107,1,25,1,0.5,-0.5,0.5,+,X2Pi
final,28441.355482,2.5,108,1,25,1,0.5,0.5,1.5,+,X2Pi
final,28451.317005,2.5,109,2,20,0,1.5,1.5,1.5,+,a4Sigma-
final,28524.487307,2.5,110,4,11,0,0.5,0.5,0.5,+,B2Sigma-
final,28525.159021,2.5,111,3,2,2,0.5,0.5,2.5,+,A2Delta
final,28534.354252,2.5,112,2,21,0,1.5,0.5,0.5,+,a4Sigma-
final,28548.885961,2.5,113,2,21,0,1.5,1.5,1.5,+,a4Sigma-
final,28553.567905,2.5,114,1,26,1,0.5,-0.5,0.5,+,X2Pi
final,28567.498596,2.5,115,1,26,1,0.5,0.5,1.5,+,X2Pi
final,28605.031571,2.5,116,3,2,2,0.5,-0.5,1.5,+,A2Delta
final,28637.454225,2.5,117,4,12,0,0.5,0.5,0.5,+,B2Sigma-
final,28649.956982,2.5,118,2,22,0,1.5,0.5,0.5,+,a4Sigma-
final,28665.418258,2.5,119,2,22,0,1.5,1.5,1.5,+,a4Sigma-
final,28680.093972,2.5,120,1,27,1,0.5,-0.5,0.5,+,X2Pi
final,28695.832088,2.5,121,1,27,1,0.5,0.5,1.5,+,X2Pi
final,28754.613228,2.5,122,4,13,0,0.5,0.5,0.5,+,B2Sigma-
final,28774.99189,2.5,123,2,23,0,1.5,0.5,0.5,+,a4Sigma-
final,28791.059858,2.5,124,2,23,0,1.5,1.5,1.5,+,a4Sigma-
final,28816.320476,2.5,125,1,28,1,0.5,-0.5,0.5,+,X2Pi
final,28828.736283,2.5,126,4,14,0,0.5,0.5,0.5,+,B2Sigma-
final,28835.116808,2.5,127,1,28,1,0.5,0.5,1.5,+,X2Pi
final,28896.297214,2.5,128,4,15,0,0.5,0.5,0.5,+,B2Sigma-
final,28909.300103,2.5,129,2,24,0,1.5,0.5,0.5,+,a4Sigma-
final,28925.883479,2.5,130,2,24,0,1.5,1.5,1.5,+,a4Sigma-
final,28967.475292,2.5,131,1,29,1,0.5,-0.5,0.5,+,X2Pi
final,28985.38808,2.5,132,1,29,1,0.5,0.5,1.5,+,X2Pi
final,29027.478083,2.5,133,4,16,0,0.5,0.5,0.5,+,B2Sigma-
final,29052.820521,2.5,134,2,25,0,1.5,0.5,0.5,+,a4Sigma-
final,29069.90304,2.5,135,2,25,0,1.5,1.5,1.5,+,a4Sigma-
final,29165.958574,2.5,136,4,17,0,0.5,0.5,0.5,+,B2Sigma-
final,29205.032343,2.5,137,2,26,0,1.5,0.5,0.5,+,a4Sigma-
final,29222.557834,2.5,138,2,26,0,1.5,1.5,1.5,+,a4Sigma-
final,29311.117139,2.5,139,4,18,0,0.5,0.5,0.5,+,B2Sigma-
final,29366.335807,2.5,140,2,27,0,1.5,0.5,0.5,+,a4Sigma-
final,29384.272606,2.5,141,2,27,0,1.5,1.5,1.5,+,a4Sigma-
final,29459.809527,2.5,142,4,19,0,0.5,0.5,0.5,+,B2Sigma-
final,29536.44913,2.5,143,2,28,0,1.5,0.5,0.5,+,a4Sigma-
final,29554.789384,2.5,144,2,28,0,1.5,1.5,1.5,+,a4Sigma-
final,29610.81865,2.5,145,4,20,0,0.5,0.5,0.5,+,B2Sigma-
final,29715.258401,2.5,146,2,29,0,1.5,0.5,0.5,+,a4Sigma-
final,29733.988858,2.5,147,2,29,0,1.5,1.5,1.5,+,a4Sigma-
final,29765.152883,2.5,148,4,21,0,0.5,0.5,0.5,+,B2Sigma-
final,29902.671662,2.5,149,2,30,0,1.5,0.5,0.5,+,a4Sigma-
final,29921.77978,2.5,150,2,30,0,1.5,1.5,1.5,+,a4Sigma-
final,29926.232146,2.5,151,4,22,0,0.5,0.5,0.5,+,B2Sigma-
final,30096.871142,2.5,152,4,23,0,0.5,0.5,0.5,+,B2Sigma-
final,30098.602871,2.5,153,2,31,0,1.5,0.5,0.5,+,a4Sigma-
final,30118.077935,2.5,154,2,31,0,1.5,1.5,1.5,+,a4Sigma-
final,30277.457267,2.5,155,4,24,0,0.5,0.5,0.5,+,B2Sigma-
final,30302.969115,2.5,156,2,32,0,1.5,0.5,0.5,+,a4Sigma-
final,30322.801798,2.5,157,2,32,0,1.5,1.5,1.5,+,a4Sigma-
final,30467.093046,2.5,158,4,25,0,0.5,0.5,0.5,+,B2Sigma-
final,30515.693212,2.5,159,2,33,0,1.5,0.5,0.5,+,a4Sigma-
final,30535.874563,2.5,160,2,33,0,1.5,1.5,1.5,+,a4Sigma-
final,30664.831292,2.5,161,4,26,0,0.5,0.5,0.5,+,B2Sigma-
final,30736.703363,2.5,162,2,34,0,1.5,0.5,0.5,+,a4Sigma-
final,30757.224937,2.5,163,2,34,0,1.5,1.5,1.5,+,a4Sigma-
final,30853.931307,2.5,164,3,3,2,0.5,0.5,2.5,+,A2Delta
final,30870.063223,2.5,165,4,27,0,0.5,0.5,0.5,+,B2Sigma-
final,30928.760839,2.5,166,3,3,2,0.5,-0.5,1.5,+,A2Delta
final,30965.932781,2.5,167,2,35,0,1.5,0.5,0.5,+,a4Sigma-
final,30986.786764,2.5,168,2,35,0,1.5,1.5,1.5,+,a4Sigma-
final,31082.517966,2.5,169,4,28,0,0.5,0.5,0.5,+,B2Sigma-
final,31203.318674,2.5,170,2,36,0,1.5,0.5,0.5,+,a4Sigma-
final,31224.498002,2.5,171,2,36,0,1.5,1.5,1.5,+,a4Sigma-
final,31302.163633,2.5,172,4,29,0,0.5,0.5,0.5,+,B2Sigma-
final,31448.80152,2.5,173,2,37,0,1.5,0.5,0.5,+,a4Sigma-
final,31470.299915,2.5,174,2,37,0,1.5,1.5,1.5,+,a4Sigma-
final,31529.089261,2.5,175,4,30,0,0.5,0.5,0.5,+,B2Sigma-
final,31702.324818,2.5,176,2,38,0,1.5,0.5,0.5,+,a4Sigma-
final,31724.136703,2.5,177,2,38,0,1.5,1.5,1.5,+,a4Sigma-
final,31763.400193,2.5,178,4,31,0,0.5,0.5,0.5,+,B2Sigma-
final,31862.885563,2.5,179,5,0,0,0.5,0.5,0.5,+,C2Sigma+
final,31963.834991,2.5,180,2,39,0,1.5,0.5,0.5,+,a4Sigma-
final,31985.955565,2.5,181,2,39,0,1.5,1.5,1.5,+,a4Sigma-
final,32005.158538,2.5,182,4,32,0,0.5,0.5,0.5,+,B2Sigma-
final,32233.281283,2.5,183,2,40,0,1.5,0.5,0.5,+,a4Sigma-
final,32254.361452,2.5,184,4,33,0,0.5,0.5,0.5,+,B2Sigma-
final,32255.706597,2.5,185,2,40,0,1.5,1.5,1.5,+,a4Sigma-
final,32510.615332,2.5,186,2,41,0,1.5,0.5,0.5,+,a4Sigma-
final,32510.970243,2.5,187,4,34,0,0.5,0.5,0.5,+,B2Sigma-
final,32533.342819,2.5,188,2,41,0,1.5,1.5,1.5,+,a4Sigma-
final,32774.927447,2.5,189,4,35,0,0.5,0.5,0.5,+,B2Sigma-
final,32795.792122,2.5,190,2,42,0,1.5,0.5,0.5,+,a4Sigma-
final,32818.820088,2.5,191,2,42,0,1.5,1.5,1.5,+,a4Sigma-
final,32939.284077,2.5,192,3,4,2,0.5,0.5,2.5,+,A2Delta
final,33008.350015,2.5,193,3,4,2,0.5,-0.5,1.5,+,A2Delta
final,33046.181951,2.5,194,4,36,0,0.5,0.5,0.5,+,B2Sigma-
final,33088.767272,2.5,195,2,43,0,1.5,0.5,0.5,+,a4Sigma-
final,33112.09744,2.5,196,2,43,0,1.5,1.5,1.5,+,a4Sigma-
final,33324.696308,2.5,197,4,37,0,0.5,0.5,0.5,+,B2Sigma-
final,33389.499365,2.5,198,2,44,0,1.5,0.5,0.5,+,a4Sigma-
final,33413.136933,2.5,199,2,44,0,1.5,1.5,1.5,+,a4Sigma-
final,33610.44892,2.5,200,4,38,0,0.5,0.5,0.5,+,B2Sigma-
final,33697.948657,2.5,201,2,45,0,1.5,0.5,0.5,+,a4Sigma-
final,33721.906874,2.5,202,2,45,0,1.5,1.5,1.5,+,a4Sigma-
final,33903.428414,2.5,203,4,39,0,0.5,0.5,0.5,+,B2Sigma-
final,34014.077319,2.5,204,2,46,0,1.5,0.5,0.5,+,a4Sigma-
final,34038.383877,2.5,205,2,46,0,1.5,1.5,1.5,+,a4Sigma-
final,34203.62604,2.5,206,4,40,0,0.5,0.5,0.5,+,B2Sigma-
final,34337.849987,2.5,207,2,47,0,1.5,0.5,0.5,+,a4Sigma-
final,34362.575881,2.5,208,2,47,0,1.5,1.5,1.5,+,a4Sigma-
final,34469.958452,2.5,209,5,1,0,0.5,0.5,0.5,+,C2Sigma+
final,34511.036052,2.5,210,4,41,0,0.5,0.5,0.5,+,B2Sigma-
final,34669.235111,2.5,211,2,48,0,1.5,0.5,0.5,+,a4Sigma-
final,34694.581376,2.5,212,2,48,0,1.5,1.5,1.5,+,a4Sigma-
final,34742.353502,2.5,213,3,5,2,0.5,0.5,2.5,+,A2Delta
final,34804.585712,2.5,214,3,5,2,0.5,-0.5,1.5,+,A2Delta
final,34825.631196,2.5,215,4,42,0,0.5,0.5,0.5,+,B2Sigma-
final,35008.222341,2.5,216,2,49,0,1.5,0.5,0.5,+,a4Sigma-
final,35035.404086,2.5,217,2,49,0,1.5,1.5,1.5,+,a4Sigma-
final,35147.406799,2.5,218,4,43,0,0.5,0.5,0.5,+,B2Sigma-
final,35476.344677,2.5,219,4,44,0,0.5,0.5,0.5,+,B2Sigma-
final,35812.435122,2.5,220,4,45,0,0.5,0.5,0.5,+,B2Sigma-
final,36155.678471,2.5,221,4,46,0,0.5,0.5,0.5,+,B2Sigma-
final,36212.700361,2.5,222,3,6,2,0.5,0.5,2.5,+,A2Delta
final,36266.448253,2.5,223,3,6,2,0.5,-0.5,1.5,+,A2Delta
final,36506.112395,2.5,224,4,47,0,0.5,0.5,0.5,+,B2Sigma-
final,36834.228326,2.5,225,5,2,0,0.5,0.5,0.5,+,C2Sigma+
final,36863.903623,2.5,226,4,48,0,0.5,0.5,0.5,+,B2Sigma-
final,37002.772575,2.5,227,5,3,0,0.5,0.5,0.5,+,C2Sigma+
final,37077.809032,2.5,228,5,4,0,0.5,0.5,0.5,+,C2Sigma+
final,37158.381863,2.5,229,5,5,0,0.5,0.5,0.5,+,C2Sigma+
final,37230.319007,2.5,230,4,49,0,0.5,0.5,0.5,+,B2Sigma-
final,37245.756824,2.5,231,5,6,0,0.5,0.5,0.5,+,C2Sigma+
final,37284.570445,2.5,232,3,7,2,0.5,0.5,2.5,+,A2Delta
final,37327.037821,2.5,233,3,7,2,0.5,-0.5,1.5,+,A2Delta
final,37340.118684,2.5,234,5,7,0,0.5,0.5,0.5,+,C2Sigma+
final,37441.401607,2.5,235,5,8,0,0.5,0.5,0.5,+,C2Sigma+
final,37549.468159,2.5,236,5,9,0,0.5,0.5,0.5,+,C2Sigma+
final,37664.166743,2.5,237,5,10,0,0.5,0.5,0.5,+,C2Sigma+
final,37785.353908,2.5,238,5,11,0,0.5,0.5,0.5,+,C2Sigma+
final,37872.099677,2.5,239,3,8,2,0.5,0.5,2.5,+,A2Delta
final,37897.073798,2.5,240,3,8,2,0.5,-0.5,1.5,+,A2Delta
final,37912.903218,2.5,241,5,12,0,0.5,0.5,0.5,+,C2Sigma+
final,37961.478002,2.5,242,3,9,2,0.5,0.5,2.5,+,A2Delta
final,37966.137299,2.5,243,3,9,2,0.5,-0.5,1.5,+,A2Delta
final,37980.443273,2.5,244,3,10,2,0.5,0.5,2.5,+,A2Delta
final,37986.354668,2.5,245,3,10,2,0.5,-0.5,1.5,+,A2Delta
final,38011.422297,2.5,246,3,11,2,0.5,0.5,2.5,+,A2Delta
final,38018.176207,2.5,247,3,11,2,0.5,-0.5,1.5,+,A2Delta
final,38046.706967,2.5,248,5,13,0,0.5,0.5,0.5,+,C2Sigma+
final,38053.604238,2.5,249,3,12,2,0.5,0.5,2.5,+,A2Delta
final,38061.008851,2.5,250,3,12,2,0.5,-0.5,1.5,+,A2Delta
final,38106.416693,2.5,251,3,13,2,0.5,0.5,2.5,+,A2Delta
final,38114.349121,2.5,252,3,13,2,0.5,-0.5,1.5,+,A2Delta
final,38169.443331,2.5,253,3,14,2,0.5,0.5,2.5,+,A2Delta
final,38177.824777,2.5,254,3,14,2,0.5,-0.5,1.5,+,A2Delta
final,38186.674752,2.5,255,5,14,0,0.5,0.5,0.5,+,C2Sigma+
final,38242.365669,2.5,256,3,15,2,0.5,0.5,2.5,+,A2Delta
final,38251.144332,2.5,257,3,15,2,0.5,-0.5,1.5,+,A2Delta
final,38324.927785,2.5,258,3,16,2,0.5,0.5,2.5,+,A2Delta
final,38332.731959,2.5,259,5,15,0,0.5,0.5,0.5,+,C2Sigma+
final,38334.067715,2.5,260,3,16,2,0.5,-0.5,1.5,+,A2Delta
final,38416.916263,2.5,261,3,17,2,0.5,0.5,2.5,+,A2Delta
final,38426.39091,2.5,262,3,17,2,0.5,-0.5,1.5,+,A2Delta
final,38484.800524,2.5,263,5,16,0,0.5,0.5,0.5,+,C2Sigma+
final,38518.148396,2.5,264,3,18,2,0.5,0.5,2.5,+,A2Delta
final,38527.93702,2.5,265,3,18,2,0.5,-0.5,1.5,+,A2Delta
final,38628.464764,2.5,266,3,19,2,0.5,0.5,2.5,+,A2Delta
final,38638.550417,2.5,267,3,19,2,0.5,-0.5,1.5,+,A2Delta
final,38642.790988,2.5,268,5,17,0,0.5,0.5,0.5,+,C2Sigma+
final,38747.724275,2.5,269,3,20,2,0.5,0.5,2.5,+,A2Delta
final,38758.092639,2.5,270,3,20,2,0.5,-0.5,1.5,+,A2Delta
final,38806.47358,2.5,271,5,18,0,0.5,0.5,0.5,+,C2Sigma+
final,38847.481291,2.5,272,5,19,0,0.5,0.5,0.5,+,C2Sigma+
final,38875.800623,2.5,273,3,21,2,0.5,0.5,2.5,+,A2Delta
final,38886.439277,2.5,274,3,21,2,0.5,-0.5,1.5,+,A2Delta
final,38976.171076,2.5,275,5,20,0,0.5,0.5,0.5,+,C2Sigma+
final,39012.578773,2.5,276,3,22,2,0.5,0.5,2.5,+,A2Delta
final,39023.472863,2.5,277,3,22,2,0.5,-0.5,1.5,+,A2Delta
final,39150.960095,2.5,278,5,21,0,0.5,0.5,0.5,+,C2Sigma+
final,39157.953935,2.5,279,3,23,2,0.5,0.5,2.5,+,A2Delta
final,39169.088144,2.5,280,3,23,2,0.5,-0.5,1.5,+,A2Delta
final,39311.835979,2.5,281,3,24,2,0.5,0.5,2.5,+,A2Delta
final,39323.211255,2.5,282,3,24,2,0.5,-0.5,1.5,+,A2Delta
final,39330.606254,2.5,283,5,22,0,0.5,0.5,0.5,+,C2Sigma+
final,39474.134081,2.5,284,3,25,2,0.5,0.5,2.5,+,A2Delta
final,39485.741728,2.5,285,3,25,2,0.5,-0.5,1.5,+,A2Delta
final,39514.082122,2.5,286,5,23,0,0.5,0.5,0.5,+,C2Sigma+
final,39644.767423,2.5,287,3,26,2,0.5,0.5,2.5,+,A2Delta
final,39656.59958,2.5,288,3,26,2,0.5,-0.5,1.5,+,A2Delta
final,39699.26461,2.5,289,5,24,0,0.5,0.5,0.5,+,C2Sigma+
final,39823.660978,2.5,290,3,27,2,0.5,0.5,2.5,+,A2Delta
final,39835.711647,2.5,291,3,27,2,0.5,-0.5,1.5,+,A2Delta
final,39881.706241,2.5,292,5,25,0,0.5,0.5,0.5,+,C2Sigma+
final,40010.744459,2.5,293,3,28,2,0.5,0.5,2.5,+,A2Delta
final,40023.007862,2.5,294,3,28,2,0.5,-0.5,1.5,+,A2Delta
final,40055.503376,2.5,295,5,26,0,0.5,0.5,0.5,+,C2Sigma+
final,40205.952119,2.5,296,3,29,2,0.5,0.5,2.5,+,A2Delta
final,40218.422193,2.5,297,3,29,2,0.5,-0.5,1.5,+,A2Delta
final,40225.887861,2.5,298,5,27,0,0.5,0.5,0.5,+,C2Sigma+
final,40409.222452,2.5,299,3,30,2,0.5,0.5,2.5,+,A2Delta
final,40410.427669,2.5,300,5,28,0,0.5,0.5,0.5,+,C2Sigma+
final,40421.893588,2.5,301,3,30,2,0.5,-0.5,1.5,+,A2Delta
final,40612.899775,2.5,302,5,29,0,0.5,0.5,0.5,+,C2Sigma+
final,40620.497659,2.5,303,3,31,2,0.5,0.5,2.5,+,A2Delta
final,40633.365067,2.5,304,3,31,2,0.5,-0.5,1.5,+,A2Delta
final,40828.253026,2.5,305,5,30,0,0.5,0.5,0.5,+,C2Sigma+
final,40839.723184,2.5,306,3,32,2,0.5,0.5,2.5,+,A2Delta
final,40852.782496,2.5,307,3,32,2,0.5,-0.5,1.5,+,A2Delta
final,41053.057585,2.5,308,5,31,0,0.5,0.5,0.5,+,C2Sigma+
final,41066.847453,2.5,309,3,33,2,0.5,0.5,2.5,+,A2Delta
final,41080.09428,2.5,310,3,33,2,0.5,-0.5,1.5,+,A2Delta
final,41285.837061,2.5,311,5,32,0,0.5,0.5,0.5,+,C2Sigma+
final,41301.821688,2.5,312,3,34,2,0.5,0.5,2.5,+,A2Delta
final,41315.25168,2.5,313,3,34,2,0.5,-0.5,1.5,+,A2Delta
final,41526.067546,2.5,314,5,33,0,0.5,0.5,0.5,+,C2Sigma+
final,41544.599676,2.5,315,3,35,2,0.5,0.5,2.5,+,A2Delta
final,41558.208856,2.5,316,3,35,2,0.5,-0.5,1.5,+,A2Delta
final,41773.645083,2.5,317,5,34,0,0.5,0.5,0.5,+,C2Sigma+
final,41795.13753,2.5,318,3,36,2,0.5,0.5,2.5,+,A2Delta
final,41808.922416,2.5,319,3,36,2,0.5,-0.5,1.5,+,A2Delta
final,42028.626931,2.5,320,5,35,0,0.5,0.5,0.5,+,C2Sigma+
final,42053.393495,2.5,321,3,37,2,0.5,0.5,2.5,+,A2Delta
final,42067.350915,2.5,322,3,37,2,0.5,-0.5,1.5,+,A2Delta
final,42291.100257,2.5,323,5,36,0,0.5,0.5,0.5,+,C2Sigma+
final,42319.327794,2.5,324,3,38,2,0.5,0.5,2.5,+,A2Delta
final,42333.45464,2.5,325,3,38,2,0.5,-0.5,1.5,+,A2Delta
final,42561.122569,2.5,326,5,37,0,0.5,0.5,0.5,+,C2Sigma+
final,42592.902495,2.5,327,3,39,2,0.5,0.5,2.5,+,A2Delta
final,42607.195701,2.5,328,3,39,2,0.5,-0.5,1.5,+,A2Delta
final,42838.705657,2.5,329,5,38,0,0.5,0.5,0.5,+,C2Sigma+
final,42874.081386,2.5,330,3,40,2,0.5,0.5,2.5,+,A2Delta
final,42888.538067,2.5,331,3,40,2,0.5,-0.5,1.5,+,A2Delta
final,43123.822495,2.5,332,5,39,0,0.5,0.5,0.5,+,C2Sigma+
final,43162.829867,2.5,333,3,41,2,0.5,0.5,2.5,+,A2Delta
final,43177.447469,2.5,334,3,41,2,0.5,-0.5,1.5,+,A2Delta
final,43416.422381,2.5,335,5,40,0,0.5,0.5,0.5,+,C2Sigma+
final,43459.114822,2.5,336,3,42,2,0.5,0.5,2.5,+,A2Delta
final,43473.89114,2.5,337,3,42,2,0.5,-0.5,1.5,+,A2Delta
final,43716.445859,2.5,338,5,41,0,0.5,0.5,0.5,+,C2Sigma+
final,43762.904546,2.5,339,3,43,2,0.5,0.5,2.5,+,A2Delta
final,43777.837708,2.5,340,3,43,2,0.5,-0.5,1.5,+,A2Delta
final,44023.834924,2.5,341,5,42,0,0.5,0.5,0.5,+,C2Sigma+
final,44074.168665,2.5,342,3,44,2,0.5,0.5,2.5,+,A2Delta
final,44089.257121,2.5,343,3,44,2,0.5,-0.5,1.5,+,A2Delta
final,44338.533846,2.5,344,5,43,0,0.5,0.5,0.5,+,C2Sigma+
final,44392.878163,2.5,345,3,45,2,0.5,0.5,2.5,+,A2Delta
final,44408.121079,2.5,346,3,45,2,0.5,-0.5,1.5,+,A2Delta
final,44660.511515,2.5,347,5,44,0,0.5,0.5,0.5,+,C2Sigma+
final,44719.00538,2.5,348,3,46,2,0.5,0.5,2.5,+,A2Delta
final,44734.403378,2.5,349,3,46,2,0.5,-0.5,1.5,+,A2Delta
final,44989.739382,2.5,350,5,45,0,0.5,0.5,0.5,+,C2Sigma+
final,45052.524642,2.5,351,3,47,2,0.5,0.5,2.5,+,A2Delta
final,45068.082632,2.5,352,3,47,2,0.5,-0.5,1.5,+,A2Delta
final,45326.192996,2.5,353,5,46,0,0.5,0.5,0.5,+,C2Sigma+
final,45393.41381,2.5,354,3,48,2,0.5,0.5,2.5,+,A2Delta
final,45409.149132,2.5,355,3,48,2,0.5,-0.5,1.5,+,A2Delta
final,45669.861603,2.5,356,5,47,0,0.5,0.5,0.5,+,C2Sigma+
final,45741.672015,2.5,357,3,49,2,0.5,0.5,2.5,+,A2Delta
final,45757.686847,2.5,358,3,49,2,0.5,-0.5,1.5,+,A2Delta
final,46020.76936,2.5,359,5,48,0,0.5,0.5,0.5,+,C2Sigma+
final,46379.198077,2.5,360,5,49,0,0.5,0.5,0.5,+,C2Sigma+
final,73.152177,2.5,1,1,0,-1,0.5,-0.5,-1.5,-,X2Pi
final,153.686882,2.5,2,1,0,-1,0.5,0.5,-0.5,-,X2Pi
final,2802.884334,2.5,3,1,1,-1,0.5,0.5,-0.5,-,X2Pi
final,2880.403114,2.5,4,1,1,-1,0.5,-0.5,-1.5,-,X2Pi
final,5406.690915,2.5,5,1,2,-1,0.5,0.5,-0.5,-,X2Pi
final,5481.244856,2.5,6,1,2,-1,0.5,-0.5,-1.5,-,X2Pi
final,6186.330185,2.5,7,2,0,0,1.5,-1.5,-1.5,-,a4Sigma-
final,6392.995448,2.5,8,2,0,0,1.5,-0.5,-0.5,-,a4Sigma-
final,7885.496073,2.5,9,1,3,-1,0.5,0.5,-0.5,-,X2Pi
final,7957.138375,2.5,10,1,3,-1,0.5,-0.5,-1.5,-,X2Pi
final,9142.398993,2.5,11,2,1,0,1.5,-1.5,-1.5,-,a4Sigma-
final,9341.609328,2.5,12,2,1,0,1.5,-0.5,-0.5,-,a4Sigma-
final,10241.154438,2.5,13,1,4,-1,0.5,0.5,-0.5,-,X2Pi
final,10309.916088,2.5,14,1,4,-1,0.5,-0.5,-1.5,-,X2Pi
final,11947.595445,2.5,15,2,2,0,1.5,-1.5,-1.5,-,a4Sigma-
final,12138.846116,2.5,16,2,2,0,1.5,-0.5,-0.5,-,a4Sigma-
final,12473.2401,2.5,17,1,5,-1,0.5,0.5,-0.5,-,X2Pi
final,12539.114336,2.5,18,1,5,-1,0.5,-0.5,-1.5,-,X2Pi
final,14578.802088,2.5,19,1,6,-1,0.5,0.5,-0.5,-,X2Pi
final,14601.154194,2.5,20,2,3,0,1.5,-1.5,-1.5,-,a4Sigma-
final,14641.753915,2.5,21,1,6,-1,0.5,-0.5,-1.5,-,X2Pi
final,14784.069498,2.5,22,2,3,0,1.5,-0.5,-0.5,-,a4Sigma-
final,16553.020443,2.5,23,1,7,-1,0.5,0.5,-0.5,-,X2Pi
final,16612.980535,2.5,24,1,7,-1,0.5,-0.5,-1.5,-,X2Pi
final,17089.112953,2.5,25,2,4,0,1.5,-1.5,-1.5,-,a4Sigma-
final,17262.95371,2.5,26,2,4,0,1.5,-0.5,-0.5,-,a4Sigma-
final,18389.935022,2.5,27,1,8,-1,0.5,0.5,-0.5,-,X2Pi
final,18446.81641,2.5,28,1,8,-1,0.5,-0.5,-1.5,-,X2Pi
final,19388.895171,2.5,29,2,5,0,1.5,-1.5,-1.5,-,a4Sigma-
final,19552.58119,2.5,30,2,5,0,1.5,-0.5,-0.5,-,a4Sigma-
final,20083.070622,2.5,31,1,9,-1,0.5,0.5,-0.5,-,X2Pi
final,20136.768033,2.5,32,1,9,-1,0.5,-0.5,-1.5,-,X2Pi
final,21473.509477,2.5,33,2,6,0,1.5,-1.5,-1.5,-,a4Sigma-
final,21625.667262,2.5,34,2,6,0,1.5,-0.5,-0.5,-,a4Sigma-
final,21625.890756,2.5,35,1,10,-1,0.5,0.5,-0.5,-,X2Pi
final,21676.282966,2.5,36,1,10,-1,0.5,-0.5,-1.5,-,X2Pi
final,23012.133564,2.5,37,1,11,-1,0.5,0.5,-0.5,-,X2Pi
final,23059.103715,2.5,38,1,11,-1,0.5,-0.5,-1.5,-,X2Pi
final,23245.901049,2.5,39,3,0,-2,0.5,-0.5,-2.5,-,A2Delta
final,23314.340386,2.5,40,2,7,0,1.5,-1.5,-1.5,-,a4Sigma-
final,23334.564645,2.5,41,3,0,-2,0.5,0.5,-1.5,-,A2Delta
final,23453.311121,2.5,42,2,7,0,1.5,-0.5,-0.5,-,a4Sigma-
final,24236.077825,2.5,43,1,12,-1,0.5,0.5,-0.5,-,X2Pi
final,24279.493594,2.5,44,1,12,-1,0.5,-0.5,-1.5,-,X2Pi
final,24883.060988,2.5,45,2,8,0,1.5,-1.5,-1.5,-,a4Sigma-
final,25006.876225,2.5,46,2,8,0,1.5,-0.5,-0.5,-,a4Sigma-
final,25292.697207,2.5,47,1,13,-1,0.5,0.5,-0.5,-,X2Pi
final,25332.415892,2.5,48,1,13,-1,0.5,-0.5,-1.5,-,X2Pi
final,25774.029412,2.5,49,4,0,0,0.5,-0.5,-0.5,-,B2Sigma-
final,25982.304699,2.5,50,3,1,-2,0.5,-0.5,-2.5,-,A2Delta
final,26066.736662,2.5,51,3,1,-2,0.5,0.5,-1.5,-,A2Delta
final,26153.298095,2.5,52,2,9,0,1.5,-1.5,-1.5,-,a4Sigma-
final,26177.785714,2.5,53,1,14,-1,0.5,0.5,-0.5,-,X2Pi
final,26213.658953,2.5,54,1,14,-1,0.5,-0.5,-1.5,-,X2Pi
final,26259.607673,2.5,55,2,9,0,1.5,-0.5,-0.5,-,a4Sigma-
final,26887.998096,2.5,56,1,15,-1,0.5,0.5,-0.5,-,X2Pi
final,26919.903893,2.5,57,1,15,-1,0.5,-0.5,-1.5,-,X2Pi
final,27102.277408,2.5,58,2,10,0,1.5,-1.5,-1.5,-,a4Sigma-
final,27188.104753,2.5,59,2,10,0,1.5,-0.5,-0.5,-,a4Sigma-
final,27420.788171,2.5,60,1,16,-1,0.5,0.5,-0.5,-,X2Pi
final,27448.745448,2.5,61,1,16,-1,0.5,-0.5,-1.5,-,X2Pi
final,27559.840754,2.5,62,4,1,0,0.5,-0.5,-0.5,-,B2Sigma-
final,27712.292907,2.5,63,2,11,0,1.5,-1.5,-1.5,-,a4Sigma-
final,27773.131252,2.5,64,2,11,0,1.5,-0.5,-0.5,-,a4Sigma-
final,27773.947063,2.5,65,1,17,-1,0.5,0.5,-0.5,-,X2Pi
final,27798.551443,2.5,66,1,17,-1,0.5,-0.5,-1.5,-,X2Pi
final,27923.451952,2.5,67,4,2,0,0.5,-0.5,-0.5,-,B2Sigma-
final,27948.701054,2.5,68,1,18,-1,0.5,0.5,-0.5,-,X2Pi
final,27964.421985,2.5,69,1,18,-1,0.5,-0.5,-1.5,-,X2Pi
final,27967.502708,2.5,70,4,3,0,0.5,-0.5,-0.5,-,B2Sigma-
final,27972.534137,2.5,71,2,12,0,1.5,-1.5,-1.5,-,a4Sigma-
final,27986.146817,2.5,72,2,13,0,1.5,-1.5,-1.5,-,a4Sigma-
final,27987.791012,2.5,73,1,19,-1,0.5,0.5,-0.5,-,X2Pi
final,27990.684482,2.5,74,2,12,0,1.5,-0.5,-0.5,-,a4Sigma-
final,27999.830092,2.5,75,1,19,-1,0.5,-0.5,-1.5,-,X2Pi
final,28003.723274,2.5,76,2,13,0,1.5,-0.5,-0.5,-,a4Sigma-
final,28006.585211,2.5,77,4,4,0,0.5,-0.5,-0.5,-,B2Sigma-
final,28017.3268,2.5,78,2,14,0,1.5,-1.5,-1.5,-,a4Sigma-
final,28022.343907,2.5,79,1,20,-1,0.5,0.5,-0.5,-,X2Pi
final,28032.099735,2.5,80,2,14,0,1.5,-0.5,-0.5,-,a4Sigma-
final,28039.027641,2.5,81,1,20,-1,0.5,-0.5,-1.5,-,X2Pi
final,28050.077322,2.5,82,4,5,0,0.5,-0.5,-0.5,-,B2Sigma-
final,28060.037696,2.5,83,2,15,0,1.5,-1.5,-1.5,-,a4Sigma-
final,28072.19818,2.5,84,1,21,-1,0.5,0.5,-0.5,-,X2Pi
final,28076.120176,2.5,85,2,15,0,1.5,-0.5,-0.5,-,a4Sigma-
final,28093.011134,2.5,86,1,21,-1,0.5,-0.5,-1.5,-,X2Pi
final,28106.027846,2.5,87,4,6,0,0.5,-0.5,-0.5,-,B2Sigma-
final,28114.07924,2.5,88,2,16,0,1.5,-1.5,-1.5,-,a4Sigma-
final,28129.806541,2.5,89,2,16,0,1.5,-0.5,-0.5,-,a4Sigma-
final,28139.601785,2.5,90,1,22,-1,0.5,0.5,-0.5,-,X2Pi
final,28161.807176,2.5,91,1,22,-1,0.5,-0.5,-1.5,-,X2Pi
final,28172.822532,2.5,92,4,7,0,0.5,-0.5,-0.5,-,B2Sigma-
final,28179.345464,2.5,93,2,17,0,1.5,-1.5,-1.5,-,a4Sigma-
final,28195.770904,2.5,94,2,17,0,1.5,-0.5,-0.5,-,a4Sigma-
final,28219.06151,2.5,95,1,23,-1,0.5,0.5,-0.5,-,X2Pi
final,28243.234997,2.5,96,1,23,-1,0.5,-0.5,-1.5,-,X2Pi
final,28250.494508,2.5,97,4,8,0,0.5,-0.5,-0.5,-,B2Sigma-
final,28255.882525,2.5,98,2,18,0,1.5,-1.5,-1.5,-,a4Sigma-
final,28272.330081,2.5,99,2,18,0,1.5,-0.5,-0.5,-,a4Sigma-
final,28309.798404,2.5,100,4,9,0,0.5,-0.5,-0.5,-,B2Sigma-
final,28334.409543,2.5,101,2,19,0,1.5,-1.5,-1.5,-,a4Sigma-
final,28339.706757,2.5,102,1,24,-1,0.5,0.5,-0.5,-,X2Pi
final,28344.972572,2.5,103,1,24,-1,0.5,-0.5,-1.5,-,X2Pi
final,28359.309343,2.5,104,2,19,0,1.5,-0.5,-0.5,-,a4Sigma-
final,28409.582458,2.5,105,4,10,0,0.5,-0.5,-0.5,-,B2Sigma-
final,28432.972239,2.5,106,2,20,0,1.5,-1.5,-1.5,-,a4Sigma-
final,28440.376835,2.5,107,1,25,-1,0.5,0.5,-0.5,-,X2Pi
final,28448.707021,2.5,108,1,25,-1,0.5,-0.5,-1.5,-,X2Pi
final,28456.76038,2.5,109,2,20,0,1.5,-0.5,-0.5,-,a4Sigma-
final,28516.59733,2.5,110,4,11,0,0.5,-0.5,-0.5,-,B2Sigma-
final,28525.159018,2.5,111,3,2,-2,0.5,-0.5,-2.5,-,A2Delta
final,28539.952899,2.5,112,2,21,0,1.5,-1.5,-1.5,-,a4Sigma-
final,28553.336468,2.5,113,1,26,-1,0.5,0.5,-0.5,-,X2Pi
final,28561.498498,2.5,114,2,21,0,1.5,-0.5,-0.5,-,a4Sigma-
final,28568.153609,2.5,115,1,26,-1,0.5,-0.5,-1.5,-,X2Pi
final,28605.031574,2.5,116,3,2,-2,0.5,0.5,-1.5,-,A2Delta
final,28629.889763,2.5,117,4,12,0,0.5,-0.5,-0.5,-,B2Sigma-
final,28656.041866,2.5,118,2,22,0,1.5,-1.5,-1.5,-,a4Sigma-
final,28676.630652,2.5,119,2,22,0,1.5,-0.5,-0.5,-,a4Sigma-
final,28680.829996,2.5,120,1,27,-1,0.5,0.5,-0.5,-,X2Pi
final,28695.913384,2.5,121,1,27,-1,0.5,-0.5,-1.5,-,X2Pi
final,28742.4937,2.5,122,4,13,0,0.5,-0.5,-0.5,-,B2Sigma-
final,28781.33729,2.5,123,2,23,0,1.5,-1.5,-1.5,-,a4Sigma-
final,28782.760401,2.5,124,4,14,0,0.5,-0.5,-0.5,-,B2Sigma-
final,28803.846423,2.5,125,2,23,0,1.5,-0.5,-0.5,-,a4Sigma-
final,28818.422568,2.5,126,1,28,-1,0.5,0.5,-0.5,-,X2Pi
final,28835.116777,2.5,127,1,28,-1,0.5,-0.5,-1.5,-,X2Pi
final,28885.994215,2.5,128,4,15,0,0.5,-0.5,-0.5,-,B2Sigma-
final,28915.954636,2.5,129,2,24,0,1.5,-1.5,-1.5,-,a4Sigma-
final,28939.095076,2.5,130,2,24,0,1.5,-0.5,-0.5,-,a4Sigma-
final,28965.46475,2.5,131,1,29,-1,0.5,0.5,-0.5,-,X2Pi
final,28985.341056,2.5,132,1,29,-1,0.5,-0.5,-1.5,-,X2Pi
final,29020.068804,2.5,133,4,16,0,0.5,-0.5,-0.5,-,B2Sigma-
final,29059.741498,2.5,134,2,25,0,1.5,-1.5,-1.5,-,a4Sigma-
final,29083.478734,2.5,135,2,25,0,1.5,-0.5,-0.5,-,a4Sigma-
final,29155.925394,2.5,136,4,17,0,0.5,-0.5,-0.5,-,B2Sigma-
final,29212.052836,2.5,137,2,26,0,1.5,-1.5,-1.5,-,a4Sigma-
final,29236.582297,2.5,138,2,26,0,1.5,-0.5,-0.5,-,a4Sigma-
final,29300.132728,2.5,139,4,18,0,0.5,-0.5,-0.5,-,B2Sigma-
final,29373.516968,2.5,140,2,27,0,1.5,-1.5,-1.5,-,a4Sigma-
final,29398.633706,2.5,141,2,27,0,1.5,-0.5,-0.5,-,a4Sigma-
final,29447.293277,2.5,142,4,19,0,0.5,-0.5,-0.5,-,B2Sigma-
final,29543.792025,2.5,143,2,28,0,1.5,-1.5,-1.5,-,a4Sigma-
final,29569.471109,2.5,144,2,28,0,1.5,-0.5,-0.5,-,a4Sigma-
final,29596.587095,2.5,145,4,20,0,0.5,-0.5,-0.5,-,B2Sigma-
final,29722.756452,2.5,146,2,29,0,1.5,-1.5,-1.5,-,a4Sigma-
final,29748.98254,2.5,147,2,29,0,1.5,-0.5,-0.5,-,a4Sigma-
final,29749.848343,2.5,148,4,21,0,0.5,-0.5,-0.5,-,B2Sigma-
final,29910.31953,2.5,149,2,30,0,1.5,-1.5,-1.5,-,a4Sigma-
final,29910.86213,2.5,150,4,22,0,0.5,-0.5,-0.5,-,B2Sigma-
final,29937.076875,2.5,151,2,30,0,1.5,-0.5,-0.5,-,a4Sigma-
final,30081.937097,2.5,152,4,23,0,0.5,-0.5,-0.5,-,B2Sigma-
final,30106.397408,2.5,153,2,31,0,1.5,-1.5,-1.5,-,a4Sigma-
final,30133.668712,2.5,154,2,31,0,1.5,-0.5,-0.5,-,a4Sigma-
final,30262.904997,2.5,155,4,24,0,0.5,-0.5,-0.5,-,B2Sigma-
final,30310.906801,2.5,156,2,32,0,1.5,-1.5,-1.5,-,a4Sigma-
final,30338.678127,2.5,157,2,32,0,1.5,-0.5,-0.5,-,a4Sigma-
final,30452.689032,2.5,158,4,25,0,0.5,-0.5,-0.5,-,B2Sigma-
final,30523.770313,2.5,159,2,33,0,1.5,-1.5,-1.5,-,a4Sigma-
final,30552.029591,2.5,160,2,33,0,1.5,-0.5,-0.5,-,a4Sigma-
final,30650.383199,2.5,161,4,26,0,0.5,-0.5,-0.5,-,B2Sigma-
final,30744.916236,2.5,162,2,34,0,1.5,-1.5,-1.5,-,a4Sigma-
final,30773.65257,2.5,163,2,34,0,1.5,-0.5,-0.5,-,a4Sigma-
final,30853.931303,2.5,164,3,3,-2,0.5,-0.5,-2.5,-,A2Delta
final,30855.467706,2.5,165,4,27,0,0.5,-0.5,-0.5,-,B2Sigma-
final,30928.760841,2.5,166,3,3,-2,0.5,0.5,-1.5,-,A2Delta
final,30974.278145,2.5,167,2,35,0,1.5,-1.5,-1.5,-,a4Sigma-
final,31003.481365,2.5,168,2,35,0,1.5,-0.5,-0.5,-,a4Sigma-
final,31067.74116,2.5,169,4,28,0,0.5,-0.5,-0.5,-,B2Sigma-
final,31211.793698,2.5,170,2,36,0,1.5,-1.5,-1.5,-,a4Sigma-
final,31241.454326,2.5,171,2,36,0,1.5,-0.5,-0.5,-,a4Sigma-
final,31287.215192,2.5,172,4,29,0,0.5,-0.5,-0.5,-,B2Sigma-
final,31457.403695,2.5,173,2,37,0,1.5,-1.5,-1.5,-,a4Sigma-
final,31487.513394,2.5,174,2,37,0,1.5,-0.5,-0.5,-,a4Sigma-
final,31513.999882,2.5,175,4,30,0,0.5,-0.5,-0.5,-,B2Sigma-
final,31711.05182,2.5,176,2,38,0,1.5,-1.5,-1.5,-,a4Sigma-
final,31741.603565,2.5,177,2,38,0,1.5,-0.5,-0.5,-,a4Sigma-
final,31748.200156,2.5,178,4,31,0,0.5,-0.5,-0.5,-,B2Sigma-
final,31948.129421,2.5,179,5,0,0,0.5,-0.5,-0.5,-,C2Sigma+
final,31972.684649,2.5,180,2,39,0,1.5,-1.5,-1.5,-,a4Sigma-
final,31989.863789,2.5,181,4,32,0,0.5,-0.5,-0.5,-,B2Sigma-
final,32003.673213,2.5,182,2,39,0,1.5,-0.5,-0.5,-,a4Sigma-
final,32238.972098,2.5,183,4,33,0,0.5,-0.5,-0.5,-,B2Sigma-
final,32242.251644,2.5,184,2,40,0,1.5,-1.5,-1.5,-,a4Sigma-
final,32273.673476,2.5,185,2,40,0,1.5,-0.5,-0.5,-,a4Sigma-
final,32495.481988,2.5,186,4,34,0,0.5,-0.5,-0.5,-,B2Sigma-
final,32519.705011,2.5,187,2,41,0,1.5,-1.5,-1.5,-,a4Sigma-
final,32551.559292,2.5,188,2,41,0,1.5,-0.5,-0.5,-,a4Sigma-
final,32759.335141,2.5,189,4,35,0,0.5,-0.5,-0.5,-,B2Sigma-
final,32804.999474,2.5,190,2,42,0,1.5,-1.5,-1.5,-,a4Sigma-
final,32837.288571,2.5,191,2,42,0,1.5,-0.5,-0.5,-,a4Sigma-
final,32939.284077,2.5,192,3,4,-2,0.5,-0.5,-2.5,-,A2Delta
final,33008.350018,2.5,193,3,4,-2,0.5,0.5,-1.5,-,A2Delta
final,33030.481067,2.5,194,4,36,0,0.5,-0.5,-0.5,-,B2Sigma-
final,33098.09213,2.5,195,2,43,0,1.5,-1.5,-1.5,-,a4Sigma-
final,33130.824495,2.5,196,2,43,0,1.5,-0.5,-0.5,-,a4Sigma-
final,33308.884726,2.5,197,4,37,0,0.5,-0.5,-0.5,-,B2Sigma-
final,33398.942239,2.5,198,2,44,0,1.5,-1.5,-1.5,-,a4Sigma-
final,33432.135022,2.5,199,2,44,0,1.5,-0.5,-0.5,-,a4Sigma-
final,33594.527018,2.5,200,4,38,0,0.5,-0.5,-0.5,-,B2Sigma-
final,33707.511966,2.5,201,2,45,0,1.5,-1.5,-1.5,-,a4Sigma-
final,33741.201875,2.5,202,2,45,0,1.5,-0.5,-0.5,-,a4Sigma-
final,33887.398282,2.5,203,4,39,0,0.5,-0.5,-0.5,-,B2Sigma-
final,34023.766848,2.5,204,2,46,0,1.5,-1.5,-1.5,-,a4Sigma-
final,34058.026091,2.5,205,2,46,0,1.5,-0.5,-0.5,-,a4Sigma-
final,34187.489846,2.5,206,4,40,0,0.5,-0.5,-0.5,-,B2Sigma-
final,34347.68144,2.5,207,2,47,0,1.5,-1.5,-1.5,-,a4Sigma-
final,34382.692156,2.5,208,2,47,0,1.5,-0.5,-0.5,-,a4Sigma-
final,34494.787503,2.5,209,4,41,0,0.5,-0.5,-0.5,-,B2Sigma-
final,34550.751481,2.5,210,5,1,0,0.5,-0.5,-0.5,-,C2Sigma+
final,34679.253142,2.5,211,2,48,0,1.5,-1.5,-1.5,-,a4Sigma-
final,34715.542308,2.5,212,2,48,0,1.5,-0.5,-0.5,-,a4Sigma-
final,34742.353501,2.5,213,3,5,-2,0.5,-0.5,-2.5,-,A2Delta
final,34804.585716,2.5,214,3,5,-2,0.5,0.5,-1.5,-,A2Delta
final,34809.282135,2.5,215,4,42,0,0.5,-0.5,-0.5,-,B2Sigma-
final,35018.676685,2.5,216,2,49,0,1.5,-1.5,-1.5,-,a4Sigma-
final,35059.951133,2.5,217,2,49,0,1.5,-0.5,-0.5,-,a4Sigma-
final,35130.947526,2.5,218,4,43,0,0.5,-0.5,-0.5,-,B2Sigma-
final,35459.770054,2.5,219,4,44,0,0.5,-0.5,-0.5,-,B2Sigma-
final,35795.734535,2.5,220,4,45,0,0.5,-0.5,-0.5,-,B2Sigma-
final,36138.829524,2.5,221,4,46,0,0.5,-0.5,-0.5,-,B2Sigma-
final,36212.700361,2.5,222,3,6,-2,0.5,-0.5,-2.5,-,A2Delta
final,36266.448253,2.5,223,3,6,-2,0.5,0.5,-1.5,-,A2Delta
final,36489.054395,2.5,224,4,47,0,0.5,-0.5,-0.5,-,B2Sigma-
final,36846.435691,2.5,225,4,48,0,0.5,-0.5,-0.5,-,B2Sigma-
final,36909.568475,2.5,226,5,2,0,0.5,-0.5,-0.5,-,C2Sigma+
final,37005.220975,2.5,227,5,3,0,0.5,-0.5,-0.5,-,C2Sigma+
final,37080.780178,2.5,228,5,4,0,0.5,-0.5,-0.5,-,C2Sigma+
final,37161.792538,2.5,229,5,5,0,0.5,-0.5,-0.5,-,C2Sigma+
final,37211.257193,2.5,230,4,49,0,0.5,-0.5,-0.5,-,B2Sigma-
final,37249.565798,2.5,231,5,6,0,0.5,-0.5,-0.5,-,C2Sigma+
final,37284.570445,2.5,232,3,7,-2,0.5,-0.5,-2.5,-,A2Delta
final,37327.037821,2.5,233,3,7,-2,0.5,0.5,-1.5,-,A2Delta
final,37344.301841,2.5,234,5,7,0,0.5,-0.5,-0.5,-,C2Sigma+
final,37445.944177,2.5,235,5,8,0,0.5,-0.5,-0.5,-,C2Sigma+
final,37554.361143,2.5,236,5,9,0,0.5,-0.5,-0.5,-,C2Sigma+
final,37669.404894,2.5,237,5,10,0,0.5,-0.5,-0.5,-,C2Sigma+
final,37790.934432,2.5,238,5,11,0,0.5,-0.5,-0.5,-,C2Sigma+
final,37872.099677,2.5,239,3,8,-2,0.5,-0.5,-2.5,-,A2Delta
final,37897.073798,2.5,240,3,8,-2,0.5,0.5,-1.5,-,A2Delta
final,37918.824922,2.5,241,5,12,0,0.5,-0.5,-0.5,-,C2Sigma+
final,37961.478002,2.5,242,3,9,-2,0.5,-0.5,-2.5,-,A2Delta
final,37966.137299,2.5,243,3,9,-2,0.5,0.5,-1.5,-,A2Delta
final,37980.443273,2.5,244,3,10,-2,0.5,-0.5,-2.5,-,A2Delta
final,37986.354668,2.5,245,3,10,-2,0.5,0.5,-1.5,-,A2Delta
final,38011.422297,2.5,246,3,11,-2,0.5,-0.5,-2.5,-,A2Delta
final,38018.176207,2.5,247,3,11,-2,0.5,0.5,-1.5,-,A2Delta
final,38052.969933,2.5,248,5,13,0,0.5,-0.5,-0.5,-,C2Sigma+
final,38053.604238,2.5,249,3,12,-2,0.5,-0.5,-2.5,-,A2Delta
final,38061.008851,2.5,250,3,12,-2,0.5,0.5,-1.5,-,A2Delta
final,38106.416693,2.5,251,3,13,-2,0.5,-0.5,-2.5,-,A2Delta
final,38114.349121,2.5,252,3,13,-2,0.5,0.5,-1.5,-,A2Delta
final,38169.443331,2.5,253,3,14,-2,0.5,-0.5,-2.5,-,A2Delta
final,38177.824777,2.5,254,3,14,-2,0.5,0.5,-1.5,-,A2Delta
final,38193.280016,2.5,255,5,14,0,0.5,-0.5,-0.5,-,C2Sigma+
final,38242.365669,2.5,256,3,15,-2,0.5,-0.5,-2.5,-,A2Delta
final,38251.144332,2.5,257,3,15,-2,0.5,0.5,-1.5,-,A2Delta
final,38324.927785,2.5,258,3,16,-2,0.5,-0.5,-2.5,-,A2Delta
final,38334.067715,2.5,259,3,16,-2,0.5,0.5,-1.5,-,A2Delta
final,38339.680463,2.5,260,5,15,0,0.5,-0.5,-0.5,-,C2Sigma+
final,38416.916263,2.5,261,3,17,-2,0.5,-0.5,-2.5,-,A2Delta
final,38426.390911,2.5,262,3,17,-2,0.5,0.5,-1.5,-,A2Delta
final,38492.095378,2.5,263,5,16,0,0.5,-0.5,-0.5,-,C2Sigma+
final,38518.148396,2.5,264,3,18,-2,0.5,-0.5,-2.5,-,A2Delta
final,38527.93702,2.5,265,3,18,-2,0.5,0.5,-1.5,-,A2Delta
final,38628.464764,2.5,266,3,19,-2,0.5,-0.5,-2.5,-,A2Delta
final,38638.550417,2.5,267,3,19,-2,0.5,0.5,-1.5,-,A2Delta
final,38650.439294,2.5,268,5,17,0,0.5,-0.5,-0.5,-,C2Sigma+
final,38747.724275,2.5,269,3,20,-2,0.5,-0.5,-2.5,-,A2Delta
final,38758.092639,2.5,270,3,20,-2,0.5,0.5,-1.5,-,A2Delta
final,38814.561838,2.5,271,5,18,0,0.5,-0.5,-0.5,-,C2Sigma+
final,38875.800623,2.5,272,3,21,-2,0.5,-0.5,-2.5,-,A2Delta
final,38886.439277,2.5,273,3,21,-2,0.5,0.5,-1.5,-,A2Delta
final,38913.761514,2.5,274,5,19,0,0.5,-0.5,-0.5,-,C2Sigma+
final,38984.661263,2.5,275,5,20,0,0.5,-0.5,-0.5,-,C2Sigma+
final,39012.578773,2.5,276,3,22,-2,0.5,-0.5,-2.5,-,A2Delta
final,39023.472863,2.5,277,3,22,-2,0.5,0.5,-1.5,-,A2Delta
final,39157.953935,2.5,278,3,23,-2,0.5,-0.5,-2.5,-,A2Delta
final,39159.807242,2.5,279,5,21,0,0.5,-0.5,-0.5,-,C2Sigma+
final,39169.088144,2.5,280,3,23,-2,0.5,0.5,-1.5,-,A2Delta
final,39311.835979,2.5,281,3,24,-2,0.5,-0.5,-2.5,-,A2Delta
final,39323.211255,2.5,282,3,24,-2,0.5,0.5,-1.5,-,A2Delta
final,39339.960693,2.5,283,5,22,0,0.5,-0.5,-0.5,-,C2Sigma+
final,39474.134081,2.5,284,3,25,-2,0.5,-0.5,-2.5,-,A2Delta
final,39485.741729,2.5,285,3,25,-2,0.5,0.5,-1.5,-,A2Delta
final,39524.15045,2.5,286,5,23,0,0.5,-0.5,-0.5,-,C2Sigma+
final,39644.767423,2.5,287,3,26,-2,0.5,-0.5,-2.5,-,A2Delta
final,39656.59958,2.5,288,3,26,-2,0.5,0.5,-1.5,-,A2Delta
final,39710.543604,2.5,289,5,24,0,0.5,-0.5,-0.5,-,C2Sigma+
final,39823.660978,2.5,290,3,27,-2,0.5,-0.5,-2.5,-,A2Delta
final,39835.711647,2.5,291,3,27,-2,0.5,0.5,-1.5,-,A2Delta
final,39895.376206,2.5,292,5,25,0,0.5,-0.5,-0.5,-,C2Sigma+
final,40010.744459,2.5,293,3,28,-2,0.5,-0.5,-2.5,-,A2Delta
final,40023.007862,2.5,294,3,28,-2,0.5,0.5,-1.5,-,A2Delta
final,40073.067605,2.5,295,5,26,0,0.5,-0.5,-0.5,-,C2Sigma+
final,40205.952119,2.5,296,3,29,-2,0.5,-0.5,-2.5,-,A2Delta
final,40218.422193,2.5,297,3,29,-2,0.5,0.5,-1.5,-,A2Delta
final,40245.566076,2.5,298,5,27,0,0.5,-0.5,-0.5,-,C2Sigma+
final,40409.222452,2.5,299,3,30,-2,0.5,-0.5,-2.5,-,A2Delta
final,40421.893588,2.5,300,3,30,-2,0.5,0.5,-1.5,-,A2Delta
final,40428.695491,2.5,301,5,28,0,0.5,-0.5,-0.5,-,C2Sigma+
final,40620.497659,2.5,302,3,31,-2,0.5,-0.5,-2.5,-,A2Delta
final,40629.52902,2.5,303,5,29,0,0.5,-0.5,-0.5,-,C2Sigma+
final,40633.365068,2.5,304,3,31,-2,0.5,0.5,-1.5,-,A2Delta
final,40839.723184,2.5,305,3,32,-2,0.5,-0.5,-2.5,-,A2Delta
final,40844.092861,2.5,306,5,30,0,0.5,-0.5,-0.5,-,C2Sigma+
final,40852.782496,2.5,307,3,32,-2,0.5,0.5,-1.5,-,A2Delta
final,41066.847453,2.5,308,3,33,-2,0.5,-0.5,-2.5,-,A2Delta
final,41068.656601,2.5,309,5,31,0,0.5,-0.5,-0.5,-,C2Sigma+
final,41080.094281,2.5,310,3,33,-2,0.5,0.5,-1.5,-,A2Delta
final,41301.456838,2.5,311,5,32,0,0.5,-0.5,-0.5,-,C2Sigma+
final,41301.821688,2.5,312,3,34,-2,0.5,-0.5,-2.5,-,A2Delta
final,41315.25168,2.5,313,3,34,-2,0.5,0.5,-1.5,-,A2Delta
final,41541.810314,2.5,314,5,33,0,0.5,-0.5,-0.5,-,C2Sigma+
final,41544.599676,2.5,315,3,35,-2,0.5,-0.5,-2.5,-,A2Delta
final,41558.208856,2.5,316,3,35,-2,0.5,0.5,-1.5,-,A2Delta
final,41789.531471,2.5,317,5,34,0,0.5,-0.5,-0.5,-,C2Sigma+
final,41795.13753,2.5,318,3,36,-2,0.5,-0.5,-2.5,-,A2Delta
final,41808.922416,2.5,319,3,36,-2,0.5,0.5,-1.5,-,A2Delta
final,42044.641565,2.5,320,5,35,0,0.5,-0.5,-0.5,-,C2Sigma+
final,42053.393495,2.5,321,3,37,-2,0.5,-0.5,-2.5,-,A2Delta
final,42067.350915,2.5,322,3,37,-2,0.5,0.5,-1.5,-,A2Delta
final,42307.218388,2.5,323,5,36,0,0.5,-0.5,-0.5,-,C2Sigma+
final,42319.327794,2.5,324,3,38,-2,0.5,-0.5,-2.5,-,A2Delta
final,42333.45464,2.5,325,3,38,-2,0.5,0.5,-1.5,-,A2Delta
final,42577.323867,2.5,326,5,37,0,0.5,-0.5,-0.5,-,C2Sigma+
final,42592.902495,2.5,327,3,39,-2,0.5,-0.5,-2.5,-,A2Delta
final,42607.195701,2.5,328,3,39,-2,0.5,0.5,-1.5,-,A2Delta
final,42854.979141,2.5,329,5,38,0,0.5,-0.5,-0.5,-,C2Sigma+
final,42874.081386,2.5,330,3,40,-2,0.5,-0.5,-2.5,-,A2Delta
final,42888.538067,2.5,331,3,40,-2,0.5,0.5,-1.5,-,A2Delta
final,43140.166051,2.5,332,5,39,0,0.5,-0.5,-0.5,-,C2Sigma+
final,43162.829867,2.5,333,3,41,-2,0.5,-0.5,-2.5,-,A2Delta
final,43177.447469,2.5,334,3,41,-2,0.5,0.5,-1.5,-,A2Delta
final,43432.839754,2.5,335,5,40,0,0.5,-0.5,-0.5,-,C2Sigma+
final,43459.114822,2.5,336,3,42,-2,0.5,-0.5,-2.5,-,A2Delta
final,43473.89114,2.5,337,3,42,-2,0.5,0.5,-1.5,-,A2Delta
final,43732.94377,2.5,338,5,41,0,0.5,-0.5,-0.5,-,C2Sigma+
final,43762.904546,2.5,339,3,43,-2,0.5,-0.5,-2.5,-,A2Delta
final,43777.837709,2.5,340,3,43,-2,0.5,0.5,-1.5,-,A2Delta
final,44040.420992,2.5,341,5,42,0,0.5,-0.5,-0.5,-,C2Sigma+
final,44074.168665,2.5,342,3,44,-2,0.5,-0.5,-2.5,-,A2Delta
final,44089.257121,2.5,343,3,44,-2,0.5,0.5,-1.5,-,A2Delta
final,44355.21609,2.5,344,5,43,0,0.5,-0.5,-0.5,-,C2Sigma+
final,44392.878163,2.5,345,3,45,-2,0.5,-0.5,-2.5,-,A2Delta
final,44408.12108,2.5,346,3,45,-2,0.5,0.5,-1.5,-,A2Delta
final,44677.299686,2.5,347,5,44,0,0.5,-0.5,-0.5,-,C2Sigma+
final,44719.00538,2.5,348,3,46,-2,0.5,-0.5,-2.5,-,A2Delta
final,44734.403378,2.5,349,3,46,-2,0.5,0.5,-1.5,-,A2Delta
final,45006.645544,2.5,350,5,45,0,0.5,-0.5,-0.5,-,C2Sigma+
final,45052.524642,2.5,351,3,47,-2,0.5,-0.5,-2.5,-,A2Delta
final,45068.082632,2.5,352,3,47,-2,0.5,0.5,-1.5,-,A2Delta
final,45343.240495,2.5,353,5,46,0,0.5,-0.5,-0.5,-,C2Sigma+
final,45393.41381,2.5,354,3,48,-2,0.5,-0.5,-2.5,-,A2Delta
final,45409.149133,2.5,355,3,48,-2,0.5,0.5,-1.5,-,A2Delta
final,45687.11072,2.5,356,5,47,0,0.5,-0.5,-0.5,-,C2Sigma+
final,45741.672015,2.5,357,3,49,-2,0.5,-0.5,-2.5,-,A2Delta
final,45757.686847,2.5,358,3,49,-2,0.5,0.5,-1.5,-,A2Delta
final,46038.409235,2.5,359,5,48,0,0.5,-0.5,-0.5,-,C2Sigma+
final,46398.483074,2.5,360,5,49,0,0.5,-0.5,-0.5,-,C2Sigma+
final,157.398688,3.5,1,1,0,1,0.5,0.5,1.5,+,X2Pi
final,267.663244,3.5,2,1,0,1,0.5,-0.5,0.5,+,X2Pi
final,2883.970402,3.5,3,1,1,1,0.5,-0.5,0.5,+,X2Pi
final,2990.096596,3.5,4,1,1,1,0.5,0.5,1.5,+,X2Pi
final,5484.64869,3.5,5,1,2,1,0.5,-0.5,0.5,+,X2Pi
final,5586.688858,3.5,6,1,2,1,0.5,0.5,1.5,+,X2Pi
final,6274.980656,3.5,7,2,0,0,1.5,1.5,1.5,+,a4Sigma-
final,6540.295812,3.5,8,2,0,0,1.5,0.5,0.5,+,a4Sigma-
final,7960.369419,3.5,9,1,3,1,0.5,-0.5,0.5,+,X2Pi
final,8058.380688,3.5,10,1,3,1,0.5,0.5,1.5,+,X2Pi
final,9227.854627,3.5,11,2,1,0,1.5,1.5,1.5,+,a4Sigma-
final,9483.582698,3.5,12,2,1,0,1.5,0.5,0.5,+,a4Sigma-
final,10312.971154,3.5,13,1,4,1,0.5,-0.5,0.5,+,X2Pi
final,10406.978664,3.5,14,1,4,1,0.5,0.5,1.5,+,X2Pi
final,12029.639188,3.5,15,2,2,0,1.5,1.5,1.5,+,a4Sigma-
final,12275.135932,3.5,16,2,2,0,1.5,0.5,0.5,+,a4Sigma-
final,12541.981529,3.5,17,1,5,1,0.5,-0.5,0.5,+,X2Pi
final,12631.95929,3.5,18,1,5,1,0.5,0.5,1.5,+,X2Pi
final,14644.389692,3.5,19,1,6,1,0.5,-0.5,0.5,+,X2Pi
final,14679.626505,3.5,20,2,3,0,1.5,1.5,1.5,+,a4Sigma-
final,14730.276319,3.5,21,1,6,1,0.5,0.5,1.5,+,X2Pi
final,14914.40014,3.5,22,2,3,0,1.5,0.5,0.5,+,a4Sigma-
final,16615.337927,3.5,23,1,7,1,0.5,-0.5,0.5,+,X2Pi
final,16697.0205,3.5,24,1,7,1,0.5,0.5,1.5,+,X2Pi
final,17163.699018,3.5,25,2,4,0,1.5,1.5,1.5,+,a4Sigma-
final,17386.787347,3.5,26,2,4,0,1.5,0.5,0.5,+,a4Sigma-
final,18448.839147,3.5,27,1,8,1,0.5,-0.5,0.5,+,X2Pi
final,18526.164659,3.5,28,1,8,1,0.5,0.5,1.5,+,X2Pi
final,19459.134016,3.5,29,2,5,0,1.5,1.5,1.5,+,a4Sigma-
final,19669.134956,3.5,30,2,5,0,1.5,0.5,0.5,+,a4Sigma-
final,20138.392512,3.5,31,1,9,1,0.5,-0.5,0.5,+,X2Pi
final,20211.180859,3.5,32,1,9,1,0.5,0.5,1.5,+,X2Pi
final,21538.814088,3.5,33,2,6,0,1.5,1.5,1.5,+,a4Sigma-
final,21677.441537,3.5,34,1,10,1,0.5,-0.5,0.5,+,X2Pi
final,21733.945812,3.5,35,2,6,0,1.5,0.5,0.5,+,a4Sigma-
final,21745.483408,3.5,36,1,10,1,0.5,0.5,1.5,+,X2Pi
final,23059.70238,3.5,37,1,11,1,0.5,-0.5,0.5,+,X2Pi
final,23122.79154,3.5,38,1,11,1,0.5,0.5,1.5,+,X2Pi
final,23333.411369,3.5,39,3,0,2,0.5,0.5,2.5,+,A2Delta
final,23374.002734,3.5,40,2,7,0,1.5,1.5,1.5,+,a4Sigma-
final,23450.592912,3.5,41,3,0,2,0.5,-0.5,1.5,+,A2Delta
final,23552.112974,3.5,42,2,7,0,1.5,0.5,0.5,+,a4Sigma-
final,24279.439512,3.5,43,1,12,1,0.5,-0.5,0.5,+,X2Pi
final,24337.345996,3.5,44,1,12,1,0.5,0.5,1.5,+,X2Pi
final,24936.243603,3.5,45,2,8,0,1.5,1.5,1.5,+,a4Sigma-
final,25094.775138,3.5,46,2,8,0,1.5,0.5,0.5,+,a4Sigma-
final,25331.601043,3.5,47,1,13,1,0.5,-0.5,0.5,+,X2Pi
final,25384.080603,3.5,48,1,13,1,0.5,0.5,1.5,+,X2Pi
final,25849.647488,3.5,49,4,0,0,0.5,0.5,0.5,+,B2Sigma-
final,26065.765233,3.5,50,3,1,2,0.5,0.5,2.5,+,A2Delta
final,26177.429629,3.5,51,3,1,2,0.5,-0.5,1.5,+,A2Delta
final,26199.002036,3.5,52,2,9,0,1.5,1.5,1.5,+,a4Sigma-
final,26211.945168,3.5,53,1,14,1,0.5,-0.5,0.5,+,X2Pi
final,26258.737887,3.5,54,1,14,1,0.5,0.5,1.5,+,X2Pi
final,26334.886266,3.5,55,2,9,0,1.5,0.5,0.5,+,a4Sigma-
final,26917.062126,3.5,56,1,15,1,0.5,-0.5,0.5,+,X2Pi
final,26957.905336,3.5,57,1,15,1,0.5,0.5,1.5,+,X2Pi
final,27139.244283,3.5,58,2,10,0,1.5,1.5,1.5,+,a4Sigma-
final,27248.553358,3.5,59,2,10,0,1.5,0.5,0.5,+,a4Sigma-
final,27444.259157,3.5,60,1,16,1,0.5,-0.5,0.5,+,X2Pi
final,27478.981783,3.5,61,1,16,1,0.5,0.5,1.5,+,X2Pi
final,27626.777943,3.5,62,4,1,0,0.5,0.5,0.5,+,B2Sigma-
final,27738.654306,3.5,63,2,11,0,1.5,1.5,1.5,+,a4Sigma-
final,27790.819141,3.5,64,1,17,1,0.5,-0.5,0.5,+,X2Pi
final,27815.260572,3.5,65,2,11,0,1.5,0.5,0.5,+,a4Sigma-
final,27819.925017,3.5,66,1,17,1,0.5,0.5,1.5,+,X2Pi
final,27930.970656,3.5,67,4,2,0,0.5,0.5,0.5,+,B2Sigma-
final,27956.50382,3.5,68,1,18,1,0.5,-0.5,0.5,+,X2Pi
final,27971.666087,3.5,69,1,19,1,0.5,-0.5,0.5,+,X2Pi
final,27975.159497,3.5,70,1,18,1,0.5,0.5,1.5,+,X2Pi
final,27982.888673,3.5,71,2,12,0,1.5,1.5,1.5,+,a4Sigma-
final,27991.661942,3.5,72,2,13,0,1.5,1.5,1.5,+,a4Sigma-
final,27993.667328,3.5,73,4,3,0,0.5,0.5,0.5,+,B2Sigma-
final,27998.146567,3.5,74,2,12,0,1.5,0.5,0.5,+,a4Sigma-
final,28005.896959,3.5,75,1,19,1,0.5,0.5,1.5,+,X2Pi
final,28011.230913,3.5,76,4,4,0,0.5,0.5,0.5,+,B2Sigma-
final,28015.946205,3.5,77,2,13,0,1.5,0.5,0.5,+,a4Sigma-
final,28023.194785,3.5,78,2,14,0,1.5,1.5,1.5,+,a4Sigma-
final,28028.136418,3.5,79,1,20,1,0.5,-0.5,0.5,+,X2Pi
final,28042.037091,3.5,80,2,14,0,1.5,0.5,0.5,+,a4Sigma-
final,28046.923912,3.5,81,1,20,1,0.5,0.5,1.5,+,X2Pi
final,28056.493156,3.5,82,4,5,0,0.5,0.5,0.5,+,B2Sigma-
final,28066.610388,3.5,83,2,15,0,1.5,1.5,1.5,+,a4Sigma-
final,28078.646813,3.5,84,1,21,1,0.5,-0.5,0.5,+,X2Pi
final,28086.919251,3.5,85,2,15,0,1.5,0.5,0.5,+,a4Sigma-
final,28100.88424,3.5,86,1,21,1,0.5,0.5,1.5,+,X2Pi
final,28112.954488,3.5,87,4,6,0,0.5,0.5,0.5,+,B2Sigma-
final,28121.218493,3.5,88,2,16,0,1.5,1.5,1.5,+,a4Sigma-
final,28141.800805,3.5,89,2,16,0,1.5,0.5,0.5,+,a4Sigma-
final,28145.923531,3.5,90,1,22,1,0.5,-0.5,0.5,+,X2Pi
final,28170.29962,3.5,91,1,22,1,0.5,0.5,1.5,+,X2Pi
final,28180.253789,3.5,92,4,7,0,0.5,0.5,0.5,+,B2Sigma-
final,28186.971792,3.5,93,2,17,0,1.5,1.5,1.5,+,a4Sigma-
final,28208.638316,3.5,94,2,17,0,1.5,0.5,0.5,+,a4Sigma-
final,28225.510242,3.5,95,1,23,1,0.5,-0.5,0.5,+,X2Pi
final,28252.095211,3.5,96,1,23,1,0.5,0.5,1.5,+,X2Pi
final,28258.618502,3.5,97,4,8,0,0.5,0.5,0.5,+,B2Sigma-
final,28264.001337,3.5,98,2,18,0,1.5,1.5,1.5,+,a4Sigma-
final,28285.837882,3.5,99,2,18,0,1.5,0.5,0.5,+,a4Sigma-
final,28316.489594,3.5,100,4,9,0,0.5,0.5,0.5,+,B2Sigma-
final,28343.055833,3.5,101,2,19,0,1.5,1.5,1.5,+,a4Sigma-
final,28348.645729,3.5,102,1,24,1,0.5,-0.5,0.5,+,X2Pi
final,28354.027547,3.5,103,1,24,1,0.5,0.5,1.5,+,X2Pi
final,28373.382276,3.5,104,2,19,0,1.5,0.5,0.5,+,a4Sigma-
final,28416.529515,3.5,105,4,10,0,0.5,0.5,0.5,+,B2Sigma-
final,28441.741276,3.5,106,2,20,0,1.5,1.5,1.5,+,a4Sigma-
final,28449.536875,3.5,107,1,25,1,0.5,-0.5,0.5,+,X2Pi
final,28459.061896,3.5,108,1,25,1,0.5,0.5,1.5,+,X2Pi
final,28471.182358,3.5,109,2,20,0,1.5,0.5,0.5,+,a4Sigma-
final,28523.936449,3.5,110,4,11,0,0.5,0.5,0.5,+,B2Sigma-
final,28549.040677,3.5,111,2,21,0,1.5,1.5,1.5,+,a4Sigma-
final,28562.884974,3.5,112,1,26,1,0.5,-0.5,0.5,+,X2Pi
final,28574.837602,3.5,113,1,26,1,0.5,0.5,1.5,+,X2Pi
final,28580.722572,3.5,114,2,21,0,1.5,0.5,0.5,+,a4Sigma-
final,28604.218648,3.5,115,3,2,2,0.5,0.5,2.5,+,A2Delta
final,28637.929292,3.5,116,4,12,0,0.5,0.5,0.5,+,B2Sigma-
final,28665.445353,3.5,117,2,22,0,1.5,1.5,1.5,+,a4Sigma-
final,28688.364778,3.5,118,1,27,1,0.5,-0.5,0.5,+,X2Pi
final,28694.231555,3.5,119,2,22,0,1.5,0.5,0.5,+,a4Sigma-
final,28707.776934,3.5,120,1,27,1,0.5,0.5,1.5,+,X2Pi
final,28709.910606,3.5,121,3,2,2,0.5,-0.5,1.5,+,A2Delta
final,28756.173955,3.5,122,4,13,0,0.5,0.5,0.5,+,B2Sigma-
final,28791.093022,3.5,123,2,23,0,1.5,1.5,1.5,+,a4Sigma-
final,28818.968615,3.5,124,2,23,0,1.5,0.5,0.5,+,a4Sigma-
final,28821.257023,3.5,125,4,14,0,0.5,0.5,0.5,+,B2Sigma-
final,28834.068407,3.5,126,1,28,1,0.5,-0.5,0.5,+,X2Pi
final,28847.731042,3.5,127,1,28,1,0.5,0.5,1.5,+,X2Pi
final,28897.902964,3.5,128,4,15,0,0.5,0.5,0.5,+,B2Sigma-
final,28925.941919,3.5,129,2,24,0,1.5,1.5,1.5,+,a4Sigma-
final,28955.800349,3.5,130,2,24,0,1.5,0.5,0.5,+,a4Sigma-
final,28976.673061,3.5,131,1,29,1,0.5,-0.5,0.5,+,X2Pi
final,29000.469034,3.5,132,1,29,1,0.5,0.5,1.5,+,X2Pi
final,29030.301485,3.5,133,4,16,0,0.5,0.5,0.5,+,B2Sigma-
final,29069.979116,3.5,134,2,25,0,1.5,1.5,1.5,+,a4Sigma-
final,29100.63505,3.5,135,2,25,0,1.5,0.5,0.5,+,a4Sigma-
final,29166.052928,3.5,136,4,17,0,0.5,0.5,0.5,+,B2Sigma-
final,29222.568389,3.5,137,2,26,0,1.5,1.5,1.5,+,a4Sigma-
final,29254.177856,3.5,138,2,26,0,1.5,0.5,0.5,+,a4Sigma-
final,29311.245409,3.5,139,4,18,0,0.5,0.5,0.5,+,B2Sigma-
final,29384.279785,3.5,140,2,27,0,1.5,1.5,1.5,+,a4Sigma-
final,29416.639525,3.5,141,2,27,0,1.5,0.5,0.5,+,a4Sigma-
final,29459.898494,3.5,142,4,19,0,0.5,0.5,0.5,+,B2Sigma-
final,29554.79666,3.5,143,2,28,0,1.5,1.5,1.5,+,a4Sigma-
final,29587.875679,3.5,144,2,28,0,1.5,0.5,0.5,+,a4Sigma-
final,29610.869955,3.5,145,4,20,0,0.5,0.5,0.5,+,B2Sigma-
final,29733.995474,3.5,146,2,29,0,1.5,1.5,1.5,+,a4Sigma-
final,29765.209998,3.5,147,4,21,0,0.5,0.5,0.5,+,B2Sigma-
final,29767.774516,3.5,148,2,29,0,1.5,0.5,0.5,+,a4Sigma-
final,29921.785608,3.5,149,2,30,0,1.5,1.5,1.5,+,a4Sigma-
final,29926.278402,3.5,150,4,22,0,0.5,0.5,0.5,+,B2Sigma-
final,29956.243859,3.5,151,2,30,0,1.5,0.5,0.5,+,a4Sigma-
final,30096.90522,3.5,152,4,23,0,0.5,0.5,0.5,+,B2Sigma-
final,30118.083516,3.5,153,2,31,0,1.5,1.5,1.5,+,a4Sigma-
final,30153.200707,3.5,154,2,31,0,1.5,0.5,0.5,+,a4Sigma-
final,30277.493452,3.5,155,4,24,0,0.5,0.5,0.5,+,B2Sigma-
final,30322.807367,3.5,156,2,32,0,1.5,1.5,1.5,+,a4Sigma-
final,30358.565883,3.5,157,2,32,0,1.5,0.5,0.5,+,a4Sigma-
final,30467.126294,3.5,158,4,25,0,0.5,0.5,0.5,+,B2Sigma-
final,30535.88011,3.5,159,2,33,0,1.5,1.5,1.5,+,a4Sigma-
final,30572.264803,3.5,160,2,33,0,1.5,0.5,0.5,+,a4Sigma-
final,30664.856853,3.5,161,4,26,0,0.5,0.5,0.5,+,B2Sigma-
final,30757.23034,3.5,162,2,34,0,1.5,1.5,1.5,+,a4Sigma-
final,30794.227625,3.5,163,2,34,0,1.5,0.5,0.5,+,a4Sigma-
final,30870.086966,3.5,164,4,27,0,0.5,0.5,0.5,+,B2Sigma-
final,30928.086717,3.5,165,3,3,2,0.5,0.5,2.5,+,A2Delta
final,30986.791965,3.5,166,2,35,0,1.5,1.5,1.5,+,a4Sigma-
final,31024.38942,3.5,167,2,35,0,1.5,0.5,0.5,+,a4Sigma-
final,31027.142445,3.5,168,3,3,2,0.5,-0.5,1.5,+,A2Delta
final,31082.542675,3.5,169,4,28,0,0.5,0.5,0.5,+,B2Sigma-
final,31224.50305,3.5,170,2,36,0,1.5,1.5,1.5,+,a4Sigma-
final,31262.689346,3.5,171,2,36,0,1.5,0.5,0.5,+,a4Sigma-
final,31302.18565,3.5,172,4,29,0,0.5,0.5,0.5,+,B2Sigma-
final,31470.304896,3.5,173,2,37,0,1.5,1.5,1.5,+,a4Sigma-
final,31509.070415,3.5,174,2,37,0,1.5,0.5,0.5,+,a4Sigma-
final,31529.107519,3.5,175,4,30,0,0.5,0.5,0.5,+,B2Sigma-
final,31724.141675,3.5,176,2,38,0,1.5,1.5,1.5,+,a4Sigma-
final,31763.415991,3.5,177,4,31,0,0.5,0.5,0.5,+,B2Sigma-
final,31763.480846,3.5,178,2,38,0,1.5,0.5,0.5,+,a4Sigma-
final,31985.960529,3.5,179,2,39,0,1.5,1.5,1.5,+,a4Sigma-
final,32005.174748,3.5,180,4,32,0,0.5,0.5,0.5,+,B2Sigma-
final,32025.864176,3.5,181,2,39,0,1.5,0.5,0.5,+,a4Sigma-
final,32061.751869,3.5,182,5,0,0,0.5,0.5,0.5,+,C2Sigma+
final,32254.378092,3.5,183,4,33,0,0.5,0.5,0.5,+,B2Sigma-
final,32255.711523,3.5,184,2,40,0,1.5,1.5,1.5,+,a4Sigma-
final,32296.179632,3.5,185,2,40,0,1.5,0.5,0.5,+,a4Sigma-
final,32510.984212,3.5,186,4,34,0,0.5,0.5,0.5,+,B2Sigma-
final,32533.347684,3.5,187,2,41,0,1.5,1.5,1.5,+,a4Sigma-
final,32574.382916,3.5,188,2,41,0,1.5,0.5,0.5,+,a4Sigma-
final,32774.940708,3.5,189,4,35,0,0.5,0.5,0.5,+,B2Sigma-
final,32818.824887,3.5,190,2,42,0,1.5,1.5,1.5,+,a4Sigma-
final,32860.435495,3.5,191,2,42,0,1.5,0.5,0.5,+,a4Sigma-
final,33007.798451,3.5,192,3,4,2,0.5,0.5,2.5,+,A2Delta
final,33046.195494,3.5,193,4,36,0,0.5,0.5,0.5,+,B2Sigma-
final,33099.236521,3.5,194,3,4,2,0.5,-0.5,1.5,+,A2Delta
final,33112.102194,3.5,195,2,43,0,1.5,1.5,1.5,+,a4Sigma-
final,33154.307549,3.5,196,2,43,0,1.5,0.5,0.5,+,a4Sigma-
final,33324.70961,3.5,197,4,37,0,0.5,0.5,0.5,+,B2Sigma-
final,33413.141669,3.5,198,2,44,0,1.5,1.5,1.5,+,a4Sigma-
final,33455.976878,3.5,199,2,44,0,1.5,0.5,0.5,+,a4Sigma-
final,33610.460973,3.5,200,4,38,0,0.5,0.5,0.5,+,B2Sigma-
final,33721.911608,3.5,201,2,45,0,1.5,1.5,1.5,+,a4Sigma-
final,33765.448207,3.5,202,2,45,0,1.5,0.5,0.5,+,a4Sigma-
final,33903.439352,3.5,203,4,39,0,0.5,0.5,0.5,+,B2Sigma-
final,34038.388592,3.5,204,2,46,0,1.5,1.5,1.5,+,a4Sigma-
final,34082.76424,3.5,205,2,46,0,1.5,0.5,0.5,+,a4Sigma-
final,34203.636946,3.5,206,4,40,0,0.5,0.5,0.5,+,B2Sigma-
final,34362.580529,3.5,207,2,47,0,1.5,1.5,1.5,+,a4Sigma-
final,34408.146288,3.5,208,2,47,0,1.5,0.5,0.5,+,a4Sigma-
final,34511.041999,3.5,209,4,41,0,0.5,0.5,0.5,+,B2Sigma-
final,34658.398141,3.5,210,5,1,0,0.5,0.5,0.5,+,C2Sigma+
final,34694.585883,3.5,211,2,48,0,1.5,1.5,1.5,+,a4Sigma-
final,34742.393404,3.5,212,2,48,0,1.5,0.5,0.5,+,a4Sigma-
final,34804.142753,3.5,213,3,5,2,0.5,0.5,2.5,+,A2Delta
final,34825.642081,3.5,214,4,42,0,0.5,0.5,0.5,+,B2Sigma-
final,34886.508976,3.5,215,3,5,2,0.5,-0.5,1.5,+,A2Delta
final,35035.408333,3.5,216,2,49,0,1.5,1.5,1.5,+,a4Sigma-
final,35094.863508,3.5,217,2,49,0,1.5,0.5,0.5,+,a4Sigma-
final,35147.416544,3.5,218,4,43,0,0.5,0.5,0.5,+,B2Sigma-
final,35476.353679,3.5,219,4,44,0,0.5,0.5,0.5,+,B2Sigma-
final,35812.443968,3.5,220,4,45,0,0.5,0.5,0.5,+,B2Sigma-
final,36155.687509,3.5,221,4,46,0,0.5,0.5,0.5,+,B2Sigma-
final,36266.106424,3.5,222,3,6,2,0.5,0.5,2.5,+,A2Delta
final,36337.155902,3.5,223,3,6,2,0.5,-0.5,1.5,+,A2Delta
final,36506.121622,3.5,224,4,47,0,0.5,0.5,0.5,+,B2Sigma-
final,36863.902359,3.5,225,4,48,0,0.5,0.5,0.5,+,B2Sigma-
final,37008.482471,3.5,226,5,2,0,0.5,0.5,0.5,+,C2Sigma+
final,37009.886485,3.5,227,5,3,0,0.5,0.5,0.5,+,C2Sigma+
final,37084.73533,3.5,228,5,4,0,0.5,0.5,0.5,+,C2Sigma+
final,37166.33128,3.5,229,5,5,0,0.5,0.5,0.5,+,C2Sigma+
final,37230.32873,3.5,230,4,49,0,0.5,0.5,0.5,+,B2Sigma-
final,37254.633495,3.5,231,5,6,0,0.5,0.5,0.5,+,C2Sigma+
final,37326.801378,3.5,232,3,7,2,0.5,0.5,2.5,+,A2Delta
final,37349.866446,3.5,233,5,7,0,0.5,0.5,0.5,+,C2Sigma+
final,37382.694981,3.5,234,3,7,2,0.5,-0.5,1.5,+,A2Delta
final,37451.985986,3.5,235,5,8,0,0.5,0.5,0.5,+,C2Sigma+
final,37560.868093,3.5,236,5,9,0,0.5,0.5,0.5,+,C2Sigma+
final,37676.369892,3.5,237,5,10,0,0.5,0.5,0.5,+,C2Sigma+
final,37798.353649,3.5,238,5,11,0,0.5,0.5,0.5,+,C2Sigma+
final,37896.969749,3.5,239,3,8,2,0.5,0.5,2.5,+,A2Delta
final,37926.696637,3.5,240,5,12,0,0.5,0.5,0.5,+,C2Sigma+
final,37928.568067,3.5,241,3,8,2,0.5,-0.5,1.5,+,A2Delta
final,37966.135708,3.5,242,3,9,2,0.5,0.5,2.5,+,A2Delta
final,37971.785107,3.5,243,3,9,2,0.5,-0.5,1.5,+,A2Delta
final,37986.347584,3.5,244,3,10,2,0.5,0.5,2.5,+,A2Delta
final,37994.06172,3.5,245,3,10,2,0.5,-0.5,1.5,+,A2Delta
final,38018.164654,3.5,246,3,11,2,0.5,0.5,2.5,+,A2Delta
final,38027.162954,3.5,247,3,11,2,0.5,-0.5,1.5,+,A2Delta
final,38060.993385,3.5,248,3,12,2,0.5,0.5,2.5,+,A2Delta
final,38061.293805,3.5,249,5,13,0,0.5,0.5,0.5,+,C2Sigma+
final,38070.910522,3.5,250,3,12,2,0.5,-0.5,1.5,+,A2Delta
final,38114.330188,3.5,251,3,13,2,0.5,0.5,2.5,+,A2Delta
final,38124.96235,3.5,252,3,13,2,0.5,-0.5,1.5,+,A2Delta
final,38177.802683,3.5,253,3,14,2,0.5,0.5,2.5,+,A2Delta
final,38189.030827,3.5,254,3,14,2,0.5,-0.5,1.5,+,A2Delta
final,38202.05682,3.5,255,5,14,0,0.5,0.5,0.5,+,C2Sigma+
final,38251.119289,3.5,256,3,15,2,0.5,0.5,2.5,+,A2Delta
final,38262.869977,3.5,257,3,15,2,0.5,-0.5,1.5,+,A2Delta
final,38334.039878,3.5,258,3,16,2,0.5,0.5,2.5,+,A2Delta
final,38346.264311,3.5,259,3,16,2,0.5,-0.5,1.5,+,A2Delta
final,38348.911971,3.5,260,5,15,0,0.5,0.5,0.5,+,C2Sigma+
final,38426.360394,3.5,261,3,17,2,0.5,0.5,2.5,+,A2Delta
final,38439.023516,3.5,262,3,17,2,0.5,-0.5,1.5,+,A2Delta
final,38501.785283,3.5,263,5,16,0,0.5,0.5,0.5,+,C2Sigma+
final,38527.903904,3.5,264,3,18,2,0.5,0.5,2.5,+,A2Delta
final,38540.978744,3.5,265,3,18,2,0.5,-0.5,1.5,+,A2Delta
final,38638.514761,3.5,266,3,19,2,0.5,0.5,2.5,+,A2Delta
final,38651.979429,3.5,267,3,19,2,0.5,-0.5,1.5,+,A2Delta
final,38660.595688,3.5,268,5,17,0,0.5,0.5,0.5,+,C2Sigma+
final,38758.054483,3.5,269,3,20,2,0.5,0.5,2.5,+,A2Delta
final,38771.89052,3.5,270,3,20,2,0.5,-0.5,1.5,+,A2Delta
final,38825.219316,3.5,271,5,18,0,0.5,0.5,0.5,+,C2Sigma+
final,38886.398685,3.5,272,3,21,2,0.5,0.5,2.5,+,A2Delta
final,38900.590107,3.5,273,3,21,2,0.5,-0.5,1.5,+,A2Delta
final,38993.744379,3.5,274,5,19,0,0.5,0.5,0.5,+,C2Sigma+
final,39003.996537,3.5,275,5,20,0,0.5,0.5,0.5,+,C2Sigma+
final,39023.432974,3.5,276,3,22,2,0.5,0.5,2.5,+,A2Delta
final,39037.962203,3.5,277,3,22,2,0.5,-0.5,1.5,+,A2Delta
final,39169.054041,3.5,278,3,23,2,0.5,0.5,2.5,+,A2Delta
final,39171.570264,3.5,279,5,21,0,0.5,0.5,0.5,+,C2Sigma+
final,39183.906148,3.5,280,3,23,2,0.5,-0.5,1.5,+,A2Delta
final,39323.174561,3.5,281,3,24,2,0.5,0.5,2.5,+,A2Delta
final,39338.343866,3.5,282,3,24,2,0.5,-0.5,1.5,+,A2Delta
final,39352.353705,3.5,283,5,22,0,0.5,0.5,0.5,+,C2Sigma+
final,39485.703135,3.5,284,3,25,2,0.5,0.5,2.5,+,A2Delta
final,39501.179141,3.5,285,3,25,2,0.5,-0.5,1.5,+,A2Delta
final,39537.423521,3.5,286,5,23,0,0.5,0.5,0.5,+,C2Sigma+
final,39656.559578,3.5,287,3,26,2,0.5,0.5,2.5,+,A2Delta
final,39672.332136,3.5,288,3,26,2,0.5,-0.5,1.5,+,A2Delta
final,39725.239421,3.5,289,5,24,0,0.5,0.5,0.5,+,C2Sigma+
final,39835.669599,3.5,290,3,27,2,0.5,0.5,2.5,+,A2Delta
final,39851.7304,3.5,291,3,27,2,0.5,-0.5,1.5,+,A2Delta
final,39912.759733,3.5,292,5,25,0,0.5,0.5,0.5,+,C2Sigma+
final,40022.963422,3.5,293,3,28,2,0.5,0.5,2.5,+,A2Delta
final,40039.304854,3.5,294,3,28,2,0.5,-0.5,1.5,+,A2Delta
final,40095.07635,3.5,295,5,26,0,0.5,0.5,0.5,+,C2Sigma+
final,40218.375676,3.5,296,3,29,2,0.5,0.5,2.5,+,A2Delta
final,40234.990093,3.5,297,3,29,2,0.5,-0.5,1.5,+,A2Delta
final,40271.247258,3.5,298,5,27,0,0.5,0.5,0.5,+,C2Sigma+
final,40421.845248,3.5,299,3,30,2,0.5,0.5,2.5,+,A2Delta
final,40438.725429,3.5,300,3,30,2,0.5,-0.5,1.5,+,A2Delta
final,40453.513753,3.5,301,5,28,0,0.5,0.5,0.5,+,C2Sigma+
final,40633.314735,3.5,302,3,31,2,0.5,0.5,2.5,+,A2Delta
final,40650.454335,3.5,303,3,31,2,0.5,-0.5,1.5,+,A2Delta
final,40652.17813,3.5,304,5,29,0,0.5,0.5,0.5,+,C2Sigma+
final,40852.729921,3.5,305,3,32,2,0.5,0.5,2.5,+,A2Delta
final,40865.489232,3.5,306,5,30,0,0.5,0.5,0.5,+,C2Sigma+
final,40870.12322,3.5,307,3,32,2,0.5,-0.5,1.5,+,A2Delta
final,41080.039513,3.5,308,3,33,2,0.5,0.5,2.5,+,A2Delta
final,41089.590073,3.5,309,5,31,0,0.5,0.5,0.5,+,C2Sigma+
final,41097.680971,3.5,310,3,33,2,0.5,-0.5,1.5,+,A2Delta
final,41315.194987,3.5,311,3,34,2,0.5,0.5,2.5,+,A2Delta
final,41322.33996,3.5,312,5,32,0,0.5,0.5,0.5,+,C2Sigma+
final,41333.07919,3.5,313,3,34,2,0.5,-0.5,1.5,+,A2Delta
final,41558.150377,3.5,314,3,35,2,0.5,0.5,2.5,+,A2Delta
final,41562.821725,3.5,315,5,33,0,0.5,0.5,0.5,+,C2Sigma+
final,41576.272374,3.5,316,3,35,2,0.5,-0.5,1.5,+,A2Delta
final,41808.862035,3.5,317,3,36,2,0.5,0.5,2.5,+,A2Delta
final,41810.723952,3.5,318,5,34,0,0.5,0.5,0.5,+,C2Sigma+
final,41827.217528,3.5,319,3,36,2,0.5,-0.5,1.5,+,A2Delta
final,42066.007484,3.5,320,5,35,0,0.5,0.5,0.5,+,C2Sigma+
final,42067.288425,3.5,321,3,37,2,0.5,0.5,2.5,+,A2Delta
final,42085.873705,3.5,322,3,37,2,0.5,-0.5,1.5,+,A2Delta
final,42328.729357,3.5,323,5,36,0,0.5,0.5,0.5,+,C2Sigma+
final,42333.38997,3.5,324,3,38,2,0.5,0.5,2.5,+,A2Delta
final,42352.201674,3.5,325,3,38,2,0.5,-0.5,1.5,+,A2Delta
final,42598.952713,3.5,326,5,37,0,0.5,0.5,0.5,+,C2Sigma+
final,42607.128939,3.5,327,3,39,2,0.5,0.5,2.5,+,A2Delta
final,42626.1641,3.5,328,3,39,2,0.5,-0.5,1.5,+,A2Delta
final,42876.709096,3.5,329,5,38,0,0.5,0.5,0.5,+,C2Sigma+
final,42888.469321,3.5,330,3,40,2,0.5,0.5,2.5,+,A2Delta
final,42907.725539,3.5,331,3,40,2,0.5,-0.5,1.5,+,A2Delta
final,43161.992053,3.5,332,5,39,0,0.5,0.5,0.5,+,C2Sigma+
final,43177.376738,3.5,333,3,41,2,0.5,0.5,2.5,+,A2Delta
final,43196.852692,3.5,334,3,41,2,0.5,-0.5,1.5,+,A2Delta
final,43454.765544,3.5,335,5,40,0,0.5,0.5,0.5,+,C2Sigma+
final,43473.818315,3.5,336,3,42,2,0.5,0.5,2.5,+,A2Delta
final,43493.514032,3.5,337,3,42,2,0.5,-0.5,1.5,+,A2Delta
final,43754.978428,3.5,338,5,41,0,0.5,0.5,0.5,+,C2Sigma+
final,43777.762673,3.5,339,3,43,2,0.5,0.5,2.5,+,A2Delta
final,43797.680471,3.5,340,3,43,2,0.5,-0.5,1.5,+,A2Delta
final,44062.575829,3.5,341,5,42,0,0.5,0.5,0.5,+,C2Sigma+
final,44089.179853,3.5,342,3,44,2,0.5,0.5,2.5,+,A2Delta
final,44109.325248,3.5,343,3,44,2,0.5,-0.5,1.5,+,A2Delta
final,44377.504307,3.5,344,5,43,0,0.5,0.5,0.5,+,C2Sigma+
final,44408.041632,3.5,345,3,45,2,0.5,0.5,2.5,+,A2Delta
final,44428.42745,3.5,346,3,45,2,0.5,-0.5,1.5,+,A2Delta
final,44699.738333,3.5,347,5,44,0,0.5,0.5,0.5,+,C2Sigma+
final,44734.321761,3.5,348,3,46,2,0.5,0.5,2.5,+,A2Delta
final,44754.974777,3.5,349,3,46,2,0.5,-0.5,1.5,+,A2Delta
final,45029.258812,3.5,350,5,45,0,0.5,0.5,0.5,+,C2Sigma+
final,45067.998595,3.5,351,3,47,2,0.5,0.5,2.5,+,A2Delta
final,45088.988487,3.5,352,3,47,2,0.5,-0.5,1.5,+,A2Delta
final,45366.075521,3.5,353,5,46,0,0.5,0.5,0.5,+,C2Sigma+
final,45409.061923,3.5,354,3,48,2,0.5,0.5,2.5,+,A2Delta
final,45430.591144,3.5,355,3,48,2,0.5,-0.5,1.5,+,A2Delta
final,45710.294584,3.5,356,5,47,0,0.5,0.5,0.5,+,C2Sigma+
final,45757.592708,3.5,357,3,49,2,0.5,0.5,2.5,+,A2Delta
final,45780.905504,3.5,358,3,49,2,0.5,-0.5,1.5,+,A2Delta
final,46062.363987,3.5,359,5,48,0,0.5,0.5,0.5,+,C2Sigma+
final,46426.710346,3.5,360,5,49,0,0.5,0.5,0.5,+,C2Sigma+
final,157.771944,3.5,1,1,0,-1,0.5,0.5,-0.5,-,X2Pi
final,266.851288,3.5,2,1,0,-1,0.5,-0.5,-1.5,-,X2Pi
final,2884.332788,3.5,3,1,1,-1,0.5,0.5,-0.5,-,X2Pi
final,2989.328753,3.5,4,1,1,-1,0.5,-0.5,-1.5,-,X2Pi
final,5484.997896,3.5,5,1,2,-1,0.5,0.5,-0.5,-,X2Pi
final,5585.965115,3.5,6,1,2,-1,0.5,-0.5,-1.5,-,X2Pi
final,6186.310293,3.5,7,2,0,0,1.5,-0.5,-0.5,-,a4Sigma-
final,6393.015873,3.5,8,2,0,0,1.5,-1.5,-1.5,-,a4Sigma-
final,7960.698086,3.5,9,1,3,-1,0.5,0.5,-0.5,-,X2Pi
final,8057.708681,3.5,10,1,3,-1,0.5,-0.5,-1.5,-,X2Pi
final,9142.379405,3.5,11,2,1,0,1.5,-0.5,-0.5,-,a4Sigma-
final,9341.629428,3.5,12,2,1,0,1.5,-1.5,-1.5,-,a4Sigma-
final,10313.265895,3.5,13,1,4,-1,0.5,0.5,-0.5,-,X2Pi
final,10406.373091,3.5,14,1,4,-1,0.5,-0.5,-1.5,-,X2Pi
final,11947.576097,3.5,15,2,2,0,1.5,-0.5,-0.5,-,a4Sigma-
final,12138.865953,3.5,16,2,2,0,1.5,-1.5,-1.5,-,a4Sigma-
final,12542.235592,3.5,17,1,5,-1,0.5,0.5,-0.5,-,X2Pi
final,12631.429612,3.5,18,1,5,-1,0.5,-0.5,-1.5,-,X2Pi
final,14601.134721,3.5,19,2,3,0,1.5,-0.5,-0.5,-,a4Sigma-
final,14644.63877,3.5,20,1,6,-1,0.5,0.5,-0.5,-,X2Pi
final,14729.806076,3.5,21,1,6,-1,0.5,-0.5,-1.5,-,X2Pi
final,14784.089204,3.5,22,2,3,0,1.5,-1.5,-1.5,-,a4Sigma-
final,16615.607841,3.5,23,1,7,-1,0.5,0.5,-0.5,-,X2Pi
final,16696.593193,3.5,24,1,7,-1,0.5,-0.5,-1.5,-,X2Pi
final,17089.093987,3.5,25,2,4,0,1.5,-0.5,-0.5,-,a4Sigma-
final,17262.973138,3.5,26,2,4,0,1.5,-1.5,-1.5,-,a4Sigma-
final,18449.102098,3.5,27,1,8,-1,0.5,0.5,-0.5,-,X2Pi
final,18525.773945,3.5,28,1,8,-1,0.5,-0.5,-1.5,-,X2Pi
final,19388.876743,3.5,29,2,5,0,1.5,-0.5,-0.5,-,a4Sigma-
final,19552.600075,3.5,30,2,5,0,1.5,-1.5,-1.5,-,a4Sigma-
final,20138.640038,3.5,31,1,9,-1,0.5,0.5,-0.5,-,X2Pi
final,20210.821155,3.5,32,1,9,-1,0.5,-0.5,-1.5,-,X2Pi
final,21473.493213,3.5,33,2,6,0,1.5,-0.5,-0.5,-,a4Sigma-
final,21625.684077,3.5,34,2,6,0,1.5,-1.5,-1.5,-,a4Sigma-
final,21677.673739,3.5,35,1,10,-1,0.5,0.5,-0.5,-,X2Pi
final,21745.160827,3.5,36,1,10,-1,0.5,-0.5,-1.5,-,X2Pi
final,23059.930179,3.5,37,1,11,-1,0.5,0.5,-0.5,-,X2Pi
final,23122.498546,3.5,38,1,11,-1,0.5,-0.5,-1.5,-,X2Pi
final,23314.326517,3.5,39,2,7,0,1.5,-0.5,-0.5,-,a4Sigma-
final,23333.411369,3.5,40,3,0,-2,0.5,-0.5,-2.5,-,A2Delta
final,23450.59291,3.5,41,3,0,-2,0.5,0.5,-1.5,-,A2Delta
final,23453.325337,3.5,42,2,7,0,1.5,-1.5,-1.5,-,a4Sigma-
final,24279.666153,3.5,43,1,12,-1,0.5,0.5,-0.5,-,X2Pi
final,24337.084495,3.5,44,1,12,-1,0.5,-0.5,-1.5,-,X2Pi
final,24883.046801,3.5,45,2,8,0,1.5,-0.5,-0.5,-,a4Sigma-
final,25006.890695,3.5,46,2,8,0,1.5,-1.5,-1.5,-,a4Sigma-
final,25331.839739,3.5,47,1,13,-1,0.5,0.5,-0.5,-,X2Pi
final,25383.848133,3.5,48,1,13,-1,0.5,-0.5,-1.5,-,X2Pi
final,25950.197416,3.5,49,4,0,0,0.5,-0.5,-0.5,-,B2Sigma-
final,26065.765234,3.5,50,3,1,-2,0.5,-0.5,-2.5,-,A2Delta
final,26153.282738,3.5,51,2,9,0,1.5,-0.5,-0.5,-,a4Sigma-
final,26177.429625,3.5,52,3,1,-2,0.5,0.5,-1.5,-,A2Delta
final,26212.219588,3.5,53,1,14,-1,0.5,0.5,-0.5,-,X2Pi
final,26258.530989,3.5,54,1,14,-1,0.5,-0.5,-1.5,-,X2Pi
final,26259.623478,3.5,55,2,9,0,1.5,-1.5,-1.5,-,a4Sigma-
final,26917.419327,3.5,56,1,15,-1,0.5,0.5,-0.5,-,X2Pi
final,26957.724879,3.5,57,1,15,-1,0.5,-0.5,-1.5,-,X2Pi
final,27102.259278,3.5,58,2,10,0,1.5,-0.5,-0.5,-,a4Sigma-
final,27188.123464,3.5,59,2,10,0,1.5,-1.5,-1.5,-,a4Sigma-
final,27444.841544,3.5,60,1,16,-1,0.5,0.5,-0.5,-,X2Pi
final,27478.825418,3.5,61,1,16,-1,0.5,-0.5,-1.5,-,X2Pi
final,27712.266935,3.5,62,2,11,0,1.5,-0.5,-0.5,-,a4Sigma-
final,27715.575526,3.5,63,4,1,0,0.5,-0.5,-0.5,-,B2Sigma-
final,27773.173396,3.5,64,2,11,0,1.5,-1.5,-1.5,-,a4Sigma-
final,27792.403962,3.5,65,1,17,-1,0.5,0.5,-0.5,-,X2Pi
final,27819.767369,3.5,66,1,17,-1,0.5,-0.5,-1.5,-,X2Pi
final,27942.733133,3.5,67,4,2,0,0.5,-0.5,-0.5,-,B2Sigma-
final,27958.935052,3.5,68,1,18,-1,0.5,0.5,-0.5,-,X2Pi
final,27970.199798,3.5,69,2,12,0,1.5,-0.5,-0.5,-,a4Sigma-
final,27975.924178,3.5,70,1,18,-1,0.5,-0.5,-1.5,-,X2Pi
final,27977.425627,3.5,71,4,3,0,0.5,-0.5,-0.5,-,B2Sigma-
final,27988.078617,3.5,72,2,13,0,1.5,-0.5,-0.5,-,a4Sigma-
final,27990.95917,3.5,73,2,12,0,1.5,-1.5,-1.5,-,a4Sigma-
final,27996.532763,3.5,74,1,19,-1,0.5,0.5,-0.5,-,X2Pi
final,27999.926707,3.5,75,1,19,-1,0.5,-0.5,-1.5,-,X2Pi
final,28008.271552,3.5,76,2,13,0,1.5,-1.5,-1.5,-,a4Sigma-
final,28013.014023,3.5,77,4,4,0,0.5,-0.5,-0.5,-,B2Sigma-
final,28017.799724,3.5,78,2,14,0,1.5,-0.5,-0.5,-,a4Sigma-
final,28031.181927,3.5,79,1,20,-1,0.5,0.5,-0.5,-,X2Pi
final,28031.836365,3.5,80,2,14,0,1.5,-1.5,-1.5,-,a4Sigma-
final,28045.927791,3.5,81,1,20,-1,0.5,-0.5,-1.5,-,X2Pi
final,28057.954234,3.5,82,4,5,0,0.5,-0.5,-0.5,-,B2Sigma-
final,28060.030507,3.5,83,2,15,0,1.5,-0.5,-0.5,-,a4Sigma-
final,28075.389836,3.5,84,2,15,0,1.5,-1.5,-1.5,-,a4Sigma-
final,28084.129137,3.5,85,1,21,-1,0.5,0.5,-0.5,-,X2Pi
final,28100.952368,3.5,86,1,21,-1,0.5,-0.5,-1.5,-,X2Pi
final,28113.022156,3.5,87,2,16,0,1.5,-0.5,-0.5,-,a4Sigma-
final,28114.912147,3.5,88,4,6,0,0.5,-0.5,-0.5,-,B2Sigma-
final,28130.409326,3.5,89,2,16,0,1.5,-1.5,-1.5,-,a4Sigma-
final,28152.177683,3.5,90,1,22,-1,0.5,0.5,-0.5,-,X2Pi
final,28170.453959,3.5,91,1,22,-1,0.5,-0.5,-1.5,-,X2Pi
final,28178.280675,3.5,92,2,17,0,1.5,-0.5,-0.5,-,a4Sigma-
final,28181.598155,3.5,93,4,7,0,0.5,-0.5,-0.5,-,B2Sigma-
final,28196.446999,3.5,94,2,17,0,1.5,-1.5,-1.5,-,a4Sigma-
final,28233.387021,3.5,95,1,23,-1,0.5,0.5,-0.5,-,X2Pi
final,28251.263664,3.5,96,2,18,0,1.5,-1.5,-1.5,-,a4Sigma-
final,28255.828349,3.5,97,1,23,-1,0.5,-0.5,-1.5,-,X2Pi
final,28259.020948,3.5,98,4,8,0,0.5,-0.5,-0.5,-,B2Sigma-
final,28273.313225,3.5,99,2,18,0,1.5,-0.5,-0.5,-,a4Sigma-
final,28325.826664,3.5,100,1,24,-1,0.5,0.5,-0.5,-,X2Pi
final,28338.493509,3.5,101,2,19,0,1.5,-0.5,-0.5,-,a4Sigma-
final,28347.075754,3.5,102,4,9,0,0.5,-0.5,-0.5,-,B2Sigma-
final,28349.325239,3.5,103,1,24,-1,0.5,-0.5,-1.5,-,X2Pi
final,28361.186576,3.5,104,2,19,0,1.5,-1.5,-1.5,-,a4Sigma-
final,28426.897147,3.5,105,4,10,0,0.5,-0.5,-0.5,-,B2Sigma-
final,28434.636559,3.5,106,2,20,0,1.5,-0.5,-0.5,-,a4Sigma-
final,28447.997698,3.5,107,1,25,-1,0.5,0.5,-0.5,-,X2Pi
final,28452.184354,3.5,108,2,20,0,1.5,-1.5,-1.5,-,a4Sigma-
final,28462.213248,3.5,109,1,25,-1,0.5,-0.5,-1.5,-,X2Pi
final,28534.215546,3.5,110,4,11,0,0.5,-0.5,-0.5,-,B2Sigma-
final,28540.554932,3.5,111,2,21,0,1.5,-0.5,-0.5,-,a4Sigma-
final,28560.97691,3.5,112,2,21,0,1.5,-1.5,-1.5,-,a4Sigma-
final,28562.586077,3.5,113,1,26,-1,0.5,0.5,-0.5,-,X2Pi
final,28578.635758,3.5,114,1,26,-1,0.5,-0.5,-1.5,-,X2Pi
final,28604.21865,3.5,115,3,2,-2,0.5,-0.5,-2.5,-,A2Delta
final,28647.678936,3.5,116,4,12,0,0.5,-0.5,-0.5,-,B2Sigma-
final,28656.267953,3.5,117,2,22,0,1.5,-0.5,-0.5,-,a4Sigma-
final,28677.966094,3.5,118,2,22,0,1.5,-1.5,-1.5,-,a4Sigma-
final,28689.816881,3.5,119,1,27,-1,0.5,0.5,-0.5,-,X2Pi
final,28707.562575,3.5,120,1,27,-1,0.5,-0.5,-1.5,-,X2Pi
final,28709.910597,3.5,121,3,2,-2,0.5,0.5,-1.5,-,A2Delta
final,28767.002358,3.5,122,4,13,0,0.5,-0.5,-0.5,-,B2Sigma-
final,28781.476141,3.5,123,2,23,0,1.5,-0.5,-0.5,-,a4Sigma-
final,28804.020179,3.5,124,2,23,0,1.5,-1.5,-1.5,-,a4Sigma-
final,28828.340195,3.5,125,1,28,-1,0.5,0.5,-0.5,-,X2Pi
final,28847.646811,3.5,126,1,28,-1,0.5,-0.5,-1.5,-,X2Pi
final,28876.5411,3.5,127,4,14,0,0.5,-0.5,-0.5,-,B2Sigma-
final,28915.96191,3.5,128,2,24,0,1.5,-0.5,-0.5,-,a4Sigma-
final,28923.034769,3.5,129,4,15,0,0.5,-0.5,-0.5,-,B2Sigma-
final,28939.231209,3.5,130,2,24,0,1.5,-1.5,-1.5,-,a4Sigma-
final,28979.331858,3.5,131,1,29,-1,0.5,0.5,-0.5,-,X2Pi
final,29000.596537,3.5,132,1,29,-1,0.5,-0.5,-1.5,-,X2Pi
final,29040.9621,3.5,133,4,16,0,0.5,-0.5,-0.5,-,B2Sigma-
final,29059.639664,3.5,134,2,25,0,1.5,-0.5,-0.5,-,a4Sigma-
final,29083.593859,3.5,135,2,25,0,1.5,-1.5,-1.5,-,a4Sigma-
final,29179.474759,3.5,136,4,17,0,0.5,-0.5,-0.5,-,B2Sigma-
final,29212.032149,3.5,137,2,26,0,1.5,-0.5,-0.5,-,a4Sigma-
final,29236.605775,3.5,138,2,26,0,1.5,-1.5,-1.5,-,a4Sigma-
final,29325.637594,3.5,139,4,18,0,0.5,-0.5,-0.5,-,B2Sigma-
final,29373.501859,3.5,140,2,27,0,1.5,-0.5,-0.5,-,a4Sigma-
final,29398.648682,3.5,141,2,27,0,1.5,-1.5,-1.5,-,a4Sigma-
final,29476.066976,3.5,142,4,19,0,0.5,-0.5,-0.5,-,B2Sigma-
final,29543.776778,3.5,143,2,28,0,1.5,-0.5,-0.5,-,a4Sigma-
final,29569.486398,3.5,144,2,28,0,1.5,-1.5,-1.5,-,a4Sigma-
final,29629.237508,3.5,145,4,20,0,0.5,-0.5,-0.5,-,B2Sigma-
final,29722.742567,3.5,146,2,29,0,1.5,-0.5,-0.5,-,a4Sigma-
final,29748.99711,3.5,147,2,29,0,1.5,-1.5,-1.5,-,a4Sigma-
final,29785.283257,3.5,148,4,21,0,0.5,-0.5,-0.5,-,B2Sigma-
final,29910.307382,3.5,149,2,30,0,1.5,-0.5,-0.5,-,a4Sigma-
final,29937.08954,3.5,150,2,30,0,1.5,-1.5,-1.5,-,a4Sigma-
final,29946.830494,3.5,151,4,22,0,0.5,-0.5,-0.5,-,B2Sigma-
final,30106.38557,3.5,152,2,31,0,1.5,-0.5,-0.5,-,a4Sigma-
final,30117.047041,3.5,153,4,23,0,0.5,-0.5,-0.5,-,B2Sigma-
final,30133.680631,3.5,154,2,31,0,1.5,-1.5,-1.5,-,a4Sigma-
final,30297.105711,3.5,155,4,24,0,0.5,-0.5,-0.5,-,B2Sigma-
final,30310.894997,3.5,156,2,32,0,1.5,-0.5,-0.5,-,a4Sigma-
final,30338.689964,3.5,157,2,32,0,1.5,-1.5,-1.5,-,a4Sigma-
final,30486.46488,3.5,158,4,25,0,0.5,-0.5,-0.5,-,B2Sigma-
final,30523.758562,3.5,159,2,33,0,1.5,-0.5,-0.5,-,a4Sigma-
final,30552.041423,3.5,160,2,33,0,1.5,-1.5,-1.5,-,a4Sigma-
final,30684.188986,3.5,161,4,26,0,0.5,-0.5,-0.5,-,B2Sigma-
final,30744.904791,3.5,162,2,34,0,1.5,-0.5,-0.5,-,a4Sigma-
final,30773.664158,3.5,163,2,34,0,1.5,-1.5,-1.5,-,a4Sigma-
final,30889.576662,3.5,164,4,27,0,0.5,-0.5,-0.5,-,B2Sigma-
final,30928.086718,3.5,165,3,3,-2,0.5,-0.5,-2.5,-,A2Delta
final,30974.267108,3.5,166,2,35,0,1.5,-0.5,-0.5,-,a4Sigma-
final,31003.492547,3.5,167,2,35,0,1.5,-1.5,-1.5,-,a4Sigma-
final,31027.142438,3.5,168,3,3,-2,0.5,0.5,-1.5,-,A2Delta
final,31102.258753,3.5,169,4,28,0,0.5,-0.5,-0.5,-,B2Sigma-
final,31211.782955,3.5,170,2,36,0,1.5,-0.5,-0.5,-,a4Sigma-
final,31241.465165,3.5,171,2,36,0,1.5,-1.5,-1.5,-,a4Sigma-
final,31322.131288,3.5,172,4,29,0,0.5,-0.5,-0.5,-,B2Sigma-
final,31457.393071,3.5,173,2,37,0,1.5,-0.5,-0.5,-,a4Sigma-
final,31487.524062,3.5,174,2,37,0,1.5,-1.5,-1.5,-,a4Sigma-
final,31549.2487,3.5,175,4,30,0,0.5,-0.5,-0.5,-,B2Sigma-
final,31711.04121,3.5,176,2,38,0,1.5,-0.5,-0.5,-,a4Sigma-
final,31741.614213,3.5,177,2,38,0,1.5,-1.5,-1.5,-,a4Sigma-
final,31783.714058,3.5,178,4,31,0,0.5,-0.5,-0.5,-,B2Sigma-
final,31948.267676,3.5,179,5,0,0,0.5,-0.5,-0.5,-,C2Sigma+
final,31972.674062,3.5,180,2,39,0,1.5,-0.5,-0.5,-,a4Sigma-
final,32003.683822,3.5,181,2,39,0,1.5,-1.5,-1.5,-,a4Sigma-
final,32025.602909,3.5,182,4,32,0,0.5,-0.5,-0.5,-,B2Sigma-
final,32242.241133,3.5,183,2,40,0,1.5,-0.5,-0.5,-,a4Sigma-
final,32273.684001,3.5,184,2,40,0,1.5,-1.5,-1.5,-,a4Sigma-
final,32274.928003,3.5,185,4,33,0,0.5,-0.5,-0.5,-,B2Sigma-
final,32519.694645,3.5,186,2,41,0,1.5,-0.5,-0.5,-,a4Sigma-
final,32531.662677,3.5,187,4,34,0,0.5,-0.5,-0.5,-,B2Sigma-
final,32551.569723,3.5,188,2,41,0,1.5,-1.5,-1.5,-,a4Sigma-
final,32795.754928,3.5,189,4,35,0,0.5,-0.5,-0.5,-,B2Sigma-
final,32804.989269,3.5,190,2,42,0,1.5,-0.5,-0.5,-,a4Sigma-
final,32837.298856,3.5,191,2,42,0,1.5,-1.5,-1.5,-,a4Sigma-
final,33007.798454,3.5,192,3,4,-2,0.5,-0.5,-2.5,-,A2Delta
final,33067.151834,3.5,193,4,36,0,0.5,-0.5,-0.5,-,B2Sigma-
final,33098.08201,3.5,194,2,43,0,1.5,-0.5,-0.5,-,a4Sigma-
final,33099.236519,3.5,195,3,4,-2,0.5,0.5,-1.5,-,A2Delta
final,33130.834671,3.5,196,2,43,0,1.5,-1.5,-1.5,-,a4Sigma-
final,33345.812018,3.5,197,4,37,0,0.5,-0.5,-0.5,-,B2Sigma-
final,33398.932153,3.5,198,2,44,0,1.5,-0.5,-0.5,-,a4Sigma-
final,33432.145149,3.5,199,2,44,0,1.5,-1.5,-1.5,-,a4Sigma-
final,33631.709986,3.5,200,4,38,0,0.5,-0.5,-0.5,-,B2Sigma-
final,33707.501891,3.5,201,2,45,0,1.5,-0.5,-0.5,-,a4Sigma-
final,33741.211994,3.5,202,2,45,0,1.5,-1.5,-1.5,-,a4Sigma-
final,33924.832897,3.5,203,4,39,0,0.5,-0.5,-0.5,-,B2Sigma-
final,34023.756821,3.5,204,2,46,0,1.5,-0.5,-0.5,-,a4Sigma-
final,34058.036188,3.5,205,2,46,0,1.5,-1.5,-1.5,-,a4Sigma-
final,34225.17262,3.5,206,4,40,0,0.5,-0.5,-0.5,-,B2Sigma-
final,34347.671564,3.5,207,2,47,0,1.5,-0.5,-0.5,-,a4Sigma-
final,34382.702141,3.5,208,2,47,0,1.5,-1.5,-1.5,-,a4Sigma-
final,34532.711913,3.5,209,4,41,0,0.5,-0.5,-0.5,-,B2Sigma-
final,34550.879673,3.5,210,5,1,0,0.5,-0.5,-0.5,-,C2Sigma+
final,34679.243562,3.5,211,2,48,0,1.5,-0.5,-0.5,-,a4Sigma-
final,34715.552005,3.5,212,2,48,0,1.5,-1.5,-1.5,-,a4Sigma-
final,34804.142757,3.5,213,3,5,-2,0.5,-0.5,-2.5,-,A2Delta
final,34847.464679,3.5,214,4,42,0,0.5,-0.5,-0.5,-,B2Sigma-
final,34886.508976,3.5,215,3,5,-2,0.5,0.5,-1.5,-,A2Delta
final,35018.667564,3.5,216,2,49,0,1.5,-0.5,-0.5,-,a4Sigma-
final,35059.960144,3.5,217,2,49,0,1.5,-1.5,-1.5,-,a4Sigma-
final,35169.390388,3.5,218,4,43,0,0.5,-0.5,-0.5,-,B2Sigma-
final,35498.489018,3.5,219,4,44,0,0.5,-0.5,-0.5,-,B2Sigma-
final,35834.762523,3.5,220,4,45,0,0.5,-0.5,-0.5,-,B2Sigma-
final,36178.23534,3.5,221,4,46,0,0.5,-0.5,-0.5,-,B2Sigma-
final,36266.106425,3.5,222,3,6,-2,0.5,-0.5,-2.5,-,A2Delta
final,36337.155899,3.5,223,3,6,-2,0.5,0.5,-1.5,-,A2Delta
final,36529.02776,3.5,224,4,47,0,0.5,-0.5,-0.5,-,B2Sigma-
final,36887.580666,3.5,225,4,48,0,0.5,-0.5,-0.5,-,B2Sigma-
final,36909.681794,3.5,226,5,2,0,0.5,-0.5,-0.5,-,C2Sigma+
final,37005.223482,3.5,227,5,3,0,0.5,-0.5,-0.5,-,C2Sigma+
final,37080.782603,3.5,228,5,4,0,0.5,-0.5,-0.5,-,C2Sigma+
final,37161.794834,3.5,229,5,5,0,0.5,-0.5,-0.5,-,C2Sigma+
final,37249.567942,3.5,230,5,6,0,0.5,-0.5,-0.5,-,C2Sigma+
final,37258.167742,3.5,231,4,49,0,0.5,-0.5,-0.5,-,B2Sigma-
final,37326.801378,3.5,232,3,7,-2,0.5,-0.5,-2.5,-,A2Delta
final,37344.303816,3.5,233,5,7,0,0.5,-0.5,-0.5,-,C2Sigma+
final,37382.694982,3.5,234,3,7,-2,0.5,0.5,-1.5,-,A2Delta
final,37445.945974,3.5,235,5,8,0,0.5,-0.5,-0.5,-,C2Sigma+
final,37554.362752,3.5,236,5,9,0,0.5,-0.5,-0.5,-,C2Sigma+
final,37669.406306,3.5,237,5,10,0,0.5,-0.5,-0.5,-,C2Sigma+
final,37790.935635,3.5,238,5,11,0,0.5,-0.5,-0.5,-,C2Sigma+
final,37896.969749,3.5,239,3,8,-2,0.5,-0.5,-2.5,-,A2Delta
final,37918.825874,3.5,240,5,12,0,0.5,-0.5,-0.5,-,C2Sigma+
final,37928.568067,3.5,241,3,8,-2,0.5,0.5,-1.5,-,A2Delta
final,37966.135708,3.5,242,3,9,-2,0.5,-0.5,-2.5,-,A2Delta
final,37971.785107,3.5,243,3,9,-2,0.5,0.5,-1.5,-,A2Delta
final,37986.347584,3.5,244,3,10,-2,0.5,-0.5,-2.5,-,A2Delta
final,37994.06172,3.5,245,3,10,-2,0.5,0.5,-1.5,-,A2Delta
final,38018.164654,3.5,246,3,11,-2,0.5,-0.5,-2.5,-,A2Delta
final,38027.162954,3.5,247,3,11,-2,0.5,0.5,-1.5,-,A2Delta
final,38052.970256,3.5,248,5,13,0,0.5,-0.5,-0.5,-,C2Sigma+
final,38060.993385,3.5,249,3,12,-2,0.5,-0.5,-2.5,-,A2Delta
final,38070.910522,3.5,250,3,12,-2,0.5,0.5,-1.5,-,A2Delta
final,38114.330188,3.5,251,3,13,-2,0.5,-0.5,-2.5,-,A2Delta
final,38124.96235,3.5,252,3,13,-2,0.5,0.5,-1.5,-,A2Delta
final,38177.802683,3.5,253,3,14,-2,0.5,-0.5,-2.5,-,A2Delta
final,38189.030827,3.5,254,3,14,-2,0.5,0.5,-1.5,-,A2Delta
final,38193.279233,3.5,255,5,14,0,0.5,-0.5,-0.5,-,C2Sigma+
final,38251.119289,3.5,256,3,15,-2,0.5,-0.5,-2.5,-,A2Delta
final,38262.869977,3.5,257,3,15,-2,0.5,0.5,-1.5,-,A2Delta
final,38334.039878,3.5,258,3,16,-2,0.5,-0.5,-2.5,-,A2Delta
final,38339.679272,3.5,259,5,15,0,0.5,-0.5,-0.5,-,C2Sigma+
final,38346.264312,3.5,260,3,16,-2,0.5,0.5,-1.5,-,A2Delta
final,38426.360394,3.5,261,3,17,-2,0.5,-0.5,-2.5,-,A2Delta
final,38439.023516,3.5,262,3,17,-2,0.5,0.5,-1.5,-,A2Delta
final,38492.093646,3.5,263,5,16,0,0.5,-0.5,-0.5,-,C2Sigma+
final,38527.903904,3.5,264,3,18,-2,0.5,-0.5,-2.5,-,A2Delta
final,38540.978744,3.5,265,3,18,-2,0.5,0.5,-1.5,-,A2Delta
final,38638.514761,3.5,266,3,19,-2,0.5,-0.5,-2.5,-,A2Delta
final,38650.437152,3.5,267,5,17,0,0.5,-0.5,-0.5,-,C2Sigma+
final,38651.97943,3.5,268,3,19,-2,0.5,0.5,-1.5,-,A2Delta
final,38758.054483,3.5,269,3,20,-2,0.5,-0.5,-2.5,-,A2Delta
final,38771.89052,3.5,270,3,20,-2,0.5,0.5,-1.5,-,A2Delta
final,38814.559273,3.5,271,5,18,0,0.5,-0.5,-0.5,-,C2Sigma+
final,38886.398685,3.5,272,3,21,-2,0.5,-0.5,-2.5,-,A2Delta
final,38900.590107,3.5,273,3,21,-2,0.5,0.5,-1.5,-,A2Delta
final,38913.840502,3.5,274,5,19,0,0.5,-0.5,-0.5,-,C2Sigma+
final,38984.658569,3.5,275,5,20,0,0.5,-0.5,-0.5,-,C2Sigma+
final,39023.432974,3.5,276,3,22,-2,0.5,-0.5,-2.5,-,A2Delta
final,39037.962203,3.5,277,3,22,-2,0.5,0.5,-1.5,-,A2Delta
final,39159.803941,3.5,278,5,21,0,0.5,-0.5,-0.5,-,C2Sigma+
final,39169.054042,3.5,279,3,23,-2,0.5,-0.5,-2.5,-,A2Delta
final,39183.906148,3.5,280,3,23,-2,0.5,0.5,-1.5,-,A2Delta
final,39323.174561,3.5,281,3,24,-2,0.5,-0.5,-2.5,-,A2Delta
final,39338.343866,3.5,282,3,24,-2,0.5,0.5,-1.5,-,A2Delta
final,39339.957099,3.5,283,5,22,0,0.5,-0.5,-0.5,-,C2Sigma+
final,39485.703135,3.5,284,3,25,-2,0.5,-0.5,-2.5,-,A2Delta
final,39501.179141,3.5,285,3,25,-2,0.5,0.5,-1.5,-,A2Delta
final,39524.146687,3.5,286,5,23,0,0.5,-0.5,-0.5,-,C2Sigma+
final,39656.559578,3.5,287,3,26,-2,0.5,-0.5,-2.5,-,A2Delta
final,39672.332135,3.5,288,3,26,-2,0.5,0.5,-1.5,-,A2Delta
final,39710.540125,3.5,289,5,24,0,0.5,-0.5,-0.5,-,C2Sigma+
final,39835.669599,3.5,290,3,27,-2,0.5,-0.5,-2.5,-,A2Delta
final,39851.730399,3.5,291,3,27,-2,0.5,0.5,-1.5,-,A2Delta
final,39895.374416,3.5,292,5,25,0,0.5,-0.5,-0.5,-,C2Sigma+
final,40022.963422,3.5,293,3,28,-2,0.5,-0.5,-2.5,-,A2Delta
final,40039.304853,3.5,294,3,28,-2,0.5,0.5,-1.5,-,A2Delta
final,40073.070341,3.5,295,5,26,0,0.5,-0.5,-0.5,-,C2Sigma+
final,40218.375676,3.5,296,3,29,-2,0.5,-0.5,-2.5,-,A2Delta
final,40234.990092,3.5,297,3,29,-2,0.5,0.5,-1.5,-,A2Delta
final,40245.574068,3.5,298,5,27,0,0.5,-0.5,-0.5,-,C2Sigma+
final,40421.845248,3.5,299,3,30,-2,0.5,-0.5,-2.5,-,A2Delta
final,40428.704267,3.5,300,5,28,0,0.5,-0.5,-0.5,-,C2Sigma+
final,40438.725428,3.5,301,3,30,-2,0.5,0.5,-1.5,-,A2Delta
final,40629.536358,3.5,302,5,29,0,0.5,-0.5,-0.5,-,C2Sigma+
final,40633.314735,3.5,303,3,31,-2,0.5,-0.5,-2.5,-,A2Delta
final,40650.454335,3.5,304,3,31,-2,0.5,0.5,-1.5,-,A2Delta
final,40844.09929,3.5,305,5,30,0,0.5,-0.5,-0.5,-,C2Sigma+
final,40852.729921,3.5,306,3,32,-2,0.5,-0.5,-2.5,-,A2Delta
final,40870.12322,3.5,307,3,32,-2,0.5,0.5,-1.5,-,A2Delta
final,41068.662743,3.5,308,5,31,0,0.5,-0.5,-0.5,-,C2Sigma+
final,41080.039513,3.5,309,3,33,-2,0.5,-0.5,-2.5,-,A2Delta
final,41097.680971,3.5,310,3,33,-2,0.5,0.5,-1.5,-,A2Delta
final,41301.463032,3.5,311,5,32,0,0.5,-0.5,-0.5,-,C2Sigma+
final,41315.194987,3.5,312,3,34,-2,0.5,-0.5,-2.5,-,A2Delta
final,41333.079189,3.5,313,3,34,-2,0.5,0.5,-1.5,-,A2Delta
final,41541.816868,3.5,314,5,33,0,0.5,-0.5,-0.5,-,C2Sigma+
final,41558.150377,3.5,315,3,35,-2,0.5,-0.5,-2.5,-,A2Delta
final,41576.272374,3.5,316,3,35,-2,0.5,0.5,-1.5,-,A2Delta
final,41789.538513,3.5,317,5,34,0,0.5,-0.5,-0.5,-,C2Sigma+
final,41808.862035,3.5,318,3,36,-2,0.5,-0.5,-2.5,-,A2Delta
final,41827.217527,3.5,319,3,36,-2,0.5,0.5,-1.5,-,A2Delta
final,42044.648976,3.5,320,5,35,0,0.5,-0.5,-0.5,-,C2Sigma+
final,42067.288425,3.5,321,3,37,-2,0.5,-0.5,-2.5,-,A2Delta
final,42085.873704,3.5,322,3,37,-2,0.5,0.5,-1.5,-,A2Delta
final,42307.22609,3.5,323,5,36,0,0.5,-0.5,-0.5,-,C2Sigma+
final,42333.38997,3.5,324,3,38,-2,0.5,-0.5,-2.5,-,A2Delta
final,42352.201673,3.5,325,3,38,-2,0.5,0.5,-1.5,-,A2Delta
final,42577.331922,3.5,326,5,37,0,0.5,-0.5,-0.5,-,C2Sigma+
final,42607.128939,3.5,327,3,39,-2,0.5,-0.5,-2.5,-,A2Delta
final,42626.164099,3.5,328,3,39,-2,0.5,0.5,-1.5,-,A2Delta
final,42854.987531,3.5,329,5,38,0,0.5,-0.5,-0.5,-,C2Sigma+
final,42888.469321,3.5,330,3,40,-2,0.5,-0.5,-2.5,-,A2Delta
final,42907.725538,3.5,331,3,40,-2,0.5,0.5,-1.5,-,A2Delta
final,43140.174638,3.5,332,5,39,0,0.5,-0.5,-0.5,-,C2Sigma+
final,43177.376738,3.5,333,3,41,-2,0.5,-0.5,-2.5,-,A2Delta
final,43196.852691,3.5,334,3,41,-2,0.5,0.5,-1.5,-,A2Delta
final,43432.848492,3.5,335,5,40,0,0.5,-0.5,-0.5,-,C2Sigma+
final,43473.818315,3.5,336,3,42,-2,0.5,-0.5,-2.5,-,A2Delta
final,43493.514032,3.5,337,3,42,-2,0.5,0.5,-1.5,-,A2Delta
final,43732.952762,3.5,338,5,41,0,0.5,-0.5,-0.5,-,C2Sigma+
final,43777.762673,3.5,339,3,43,-2,0.5,-0.5,-2.5,-,A2Delta
final,43797.68047,3.5,340,3,43,-2,0.5,0.5,-1.5,-,A2Delta
final,44040.430304,3.5,341,5,42,0,0.5,-0.5,-0.5,-,C2Sigma+
final,44089.179853,3.5,342,3,44,-2,0.5,-0.5,-2.5,-,A2Delta
final,44109.325248,3.5,343,3,44,-2,0.5,0.5,-1.5,-,A2Delta
final,44355.225655,3.5,344,5,43,0,0.5,-0.5,-0.5,-,C2Sigma+
final,44408.041632,3.5,345,3,45,-2,0.5,-0.5,-2.5,-,A2Delta
final,44428.42745,3.5,346,3,45,-2,0.5,0.5,-1.5,-,A2Delta
final,44677.309449,3.5,347,5,44,0,0.5,-0.5,-0.5,-,C2Sigma+
final,44734.321761,3.5,348,3,46,-2,0.5,-0.5,-2.5,-,A2Delta
final,44754.974777,3.5,349,3,46,-2,0.5,0.5,-1.5,-,A2Delta
final,45006.65556,3.5,350,5,45,0,0.5,-0.5,-0.5,-,C2Sigma+
final,45067.998595,3.5,351,3,47,-2,0.5,-0.5,-2.5,-,A2Delta
final,45088.988487,3.5,352,3,47,-2,0.5,0.5,-1.5,-,A2Delta
final,45343.250914,3.5,353,5,46,0,0.5,-0.5,-0.5,-,C2Sigma+
final,45409.061923,3.5,354,3,48,-2,0.5,-0.5,-2.5,-,A2Delta
final,45430.591143,3.5,355,3,48,-2,0.5,0.5,-1.5,-,A2Delta
final,45687.121657,3.5,356,5,47,0,0.5,-0.5,-0.5,-,C2Sigma+
final,45757.592708,3.5,357,3,49,-2,0.5,-0.5,-2.5,-,A2Delta
final,45780.905504,3.5,358,3,49,-2,0.5,0.5,-1.5,-,A2Delta
final,46038.42087,3.5,359,5,48,0,0.5,-0.5,-0.5,-,C2Sigma+
final,46398.496786,3.5,360,5,49,0,0.5,-0.5,-0.5,-,C2Sigma+
final,270.701797,4.5,1,1,0,1,0.5,-0.5,0.5,+,X2Pi
final,408.236202,4.5,2,1,0,1,0.5,0.5,1.5,+,X2Pi
final,2993.023162,4.5,3,1,1,1,0.5,-0.5,0.5,+,X2Pi
final,3125.400228,4.5,4,1,1,1,0.5,0.5,1.5,+,X2Pi
final,5589.487219,4.5,5,1,2,1,0.5,-0.5,0.5,+,X2Pi
final,5716.766425,4.5,6,1,2,1,0.5,0.5,1.5,+,X2Pi
final,6274.960856,4.5,7,2,0,0,1.5,0.5,0.5,+,a4Sigma-
final,6540.316295,4.5,8,2,0,0,1.5,1.5,1.5,+,a4Sigma-
final,8061.038115,4.5,9,1,3,1,0.5,-0.5,0.5,+,X2Pi
final,8183.305069,4.5,10,1,3,1,0.5,0.5,1.5,+,X2Pi
final,9227.835127,4.5,11,2,1,0,1.5,0.5,0.5,+,a4Sigma-
final,9483.602856,4.5,12,2,1,0,1.5,1.5,1.5,+,a4Sigma-
final,10409.482454,4.5,13,1,4,1,0.5,-0.5,0.5,+,X2Pi
final,10526.800512,4.5,14,1,4,1,0.5,0.5,1.5,+,X2Pi
final,12029.619923,4.5,15,2,2,0,1.5,0.5,0.5,+,a4Sigma-
final,12275.155824,4.5,16,2,2,0,1.5,1.5,1.5,+,a4Sigma-
final,12634.295104,4.5,17,1,5,1,0.5,-0.5,0.5,+,X2Pi
final,12746.647322,4.5,18,1,5,1,0.5,0.5,1.5,+,X2Pi
final,14679.607173,4.5,19,2,3,0,1.5,0.5,0.5,+,a4Sigma-
final,14732.447927,4.5,20,1,6,1,0.5,-0.5,0.5,+,X2Pi
final,14839.673469,4.5,21,1,6,1,0.5,0.5,1.5,+,X2Pi
final,14914.41988,4.5,22,2,3,0,1.5,1.5,1.5,+,a4Sigma-
final,16699.021153,4.5,23,1,7,1,0.5,-0.5,0.5,+,X2Pi
final,16800.900235,4.5,24,1,7,1,0.5,0.5,1.5,+,X2Pi
final,17163.680128,4.5,25,2,4,0,1.5,0.5,0.5,+,a4Sigma-
final,17386.80683,4.5,26,2,4,0,1.5,1.5,1.5,+,a4Sigma-
final,18527.91239,4.5,27,1,8,1,0.5,-0.5,0.5,+,X2Pi
final,18624.262164,4.5,28,1,8,1,0.5,0.5,1.5,+,X2Pi
final,19459.115637,4.5,29,2,5,0,1.5,0.5,0.5,+,a4Sigma-
final,19669.153918,4.5,30,2,5,0,1.5,1.5,1.5,+,a4Sigma-
final,20212.611774,4.5,31,1,9,1,0.5,-0.5,0.5,+,X2Pi
final,20303.187427,4.5,32,1,9,1,0.5,0.5,1.5,+,X2Pi
final,21538.797824,4.5,33,2,6,0,1.5,0.5,0.5,+,a4Sigma-
final,21733.962664,4.5,34,2,6,0,1.5,1.5,1.5,+,a4Sigma-
final,21746.546599,4.5,35,1,10,1,0.5,-0.5,0.5,+,X2Pi
final,21831.068105,4.5,36,1,10,1,0.5,0.5,1.5,+,X2Pi
final,23123.422013,4.5,37,1,11,1,0.5,-0.5,0.5,+,X2Pi
final,23201.574306,4.5,38,1,11,1,0.5,0.5,1.5,+,X2Pi
final,23373.9889,4.5,39,2,7,0,1.5,0.5,0.5,+,a4Sigma-
final,23449.775953,4.5,40,3,0,2,0.5,0.5,2.5,+,A2Delta
final,23552.127263,4.5,41,2,7,0,1.5,1.5,1.5,+,a4Sigma-
final,23595.47126,4.5,42,3,0,2,0.5,-0.5,1.5,+,A2Delta
final,24337.473047,4.5,43,1,12,1,0.5,-0.5,0.5,+,X2Pi
final,24408.935584,4.5,44,1,12,1,0.5,0.5,1.5,+,X2Pi
final,24936.229462,4.5,45,2,8,0,1.5,0.5,0.5,+,a4Sigma-
final,25094.789644,4.5,46,2,8,0,1.5,1.5,1.5,+,a4Sigma-
final,25383.630299,4.5,47,1,13,1,0.5,-0.5,0.5,+,X2Pi
final,25448.044928,4.5,48,1,13,1,0.5,0.5,1.5,+,X2Pi
final,26075.522977,4.5,49,4,0,0,0.5,0.5,0.5,+,B2Sigma-
final,26176.74678,4.5,50,3,1,2,0.5,0.5,2.5,+,A2Delta
final,26198.986671,4.5,51,2,9,0,1.5,0.5,0.5,+,a4Sigma-
final,26257.618614,4.5,52,1,14,1,0.5,-0.5,0.5,+,X2Pi
final,26314.58188,4.5,53,1,14,1,0.5,0.5,1.5,+,X2Pi
final,26315.614852,4.5,54,3,1,2,0.5,-0.5,1.5,+,A2Delta
final,26334.902143,4.5,55,2,9,0,1.5,1.5,1.5,+,a4Sigma-
final,26955.963396,4.5,56,1,15,1,0.5,-0.5,0.5,+,X2Pi
final,27005.009554,4.5,57,1,15,1,0.5,0.5,1.5,+,X2Pi
final,27139.226086,4.5,58,2,10,0,1.5,0.5,0.5,+,a4Sigma-
final,27248.57232,4.5,59,2,10,0,1.5,1.5,1.5,+,a4Sigma-
final,27475.880802,4.5,60,1,16,1,0.5,-0.5,0.5,+,X2Pi
final,27516.431296,4.5,61,1,16,1,0.5,0.5,1.5,+,X2Pi
final,27738.628116,4.5,62,2,11,0,1.5,0.5,0.5,+,a4Sigma-
final,27814.841022,4.5,63,1,17,1,0.5,-0.5,0.5,+,X2Pi
final,27815.301477,4.5,64,2,11,0,1.5,1.5,1.5,+,a4Sigma-
final,27825.939118,4.5,65,4,1,0,0.5,0.5,0.5,+,B2Sigma-
final,27846.105772,4.5,66,1,17,1,0.5,0.5,1.5,+,X2Pi
final,27954.802404,4.5,67,4,2,0,0.5,0.5,0.5,+,B2Sigma-
final,27969.565874,4.5,68,1,18,1,0.5,-0.5,0.5,+,X2Pi
final,27980.146615,4.5,69,2,12,0,1.5,0.5,0.5,+,a4Sigma-
final,27984.884843,4.5,70,1,19,1,0.5,-0.5,0.5,+,X2Pi
final,27986.613172,4.5,71,1,18,1,0.5,0.5,1.5,+,X2Pi
final,27993.794634,4.5,72,2,13,0,1.5,0.5,0.5,+,a4Sigma-
final,27999.416681,4.5,73,2,12,0,1.5,1.5,1.5,+,a4Sigma-
final,28003.808275,4.5,74,4,3,0,0.5,0.5,0.5,+,B2Sigma-
final,28009.550176,4.5,75,1,19,1,0.5,0.5,1.5,+,X2Pi
final,28018.205138,4.5,76,2,13,0,1.5,1.5,1.5,+,a4Sigma-
final,28020.760724,4.5,77,4,4,0,0.5,0.5,0.5,+,B2Sigma-
final,28023.987398,4.5,78,2,14,0,1.5,0.5,0.5,+,a4Sigma-
final,28039.482279,4.5,79,1,20,1,0.5,-0.5,0.5,+,X2Pi
final,28042.466871,4.5,80,2,14,0,1.5,1.5,1.5,+,a4Sigma-
final,28055.244596,4.5,81,1,20,1,0.5,0.5,1.5,+,X2Pi
final,28066.183007,4.5,82,4,5,0,0.5,0.5,0.5,+,B2Sigma-
final,28067.141303,4.5,83,2,15,0,1.5,0.5,0.5,+,a4Sigma-
final,28086.865616,4.5,84,2,15,0,1.5,1.5,1.5,+,a4Sigma-
final,28093.194477,4.5,85,1,21,1,0.5,-0.5,0.5,+,X2Pi
final,28111.175418,4.5,86,1,21,1,0.5,0.5,1.5,+,X2Pi
final,28120.608661,4.5,87,2,16,0,1.5,0.5,0.5,+,a4Sigma-
final,28123.74487,4.5,88,4,6,0,0.5,0.5,0.5,+,B2Sigma-
final,28142.579444,4.5,89,2,16,0,1.5,1.5,1.5,+,a4Sigma-
final,28162.088216,4.5,90,1,22,1,0.5,-0.5,0.5,+,X2Pi
final,28181.399995,4.5,91,1,22,1,0.5,0.5,1.5,+,X2Pi
final,28186.359835,4.5,92,2,17,0,1.5,0.5,0.5,+,a4Sigma-
final,28191.097178,4.5,93,4,7,0,0.5,0.5,0.5,+,B2Sigma-
final,28209.297233,4.5,94,2,17,0,1.5,1.5,1.5,+,a4Sigma-
final,28244.008439,4.5,95,1,23,1,0.5,-0.5,0.5,+,X2Pi
final,28260.724504,4.5,96,2,18,0,1.5,0.5,0.5,+,a4Sigma-
final,28266.600739,4.5,97,1,23,1,0.5,0.5,1.5,+,X2Pi
final,28269.09505,4.5,98,4,8,0,0.5,0.5,0.5,+,B2Sigma-
final,28286.778454,4.5,99,2,18,0,1.5,1.5,1.5,+,a4Sigma-
final,28337.018578,4.5,100,1,24,1,0.5,-0.5,0.5,+,X2Pi
final,28347.457287,4.5,101,2,19,0,1.5,0.5,0.5,+,a4Sigma-
final,28357.588746,4.5,102,4,9,0,0.5,0.5,0.5,+,B2Sigma-
final,28362.026965,4.5,103,1,24,1,0.5,0.5,1.5,+,X2Pi
final,28375.121299,4.5,104,2,19,0,1.5,1.5,1.5,+,a4Sigma-
final,28438.470155,4.5,105,4,10,0,0.5,0.5,0.5,+,B2Sigma-
final,28443.825686,4.5,106,2,20,0,1.5,0.5,0.5,+,a4Sigma-
final,28459.153281,4.5,107,1,25,1,0.5,-0.5,0.5,+,X2Pi
final,28466.361061,4.5,108,2,20,0,1.5,1.5,1.5,+,a4Sigma-
final,28476.234681,4.5,109,1,25,1,0.5,0.5,1.5,+,X2Pi
final,28546.253178,4.5,110,4,11,0,0.5,0.5,0.5,+,B2Sigma-
final,28549.828636,4.5,111,2,21,0,1.5,0.5,0.5,+,a4Sigma-
final,28574.544844,4.5,112,1,26,1,0.5,-0.5,0.5,+,X2Pi
final,28576.185801,4.5,113,2,21,0,1.5,1.5,1.5,+,a4Sigma-
final,28593.093587,4.5,114,1,26,1,0.5,0.5,1.5,+,X2Pi
final,28660.288025,4.5,115,4,12,0,0.5,0.5,0.5,+,B2Sigma-
final,28665.722121,4.5,116,2,22,0,1.5,0.5,0.5,+,a4Sigma-
final,28693.709525,4.5,117,2,22,0,1.5,1.5,1.5,+,a4Sigma-
final,28702.700798,4.5,118,1,27,1,0.5,-0.5,0.5,+,X2Pi
final,28709.34333,4.5,119,3,2,2,0.5,0.5,2.5,+,A2Delta
final,28722.914925,4.5,120,1,27,1,0.5,0.5,1.5,+,X2Pi
final,28780.834024,4.5,121,4,13,0,0.5,0.5,0.5,+,B2Sigma-
final,28791.206882,4.5,122,2,23,0,1.5,0.5,0.5,+,a4Sigma-
final,28820.276666,4.5,123,2,23,0,1.5,1.5,1.5,+,a4Sigma-
final,28840.800164,4.5,124,3,2,2,0.5,-0.5,1.5,+,A2Delta
final,28842.388467,4.5,125,1,28,1,0.5,-0.5,0.5,+,X2Pi
final,28864.324055,4.5,126,1,28,1,0.5,0.5,1.5,+,X2Pi
final,28904.647881,4.5,127,4,14,0,0.5,0.5,0.5,+,B2Sigma-
final,28925.971119,4.5,128,2,24,0,1.5,0.5,0.5,+,a4Sigma-
final,28955.97718,4.5,129,2,24,0,1.5,1.5,1.5,+,a4Sigma-
final,28983.990164,4.5,130,4,15,0,0.5,0.5,0.5,+,B2Sigma-
final,28997.867622,4.5,131,1,29,1,0.5,-0.5,0.5,+,X2Pi
final,29023.888479,4.5,132,1,29,1,0.5,0.5,1.5,+,X2Pi
final,29061.886744,4.5,133,4,16,0,0.5,0.5,0.5,+,B2Sigma-
final,29069.89768,4.5,134,2,25,0,1.5,0.5,0.5,+,a4Sigma-
final,29100.748667,4.5,135,2,25,0,1.5,1.5,1.5,+,a4Sigma-
final,29196.853961,4.5,136,4,17,0,0.5,0.5,0.5,+,B2Sigma-
final,29222.546942,4.5,137,2,26,0,1.5,0.5,0.5,+,a4Sigma-
final,29254.203267,4.5,138,2,26,0,1.5,1.5,1.5,+,a4Sigma-
final,29343.590884,4.5,139,4,18,0,0.5,0.5,0.5,+,B2Sigma-
final,29384.26493,4.5,140,2,27,0,1.5,0.5,0.5,+,a4Sigma-
final,29416.654383,4.5,141,2,27,0,1.5,1.5,1.5,+,a4Sigma-
final,29495.750989,4.5,142,4,19,0,0.5,0.5,0.5,+,B2Sigma-
final,29554.781561,4.5,143,2,28,0,1.5,0.5,0.5,+,a4Sigma-
final,29587.890789,4.5,144,2,28,0,1.5,1.5,1.5,+,a4Sigma-
final,29651.358118,4.5,145,4,20,0,0.5,0.5,0.5,+,B2Sigma-
final,29733.981527,4.5,146,2,29,0,1.5,0.5,0.5,+,a4Sigma-
final,29767.788781,4.5,147,2,29,0,1.5,1.5,1.5,+,a4Sigma-
final,29809.761423,4.5,148,4,21,0,0.5,0.5,0.5,+,B2Sigma-
final,29921.773201,4.5,149,2,30,0,1.5,0.5,0.5,+,a4Sigma-
final,29956.256698,4.5,150,2,30,0,1.5,1.5,1.5,+,a4Sigma-
final,29972.477244,4.5,151,4,22,0,0.5,0.5,0.5,+,B2Sigma-
final,30118.071701,4.5,152,2,31,0,1.5,0.5,0.5,+,a4Sigma-
final,30142.55084,4.5,153,4,23,0,0.5,0.5,0.5,+,B2Sigma-
final,30153.21267,4.5,154,2,31,0,1.5,1.5,1.5,+,a4Sigma-
final,30322.002764,4.5,155,4,24,0,0.5,0.5,0.5,+,B2Sigma-
final,30322.795778,4.5,156,2,32,0,1.5,0.5,0.5,+,a4Sigma-
final,30358.577681,4.5,157,2,32,0,1.5,1.5,1.5,+,a4Sigma-
final,30510.923683,4.5,158,4,25,0,0.5,0.5,0.5,+,B2Sigma-
final,30535.868384,4.5,159,2,33,0,1.5,0.5,0.5,+,a4Sigma-
final,30572.276619,4.5,160,2,33,0,1.5,1.5,1.5,+,a4Sigma-
final,30708.52409,4.5,161,4,26,0,0.5,0.5,0.5,+,B2Sigma-
final,30757.21888,4.5,162,2,34,0,1.5,0.5,0.5,+,a4Sigma-
final,30794.239258,4.5,163,2,34,0,1.5,1.5,1.5,+,a4Sigma-
final,30914.03254,4.5,164,4,27,0,0.5,0.5,0.5,+,B2Sigma-
final,30986.780902,4.5,165,2,35,0,1.5,0.5,0.5,+,a4Sigma-
final,31024.400673,4.5,166,2,35,0,1.5,1.5,1.5,+,a4Sigma-
final,31026.67502,4.5,167,3,3,2,0.5,0.5,2.5,+,A2Delta
final,31126.963929,4.5,168,4,28,0,0.5,0.5,0.5,+,B2Sigma-
final,31149.873295,4.5,169,3,3,2,0.5,-0.5,1.5,+,A2Delta
final,31224.492298,4.5,170,2,36,0,1.5,0.5,0.5,+,a4Sigma-
final,31262.700235,4.5,171,2,36,0,1.5,1.5,1.5,+,a4Sigma-
final,31347.114625,4.5,172,4,29,0,0.5,0.5,0.5,+,B2Sigma-
final,31470.294284,4.5,173,2,37,0,1.5,0.5,0.5,+,a4Sigma-
final,31509.081096,4.5,174,2,37,0,1.5,1.5,1.5,+,a4Sigma-
final,31574.480546,4.5,175,4,30,0,0.5,0.5,0.5,+,B2Sigma-
final,31724.131084,4.5,176,2,38,0,1.5,0.5,0.5,+,a4Sigma-
final,31763.489354,4.5,177,2,38,0,1.5,1.5,1.5,+,a4Sigma-
final,31809.149311,4.5,178,4,31,0,0.5,0.5,0.5,+,B2Sigma-
final,31985.949954,4.5,179,2,39,0,1.5,0.5,0.5,+,a4Sigma-
final,32025.87478,4.5,180,2,39,0,1.5,1.5,1.5,+,a4Sigma-
final,32051.198843,4.5,181,4,32,0,0.5,0.5,0.5,+,B2Sigma-
final,32061.934584,4.5,182,5,0,0,0.5,0.5,0.5,+,C2Sigma+
final,32255.700992,4.5,183,2,40,0,1.5,0.5,0.5,+,a4Sigma-
final,32296.190189,4.5,184,2,40,0,1.5,1.5,1.5,+,a4Sigma-
final,32300.68568,4.5,185,4,33,0,0.5,0.5,0.5,+,B2Sigma-
final,32533.337316,4.5,186,2,41,0,1.5,0.5,0.5,+,a4Sigma-
final,32557.574069,4.5,187,4,34,0,0.5,0.5,0.5,+,B2Sigma-
final,32574.393372,4.5,188,2,41,0,1.5,1.5,1.5,+,a4Sigma-
final,32818.814637,4.5,189,2,42,0,1.5,0.5,0.5,+,a4Sigma-
final,32821.829224,4.5,190,4,35,0,0.5,0.5,0.5,+,B2Sigma-
final,32860.445805,4.5,191,2,42,0,1.5,1.5,1.5,+,a4Sigma-
final,33093.399222,4.5,192,4,36,0,0.5,0.5,0.5,+,B2Sigma-
final,33098.855726,4.5,193,3,4,2,0.5,0.5,2.5,+,A2Delta
final,33112.092083,4.5,194,2,43,0,1.5,0.5,0.5,+,a4Sigma-
final,33154.317738,4.5,195,2,43,0,1.5,1.5,1.5,+,a4Sigma-
final,33212.545096,4.5,196,3,4,2,0.5,-0.5,1.5,+,A2Delta
final,33372.238663,4.5,197,4,37,0,0.5,0.5,0.5,+,B2Sigma-
final,33413.131598,4.5,198,2,44,0,1.5,0.5,0.5,+,a4Sigma-
final,33455.987004,4.5,199,2,44,0,1.5,1.5,1.5,+,a4Sigma-
final,33658.316827,4.5,200,4,38,0,0.5,0.5,0.5,+,B2Sigma-
final,33721.901544,4.5,201,2,45,0,1.5,0.5,0.5,+,a4Sigma-
final,33765.458322,4.5,202,2,45,0,1.5,1.5,1.5,+,a4Sigma-
final,33951.618299,4.5,203,4,39,0,0.5,0.5,0.5,+,B2Sigma-
final,34038.378564,4.5,204,2,46,0,1.5,0.5,0.5,+,a4Sigma-
final,34082.774349,4.5,205,2,46,0,1.5,1.5,1.5,+,a4Sigma-
final,34252.135279,4.5,206,4,40,0,0.5,0.5,0.5,+,B2Sigma-
final,34362.570634,4.5,207,2,47,0,1.5,0.5,0.5,+,a4Sigma-
final,34408.156321,4.5,208,2,47,0,1.5,1.5,1.5,+,a4Sigma-
final,34559.859883,4.5,209,4,41,0,0.5,0.5,0.5,+,B2Sigma-
final,34658.554994,4.5,210,5,1,0,0.5,0.5,0.5,+,C2Sigma+
final,34694.57628,4.5,211,2,48,0,1.5,0.5,0.5,+,a4Sigma-
final,34742.403179,4.5,212,2,48,0,1.5,1.5,1.5,+,a4Sigma-
final,34874.787139,4.5,213,4,42,0,0.5,0.5,0.5,+,B2Sigma-
final,34886.203174,4.5,214,3,5,2,0.5,0.5,2.5,+,A2Delta
final,34988.529437,4.5,215,3,5,2,0.5,-0.5,1.5,+,A2Delta
final,35035.39928,4.5,216,2,49,0,1.5,0.5,0.5,+,a4Sigma-
final,35094.872429,4.5,217,2,49,0,1.5,1.5,1.5,+,a4Sigma-
final,35196.902652,4.5,218,4,43,0,0.5,0.5,0.5,+,B2Sigma-
final,35526.20692,4.5,219,4,44,0,0.5,0.5,0.5,+,B2Sigma-
final,35862.719977,4.5,220,4,45,0,0.5,0.5,0.5,+,B2Sigma-
final,36206.503576,4.5,221,4,46,0,0.5,0.5,0.5,+,B2Sigma-
final,36336.918323,4.5,222,3,6,2,0.5,0.5,2.5,+,A2Delta
final,36425.005551,4.5,223,3,6,2,0.5,-0.5,1.5,+,A2Delta
final,36557.813857,4.5,224,4,47,0,0.5,0.5,0.5,+,B2Sigma-
final,36917.617556,4.5,225,4,48,0,0.5,0.5,0.5,+,B2Sigma-
final,37008.485695,4.5,226,5,2,0,0.5,0.5,0.5,+,C2Sigma+
final,37010.022026,4.5,227,5,3,0,0.5,0.5,0.5,+,C2Sigma+
final,37084.73845,4.5,228,5,4,0,0.5,0.5,0.5,+,C2Sigma+
final,37166.334237,4.5,229,5,5,0,0.5,0.5,0.5,+,C2Sigma+
final,37254.636258,4.5,230,5,6,0,0.5,0.5,0.5,+,C2Sigma+
final,37297.397676,4.5,231,4,49,0,0.5,0.5,0.5,+,B2Sigma-
final,37349.868994,4.5,232,5,7,0,0.5,0.5,0.5,+,C2Sigma+
final,37382.528168,4.5,233,3,7,2,0.5,0.5,2.5,+,A2Delta
final,37451.381446,4.5,234,3,7,2,0.5,-0.5,1.5,+,A2Delta
final,37451.988306,4.5,235,5,8,0,0.5,0.5,0.5,+,C2Sigma+
final,37560.870173,4.5,236,5,9,0,0.5,0.5,0.5,+,C2Sigma+
final,37676.371722,4.5,237,5,10,0,0.5,0.5,0.5,+,C2Sigma+
final,37798.355212,4.5,238,5,11,0,0.5,0.5,0.5,+,C2Sigma+
final,37926.697877,4.5,239,5,12,0,0.5,0.5,0.5,+,C2Sigma+
final,37928.496938,4.5,240,3,8,2,0.5,0.5,2.5,+,A2Delta
final,37964.421398,4.5,241,3,8,2,0.5,-0.5,1.5,+,A2Delta
final,37971.786938,4.5,242,3,9,2,0.5,0.5,2.5,+,A2Delta
final,37978.543577,4.5,243,3,9,2,0.5,-0.5,1.5,+,A2Delta
final,37994.057662,4.5,244,3,10,2,0.5,0.5,2.5,+,A2Delta
final,38003.65577,4.5,245,3,10,2,0.5,-0.5,1.5,+,A2Delta
final,38027.15513,4.5,246,3,11,2,0.5,0.5,2.5,+,A2Delta
final,38038.496385,4.5,247,3,11,2,0.5,-0.5,1.5,+,A2Delta
final,38061.294213,4.5,248,5,13,0,0.5,0.5,0.5,+,C2Sigma+
final,38070.89975,4.5,249,3,12,2,0.5,0.5,2.5,+,A2Delta
final,38083.419239,4.5,250,3,12,2,0.5,-0.5,1.5,+,A2Delta
final,38124.949064,4.5,251,3,13,2,0.5,0.5,2.5,+,A2Delta
final,38138.359272,4.5,252,3,13,2,0.5,-0.5,1.5,+,A2Delta
final,38189.015271,4.5,253,3,14,2,0.5,0.5,2.5,+,A2Delta
final,38202.055828,4.5,254,5,14,0,0.5,0.5,0.5,+,C2Sigma+
final,38203.158814,4.5,255,3,14,2,0.5,-0.5,1.5,+,A2Delta
final,38262.852308,4.5,256,3,15,2,0.5,0.5,2.5,+,A2Delta
final,38277.636005,4.5,257,3,15,2,0.5,-0.5,1.5,+,A2Delta
final,38346.24465,4.5,258,3,16,2,0.5,0.5,2.5,+,A2Delta
final,38348.910483,4.5,259,5,15,0,0.5,0.5,0.5,+,C2Sigma+
final,38361.608335,4.5,260,3,16,2,0.5,-0.5,1.5,+,A2Delta
final,38439.001951,4.5,261,3,17,2,0.5,0.5,2.5,+,A2Delta
final,38454.903202,4.5,262,3,17,2,0.5,-0.5,1.5,+,A2Delta
final,38501.783098,4.5,263,5,16,0,0.5,0.5,0.5,+,C2Sigma+
final,38540.955336,4.5,264,3,18,2,0.5,0.5,2.5,+,A2Delta
final,38557.361848,4.5,265,3,18,2,0.5,-0.5,1.5,+,A2Delta
final,38651.954222,4.5,266,3,19,2,0.5,0.5,2.5,+,A2Delta
final,38660.592983,4.5,267,5,17,0,0.5,0.5,0.5,+,C2Sigma+
final,38668.839876,4.5,268,3,19,2,0.5,-0.5,1.5,+,A2Delta
final,38771.863542,4.5,269,3,20,2,0.5,0.5,2.5,+,A2Delta
final,38789.206302,4.5,270,3,20,2,0.5,-0.5,1.5,+,A2Delta
final,38825.216043,4.5,271,5,18,0,0.5,0.5,0.5,+,C2Sigma+
final,38900.56139,4.5,272,3,21,2,0.5,0.5,2.5,+,A2Delta
final,38918.342135,4.5,273,3,21,2,0.5,-0.5,1.5,+,A2Delta
final,38993.758532,4.5,274,5,19,0,0.5,0.5,0.5,+,C2Sigma+
final,39004.079281,4.5,275,5,20,0,0.5,0.5,0.5,+,C2Sigma+
final,39037.934329,4.5,276,3,22,2,0.5,0.5,2.5,+,A2Delta
final,39056.132918,4.5,277,3,22,2,0.5,-0.5,1.5,+,A2Delta
final,39171.566177,4.5,278,5,21,0,0.5,0.5,0.5,+,C2Sigma+
final,39183.881851,4.5,279,3,23,2,0.5,0.5,2.5,+,A2Delta
final,39202.483118,4.5,280,3,23,2,0.5,-0.5,1.5,+,A2Delta
final,39338.317854,4.5,281,3,24,2,0.5,0.5,2.5,+,A2Delta
final,39352.349174,4.5,282,5,22,0,0.5,0.5,0.5,+,C2Sigma+
final,39357.31085,4.5,283,3,24,2,0.5,-0.5,1.5,+,A2Delta
final,39501.151671,4.5,284,3,25,2,0.5,0.5,2.5,+,A2Delta
final,39520.52422,4.5,285,3,25,2,0.5,-0.5,1.5,+,A2Delta
final,39537.418736,4.5,286,5,23,0,0.5,0.5,0.5,+,C2Sigma+
final,39672.303762,4.5,287,3,26,2,0.5,0.5,2.5,+,A2Delta
final,39692.043675,4.5,288,3,26,2,0.5,-0.5,1.5,+,A2Delta
final,39725.234846,4.5,289,5,24,0,0.5,0.5,0.5,+,C2Sigma+
final,39851.700704,4.5,290,3,27,2,0.5,0.5,2.5,+,A2Delta
final,39871.797534,4.5,291,3,27,2,0.5,-0.5,1.5,+,A2Delta
final,39912.756771,4.5,292,5,25,0,0.5,0.5,0.5,+,C2Sigma+
final,40039.273452,4.5,293,3,28,2,0.5,0.5,2.5,+,A2Delta
final,40059.717871,4.5,294,3,28,2,0.5,-0.5,1.5,+,A2Delta
final,40095.078003,4.5,295,5,26,0,0.5,0.5,0.5,+,C2Sigma+
final,40234.957188,4.5,296,3,29,2,0.5,0.5,2.5,+,A2Delta
final,40255.740078,4.5,297,3,29,2,0.5,-0.5,1.5,+,A2Delta
final,40271.255785,4.5,298,5,27,0,0.5,0.5,0.5,+,C2Sigma+
final,40438.691293,4.5,299,3,30,2,0.5,0.5,2.5,+,A2Delta
final,40453.525021,4.5,300,5,28,0,0.5,0.5,0.5,+,C2Sigma+
final,40459.803928,4.5,301,3,30,2,0.5,-0.5,1.5,+,A2Delta
final,40650.418867,4.5,302,3,31,2,0.5,0.5,2.5,+,A2Delta
final,40652.188119,4.5,303,5,29,0,0.5,0.5,0.5,+,C2Sigma+
final,40671.85345,4.5,304,3,31,2,0.5,-0.5,1.5,+,A2Delta
final,40865.497925,4.5,305,5,30,0,0.5,0.5,0.5,+,C2Sigma+
final,40870.086166,4.5,306,3,32,2,0.5,0.5,2.5,+,A2Delta
final,40891.835727,4.5,307,3,32,2,0.5,-0.5,1.5,+,A2Delta
final,41089.598228,4.5,308,5,31,0,0.5,0.5,0.5,+,C2Sigma+
final,41097.642326,4.5,309,3,33,2,0.5,0.5,2.5,+,A2Delta
final,41119.700293,4.5,310,3,33,2,0.5,-0.5,1.5,+,A2Delta
final,41322.348043,4.5,311,5,32,0,0.5,0.5,0.5,+,C2Sigma+
final,41333.039201,4.5,312,3,34,2,0.5,0.5,2.5,+,A2Delta
final,41355.399224,4.5,313,3,34,2,0.5,-0.5,1.5,+,A2Delta
final,41562.830162,4.5,314,5,33,0,0.5,0.5,0.5,+,C2Sigma+
final,41576.231222,4.5,315,3,35,2,0.5,0.5,2.5,+,A2Delta
final,41598.887506,4.5,316,3,35,2,0.5,-0.5,1.5,+,A2Delta
final,41810.732984,4.5,317,5,34,0,0.5,0.5,0.5,+,C2Sigma+
final,41827.17513,4.5,318,3,36,2,0.5,0.5,2.5,+,A2Delta
final,41850.122703,4.5,319,3,36,2,0.5,-0.5,1.5,+,A2Delta
final,42066.017007,4.5,320,5,35,0,0.5,0.5,0.5,+,C2Sigma+
final,42085.82983,4.5,321,3,37,2,0.5,0.5,2.5,+,A2Delta
final,42109.064652,4.5,322,3,37,2,0.5,-0.5,1.5,+,A2Delta
final,42328.739252,4.5,323,5,36,0,0.5,0.5,0.5,+,C2Sigma+
final,42352.156184,4.5,324,3,38,2,0.5,0.5,2.5,+,A2Delta
final,42375.674917,4.5,325,3,38,2,0.5,-0.5,1.5,+,A2Delta
final,42598.963051,4.5,326,5,37,0,0.5,0.5,0.5,+,C2Sigma+
final,42626.117032,4.5,327,3,39,2,0.5,0.5,2.5,+,A2Delta
final,42649.917217,4.5,328,3,39,2,0.5,-0.5,1.5,+,A2Delta
final,42876.719886,4.5,329,5,38,0,0.5,0.5,0.5,+,C2Sigma+
final,42907.676988,4.5,330,3,40,2,0.5,0.5,2.5,+,A2Delta
final,42931.757257,4.5,331,3,40,2,0.5,-0.5,1.5,+,A2Delta
final,43162.003125,4.5,332,5,39,0,0.5,0.5,0.5,+,C2Sigma+
final,43196.802656,4.5,333,3,41,2,0.5,0.5,2.5,+,A2Delta
final,43221.163752,4.5,334,3,41,2,0.5,-0.5,1.5,+,A2Delta
final,43454.776805,4.5,335,5,40,0,0.5,0.5,0.5,+,C2Sigma+
final,43493.462373,4.5,336,3,42,2,0.5,0.5,2.5,+,A2Delta
final,43518.107762,4.5,337,3,42,2,0.5,-0.5,1.5,+,A2Delta
final,43754.989995,4.5,338,5,41,0,0.5,0.5,0.5,+,C2Sigma+
final,43797.627007,4.5,339,3,43,2,0.5,0.5,2.5,+,A2Delta
final,43822.565269,4.5,340,3,43,2,0.5,-0.5,1.5,+,A2Delta
final,44062.587814,4.5,341,5,42,0,0.5,0.5,0.5,+,C2Sigma+
final,44109.269874,4.5,342,3,44,2,0.5,0.5,2.5,+,A2Delta
final,44134.516901,4.5,343,3,44,2,0.5,-0.5,1.5,+,A2Delta
final,44377.516653,4.5,344,5,43,0,0.5,0.5,0.5,+,C2Sigma+
final,44428.370122,4.5,345,3,45,2,0.5,0.5,2.5,+,A2Delta
final,44453.958983,4.5,346,3,45,2,0.5,-0.5,1.5,+,A2Delta
final,44699.750968,4.5,347,5,44,0,0.5,0.5,0.5,+,C2Sigma+
final,44754.915373,4.5,348,3,46,2,0.5,0.5,2.5,+,A2Delta
final,44780.911973,4.5,349,3,46,2,0.5,-0.5,1.5,+,A2Delta
final,45029.271802,4.5,350,5,45,0,0.5,0.5,0.5,+,C2Sigma+
final,45088.926422,4.5,351,3,47,2,0.5,0.5,2.5,+,A2Delta
final,45115.502919,4.5,352,3,47,2,0.5,-0.5,1.5,+,A2Delta
final,45366.089092,4.5,353,5,46,0,0.5,0.5,0.5,+,C2Sigma+
final,45430.524792,4.5,354,3,48,2,0.5,0.5,2.5,+,A2Delta
final,45458.205703,4.5,355,3,48,2,0.5,-0.5,1.5,+,A2Delta
final,45710.308991,4.5,356,5,47,0,0.5,0.5,0.5,+,C2Sigma+
final,45780.824723,4.5,357,3,49,2,0.5,0.5,2.5,+,A2Delta
final,45813.727114,4.5,358,3,49,2,0.5,-0.5,1.5,+,A2Delta
final,46062.379706,4.5,359,5,48,0,0.5,0.5,0.5,+,C2Sigma+
final,46426.731218,4.5,360,5,49,0,0.5,0.5,0.5,+,C2Sigma+
final,270.04106,4.5,1,1,0,-1,0.5,-0.5,-1.5,-,X2Pi
final,409.44246,4.5,2,1,0,-1,0.5,0.5,-0.5,-,X2Pi
final,2992.38323,4.5,3,1,1,-1,0.5,0.5,-0.5,-,X2Pi
final,3126.544206,4.5,4,1,1,-1,0.5,-0.5,-1.5,-,X2Pi
final,5588.871429,4.5,5,1,2,-1,0.5,0.5,-0.5,-,X2Pi
final,5717.847905,4.5,6,1,2,-1,0.5,-0.5,-1.5,-,X2Pi
final,6393.023292,4.5,7,2,0,0,1.5,-1.5,-1.5,-,a4Sigma-
final,6716.68328,4.5,8,2,0,0,1.5,-0.5,-0.5,-,a4Sigma-
final,8060.458015,4.5,9,1,3,-1,0.5,0.5,-0.5,-,X2Pi
final,8184.312433,4.5,10,1,3,-1,0.5,-0.5,-1.5,-,X2Pi
final,9341.636723,4.5,11,2,1,0,1.5,-1.5,-1.5,-,a4Sigma-
final,9653.575713,4.5,12,2,1,0,1.5,-0.5,-0.5,-,a4Sigma-
final,10408.959479,4.5,13,1,4,-1,0.5,0.5,-0.5,-,X2Pi
final,10527.710764,4.5,14,1,4,-1,0.5,-0.5,-1.5,-,X2Pi
final,12138.873143,4.5,15,2,2,0,1.5,-1.5,-1.5,-,a4Sigma-
final,12438.310975,4.5,16,2,2,0,1.5,-0.5,-0.5,-,a4Sigma-
final,12633.841788,4.5,17,1,5,-1,0.5,0.5,-0.5,-,X2Pi
final,12747.444322,4.5,18,1,5,-1,0.5,-0.5,-1.5,-,X2Pi
final,14732.013308,4.5,19,1,6,-1,0.5,0.5,-0.5,-,X2Pi
final,14784.09623,4.5,20,2,3,0,1.5,-1.5,-1.5,-,a4Sigma-
final,14840.384357,4.5,21,1,6,-1,0.5,-0.5,-1.5,-,X2Pi
final,15070.418186,4.5,22,2,3,0,1.5,-0.5,-0.5,-,a4Sigma-
final,16698.56389,4.5,23,1,7,-1,0.5,0.5,-0.5,-,X2Pi
final,16801.55362,4.5,24,1,7,-1,0.5,-0.5,-1.5,-,X2Pi
final,17262.980167,4.5,25,2,4,0,1.5,-1.5,-1.5,-,a4Sigma-
final,17534.992188,4.5,26,2,4,0,1.5,-0.5,-0.5,-,a4Sigma-
final,18527.469841,4.5,27,1,8,-1,0.5,0.5,-0.5,-,X2Pi
final,18624.862794,4.5,28,1,8,-1,0.5,-0.5,-1.5,-,X2Pi
final,19552.606894,4.5,29,2,5,0,1.5,-1.5,-1.5,-,a4Sigma-
final,19808.574979,4.5,30,2,5,0,1.5,-0.5,-0.5,-,a4Sigma-
final,20212.195398,4.5,31,1,9,-1,0.5,0.5,-0.5,-,X2Pi
final,20303.742493,4.5,32,1,9,-1,0.5,-0.5,-1.5,-,X2Pi
final,21625.690108,4.5,33,2,6,0,1.5,-1.5,-1.5,-,a4Sigma-
final,21746.157901,4.5,34,1,10,-1,0.5,0.5,-0.5,-,X2Pi
final,21831.568287,4.5,35,1,10,-1,0.5,-0.5,-1.5,-,X2Pi
final,21863.412334,4.5,36,2,6,0,1.5,-0.5,-0.5,-,a4Sigma-
final,23123.044154,4.5,37,1,11,-1,0.5,0.5,-0.5,-,X2Pi
final,23202.031804,4.5,38,1,11,-1,0.5,-0.5,-1.5,-,X2Pi
final,23449.775951,4.5,39,3,0,-2,0.5,-0.5,-2.5,-,A2Delta
final,23453.330469,4.5,40,2,7,0,1.5,-1.5,-1.5,-,a4Sigma-
final,23595.471267,4.5,41,3,0,-2,0.5,0.5,-1.5,-,A2Delta
final,23670.146151,4.5,42,2,7,0,1.5,-0.5,-0.5,-,a4Sigma-
final,24337.101769,4.5,43,1,12,-1,0.5,0.5,-0.5,-,X2Pi
final,24409.348519,4.5,44,1,12,-1,0.5,-0.5,-1.5,-,X2Pi
final,25006.895904,4.5,45,2,8,0,1.5,-1.5,-1.5,-,a4Sigma-
final,25199.63653,4.5,46,2,8,0,1.5,-0.5,-0.5,-,a4Sigma-
final,25383.247706,4.5,47,1,13,-1,0.5,0.5,-0.5,-,X2Pi
final,25448.417144,4.5,48,1,13,-1,0.5,-0.5,-1.5,-,X2Pi
final,25950.227264,4.5,49,4,0,0,0.5,-0.5,-0.5,-,B2Sigma-
final,26176.746777,4.5,50,3,1,-2,0.5,-0.5,-2.5,-,A2Delta
final,26257.191739,4.5,51,1,14,-1,0.5,0.5,-0.5,-,X2Pi
final,26259.629096,4.5,52,2,9,0,1.5,-1.5,-1.5,-,a4Sigma-
final,26314.920347,4.5,53,1,14,-1,0.5,-0.5,-1.5,-,X2Pi
final,26315.614968,4.5,54,3,1,-2,0.5,0.5,-1.5,-,A2Delta
final,26424.468699,4.5,55,2,9,0,1.5,-0.5,-0.5,-,a4Sigma-
final,26955.42922,4.5,56,1,15,-1,0.5,0.5,-0.5,-,X2Pi
final,27005.315736,4.5,57,1,15,-1,0.5,-0.5,-1.5,-,X2Pi
final,27188.130166,4.5,58,2,10,0,1.5,-1.5,-1.5,-,a4Sigma-
final,27320.102562,4.5,59,2,10,0,1.5,-0.5,-0.5,-,a4Sigma-
final,27475.045748,4.5,60,1,16,-1,0.5,0.5,-0.5,-,X2Pi
final,27516.713362,4.5,61,1,16,-1,0.5,-0.5,-1.5,-,X2Pi
final,27715.613334,4.5,62,4,1,0,0.5,-0.5,-0.5,-,B2Sigma-
final,27773.183612,4.5,63,2,11,0,1.5,-1.5,-1.5,-,a4Sigma-
final,27812.604816,4.5,64,1,17,-1,0.5,0.5,-0.5,-,X2Pi
final,27846.401951,4.5,65,1,17,-1,0.5,-0.5,-1.5,-,X2Pi
final,27864.207994,4.5,66,2,11,0,1.5,-0.5,-0.5,-,a4Sigma-
final,27940.722346,4.5,67,4,2,0,0.5,-0.5,-0.5,-,B2Sigma-
final,27965.214264,4.5,68,1,18,-1,0.5,0.5,-0.5,-,X2Pi
final,27979.839853,4.5,69,1,19,-1,0.5,0.5,-0.5,-,X2Pi
final,27984.877596,4.5,70,1,18,-1,0.5,-0.5,-1.5,-,X2Pi
final,27993.534562,4.5,71,2,12,0,1.5,-1.5,-1.5,-,a4Sigma-
final,27999.891059,4.5,72,4,3,0,0.5,-0.5,-0.5,-,B2Sigma-
final,28001.620052,4.5,73,2,13,0,1.5,-1.5,-1.5,-,a4Sigma-
final,28005.747277,4.5,74,2,12,0,1.5,-0.5,-0.5,-,a4Sigma-
final,28013.219442,4.5,75,1,19,-1,0.5,-0.5,-1.5,-,X2Pi
final,28018.629792,4.5,76,4,4,0,0.5,-0.5,-0.5,-,B2Sigma-
final,28028.559436,4.5,77,2,13,0,1.5,-0.5,-0.5,-,a4Sigma-
final,28031.346074,4.5,78,2,14,0,1.5,-1.5,-1.5,-,a4Sigma-
final,28035.74735,4.5,79,1,20,-1,0.5,0.5,-0.5,-,X2Pi
final,28052.74912,4.5,80,1,20,-1,0.5,-0.5,-1.5,-,X2Pi
final,28058.963052,4.5,81,2,14,0,1.5,-0.5,-0.5,-,a4Sigma-
final,28065.01255,4.5,82,4,5,0,0.5,-0.5,-0.5,-,B2Sigma-
final,28075.525029,4.5,83,2,15,0,1.5,-1.5,-1.5,-,a4Sigma-
final,28086.515756,4.5,84,1,21,-1,0.5,0.5,-0.5,-,X2Pi
final,28100.784059,4.5,85,2,15,0,1.5,-0.5,-0.5,-,a4Sigma-
final,28111.142796,4.5,86,1,21,-1,0.5,-0.5,-1.5,-,X2Pi
final,28122.004631,4.5,87,4,6,0,0.5,-0.5,-0.5,-,B2Sigma-
final,28130.830608,4.5,88,2,16,0,1.5,-1.5,-1.5,-,a4Sigma-
final,28153.474314,4.5,89,1,22,-1,0.5,0.5,-0.5,-,X2Pi
final,28157.293799,4.5,90,2,16,0,1.5,-0.5,-0.5,-,a4Sigma-
final,28181.252559,4.5,91,1,22,-1,0.5,-0.5,-1.5,-,X2Pi
final,28189.945575,4.5,92,4,7,0,0.5,-0.5,-0.5,-,B2Sigma-
final,28197.197584,4.5,93,2,17,0,1.5,-1.5,-1.5,-,a4Sigma-
final,28224.231848,4.5,94,2,17,0,1.5,-0.5,-0.5,-,a4Sigma-
final,28234.206267,4.5,95,1,23,-1,0.5,0.5,-0.5,-,X2Pi
final,28263.401596,4.5,96,1,23,-1,0.5,-0.5,-1.5,-,X2Pi
final,28269.274882,4.5,97,4,8,0,0.5,-0.5,-0.5,-,B2Sigma-
final,28274.872091,4.5,98,2,18,0,1.5,-1.5,-1.5,-,a4Sigma-
final,28302.182726,4.5,99,2,18,0,1.5,-0.5,-0.5,-,a4Sigma-
final,28325.554183,4.5,100,4,9,0,0.5,-0.5,-0.5,-,B2Sigma-
final,28354.256269,4.5,101,2,19,0,1.5,-1.5,-1.5,-,a4Sigma-
final,28360.090049,4.5,102,1,24,-1,0.5,0.5,-0.5,-,X2Pi
final,28366.171107,4.5,103,1,24,-1,0.5,-0.5,-1.5,-,X2Pi
final,28390.407534,4.5,104,2,19,0,1.5,-0.5,-0.5,-,a4Sigma-
final,28425.948729,4.5,105,4,10,0,0.5,-0.5,-0.5,-,B2Sigma-
final,28453.383916,4.5,106,2,20,0,1.5,-1.5,-1.5,-,a4Sigma-
final,28461.202748,4.5,107,1,25,-1,0.5,0.5,-0.5,-,X2Pi
final,28472.548991,4.5,108,1,25,-1,0.5,-0.5,-1.5,-,X2Pi
final,28488.763199,4.5,109,2,20,0,1.5,-0.5,-0.5,-,a4Sigma-
final,28533.814712,4.5,110,4,11,0,0.5,-0.5,-0.5,-,B2Sigma-
final,28561.178983,4.5,111,2,21,0,1.5,-1.5,-1.5,-,a4Sigma-
final,28575.000812,4.5,112,1,26,-1,0.5,0.5,-0.5,-,X2Pi
final,28590.377875,4.5,113,1,26,-1,0.5,-0.5,-1.5,-,X2Pi
final,28597.768953,4.5,114,2,21,0,1.5,-0.5,-0.5,-,a4Sigma-
final,28648.515272,4.5,115,4,12,0,0.5,-0.5,-0.5,-,B2Sigma-
final,28678.017166,4.5,116,2,22,0,1.5,-1.5,-1.5,-,a4Sigma-
final,28701.281473,4.5,117,1,27,-1,0.5,0.5,-0.5,-,X2Pi
final,28709.343319,4.5,118,3,2,-2,0.5,-0.5,-2.5,-,A2Delta
final,28712.55134,4.5,119,2,22,0,1.5,-0.5,-0.5,-,a4Sigma-
final,28723.367269,4.5,120,1,27,-1,0.5,-0.5,-1.5,-,X2Pi
final,28769.15869,4.5,121,4,13,0,0.5,-0.5,-0.5,-,B2Sigma-
final,28804.068896,4.5,122,2,23,0,1.5,-1.5,-1.5,-,a4Sigma-
final,28837.893232,4.5,123,1,28,-1,0.5,0.5,-0.5,-,X2Pi
final,28840.727338,4.5,124,1,28,-1,0.5,-0.5,-1.5,-,X2Pi
final,28840.800278,4.5,125,3,2,-2,0.5,0.5,-1.5,-,A2Delta
final,28864.097035,4.5,126,1,29,-1,0.5,-0.5,-1.5,-,X2Pi
final,28879.764085,4.5,127,4,14,0,0.5,-0.5,-0.5,-,B2Sigma-
final,28923.869194,4.5,128,4,15,0,0.5,-0.5,-0.5,-,B2Sigma-
final,28939.302092,4.5,129,2,24,0,1.5,-1.5,-1.5,-,a4Sigma-
final,28975.951592,4.5,130,2,23,0,1.5,-0.5,-0.5,-,a4Sigma-
final,28993.363048,4.5,131,1,29,-1,0.5,0.5,-0.5,-,X2Pi
final,29023.54352,4.5,132,4,16,0,0.5,-0.5,-0.5,-,B2Sigma-
final,29044.692717,4.5,133,4,17,0,0.5,-0.5,-0.5,-,B2Sigma-
final,29083.666233,4.5,134,2,25,0,1.5,-1.5,-1.5,-,a4Sigma-
final,29121.28291,4.5,135,2,24,0,1.5,-0.5,-0.5,-,a4Sigma-
final,29179.605509,4.5,136,4,18,0,0.5,-0.5,-0.5,-,B2Sigma-
final,29236.614524,4.5,137,2,26,0,1.5,-1.5,-1.5,-,a4Sigma-
final,29275.347277,4.5,138,2,25,0,1.5,-0.5,-0.5,-,a4Sigma-
final,29325.796027,4.5,139,4,19,0,0.5,-0.5,-0.5,-,B2Sigma-
final,29398.654072,4.5,140,2,27,0,1.5,-1.5,-1.5,-,a4Sigma-
final,29438.298081,4.5,141,2,26,0,1.5,-0.5,-0.5,-,a4Sigma-
final,29476.187439,4.5,142,4,20,0,0.5,-0.5,-0.5,-,B2Sigma-
final,29569.491902,4.5,143,2,28,0,1.5,-1.5,-1.5,-,a4Sigma-
final,29610.00913,4.5,144,2,27,0,1.5,-0.5,-0.5,-,a4Sigma-
final,29629.304167,4.5,145,4,21,0,0.5,-0.5,-0.5,-,B2Sigma-
final,29749.002167,4.5,146,2,29,0,1.5,-1.5,-1.5,-,a4Sigma-
final,29785.354166,4.5,147,4,22,0,0.5,-0.5,-0.5,-,B2Sigma-
final,29790.369277,4.5,148,2,28,0,1.5,-0.5,-0.5,-,a4Sigma-
final,29937.093988,4.5,149,2,30,0,1.5,-1.5,-1.5,-,a4Sigma-
final,29946.892502,4.5,150,4,23,0,0.5,-0.5,-0.5,-,B2Sigma-
final,29979.286638,4.5,151,2,29,0,1.5,-0.5,-0.5,-,a4Sigma-
final,30117.0909,4.5,152,4,24,0,0.5,-0.5,-0.5,-,B2Sigma-
final,30133.684857,4.5,153,2,31,0,1.5,-1.5,-1.5,-,a4Sigma-
final,30176.679133,4.5,154,2,30,0,1.5,-0.5,-0.5,-,a4Sigma-
final,30297.150933,4.5,155,4,25,0,0.5,-0.5,-0.5,-,B2Sigma-
final,30338.694162,4.5,156,2,32,0,1.5,-1.5,-1.5,-,a4Sigma-
final,30382.469017,4.5,157,2,31,0,1.5,-0.5,-0.5,-,a4Sigma-
final,30486.508379,4.5,158,4,26,0,0.5,-0.5,-0.5,-,B2Sigma-
final,30552.045615,4.5,159,2,33,0,1.5,-1.5,-1.5,-,a4Sigma-
final,30596.582908,4.5,160,2,32,0,1.5,-0.5,-0.5,-,a4Sigma-
final,30684.222693,4.5,161,4,27,0,0.5,-0.5,-0.5,-,B2Sigma-
final,30773.668253,4.5,162,2,34,0,1.5,-1.5,-1.5,-,a4Sigma-
final,30818.951839,4.5,163,2,33,0,1.5,-0.5,-0.5,-,a4Sigma-
final,30889.606703,4.5,164,4,28,0,0.5,-0.5,-0.5,-,B2Sigma-
final,31003.496489,4.5,165,2,35,0,1.5,-1.5,-1.5,-,a4Sigma-
final,31026.675014,4.5,166,3,3,-2,0.5,-0.5,-2.5,-,A2Delta
final,31049.51183,4.5,167,2,34,0,1.5,-0.5,-0.5,-,a4Sigma-
final,31102.290189,4.5,168,4,29,0,0.5,-0.5,-0.5,-,B2Sigma-
final,31149.873303,4.5,169,3,3,-2,0.5,0.5,-1.5,-,A2Delta
final,31241.468981,4.5,170,2,36,0,1.5,-1.5,-1.5,-,a4Sigma-
final,31288.203005,4.5,171,2,35,0,1.5,-0.5,-0.5,-,a4Sigma-
final,31322.160141,4.5,172,4,30,0,0.5,-0.5,-0.5,-,B2Sigma-
final,31487.527816,4.5,173,2,37,0,1.5,-1.5,-1.5,-,a4Sigma-
final,31534.969732,4.5,174,2,36,0,1.5,-0.5,-0.5,-,a4Sigma-
final,31549.272521,4.5,175,4,31,0,0.5,-0.5,-0.5,-,B2Sigma-
final,31741.617955,4.5,176,2,38,0,1.5,-1.5,-1.5,-,a4Sigma-
final,31783.736425,4.5,177,4,32,0,0.5,-0.5,-0.5,-,B2Sigma-
final,31789.759539,4.5,178,2,37,0,1.5,-0.5,-0.5,-,a4Sigma-
final,32003.68756,4.5,179,2,39,0,1.5,-1.5,-1.5,-,a4Sigma-
final,32025.624351,4.5,180,4,33,0,0.5,-0.5,-0.5,-,B2Sigma-
final,32052.524304,4.5,181,2,38,0,1.5,-0.5,-0.5,-,a4Sigma-
final,32203.494277,4.5,182,5,0,0,0.5,-0.5,-0.5,-,C2Sigma+
final,32273.687706,4.5,183,2,40,0,1.5,-1.5,-1.5,-,a4Sigma-
final,32274.950149,4.5,184,4,34,0,0.5,-0.5,-0.5,-,B2Sigma-
final,32323.219239,4.5,185,2,39,0,1.5,-0.5,-0.5,-,a4Sigma-
final,32531.68127,4.5,186,4,35,0,0.5,-0.5,-0.5,-,B2Sigma-
final,32551.573396,4.5,187,2,41,0,1.5,-1.5,-1.5,-,a4Sigma-
final,32601.806117,4.5,188,2,40,0,1.5,-0.5,-0.5,-,a4Sigma-
final,32795.771922,4.5,189,4,36,0,0.5,-0.5,-0.5,-,B2Sigma-
final,32837.302479,4.5,190,2,42,0,1.5,-1.5,-1.5,-,a4Sigma-
final,32888.251167,4.5,191,2,41,0,1.5,-0.5,-0.5,-,a4Sigma-
final,33067.169066,4.5,192,4,37,0,0.5,-0.5,-0.5,-,B2Sigma-
final,33098.855725,4.5,193,3,4,-2,0.5,-0.5,-2.5,-,A2Delta
final,33130.838257,4.5,194,2,43,0,1.5,-1.5,-1.5,-,a4Sigma-
final,33182.534323,4.5,195,2,42,0,1.5,-0.5,-0.5,-,a4Sigma-
final,33212.545108,4.5,196,3,4,-2,0.5,0.5,-1.5,-,A2Delta
final,33345.82917,4.5,197,4,38,0,0.5,-0.5,-0.5,-,B2Sigma-
final,33432.148719,4.5,198,2,44,0,1.5,-1.5,-1.5,-,a4Sigma-
final,33484.646672,4.5,199,2,43,0,1.5,-0.5,-0.5,-,a4Sigma-
final,33631.725697,4.5,200,4,39,0,0.5,-0.5,-0.5,-,B2Sigma-
final,33741.215563,4.5,201,2,45,0,1.5,-1.5,-1.5,-,a4Sigma-
final,33794.625186,4.5,202,2,44,0,1.5,-0.5,-0.5,-,a4Sigma-
final,33924.847049,4.5,203,4,40,0,0.5,-0.5,-0.5,-,B2Sigma-
final,34058.039748,4.5,204,2,46,0,1.5,-1.5,-1.5,-,a4Sigma-
final,34112.569059,4.5,205,2,45,0,1.5,-0.5,-0.5,-,a4Sigma-
final,34225.18645,4.5,206,4,41,0,0.5,-0.5,-0.5,-,B2Sigma-
final,34382.70566,4.5,207,2,47,0,1.5,-1.5,-1.5,-,a4Sigma-
final,34438.895344,4.5,208,2,46,0,1.5,-0.5,-0.5,-,a4Sigma-
final,34532.734229,4.5,209,4,42,0,0.5,-0.5,-0.5,-,B2Sigma-
final,34715.55542,4.5,210,2,48,0,1.5,-1.5,-1.5,-,a4Sigma-
final,34775.06671,4.5,211,2,47,0,1.5,-0.5,-0.5,-,a4Sigma-
final,34792.6572,4.5,212,5,1,0,0.5,-0.5,-0.5,-,C2Sigma+
final,34847.480151,4.5,213,4,43,0,0.5,-0.5,-0.5,-,B2Sigma-
final,34886.203175,4.5,214,3,5,-2,0.5,-0.5,-2.5,-,A2Delta
final,34988.529446,4.5,215,3,5,-2,0.5,0.5,-1.5,-,A2Delta
final,35059.963318,4.5,216,2,49,0,1.5,-1.5,-1.5,-,a4Sigma-
final,35144.116177,4.5,217,2,48,0,1.5,-0.5,-0.5,-,a4Sigma-
final,35169.403085,4.5,218,4,44,0,0.5,-0.5,-0.5,-,B2Sigma-
final,35498.500639,4.5,219,4,45,0,0.5,-0.5,-0.5,-,B2Sigma-
final,35834.773805,4.5,220,4,46,0,0.5,-0.5,-0.5,-,B2Sigma-
final,36178.246831,4.5,221,4,47,0,0.5,-0.5,-0.5,-,B2Sigma-
final,36336.918321,4.5,222,3,6,-2,0.5,-0.5,-2.5,-,A2Delta
final,36425.005559,4.5,223,3,6,-2,0.5,0.5,-1.5,-,A2Delta
final,36529.039527,4.5,224,4,48,0,0.5,-0.5,-0.5,-,B2Sigma-
final,36887.603215,4.5,225,4,49,0,0.5,-0.5,-0.5,-,B2Sigma-
final,37012.550743,4.5,226,5,2,0,0.5,-0.5,-0.5,-,C2Sigma+
final,37089.665511,4.5,227,5,3,0,0.5,-0.5,-0.5,-,C2Sigma+
final,37134.929366,4.5,228,5,4,0,0.5,-0.5,-0.5,-,C2Sigma+
final,37171.987259,4.5,229,5,5,0,0.5,-0.5,-0.5,-,C2Sigma+
final,37258.182644,4.5,230,4,50,0,0.5,-0.5,-0.5,-,B2Sigma-
final,37260.94755,4.5,231,5,6,0,0.5,-0.5,-0.5,-,C2Sigma+
final,37356.798717,4.5,232,5,7,0,0.5,-0.5,-0.5,-,C2Sigma+
final,37382.528169,4.5,233,3,7,-2,0.5,-0.5,-2.5,-,A2Delta
final,37451.381444,4.5,234,3,7,-2,0.5,0.5,-1.5,-,A2Delta
final,37459.511856,4.5,235,5,8,0,0.5,-0.5,-0.5,-,C2Sigma+
final,37568.972394,4.5,236,5,9,0,0.5,-0.5,-0.5,-,C2Sigma+
final,37685.043628,4.5,237,5,10,0,0.5,-0.5,-0.5,-,C2Sigma+
final,37807.59189,4.5,238,5,11,0,0.5,-0.5,-0.5,-,C2Sigma+
final,37928.496937,4.5,239,3,8,-2,0.5,-0.5,-2.5,-,A2Delta
final,37936.497092,4.5,240,5,12,0,0.5,-0.5,-0.5,-,C2Sigma+
final,37964.421398,4.5,241,3,8,-2,0.5,0.5,-1.5,-,A2Delta
final,37971.786938,4.5,242,3,9,-2,0.5,-0.5,-2.5,-,A2Delta
final,37978.543577,4.5,243,3,9,-2,0.5,0.5,-1.5,-,A2Delta
final,37994.057662,4.5,244,3,10,-2,0.5,-0.5,-2.5,-,A2Delta
final,38003.65577,4.5,245,3,10,-2,0.5,0.5,-1.5,-,A2Delta
final,38027.15513,4.5,246,3,11,-2,0.5,-0.5,-2.5,-,A2Delta
final,38038.496385,4.5,247,3,11,-2,0.5,0.5,-1.5,-,A2Delta
final,38070.89975,4.5,248,3,12,-2,0.5,-0.5,-2.5,-,A2Delta
final,38071.655902,4.5,249,5,13,0,0.5,-0.5,-0.5,-,C2Sigma+
final,38083.419239,4.5,250,3,12,-2,0.5,0.5,-1.5,-,A2Delta
final,38124.949064,4.5,251,3,13,-2,0.5,-0.5,-2.5,-,A2Delta
final,38138.359272,4.5,252,3,13,-2,0.5,0.5,-1.5,-,A2Delta
final,38189.015271,4.5,253,3,14,-2,0.5,-0.5,-2.5,-,A2Delta
final,38203.158814,4.5,254,3,14,-2,0.5,0.5,-1.5,-,A2Delta
final,38212.98135,4.5,255,5,14,0,0.5,-0.5,-0.5,-,C2Sigma+
final,38262.852308,4.5,256,3,15,-2,0.5,-0.5,-2.5,-,A2Delta
final,38277.636005,4.5,257,3,15,-2,0.5,0.5,-1.5,-,A2Delta
final,38346.24465,4.5,258,3,16,-2,0.5,-0.5,-2.5,-,A2Delta
final,38360.400918,4.5,259,5,15,0,0.5,-0.5,-0.5,-,C2Sigma+
final,38361.608335,4.5,260,3,16,-2,0.5,0.5,-1.5,-,A2Delta
final,38439.001951,4.5,261,3,17,-2,0.5,-0.5,-2.5,-,A2Delta
final,38454.903202,4.5,262,3,17,-2,0.5,0.5,-1.5,-,A2Delta
final,38513.842798,4.5,263,5,16,0,0.5,-0.5,-0.5,-,C2Sigma+
final,38540.955336,4.5,264,3,18,-2,0.5,-0.5,-2.5,-,A2Delta
final,38557.361848,4.5,265,3,18,-2,0.5,0.5,-1.5,-,A2Delta
final,38651.954222,4.5,266,3,19,-2,0.5,-0.5,-2.5,-,A2Delta
final,38668.839876,4.5,267,3,19,-2,0.5,0.5,-1.5,-,A2Delta
final,38673.2304,4.5,268,5,17,0,0.5,-0.5,-0.5,-,C2Sigma+
final,38771.863542,4.5,269,3,20,-2,0.5,-0.5,-2.5,-,A2Delta
final,38789.206302,4.5,270,3,20,-2,0.5,0.5,-1.5,-,A2Delta
final,38838.454831,4.5,271,5,18,0,0.5,-0.5,-0.5,-,C2Sigma+
final,38900.56139,4.5,272,3,21,-2,0.5,-0.5,-2.5,-,A2Delta
final,38918.342135,4.5,273,3,21,-2,0.5,0.5,-1.5,-,A2Delta
final,39009.271517,4.5,274,5,19,0,0.5,-0.5,-0.5,-,C2Sigma+
final,39037.934329,4.5,275,3,22,-2,0.5,-0.5,-2.5,-,A2Delta
final,39056.132918,4.5,276,3,22,-2,0.5,0.5,-1.5,-,A2Delta
final,39111.565086,4.5,277,5,20,0,0.5,-0.5,-0.5,-,C2Sigma+
final,39183.88185,4.5,278,3,23,-2,0.5,-0.5,-2.5,-,A2Delta
final,39186.388869,4.5,279,5,21,0,0.5,-0.5,-0.5,-,C2Sigma+
final,39202.483118,4.5,280,3,23,-2,0.5,0.5,-1.5,-,A2Delta
final,39338.317854,4.5,281,3,24,-2,0.5,-0.5,-2.5,-,A2Delta
final,39357.31085,4.5,282,3,24,-2,0.5,0.5,-1.5,-,A2Delta
final,39367.75365,4.5,283,5,22,0,0.5,-0.5,-0.5,-,C2Sigma+
final,39501.151671,4.5,284,3,25,-2,0.5,-0.5,-2.5,-,A2Delta
final,39520.524221,4.5,285,3,25,-2,0.5,0.5,-1.5,-,A2Delta
final,39553.818976,4.5,286,5,23,0,0.5,-0.5,-0.5,-,C2Sigma+
final,39672.303762,4.5,287,3,26,-2,0.5,-0.5,-2.5,-,A2Delta
final,39692.043676,4.5,288,3,26,-2,0.5,0.5,-1.5,-,A2Delta
final,39743.175315,4.5,289,5,24,0,0.5,-0.5,-0.5,-,C2Sigma+
final,39851.700704,4.5,290,3,27,-2,0.5,-0.5,-2.5,-,A2Delta
final,39871.797535,4.5,291,3,27,-2,0.5,0.5,-1.5,-,A2Delta
final,39933.443298,4.5,292,5,25,0,0.5,-0.5,-0.5,-,C2Sigma+
final,40039.273452,4.5,293,3,28,-2,0.5,-0.5,-2.5,-,A2Delta
final,40059.717872,4.5,294,3,28,-2,0.5,0.5,-1.5,-,A2Delta
final,40120.609353,4.5,295,5,26,0,0.5,-0.5,-0.5,-,C2Sigma+
final,40234.957188,4.5,296,3,29,-2,0.5,-0.5,-2.5,-,A2Delta
final,40255.740078,4.5,297,3,29,-2,0.5,0.5,-1.5,-,A2Delta
final,40301.960379,4.5,298,5,27,0,0.5,-0.5,-0.5,-,C2Sigma+
final,40438.691292,4.5,299,3,30,-2,0.5,-0.5,-2.5,-,A2Delta
final,40459.803929,4.5,300,3,30,-2,0.5,0.5,-1.5,-,A2Delta
final,40484.883213,4.5,301,5,28,0,0.5,-0.5,-0.5,-,C2Sigma+
final,40650.418866,4.5,302,3,31,-2,0.5,-0.5,-2.5,-,A2Delta
final,40671.85345,4.5,303,3,31,-2,0.5,0.5,-1.5,-,A2Delta
final,40681.223522,4.5,304,5,29,0,0.5,-0.5,-0.5,-,C2Sigma+
final,40870.086166,4.5,305,3,32,-2,0.5,-0.5,-2.5,-,A2Delta
final,40891.835727,4.5,306,3,32,-2,0.5,0.5,-1.5,-,A2Delta
final,40892.724472,4.5,307,5,30,0,0.5,-0.5,-0.5,-,C2Sigma+
final,41097.642325,4.5,308,3,33,-2,0.5,-0.5,-2.5,-,A2Delta
final,41116.011551,4.5,309,5,31,0,0.5,-0.5,-0.5,-,C2Sigma+
final,41119.700294,4.5,310,3,33,-2,0.5,0.5,-1.5,-,A2Delta
final,41333.0392,4.5,311,3,34,-2,0.5,-0.5,-2.5,-,A2Delta
final,41348.555678,4.5,312,5,32,0,0.5,-0.5,-0.5,-,C2Sigma+
final,41355.399225,4.5,313,3,34,-2,0.5,0.5,-1.5,-,A2Delta
final,41576.231222,4.5,314,3,35,-2,0.5,-0.5,-2.5,-,A2Delta
final,41589.125186,4.5,315,5,33,0,0.5,-0.5,-0.5,-,C2Sigma+
final,41598.887507,4.5,316,3,35,-2,0.5,0.5,-1.5,-,A2Delta
final,41827.17513,4.5,317,3,36,-2,0.5,-0.5,-2.5,-,A2Delta
final,41837.225802,4.5,318,5,34,0,0.5,-0.5,-0.5,-,C2Sigma+
final,41850.122704,4.5,319,3,36,-2,0.5,0.5,-1.5,-,A2Delta
final,42085.829829,4.5,320,3,37,-2,0.5,-0.5,-2.5,-,A2Delta
final,42092.723145,4.5,321,5,35,0,0.5,-0.5,-0.5,-,C2Sigma+
final,42109.064653,4.5,322,3,37,-2,0.5,0.5,-1.5,-,A2Delta
final,42352.156183,4.5,323,3,38,-2,0.5,-0.5,-2.5,-,A2Delta
final,42355.634124,4.5,324,5,36,0,0.5,-0.5,-0.5,-,C2Sigma+
final,42375.674918,4.5,325,3,38,-2,0.5,0.5,-1.5,-,A2Delta
final,42626.014488,4.5,326,5,37,0,0.5,-0.5,-0.5,-,C2Sigma+
final,42626.117035,4.5,327,3,39,-2,0.5,-0.5,-2.5,-,A2Delta
final,42649.917218,4.5,328,3,39,-2,0.5,0.5,-1.5,-,A2Delta
final,42903.904454,4.5,329,5,38,0,0.5,-0.5,-0.5,-,C2Sigma+
final,42907.676988,4.5,330,3,40,-2,0.5,-0.5,-2.5,-,A2Delta
final,42931.757258,4.5,331,3,40,-2,0.5,0.5,-1.5,-,A2Delta
final,43189.311227,4.5,332,5,39,0,0.5,-0.5,-0.5,-,C2Sigma+
final,43196.802656,4.5,333,3,41,-2,0.5,-0.5,-2.5,-,A2Delta
final,43221.163753,4.5,334,3,41,-2,0.5,0.5,-1.5,-,A2Delta
final,43482.210642,4.5,335,5,40,0,0.5,-0.5,-0.5,-,C2Sigma+
final,43493.462373,4.5,336,3,42,-2,0.5,-0.5,-2.5,-,A2Delta
final,43518.107763,4.5,337,3,42,-2,0.5,0.5,-1.5,-,A2Delta
final,43782.559862,4.5,338,5,41,0,0.5,-0.5,-0.5,-,C2Sigma+
final,43797.627006,4.5,339,3,43,-2,0.5,-0.5,-2.5,-,A2Delta
final,43822.565271,4.5,340,3,43,-2,0.5,0.5,-1.5,-,A2Delta
final,44090.308253,4.5,341,5,42,0,0.5,-0.5,-0.5,-,C2Sigma+
final,44109.269874,4.5,342,3,44,-2,0.5,-0.5,-2.5,-,A2Delta
final,44134.516902,4.5,343,3,44,-2,0.5,0.5,-1.5,-,A2Delta
final,44405.406551,4.5,344,5,43,0,0.5,-0.5,-0.5,-,C2Sigma+
final,44428.370121,4.5,345,3,45,-2,0.5,-0.5,-2.5,-,A2Delta
final,44453.958984,4.5,346,3,45,-2,0.5,0.5,-1.5,-,A2Delta
final,44727.83527,4.5,347,5,44,0,0.5,-0.5,-0.5,-,C2Sigma+
final,44754.915373,4.5,348,3,46,-2,0.5,-0.5,-2.5,-,A2Delta
final,44780.911974,4.5,349,3,46,-2,0.5,0.5,-1.5,-,A2Delta
final,45057.587878,4.5,350,5,45,0,0.5,-0.5,-0.5,-,C2Sigma+
final,45088.926422,4.5,351,3,47,-2,0.5,-0.5,-2.5,-,A2Delta
final,45115.502921,4.5,352,3,47,-2,0.5,0.5,-1.5,-,A2Delta
final,45394.708752,4.5,353,5,46,0,0.5,-0.5,-0.5,-,C2Sigma+
final,45430.524791,4.5,354,3,48,-2,0.5,-0.5,-2.5,-,A2Delta
final,45458.205704,4.5,355,3,48,-2,0.5,0.5,-1.5,-,A2Delta
final,45739.434322,4.5,356,5,47,0,0.5,-0.5,-0.5,-,C2Sigma+
final,45780.824722,4.5,357,3,49,-2,0.5,-0.5,-2.5,-,A2Delta
final,45813.727116,4.5,358,3,49,-2,0.5,0.5,-1.5,-,A2Delta
final,46092.722278,4.5,359,5,48,0,0.5,-0.5,-0.5,-,C2Sigma+
final,46466.573779,4.5,360,5,49,0,0.5,-0.5,-0.5,-,C2Sigma+
final,410.802968,5.5,1,1,0,1,0.5,0.5,1.5,+,X2Pi
final,578.986975,5.5,2,1,0,1,0.5,-0.5,0.5,+,X2Pi
final,3127.854472,5.5,3,1,1,1,0.5,-0.5,0.5,+,X2Pi
final,3289.706081,5.5,4,1,1,1,0.5,0.5,1.5,+,X2Pi
final,5719.098894,5.5,5,1,2,1,0.5,-0.5,0.5,+,X2Pi
final,5874.678461,5.5,6,1,2,1,0.5,0.5,1.5,+,X2Pi
final,6540.322405,5.5,7,2,0,0,1.5,1.5,1.5,+,a4Sigma-
final,6921.956226,5.5,8,2,0,0,1.5,0.5,0.5,+,a4Sigma-
final,8185.509975,5.5,9,1,3,1,0.5,-0.5,0.5,+,X2Pi
final,8334.88562,5.5,10,1,3,1,0.5,0.5,1.5,+,X2Pi
final,9483.608861,5.5,11,2,1,0,1.5,1.5,1.5,+,a4Sigma-
final,9851.385346,5.5,12,2,1,0,1.5,0.5,0.5,+,a4Sigma-
final,10528.875535,5.5,13,1,4,1,0.5,-0.5,0.5,+,X2Pi
final,10672.058338,5.5,14,1,4,1,0.5,0.5,1.5,+,X2Pi
final,12275.161738,5.5,15,2,2,0,1.5,1.5,1.5,+,a4Sigma-
final,12628.169273,5.5,16,2,2,0,1.5,0.5,0.5,+,a4Sigma-
final,12748.585047,5.5,17,1,5,1,0.5,-0.5,0.5,+,X2Pi
final,12885.507239,5.5,18,1,5,1,0.5,0.5,1.5,+,X2Pi
final,14841.445419,5.5,19,1,6,1,0.5,-0.5,0.5,+,X2Pi
final,14914.425635,5.5,20,2,3,0,1.5,1.5,1.5,+,a4Sigma-
final,14972.005026,5.5,21,1,6,1,0.5,0.5,1.5,+,X2Pi
final,15251.917963,5.5,22,2,3,0,1.5,0.5,0.5,+,a4Sigma-
final,16802.478515,5.5,23,1,7,1,0.5,-0.5,0.5,+,X2Pi
final,16926.493397,5.5,24,1,7,1,0.5,0.5,1.5,+,X2Pi
final,17386.812607,5.5,25,2,4,0,1.5,1.5,1.5,+,a4Sigma-
final,17707.35283,5.5,26,2,4,0,1.5,0.5,0.5,+,a4Sigma-
final,18625.615427,5.5,27,1,8,1,0.5,-0.5,0.5,+,X2Pi
final,18742.807736,5.5,28,1,8,1,0.5,0.5,1.5,+,X2Pi
final,19669.159522,5.5,29,2,5,0,1.5,1.5,1.5,+,a4Sigma-
final,19970.669302,5.5,30,2,5,0,1.5,0.5,0.5,+,a4Sigma-
final,20304.276218,5.5,31,1,9,1,0.5,-0.5,0.5,+,X2Pi
final,20414.329354,5.5,32,1,9,1,0.5,0.5,1.5,+,X2Pi
final,21733.96764,5.5,33,2,6,0,1.5,1.5,1.5,+,a4Sigma-
final,21831.846638,5.5,34,1,10,1,0.5,-0.5,0.5,+,X2Pi
final,21934.389624,5.5,35,1,10,1,0.5,0.5,1.5,+,X2Pi
final,22013.810267,5.5,36,2,6,0,1.5,0.5,0.5,+,a4Sigma-
final,23201.977116,5.5,37,1,11,1,0.5,-0.5,0.5,+,X2Pi
final,23296.647224,5.5,38,1,11,1,0.5,0.5,1.5,+,X2Pi
final,23552.131484,5.5,39,2,7,0,1.5,1.5,1.5,+,a4Sigma-
final,23594.881013,5.5,40,3,0,2,0.5,0.5,2.5,+,A2Delta
final,23768.977436,5.5,41,3,0,2,0.5,-0.5,1.5,+,A2Delta
final,23807.118567,5.5,42,2,7,0,1.5,0.5,0.5,+,a4Sigma-
final,24408.895737,5.5,43,1,12,1,0.5,-0.5,0.5,+,X2Pi
final,24495.289531,5.5,44,1,12,1,0.5,0.5,1.5,+,X2Pi
final,25094.793911,5.5,45,2,8,0,1.5,1.5,1.5,+,a4Sigma-
final,25321.116674,5.5,46,2,8,0,1.5,0.5,0.5,+,a4Sigma-
final,25447.483257,5.5,47,1,13,1,0.5,-0.5,0.5,+,X2Pi
final,25525.173871,5.5,48,1,13,1,0.5,0.5,1.5,+,X2Pi
final,26075.559496,5.5,49,4,0,0,0.5,0.5,0.5,+,B2Sigma-
final,26313.385697,5.5,50,1,14,1,0.5,-0.5,0.5,+,X2Pi
final,26315.127076,5.5,51,3,1,2,0.5,0.5,2.5,+,A2Delta
final,26334.906787,5.5,52,2,9,0,1.5,1.5,1.5,+,a4Sigma-
final,26381.908239,5.5,53,1,14,1,0.5,0.5,1.5,+,X2Pi
final,26481.070319,5.5,54,3,1,2,0.5,-0.5,1.5,+,A2Delta
final,26527.930423,5.5,55,2,9,0,1.5,0.5,0.5,+,a4Sigma-
final,27002.964836,5.5,56,1,15,1,0.5,-0.5,0.5,+,X2Pi
final,27061.775526,5.5,57,1,15,1,0.5,0.5,1.5,+,X2Pi
final,27248.577856,5.5,58,2,10,0,1.5,1.5,1.5,+,a4Sigma-
final,27402.177015,5.5,59,2,10,0,1.5,0.5,0.5,+,a4Sigma-
final,27512.982946,5.5,60,1,16,1,0.5,-0.5,0.5,+,X2Pi
final,27561.490903,5.5,61,1,16,1,0.5,0.5,1.5,+,X2Pi
final,27815.305761,5.5,62,2,11,0,1.5,1.5,1.5,+,a4Sigma-
final,27825.985522,5.5,63,4,1,0,0.5,0.5,0.5,+,B2Sigma-
final,27838.941117,5.5,64,1,17,1,0.5,-0.5,0.5,+,X2Pi
final,27877.396192,5.5,65,1,17,1,0.5,0.5,1.5,+,X2Pi
final,27918.868636,5.5,66,2,11,0,1.5,0.5,0.5,+,a4Sigma-
final,27952.264484,5.5,67,4,2,0,0.5,0.5,0.5,+,B2Sigma-
final,27974.330558,5.5,68,1,18,1,0.5,-0.5,0.5,+,X2Pi
final,27990.16735,5.5,69,1,19,1,0.5,-0.5,0.5,+,X2Pi
final,27994.202529,5.5,70,2,12,0,1.5,1.5,1.5,+,a4Sigma-
final,28003.181747,5.5,71,1,18,1,0.5,0.5,1.5,+,X2Pi
final,28008.985601,5.5,72,4,3,0,0.5,0.5,0.5,+,B2Sigma-
final,28012.820483,5.5,73,2,13,0,1.5,1.5,1.5,+,a4Sigma-
final,28014.377464,5.5,74,2,12,0,1.5,0.5,0.5,+,a4Sigma-
final,28023.076169,5.5,75,1,19,1,0.5,0.5,1.5,+,X2Pi
final,28027.904777,5.5,76,4,4,0,0.5,0.5,0.5,+,B2Sigma-
final,28040.530566,5.5,77,2,13,0,1.5,0.5,0.5,+,a4Sigma-
final,28042.260218,5.5,78,2,14,0,1.5,0.5,0.5,+,a4Sigma-
final,28045.659573,5.5,79,1,20,1,0.5,-0.5,0.5,+,X2Pi
final,28064.393865,5.5,80,1,20,1,0.5,0.5,1.5,+,X2Pi
final,28073.492581,5.5,81,4,5,0,0.5,0.5,0.5,+,B2Sigma-
final,28076.436164,5.5,82,2,15,0,1.5,0.5,0.5,+,a4Sigma-
final,28086.899533,5.5,83,2,14,0,1.5,1.5,1.5,+,a4Sigma-
final,28096.255672,5.5,84,1,21,1,0.5,-0.5,0.5,+,X2Pi
final,28117.129429,5.5,85,2,16,0,1.5,0.5,0.5,+,a4Sigma-
final,28123.973544,5.5,86,1,21,1,0.5,0.5,1.5,+,X2Pi
final,28133.242298,5.5,87,4,6,0,0.5,0.5,0.5,+,B2Sigma-
final,28142.993459,5.5,88,2,15,0,1.5,1.5,1.5,+,a4Sigma-
final,28164.030741,5.5,89,1,22,1,0.5,-0.5,0.5,+,X2Pi
final,28174.618899,5.5,90,2,17,0,1.5,0.5,0.5,+,a4Sigma-
final,28194.641101,5.5,91,1,22,1,0.5,0.5,1.5,+,X2Pi
final,28201.97668,5.5,92,4,7,0,0.5,0.5,0.5,+,B2Sigma-
final,28210.07786,5.5,93,2,16,0,1.5,1.5,1.5,+,a4Sigma-
final,28242.557018,5.5,94,2,18,0,1.5,0.5,0.5,+,a4Sigma-
final,28245.260488,5.5,95,4,8,0,0.5,0.5,0.5,+,B2Sigma-
final,28276.99383,5.5,96,1,23,1,0.5,0.5,1.5,+,X2Pi
final,28282.64377,5.5,97,1,23,1,0.5,-0.5,0.5,+,X2Pi
final,28288.555506,5.5,98,2,17,0,1.5,1.5,1.5,+,a4Sigma-
final,28321.430694,5.5,99,2,19,0,1.5,0.5,0.5,+,a4Sigma-
final,28337.029062,5.5,100,4,9,0,0.5,0.5,0.5,+,B2Sigma-
final,28367.980511,5.5,101,2,18,0,1.5,1.5,1.5,+,a4Sigma-
final,28374.146444,5.5,102,1,24,1,0.5,-0.5,0.5,+,X2Pi
final,28381.403461,5.5,103,1,24,1,0.5,0.5,1.5,+,X2Pi
final,28410.439541,5.5,104,2,20,0,1.5,0.5,0.5,+,a4Sigma-
final,28437.870322,5.5,105,4,10,0,0.5,0.5,0.5,+,B2Sigma-
final,28467.908576,5.5,106,2,19,0,1.5,1.5,1.5,+,a4Sigma-
final,28475.50698,5.5,107,1,25,1,0.5,-0.5,0.5,+,X2Pi
final,28489.164581,5.5,108,1,25,1,0.5,0.5,1.5,+,X2Pi
final,28509.492022,5.5,109,2,21,0,1.5,0.5,0.5,+,a4Sigma-
final,28546.256705,5.5,110,4,11,0,0.5,0.5,0.5,+,B2Sigma-
final,28576.397549,5.5,111,2,20,0,1.5,1.5,1.5,+,a4Sigma-
final,28589.879532,5.5,112,1,26,1,0.5,-0.5,0.5,+,X2Pi
final,28608.574382,5.5,113,1,26,1,0.5,0.5,1.5,+,X2Pi
final,28618.737215,5.5,114,2,22,0,1.5,0.5,0.5,+,a4Sigma-
final,28661.683544,5.5,115,4,12,0,0.5,0.5,0.5,+,B2Sigma-
final,28693.787481,5.5,116,2,21,0,1.5,1.5,1.5,+,a4Sigma-
final,28717.005151,5.5,117,1,27,1,0.5,-0.5,0.5,+,X2Pi
final,28734.23393,5.5,118,2,23,0,1.5,0.5,0.5,+,a4Sigma-
final,28742.730424,5.5,119,1,27,1,0.5,0.5,1.5,+,X2Pi
final,28783.801561,5.5,120,4,13,0,0.5,0.5,0.5,+,B2Sigma-
final,28820.343141,5.5,121,2,22,0,1.5,1.5,1.5,+,a4Sigma-
final,28840.3995,5.5,122,3,2,2,0.5,0.5,2.5,+,A2Delta
final,28855.9211,5.5,123,1,28,1,0.5,-0.5,0.5,+,X2Pi
final,28862.843465,5.5,124,2,24,0,1.5,0.5,0.5,+,a4Sigma-
final,28884.780295,5.5,125,1,28,1,0.5,0.5,1.5,+,X2Pi
final,28909.475033,5.5,126,4,14,0,0.5,0.5,0.5,+,B2Sigma-
final,28956.064996,5.5,127,2,23,0,1.5,1.5,1.5,+,a4Sigma-
final,28984.127902,5.5,128,4,15,0,0.5,0.5,0.5,+,B2Sigma-
final,28997.475443,5.5,129,3,2,2,0.5,-0.5,1.5,+,A2Delta
final,28999.594102,5.5,130,2,25,0,1.5,0.5,0.5,+,a4Sigma-
final,29019.436114,5.5,131,1,29,1,0.5,-0.5,0.5,+,X2Pi
final,29058.18339,5.5,132,1,29,1,0.5,0.5,1.5,+,X2Pi
final,29067.21028,5.5,133,4,16,0,0.5,0.5,0.5,+,B2Sigma-
final,29100.841591,5.5,134,2,24,0,1.5,1.5,1.5,+,a4Sigma-
final,29145.456404,5.5,135,2,26,0,1.5,0.5,0.5,+,a4Sigma-
final,29197.036458,5.5,136,4,17,0,0.5,0.5,0.5,+,B2Sigma-
final,29254.211433,5.5,137,2,25,0,1.5,1.5,1.5,+,a4Sigma-
final,29300.11943,5.5,138,2,27,0,1.5,0.5,0.5,+,a4Sigma-
final,29343.774002,5.5,139,4,18,0,0.5,0.5,0.5,+,B2Sigma-
final,29416.658731,5.5,140,2,26,0,1.5,1.5,1.5,+,a4Sigma-
final,29463.63624,5.5,141,2,28,0,1.5,0.5,0.5,+,a4Sigma-
final,29495.905807,5.5,142,4,19,0,0.5,0.5,0.5,+,B2Sigma-
final,29587.89525,5.5,143,2,27,0,1.5,1.5,1.5,+,a4Sigma-
final,29635.8962,5.5,144,2,29,0,1.5,0.5,0.5,+,a4Sigma-
final,29651.44274,5.5,145,4,20,0,0.5,0.5,0.5,+,B2Sigma-
final,29767.792938,5.5,146,2,28,0,1.5,1.5,1.5,+,a4Sigma-
final,29809.843784,5.5,147,4,21,0,0.5,0.5,0.5,+,B2Sigma-
final,29816.790049,5.5,148,2,30,0,1.5,0.5,0.5,+,a4Sigma-
final,29956.260349,5.5,149,2,29,0,1.5,1.5,1.5,+,a4Sigma-
final,29972.55607,5.5,150,4,22,0,0.5,0.5,0.5,+,B2Sigma-
final,30006.226058,5.5,151,2,31,0,1.5,0.5,0.5,+,a4Sigma-
final,30142.605785,5.5,152,4,23,0,0.5,0.5,0.5,+,B2Sigma-
final,30153.216114,5.5,153,2,30,0,1.5,1.5,1.5,+,a4Sigma-
final,30204.123052,5.5,154,2,32,0,1.5,0.5,0.5,+,a4Sigma-
final,30322.056075,5.5,155,4,24,0,0.5,0.5,0.5,+,B2Sigma-
final,30358.581073,5.5,156,2,31,0,1.5,1.5,1.5,+,a4Sigma-
final,30410.40477,5.5,157,2,33,0,1.5,0.5,0.5,+,a4Sigma-
final,30510.97748,5.5,158,4,25,0,0.5,0.5,0.5,+,B2Sigma-
final,30572.280015,5.5,159,2,32,0,1.5,1.5,1.5,+,a4Sigma-
final,30624.999258,5.5,160,2,34,0,1.5,0.5,0.5,+,a4Sigma-
final,30708.566825,5.5,161,4,26,0,0.5,0.5,0.5,+,B2Sigma-
final,30794.242587,5.5,162,2,33,0,1.5,1.5,1.5,+,a4Sigma-
final,30847.838583,5.5,163,2,35,0,1.5,0.5,0.5,+,a4Sigma-
final,30914.068799,5.5,164,4,27,0,0.5,0.5,0.5,+,B2Sigma-
final,31024.403879,5.5,165,2,34,0,1.5,1.5,1.5,+,a4Sigma-
final,31078.859849,5.5,166,2,36,0,1.5,0.5,0.5,+,a4Sigma-
final,31127.001639,5.5,167,4,28,0,0.5,0.5,0.5,+,B2Sigma-
final,31149.54629,5.5,168,3,3,2,0.5,0.5,2.5,+,A2Delta
final,31262.70333,5.5,169,2,35,0,1.5,1.5,1.5,+,a4Sigma-
final,31296.716867,5.5,170,3,3,2,0.5,-0.5,1.5,+,A2Delta
final,31318.004215,5.5,171,2,37,0,1.5,0.5,0.5,+,a4Sigma-
final,31347.150551,5.5,172,4,29,0,0.5,0.5,0.5,+,B2Sigma-
final,31509.084129,5.5,173,2,36,0,1.5,1.5,1.5,+,a4Sigma-
final,31565.217586,5.5,174,2,38,0,1.5,0.5,0.5,+,a4Sigma-
final,31574.510368,5.5,175,4,30,0,0.5,0.5,0.5,+,B2Sigma-
final,31763.492371,5.5,176,2,37,0,1.5,1.5,1.5,+,a4Sigma-
final,31809.176212,5.5,177,4,31,0,0.5,0.5,0.5,+,B2Sigma-
final,31820.44903,5.5,178,2,39,0,1.5,0.5,0.5,+,a4Sigma-
final,32025.877795,5.5,179,2,38,0,1.5,1.5,1.5,+,a4Sigma-
final,32051.233309,5.5,180,4,32,0,0.5,0.5,0.5,+,B2Sigma-
final,32083.652881,5.5,181,2,40,0,1.5,0.5,0.5,+,a4Sigma-
final,32296.193186,5.5,182,2,39,0,1.5,1.5,1.5,+,a4Sigma-
final,32300.711144,5.5,183,4,33,0,0.5,0.5,0.5,+,B2Sigma-
final,32354.786813,5.5,184,2,41,0,1.5,0.5,0.5,+,a4Sigma-
final,32373.17302,5.5,185,5,0,0,0.5,0.5,0.5,+,C2Sigma+
final,32557.597403,5.5,186,4,34,0,0.5,0.5,0.5,+,B2Sigma-
final,32574.396344,5.5,187,2,40,0,1.5,1.5,1.5,+,a4Sigma-
final,32633.817265,5.5,188,2,42,0,1.5,0.5,0.5,+,a4Sigma-
final,32821.84996,5.5,189,4,35,0,0.5,0.5,0.5,+,B2Sigma-
final,32860.448737,5.5,190,2,41,0,1.5,1.5,1.5,+,a4Sigma-
final,32920.715698,5.5,191,2,43,0,1.5,0.5,0.5,+,a4Sigma-
final,33093.419998,5.5,192,4,36,0,0.5,0.5,0.5,+,B2Sigma-
final,33154.320637,5.5,193,2,42,0,1.5,1.5,1.5,+,a4Sigma-
final,33212.280357,5.5,194,3,4,2,0.5,0.5,2.5,+,A2Delta
final,33215.473355,5.5,195,2,44,0,1.5,0.5,0.5,+,a4Sigma-
final,33348.014897,5.5,196,3,4,2,0.5,-0.5,1.5,+,A2Delta
final,33372.259624,5.5,197,4,37,0,0.5,0.5,0.5,+,B2Sigma-
final,33455.989888,5.5,198,2,43,0,1.5,1.5,1.5,+,a4Sigma-
final,33518.095569,5.5,199,2,45,0,1.5,0.5,0.5,+,a4Sigma-
final,33658.336337,5.5,200,4,38,0,0.5,0.5,0.5,+,B2Sigma-
final,33765.461204,5.5,201,2,44,0,1.5,1.5,1.5,+,a4Sigma-
final,33828.655886,5.5,202,2,46,0,1.5,0.5,0.5,+,a4Sigma-
final,33951.635788,5.5,203,4,39,0,0.5,0.5,0.5,+,B2Sigma-
final,34082.777229,5.5,204,2,45,0,1.5,1.5,1.5,+,a4Sigma-
final,34147.311205,5.5,205,2,47,0,1.5,0.5,0.5,+,a4Sigma-
final,34252.152007,5.5,206,4,40,0,0.5,0.5,0.5,+,B2Sigma-
final,34408.159177,5.5,207,2,46,0,1.5,1.5,1.5,+,a4Sigma-
final,34474.693566,5.5,208,2,48,0,1.5,0.5,0.5,+,a4Sigma-
final,34559.877976,5.5,209,4,41,0,0.5,0.5,0.5,+,B2Sigma-
final,34742.405959,5.5,210,2,47,0,1.5,1.5,1.5,+,a4Sigma-
final,34812.928882,5.5,211,2,49,0,1.5,0.5,0.5,+,a4Sigma-
final,34874.801369,5.5,212,4,42,0,0.5,0.5,0.5,+,B2Sigma-
final,34953.33198,5.5,213,5,1,0,0.5,0.5,0.5,+,C2Sigma+
final,34988.316614,5.5,214,3,5,2,0.5,0.5,2.5,+,A2Delta
final,35094.87497,5.5,215,2,48,0,1.5,1.5,1.5,+,a4Sigma-
final,35110.338818,5.5,216,3,5,2,0.5,-0.5,1.5,+,A2Delta
final,35196.918477,5.5,217,4,43,0,0.5,0.5,0.5,+,B2Sigma-
final,35213.560149,5.5,218,2,50,0,1.5,0.5,0.5,+,a4Sigma-
final,35526.22124,5.5,219,4,44,0,0.5,0.5,0.5,+,B2Sigma-
final,35862.733654,5.5,220,4,45,0,0.5,0.5,0.5,+,B2Sigma-
final,36206.5174,5.5,221,4,46,0,0.5,0.5,0.5,+,B2Sigma-
final,36424.838089,5.5,222,3,6,2,0.5,0.5,2.5,+,A2Delta
final,36529.59099,5.5,223,3,6,2,0.5,-0.5,1.5,+,A2Delta
final,36557.828038,5.5,224,4,47,0,0.5,0.5,0.5,+,B2Sigma-
final,36917.63405,5.5,225,4,48,0,0.5,0.5,0.5,+,B2Sigma-
final,37017.420389,5.5,226,5,2,0,0.5,0.5,0.5,+,C2Sigma+
final,37095.562013,5.5,227,5,3,0,0.5,0.5,0.5,+,C2Sigma+
final,37178.749381,5.5,228,5,4,0,0.5,0.5,0.5,+,C2Sigma+
final,37268.494854,5.5,229,5,5,0,0.5,0.5,0.5,+,C2Sigma+
final,37284.432669,5.5,230,5,6,0,0.5,0.5,0.5,+,C2Sigma+
final,37297.440715,5.5,231,4,49,0,0.5,0.5,0.5,+,B2Sigma-
final,37365.08367,5.5,232,5,7,0,0.5,0.5,0.5,+,C2Sigma+
final,37451.260643,5.5,233,3,7,2,0.5,0.5,2.5,+,A2Delta
final,37468.504944,5.5,234,5,8,0,0.5,0.5,0.5,+,C2Sigma+
final,37532.431874,5.5,235,3,7,2,0.5,-0.5,1.5,+,A2Delta
final,37578.655303,5.5,236,5,9,0,0.5,0.5,0.5,+,C2Sigma+
final,37695.405383,5.5,237,5,10,0,0.5,0.5,0.5,+,C2Sigma+
final,37818.626374,5.5,238,5,11,0,0.5,0.5,0.5,+,C2Sigma+
final,37948.201358,5.5,239,5,12,0,0.5,0.5,0.5,+,C2Sigma+
final,37964.37556,5.5,240,3,8,2,0.5,0.5,2.5,+,A2Delta
final,37978.546021,5.5,241,3,9,2,0.5,0.5,2.5,+,A2Delta
final,37984.525187,5.5,242,3,8,2,0.5,-0.5,1.5,+,A2Delta
final,38000.598523,5.5,243,3,9,2,0.5,-0.5,1.5,+,A2Delta
final,38003.653082,5.5,244,3,10,2,0.5,0.5,2.5,+,A2Delta
final,38017.639101,5.5,245,3,10,2,0.5,-0.5,1.5,+,A2Delta
final,38038.490729,5.5,246,3,11,2,0.5,0.5,2.5,+,A2Delta
final,38052.855813,5.5,247,3,11,2,0.5,-0.5,1.5,+,A2Delta
final,38083.411456,5.5,248,3,12,2,0.5,0.5,2.5,+,A2Delta
final,38084.029065,5.5,249,5,13,0,0.5,0.5,0.5,+,C2Sigma+
final,38098.821166,5.5,250,3,12,2,0.5,-0.5,1.5,+,A2Delta
final,38138.349704,5.5,251,3,13,2,0.5,0.5,2.5,+,A2Delta
final,38154.696922,5.5,252,3,13,2,0.5,-0.5,1.5,+,A2Delta
final,38203.147619,5.5,253,3,14,2,0.5,0.5,2.5,+,A2Delta
final,38220.313998,5.5,254,3,14,2,0.5,-0.5,1.5,+,A2Delta
final,38226.024132,5.5,255,5,14,0,0.5,0.5,0.5,+,C2Sigma+
final,38277.623281,5.5,256,3,15,2,0.5,0.5,2.5,+,A2Delta
final,38295.523023,5.5,257,3,15,2,0.5,-0.5,1.5,+,A2Delta
final,38361.594161,5.5,258,3,16,2,0.5,0.5,2.5,+,A2Delta
final,38374.115386,5.5,259,5,15,0,0.5,0.5,0.5,+,C2Sigma+
final,38380.166474,5.5,260,3,16,2,0.5,-0.5,1.5,+,A2Delta
final,38454.887649,5.5,261,3,17,2,0.5,0.5,2.5,+,A2Delta
final,38474.087552,5.5,262,3,17,2,0.5,-0.5,1.5,+,A2Delta
final,38528.233345,5.5,263,5,16,0,0.5,0.5,0.5,+,C2Sigma+
final,38557.344963,5.5,264,3,18,2,0.5,0.5,2.5,+,A2Delta
final,38577.137264,5.5,265,3,18,2,0.5,-0.5,1.5,+,A2Delta
final,38668.821692,5.5,266,3,19,2,0.5,0.5,2.5,+,A2Delta
final,38688.305886,5.5,267,5,17,0,0.5,0.5,0.5,+,C2Sigma+
final,38689.177467,5.5,268,3,19,2,0.5,-0.5,1.5,+,A2Delta
final,38789.186839,5.5,269,3,20,2,0.5,0.5,2.5,+,A2Delta
final,38810.081392,5.5,270,3,20,2,0.5,-0.5,1.5,+,A2Delta
final,38854.235297,5.5,271,5,18,0,0.5,0.5,0.5,+,C2Sigma+
final,38918.321406,5.5,272,3,21,2,0.5,0.5,2.5,+,A2Delta
final,38939.733095,5.5,273,3,21,2,0.5,-0.5,1.5,+,A2Delta
final,39025.854465,5.5,274,5,19,0,0.5,0.5,0.5,+,C2Sigma+
final,39056.113074,5.5,275,3,22,2,0.5,0.5,2.5,+,A2Delta
final,39078.019722,5.5,276,3,22,2,0.5,-0.5,1.5,+,A2Delta
final,39202.135609,5.5,277,5,20,0,0.5,0.5,0.5,+,C2Sigma+
final,39202.465342,5.5,278,3,23,2,0.5,0.5,2.5,+,A2Delta
final,39224.851268,5.5,279,3,23,2,0.5,-0.5,1.5,+,A2Delta
final,39243.128555,5.5,280,5,21,0,0.5,0.5,0.5,+,C2Sigma+
final,39357.292021,5.5,281,3,24,2,0.5,0.5,2.5,+,A2Delta
final,39380.141968,5.5,282,3,24,2,0.5,-0.5,1.5,+,A2Delta
final,39386.231669,5.5,283,5,22,0,0.5,0.5,0.5,+,C2Sigma+
final,39520.504227,5.5,284,3,25,2,0.5,0.5,2.5,+,A2Delta
final,39543.804484,5.5,285,3,25,2,0.5,-0.5,1.5,+,A2Delta
final,39573.281125,5.5,286,5,23,0,0.5,0.5,0.5,+,C2Sigma+
final,39692.023095,5.5,287,3,26,2,0.5,0.5,2.5,+,A2Delta
final,39715.759748,5.5,288,3,26,2,0.5,-0.5,1.5,+,A2Delta
final,39764.215001,5.5,289,5,24,0,0.5,0.5,0.5,+,C2Sigma+
final,39871.77615,5.5,290,3,27,2,0.5,0.5,2.5,+,A2Delta
final,39895.936786,5.5,291,3,27,2,0.5,-0.5,1.5,+,A2Delta
final,39957.135892,5.5,292,5,25,0,0.5,0.5,0.5,+,C2Sigma+
final,40059.695266,5.5,293,3,28,2,0.5,0.5,2.5,+,A2Delta
final,40084.268934,5.5,294,3,28,2,0.5,-0.5,1.5,+,A2Delta
final,40148.94308,5.5,295,5,26,0,0.5,0.5,0.5,+,C2Sigma+
final,40255.716343,5.5,296,3,29,2,0.5,0.5,2.5,+,A2Delta
final,40280.692581,5.5,297,3,29,2,0.5,-0.5,1.5,+,A2Delta
final,40336.384324,5.5,298,5,27,0,0.5,0.5,0.5,+,C2Sigma+
final,40459.779357,5.5,299,3,30,2,0.5,0.5,2.5,+,A2Delta
final,40485.148058,5.5,300,3,30,2,0.5,-0.5,1.5,+,A2Delta
final,40522.225083,5.5,301,5,28,0,0.5,0.5,0.5,+,C2Sigma+
final,40671.82802,5.5,302,3,31,2,0.5,0.5,2.5,+,A2Delta
final,40697.579998,5.5,303,3,31,2,0.5,-0.5,1.5,+,A2Delta
final,40716.962043,5.5,304,5,29,0,0.5,0.5,0.5,+,C2Sigma+
final,40891.809181,5.5,305,3,32,2,0.5,0.5,2.5,+,A2Delta
final,40917.936263,5.5,306,3,32,2,0.5,-0.5,1.5,+,A2Delta
final,40926.18469,5.5,307,5,30,0,0.5,0.5,0.5,+,C2Sigma+
final,41119.672554,5.5,308,3,33,2,0.5,0.5,2.5,+,A2Delta
final,41146.167203,5.5,309,3,33,2,0.5,-0.5,1.5,+,A2Delta
final,41148.173327,5.5,310,5,31,0,0.5,0.5,0.5,+,C2Sigma+
final,41355.370511,5.5,311,3,34,2,0.5,0.5,2.5,+,A2Delta
final,41380.238214,5.5,312,5,32,0,0.5,0.5,0.5,+,C2Sigma+
final,41382.225512,5.5,313,3,34,2,0.5,-0.5,1.5,+,A2Delta
final,41598.858053,5.5,314,3,35,2,0.5,0.5,2.5,+,A2Delta
final,41620.781362,5.5,315,5,33,0,0.5,0.5,0.5,+,C2Sigma+
final,41626.066803,5.5,316,3,35,2,0.5,-0.5,1.5,+,A2Delta
final,41850.092483,5.5,317,3,36,2,0.5,0.5,2.5,+,A2Delta
final,41869.0594,5.5,318,5,34,0,0.5,0.5,0.5,+,C2Sigma+
final,41877.649331,5.5,319,3,36,2,0.5,-0.5,1.5,+,A2Delta
final,42109.033425,5.5,320,3,37,2,0.5,0.5,2.5,+,A2Delta
final,42124.795952,5.5,321,5,35,0,0.5,0.5,0.5,+,C2Sigma+
final,42136.933989,5.5,322,3,37,2,0.5,-0.5,1.5,+,A2Delta
final,42375.642479,5.5,323,3,38,2,0.5,0.5,2.5,+,A2Delta
final,42387.938259,5.5,324,5,36,0,0.5,0.5,0.5,+,C2Sigma+
final,42403.883443,5.5,325,3,38,2,0.5,-0.5,1.5,+,A2Delta
final,42649.883552,5.5,326,3,39,2,0.5,0.5,2.5,+,A2Delta
final,42658.518433,5.5,327,5,37,0,0.5,0.5,0.5,+,C2Sigma+
final,42678.463001,5.5,328,3,39,2,0.5,-0.5,1.5,+,A2Delta
final,42931.722458,5.5,329,3,40,2,0.5,0.5,2.5,+,A2Delta
final,42936.578669,5.5,330,5,38,0,0.5,0.5,0.5,+,C2Sigma+
final,42960.640063,5.5,331,3,40,2,0.5,-0.5,1.5,+,A2Delta
final,43221.127835,5.5,332,3,41,2,0.5,0.5,2.5,+,A2Delta
final,43222.139439,5.5,333,5,39,0,0.5,0.5,0.5,+,C2Sigma+
final,43250.386442,5.5,334,3,41,2,0.5,-0.5,1.5,+,A2Delta
final,43515.190911,5.5,335,5,40,0,0.5,0.5,0.5,+,C2Sigma+
final,43518.070592,5.5,336,3,42,2,0.5,0.5,2.5,+,A2Delta
final,43547.677097,5.5,337,3,42,2,0.5,-0.5,1.5,+,A2Delta
final,43815.70189,5.5,338,5,41,0,0.5,0.5,0.5,+,C2Sigma+
final,43822.526617,5.5,339,3,43,2,0.5,0.5,2.5,+,A2Delta
final,43852.49602,5.5,340,3,43,2,0.5,-0.5,1.5,+,A2Delta
final,44123.628421,5.5,341,5,42,0,0.5,0.5,0.5,+,C2Sigma+
final,44134.476596,5.5,342,3,44,2,0.5,0.5,2.5,+,A2Delta
final,44164.835268,5.5,343,3,44,2,0.5,-0.5,1.5,+,A2Delta
final,44438.928025,5.5,344,5,43,0,0.5,0.5,0.5,+,C2Sigma+
final,44453.91692,5.5,345,3,45,2,0.5,0.5,2.5,+,A2Delta
final,44484.718944,5.5,346,3,45,2,0.5,-0.5,1.5,+,A2Delta
final,44761.588431,5.5,347,5,44,0,0.5,0.5,0.5,+,C2Sigma+
final,44780.867984,5.5,348,3,46,2,0.5,0.5,2.5,+,A2Delta
final,44812.219532,5.5,349,3,46,2,0.5,-0.5,1.5,+,A2Delta
final,45091.619071,5.5,350,5,45,0,0.5,0.5,0.5,+,C2Sigma+
final,45115.456268,5.5,351,3,47,2,0.5,0.5,2.5,+,A2Delta
final,45147.642725,5.5,352,3,47,2,0.5,-0.5,1.5,+,A2Delta
final,45429.102778,5.5,353,5,46,0,0.5,0.5,0.5,+,C2Sigma+
final,45458.154265,5.5,354,3,48,2,0.5,0.5,2.5,+,A2Delta
final,45492.089141,5.5,355,3,48,2,0.5,-0.5,1.5,+,A2Delta
final,45774.437118,5.5,356,5,47,0,0.5,0.5,0.5,+,C2Sigma+
final,45813.652737,5.5,357,3,49,2,0.5,0.5,2.5,+,A2Delta
final,45859.785285,5.5,358,3,49,2,0.5,-0.5,1.5,+,A2Delta
final,46129.229182,5.5,359,5,48,0,0.5,0.5,0.5,+,C2Sigma+
final,46522.10135,5.5,360,5,49,0,0.5,0.5,0.5,+,C2Sigma+
final,411.824658,5.5,1,1,0,-1,0.5,0.5,-0.5,-,X2Pi
final,577.314827,5.5,2,1,0,-1,0.5,-0.5,-1.5,-,X2Pi
final,3128.842343,5.5,3,1,1,-1,0.5,0.5,-0.5,-,X2Pi
final,3288.117412,5.5,4,1,1,-1,0.5,-0.5,-1.5,-,X2Pi
final,5720.048718,5.5,5,1,2,-1,0.5,0.5,-0.5,-,X2Pi
final,5873.173461,5.5,6,1,2,-1,0.5,-0.5,-1.5,-,X2Pi
final,6393.003589,5.5,7,2,0,0,1.5,-0.5,-0.5,-,a4Sigma-
final,6716.703815,5.5,8,2,0,0,1.5,-1.5,-1.5,-,a4Sigma-
final,8186.405532,5.5,9,1,3,-1,0.5,0.5,-0.5,-,X2Pi
final,8333.480201,5.5,10,1,3,-1,0.5,-0.5,-1.5,-,X2Pi
final,9341.617314,5.5,11,2,1,0,1.5,-0.5,-0.5,-,a4Sigma-
final,9653.595924,5.5,12,2,1,0,1.5,-1.5,-1.5,-,a4Sigma-
final,10529.685774,5.5,13,1,4,-1,0.5,0.5,-0.5,-,X2Pi
final,10670.785267,5.5,14,1,4,-1,0.5,-0.5,-1.5,-,X2Pi
final,12138.853963,5.5,15,2,2,0,1.5,-0.5,-0.5,-,a4Sigma-
final,12438.330919,5.5,16,2,2,0,1.5,-1.5,-1.5,-,a4Sigma-
final,12749.289186,5.5,17,1,5,-1,0.5,0.5,-0.5,-,X2Pi
final,12884.391911,5.5,18,1,5,-1,0.5,-0.5,-1.5,-,X2Pi
final,14784.077003,5.5,19,2,3,0,1.5,-0.5,-0.5,-,a4Sigma-
final,14842.111057,5.5,20,1,6,-1,0.5,0.5,-0.5,-,X2Pi
final,14971.008202,5.5,21,1,6,-1,0.5,-0.5,-1.5,-,X2Pi
final,15070.437963,5.5,22,2,3,0,1.5,-1.5,-1.5,-,a4Sigma-
final,16803.167422,5.5,23,1,7,-1,0.5,0.5,-0.5,-,X2Pi
final,16925.570001,5.5,24,1,7,-1,0.5,-0.5,-1.5,-,X2Pi
final,17262.961355,5.5,25,2,4,0,1.5,-0.5,-0.5,-,a4Sigma-
final,17535.01172,5.5,26,2,4,0,1.5,-1.5,-1.5,-,a4Sigma-
final,18626.279997,5.5,27,1,8,-1,0.5,0.5,-0.5,-,X2Pi
final,18741.95579,5.5,28,1,8,-1,0.5,-0.5,-1.5,-,X2Pi
final,19552.588562,5.5,29,2,5,0,1.5,-0.5,-0.5,-,a4Sigma-
final,19808.594018,5.5,30,2,5,0,1.5,-1.5,-1.5,-,a4Sigma-
final,20304.901201,5.5,31,1,9,-1,0.5,0.5,-0.5,-,X2Pi
final,20413.540206,5.5,32,1,9,-1,0.5,-0.5,-1.5,-,X2Pi
final,21625.673827,5.5,33,2,6,0,1.5,-0.5,-0.5,-,a4Sigma-
final,21832.42806,5.5,34,1,10,-1,0.5,0.5,-0.5,-,X2Pi
final,21863.429341,5.5,35,2,6,0,1.5,-1.5,-1.5,-,a4Sigma-
final,21933.676556,5.5,36,1,10,-1,0.5,-0.5,-1.5,-,X2Pi
final,23202.539129,5.5,37,1,11,-1,0.5,0.5,-0.5,-,X2Pi
final,23295.992436,5.5,38,1,11,-1,0.5,-0.5,-1.5,-,X2Pi
final,23453.316663,5.5,39,2,7,0,1.5,-0.5,-0.5,-,a4Sigma-
final,23594.881017,5.5,40,3,0,-2,0.5,-0.5,-2.5,-,A2Delta
final,23670.160526,5.5,41,2,7,0,1.5,-1.5,-1.5,-,a4Sigma-
final,23768.977424,5.5,42,3,0,-2,0.5,0.5,-1.5,-,A2Delta
final,24409.444405,5.5,43,1,12,-1,0.5,0.5,-0.5,-,X2Pi
final,24494.693837,5.5,44,1,12,-1,0.5,-0.5,-1.5,-,X2Pi
final,25006.881808,5.5,45,2,8,0,1.5,-0.5,-0.5,-,a4Sigma-
final,25199.651072,5.5,46,2,8,0,1.5,-1.5,-1.5,-,a4Sigma-
final,25448.041542,5.5,47,1,13,-1,0.5,0.5,-0.5,-,X2Pi
final,25524.632121,5.5,48,1,13,-1,0.5,-0.5,-1.5,-,X2Pi
final,26225.338313,5.5,49,4,0,0,0.5,-0.5,-0.5,-,B2Sigma-
final,26259.613681,5.5,50,2,9,0,1.5,-0.5,-0.5,-,a4Sigma-
final,26313.998114,5.5,51,1,14,-1,0.5,0.5,-0.5,-,X2Pi
final,26315.127164,5.5,52,3,1,-2,0.5,-0.5,-2.5,-,A2Delta
final,26381.40792,5.5,53,1,14,-1,0.5,-0.5,-1.5,-,X2Pi
final,26424.484714,5.5,54,2,9,0,1.5,-1.5,-1.5,-,a4Sigma-
final,26481.070299,5.5,55,3,1,-2,0.5,0.5,-1.5,-,A2Delta
final,27003.714655,5.5,56,1,15,-1,0.5,0.5,-0.5,-,X2Pi
final,27061.310873,5.5,57,1,15,-1,0.5,-0.5,-1.5,-,X2Pi
final,27188.111861,5.5,58,2,10,0,1.5,-0.5,-0.5,-,a4Sigma-
final,27320.121832,5.5,59,2,10,0,1.5,-1.5,-1.5,-,a4Sigma-
final,27514.128968,5.5,60,1,16,-1,0.5,0.5,-0.5,-,X2Pi
final,27561.041652,5.5,61,1,16,-1,0.5,-0.5,-1.5,-,X2Pi
final,27773.157233,5.5,62,2,11,0,1.5,-0.5,-0.5,-,a4Sigma-
final,27842.052199,5.5,63,1,17,-1,0.5,0.5,-0.5,-,X2Pi
final,27864.221042,5.5,64,2,11,0,1.5,-1.5,-1.5,-,a4Sigma-
final,27876.866914,5.5,65,1,17,-1,0.5,-0.5,-1.5,-,X2Pi
final,27957.377582,5.5,66,4,1,0,0.5,-0.5,-0.5,-,B2Sigma-
final,27968.115779,5.5,67,4,2,0,0.5,-0.5,-0.5,-,B2Sigma-
final,27981.035479,5.5,68,1,18,-1,0.5,0.5,-0.5,-,X2Pi
final,27989.937576,5.5,69,2,12,0,1.5,-0.5,-0.5,-,a4Sigma-
final,27994.755198,5.5,70,4,3,0,0.5,-0.5,-0.5,-,B2Sigma-
final,27996.733355,5.5,71,1,18,-1,0.5,-0.5,-1.5,-,X2Pi
final,28002.73363,5.5,72,2,13,0,1.5,-0.5,-0.5,-,a4Sigma-
final,28008.154915,5.5,73,2,12,0,1.5,-1.5,-1.5,-,a4Sigma-
final,28012.441511,5.5,74,1,19,-1,0.5,0.5,-0.5,-,X2Pi
final,28019.669977,5.5,75,1,19,-1,0.5,-0.5,-1.5,-,X2Pi
final,28030.431541,5.5,76,4,4,0,0.5,-0.5,-0.5,-,B2Sigma-
final,28030.685935,5.5,77,2,14,0,1.5,-0.5,-0.5,-,a4Sigma-
final,28032.62578,5.5,78,2,13,0,1.5,-1.5,-1.5,-,a4Sigma-
final,28049.37914,5.5,79,1,20,-1,0.5,0.5,-0.5,-,X2Pi
final,28056.020404,5.5,80,2,14,0,1.5,-1.5,-1.5,-,a4Sigma-
final,28066.963564,5.5,81,1,20,-1,0.5,-0.5,-1.5,-,X2Pi
final,28075.564804,5.5,82,2,15,0,1.5,-0.5,-0.5,-,a4Sigma-
final,28077.423515,5.5,83,4,5,0,0.5,-0.5,-0.5,-,B2Sigma-
final,28100.942587,5.5,84,2,15,0,1.5,-1.5,-1.5,-,a4Sigma-
final,28104.380159,5.5,85,1,21,-1,0.5,0.5,-0.5,-,X2Pi
final,28123.72294,5.5,86,1,21,-1,0.5,-0.5,-1.5,-,X2Pi
final,28130.42611,5.5,87,2,16,0,1.5,-0.5,-0.5,-,a4Sigma-
final,28134.903791,5.5,88,4,6,0,0.5,-0.5,-0.5,-,B2Sigma-
final,28157.398592,5.5,89,2,16,0,1.5,-1.5,-1.5,-,a4Sigma-
final,28174.22557,5.5,90,1,22,-1,0.5,0.5,-0.5,-,X2Pi
final,28194.299498,5.5,91,2,17,0,1.5,-0.5,-0.5,-,a4Sigma-
final,28197.443965,5.5,92,1,22,-1,0.5,-0.5,-1.5,-,X2Pi
final,28202.921979,5.5,93,4,7,0,0.5,-0.5,-0.5,-,B2Sigma-
final,28224.876933,5.5,94,2,17,0,1.5,-1.5,-1.5,-,a4Sigma-
final,28256.969393,5.5,95,1,23,-1,0.5,0.5,-0.5,-,X2Pi
final,28272.089855,5.5,96,2,18,0,1.5,-0.5,-0.5,-,a4Sigma-
final,28280.078451,5.5,97,4,8,0,0.5,-0.5,-0.5,-,B2Sigma-
final,28282.281362,5.5,98,1,23,-1,0.5,-0.5,-1.5,-,X2Pi
final,28303.0764,5.5,99,2,18,0,1.5,-1.5,-1.5,-,a4Sigma-
final,28350.564358,5.5,100,1,24,-1,0.5,0.5,-0.5,-,X2Pi
final,28359.149944,5.5,101,2,19,0,1.5,-0.5,-0.5,-,a4Sigma-
final,28370.492985,5.5,102,4,9,0,0.5,-0.5,-0.5,-,B2Sigma-
final,28377.842597,5.5,103,1,24,-1,0.5,-0.5,-1.5,-,X2Pi
final,28392.015639,5.5,104,2,19,0,1.5,-1.5,-1.5,-,a4Sigma-
final,28452.213749,5.5,105,4,10,0,0.5,-0.5,-0.5,-,B2Sigma-
final,28456.098382,5.5,106,2,20,0,1.5,-0.5,-0.5,-,a4Sigma-
final,28473.043189,5.5,107,1,25,-1,0.5,0.5,-0.5,-,X2Pi
final,28483.628337,5.5,108,1,25,-1,0.5,-0.5,-1.5,-,X2Pi
final,28493.388935,5.5,109,1,26,-1,0.5,-0.5,-1.5,-,X2Pi
final,28560.462696,5.5,110,4,11,0,0.5,-0.5,-0.5,-,B2Sigma-
final,28562.327953,5.5,111,2,21,0,1.5,-0.5,-0.5,-,a4Sigma-
final,28589.557124,5.5,112,1,26,-1,0.5,0.5,-0.5,-,X2Pi
final,28594.545145,5.5,113,2,20,0,1.5,-1.5,-1.5,-,a4Sigma-
final,28610.857823,5.5,114,1,27,-1,0.5,-0.5,-1.5,-,X2Pi
final,28675.272799,5.5,115,4,12,0,0.5,-0.5,-0.5,-,B2Sigma-
final,28678.343985,5.5,116,2,22,0,1.5,-0.5,-0.5,-,a4Sigma-
final,28712.664158,5.5,117,2,21,0,1.5,-1.5,-1.5,-,a4Sigma-
final,28718.936121,5.5,118,1,27,-1,0.5,0.5,-0.5,-,X2Pi
final,28741.859838,5.5,119,1,28,-1,0.5,-0.5,-1.5,-,X2Pi
final,28796.753414,5.5,120,4,13,0,0.5,-0.5,-0.5,-,B2Sigma-
final,28804.205591,5.5,121,2,23,0,1.5,-0.5,-0.5,-,a4Sigma-
final,28839.8592,5.5,122,2,22,0,1.5,-1.5,-1.5,-,a4Sigma-
final,28840.399519,5.5,123,3,2,-2,0.5,-0.5,-2.5,-,A2Delta
final,28860.102108,5.5,124,1,28,-1,0.5,0.5,-0.5,-,X2Pi
final,28885.033926,5.5,125,1,29,-1,0.5,-0.5,-1.5,-,X2Pi
final,28924.237935,5.5,126,4,14,0,0.5,-0.5,-0.5,-,B2Sigma-
final,28939.349995,5.5,127,2,24,0,1.5,-0.5,-0.5,-,a4Sigma-
final,28976.155075,5.5,128,2,23,0,1.5,-1.5,-1.5,-,a4Sigma-
final,28997.47541,5.5,129,3,2,-2,0.5,0.5,-1.5,-,A2Delta
final,29020.136128,5.5,130,1,29,-1,0.5,0.5,-0.5,-,X2Pi
final,29046.693625,5.5,131,4,15,0,0.5,-0.5,-0.5,-,B2Sigma-
final,29059.844671,5.5,132,2,24,0,1.5,-1.5,-1.5,-,a4Sigma-
final,29083.59892,5.5,133,2,25,0,1.5,-0.5,-0.5,-,a4Sigma-
final,29110.883478,5.5,134,4,16,0,0.5,-0.5,-0.5,-,B2Sigma-
final,29121.406409,5.5,135,2,25,0,1.5,-1.5,-1.5,-,a4Sigma-
final,29220.197198,5.5,136,4,17,0,0.5,-0.5,-0.5,-,B2Sigma-
final,29236.592088,5.5,137,2,26,0,1.5,-0.5,-0.5,-,a4Sigma-
final,29275.375337,5.5,138,2,26,0,1.5,-1.5,-1.5,-,a4Sigma-
final,29365.347358,5.5,139,4,18,0,0.5,-0.5,-0.5,-,B2Sigma-
final,29398.639454,5.5,140,2,27,0,1.5,-0.5,-0.5,-,a4Sigma-
final,29438.312982,5.5,141,2,27,0,1.5,-1.5,-1.5,-,a4Sigma-
final,29518.790442,5.5,142,4,19,0,0.5,-0.5,-0.5,-,B2Sigma-
final,29569.477011,5.5,143,2,28,0,1.5,-0.5,-0.5,-,a4Sigma-
final,29610.024002,5.5,144,2,28,0,1.5,-1.5,-1.5,-,a4Sigma-
final,29676.804076,5.5,145,4,20,0,0.5,-0.5,-0.5,-,B2Sigma-
final,29748.988151,5.5,146,2,29,0,1.5,-0.5,-0.5,-,a4Sigma-
final,29790.383696,5.5,147,2,29,0,1.5,-1.5,-1.5,-,a4Sigma-
final,29838.020493,5.5,148,4,21,0,0.5,-0.5,-0.5,-,B2Sigma-
final,29937.081463,5.5,149,2,30,0,1.5,-0.5,-0.5,-,a4Sigma-
final,29979.29969,5.5,150,2,30,0,1.5,-1.5,-1.5,-,a4Sigma-
final,30002.770927,5.5,151,4,22,0,0.5,-0.5,-0.5,-,B2Sigma-
final,30133.673044,5.5,152,2,31,0,1.5,-0.5,-0.5,-,a4Sigma-
final,30173.350426,5.5,153,4,23,0,0.5,-0.5,-0.5,-,B2Sigma-
final,30176.691181,5.5,154,2,31,0,1.5,-1.5,-1.5,-,a4Sigma-
final,30338.682454,5.5,155,2,32,0,1.5,-0.5,-0.5,-,a4Sigma-
final,30352.324458,5.5,156,4,24,0,0.5,-0.5,-0.5,-,B2Sigma-
final,30382.480779,5.5,157,2,32,0,1.5,-1.5,-1.5,-,a4Sigma-
final,30540.663792,5.5,158,4,25,0,0.5,-0.5,-0.5,-,B2Sigma-
final,30552.033929,5.5,159,2,33,0,1.5,-0.5,-0.5,-,a4Sigma-
final,30596.594693,5.5,160,2,33,0,1.5,-1.5,-1.5,-,a4Sigma-
final,30737.975387,5.5,161,4,26,0,0.5,-0.5,-0.5,-,B2Sigma-
final,30773.656777,5.5,162,2,34,0,1.5,-0.5,-0.5,-,a4Sigma-
final,30818.963508,5.5,163,2,34,0,1.5,-1.5,-1.5,-,a4Sigma-
final,30943.508673,5.5,164,4,27,0,0.5,-0.5,-0.5,-,B2Sigma-
final,31003.48539,5.5,165,2,35,0,1.5,-0.5,-0.5,-,a4Sigma-
final,31049.523163,5.5,166,2,35,0,1.5,-1.5,-1.5,-,a4Sigma-
final,31149.546294,5.5,167,3,3,-2,0.5,-0.5,-2.5,-,A2Delta
final,31156.669839,5.5,168,4,28,0,0.5,-0.5,-0.5,-,B2Sigma-
final,31241.45821,5.5,169,2,36,0,1.5,-0.5,-0.5,-,a4Sigma-
final,31288.21396,5.5,170,2,36,0,1.5,-1.5,-1.5,-,a4Sigma-
final,31296.716837,5.5,171,3,3,-2,0.5,0.5,-1.5,-,A2Delta
final,31377.131731,5.5,172,4,29,0,0.5,-0.5,-0.5,-,B2Sigma-
final,31487.517212,5.5,173,2,37,0,1.5,-0.5,-0.5,-,a4Sigma-
final,31534.980438,5.5,174,2,37,0,1.5,-1.5,-1.5,-,a4Sigma-
final,31604.801236,5.5,175,4,30,0,0.5,-0.5,-0.5,-,B2Sigma-
final,31741.607386,5.5,176,2,38,0,1.5,-0.5,-0.5,-,a4Sigma-
final,31789.770123,5.5,177,2,38,0,1.5,-1.5,-1.5,-,a4Sigma-
final,31839.727955,5.5,178,4,31,0,0.5,-0.5,-0.5,-,B2Sigma-
final,32003.677002,5.5,179,2,39,0,1.5,-0.5,-0.5,-,a4Sigma-
final,32052.534896,5.5,180,2,39,0,1.5,-1.5,-1.5,-,a4Sigma-
final,32081.997455,5.5,181,4,32,0,0.5,-0.5,-0.5,-,B2Sigma-
final,32203.710156,5.5,182,5,0,0,0.5,-0.5,-0.5,-,C2Sigma+
final,32273.677247,5.5,183,2,40,0,1.5,-0.5,-0.5,-,a4Sigma-
final,32323.229804,5.5,184,2,40,0,1.5,-1.5,-1.5,-,a4Sigma-
final,32331.665398,5.5,185,4,33,0,0.5,-0.5,-0.5,-,B2Sigma-
final,32551.563021,5.5,186,2,41,0,1.5,-0.5,-0.5,-,a4Sigma-
final,32588.73425,5.5,187,4,34,0,0.5,-0.5,-0.5,-,B2Sigma-
final,32601.816596,5.5,188,2,41,0,1.5,-1.5,-1.5,-,a4Sigma-
final,32837.292248,5.5,189,2,42,0,1.5,-0.5,-0.5,-,a4Sigma-
final,32853.177133,5.5,190,4,35,0,0.5,-0.5,-0.5,-,B2Sigma-
final,32888.261507,5.5,191,2,42,0,1.5,-1.5,-1.5,-,a4Sigma-
final,33124.947126,5.5,192,4,36,0,0.5,-0.5,-0.5,-,B2Sigma-
final,33130.828162,5.5,193,2,43,0,1.5,-0.5,-0.5,-,a4Sigma-
final,33182.544531,5.5,194,2,43,0,1.5,-1.5,-1.5,-,a4Sigma-
final,33212.280367,5.5,195,3,4,-2,0.5,-0.5,-2.5,-,A2Delta
final,33348.014863,5.5,196,3,4,-2,0.5,0.5,-1.5,-,A2Delta
final,33403.996091,5.5,197,4,37,0,0.5,-0.5,-0.5,-,B2Sigma-
final,33432.138664,5.5,198,2,44,0,1.5,-0.5,-0.5,-,a4Sigma-
final,33484.656798,5.5,199,2,44,0,1.5,-1.5,-1.5,-,a4Sigma-
final,33690.287107,5.5,200,4,38,0,0.5,-0.5,-0.5,-,B2Sigma-
final,33741.205516,5.5,201,2,45,0,1.5,-0.5,-0.5,-,a4Sigma-
final,33794.635292,5.5,202,2,45,0,1.5,-1.5,-1.5,-,a4Sigma-
final,33983.800587,5.5,203,4,39,0,0.5,-0.5,-0.5,-,B2Sigma-
final,34058.029721,5.5,204,2,46,0,1.5,-0.5,-0.5,-,a4Sigma-
final,34112.579172,5.5,205,2,46,0,1.5,-1.5,-1.5,-,a4Sigma-
final,34284.528158,5.5,206,4,40,0,0.5,-0.5,-0.5,-,B2Sigma-
final,34382.695738,5.5,207,2,47,0,1.5,-0.5,-0.5,-,a4Sigma-
final,34438.905422,5.5,208,2,47,0,1.5,-1.5,-1.5,-,a4Sigma-
final,34592.465047,5.5,209,4,41,0,0.5,-0.5,-0.5,-,B2Sigma-
final,34715.545778,5.5,210,2,48,0,1.5,-0.5,-0.5,-,a4Sigma-
final,34775.076588,5.5,211,2,48,0,1.5,-1.5,-1.5,-,a4Sigma-
final,34792.848627,5.5,212,5,1,0,0.5,-0.5,-0.5,-,C2Sigma+
final,34907.607687,5.5,213,4,42,0,0.5,-0.5,-0.5,-,B2Sigma-
final,34988.31662,5.5,214,3,5,-2,0.5,-0.5,-2.5,-,A2Delta
final,35059.954357,5.5,215,2,49,0,1.5,-0.5,-0.5,-,a4Sigma-
final,35110.338795,5.5,216,3,5,-2,0.5,0.5,-1.5,-,A2Delta
final,35144.125008,5.5,217,2,49,0,1.5,-1.5,-1.5,-,a4Sigma-
final,35229.947768,5.5,218,4,43,0,0.5,-0.5,-0.5,-,B2Sigma-
final,35559.49504,5.5,219,4,44,0,0.5,-0.5,-0.5,-,B2Sigma-
final,35896.290999,5.5,220,4,45,0,0.5,-0.5,-0.5,-,B2Sigma-
final,36240.440644,5.5,221,4,46,0,0.5,-0.5,-0.5,-,B2Sigma-
final,36424.838096,5.5,222,3,6,-2,0.5,-0.5,-2.5,-,A2Delta
final,36529.590964,5.5,223,3,6,-2,0.5,0.5,-1.5,-,A2Delta
final,36592.371387,5.5,224,4,47,0,0.5,-0.5,-0.5,-,B2Sigma-
final,36953.730574,5.5,225,4,48,0,0.5,-0.5,-0.5,-,B2Sigma-
final,37012.554684,5.5,226,5,2,0,0.5,-0.5,-0.5,-,C2Sigma+
final,37089.669327,5.5,227,5,3,0,0.5,-0.5,-0.5,-,C2Sigma+
final,37135.093313,5.5,228,5,4,0,0.5,-0.5,-0.5,-,C2Sigma+
final,37171.990879,5.5,229,5,5,0,0.5,-0.5,-0.5,-,C2Sigma+
final,37260.950936,5.5,230,5,6,0,0.5,-0.5,-0.5,-,C2Sigma+
final,37351.861855,5.5,231,4,49,0,0.5,-0.5,-0.5,-,B2Sigma-
final,37356.801843,5.5,232,5,7,0,0.5,-0.5,-0.5,-,C2Sigma+
final,37451.26064,5.5,233,3,7,-2,0.5,-0.5,-2.5,-,A2Delta
final,37459.514705,5.5,234,5,8,0,0.5,-0.5,-0.5,-,C2Sigma+
final,37532.431879,5.5,235,3,7,-2,0.5,0.5,-1.5,-,A2Delta
final,37568.974953,5.5,236,5,9,0,0.5,-0.5,-0.5,-,C2Sigma+
final,37685.045885,5.5,237,5,10,0,0.5,-0.5,-0.5,-,C2Sigma+
final,37807.593825,5.5,238,5,11,0,0.5,-0.5,-0.5,-,C2Sigma+
final,37936.498631,5.5,239,5,12,0,0.5,-0.5,-0.5,-,C2Sigma+
final,37964.375561,5.5,240,3,8,-2,0.5,-0.5,-2.5,-,A2Delta
final,37978.546021,5.5,241,3,9,-2,0.5,-0.5,-2.5,-,A2Delta
final,37984.525187,5.5,242,3,8,-2,0.5,0.5,-1.5,-,A2Delta
final,38000.598523,5.5,243,3,9,-2,0.5,0.5,-1.5,-,A2Delta
final,38003.653082,5.5,244,3,10,-2,0.5,-0.5,-2.5,-,A2Delta
final,38017.639101,5.5,245,3,10,-2,0.5,0.5,-1.5,-,A2Delta
final,38038.490729,5.5,246,3,11,-2,0.5,-0.5,-2.5,-,A2Delta
final,38052.855813,5.5,247,3,11,-2,0.5,0.5,-1.5,-,A2Delta
final,38071.656389,5.5,248,5,13,0,0.5,-0.5,-0.5,-,C2Sigma+
final,38083.411456,5.5,249,3,12,-2,0.5,-0.5,-2.5,-,A2Delta
final,38098.821166,5.5,250,3,12,-2,0.5,0.5,-1.5,-,A2Delta
final,38138.349704,5.5,251,3,13,-2,0.5,-0.5,-2.5,-,A2Delta
final,38154.696922,5.5,252,3,13,-2,0.5,0.5,-1.5,-,A2Delta
final,38203.14762,5.5,253,3,14,-2,0.5,-0.5,-2.5,-,A2Delta
final,38212.980164,5.5,254,5,14,0,0.5,-0.5,-0.5,-,C2Sigma+
final,38220.313998,5.5,255,3,14,-2,0.5,0.5,-1.5,-,A2Delta
final,38277.623281,5.5,256,3,15,-2,0.5,-0.5,-2.5,-,A2Delta
final,38295.523023,5.5,257,3,15,-2,0.5,0.5,-1.5,-,A2Delta
final,38360.399163,5.5,258,5,15,0,0.5,-0.5,-0.5,-,C2Sigma+
final,38361.594162,5.5,259,3,16,-2,0.5,-0.5,-2.5,-,A2Delta
final,38380.166474,5.5,260,3,16,-2,0.5,0.5,-1.5,-,A2Delta
final,38454.887649,5.5,261,3,17,-2,0.5,-0.5,-2.5,-,A2Delta
final,38474.087552,5.5,262,3,17,-2,0.5,0.5,-1.5,-,A2Delta
final,38513.840191,5.5,263,5,16,0,0.5,-0.5,-0.5,-,C2Sigma+
final,38557.344963,5.5,264,3,18,-2,0.5,-0.5,-2.5,-,A2Delta
final,38577.137264,5.5,265,3,18,-2,0.5,0.5,-1.5,-,A2Delta
final,38668.821692,5.5,266,3,19,-2,0.5,-0.5,-2.5,-,A2Delta
final,38673.227168,5.5,267,5,17,0,0.5,-0.5,-0.5,-,C2Sigma+
final,38689.177464,5.5,268,3,19,-2,0.5,0.5,-1.5,-,A2Delta
final,38789.186839,5.5,269,3,20,-2,0.5,-0.5,-2.5,-,A2Delta
final,38810.081391,5.5,270,3,20,-2,0.5,0.5,-1.5,-,A2Delta
final,38838.450905,5.5,271,5,18,0,0.5,-0.5,-0.5,-,C2Sigma+
final,38918.321406,5.5,272,3,21,-2,0.5,-0.5,-2.5,-,A2Delta
final,38939.733094,5.5,273,3,21,-2,0.5,0.5,-1.5,-,A2Delta
final,39009.267051,5.5,274,5,19,0,0.5,-0.5,-0.5,-,C2Sigma+
final,39056.113075,5.5,275,3,22,-2,0.5,-0.5,-2.5,-,A2Delta
final,39078.019722,5.5,276,3,22,-2,0.5,0.5,-1.5,-,A2Delta
final,39111.685213,5.5,277,5,20,0,0.5,-0.5,-0.5,-,C2Sigma+
final,39186.384822,5.5,278,5,21,0,0.5,-0.5,-0.5,-,C2Sigma+
final,39202.465342,5.5,279,3,23,-2,0.5,-0.5,-2.5,-,A2Delta
final,39224.851267,5.5,280,3,23,-2,0.5,0.5,-1.5,-,A2Delta
final,39357.292021,5.5,281,3,24,-2,0.5,-0.5,-2.5,-,A2Delta
final,39367.748313,5.5,282,5,22,0,0.5,-0.5,-0.5,-,C2Sigma+
final,39380.141968,5.5,283,3,24,-2,0.5,0.5,-1.5,-,A2Delta
final,39520.504227,5.5,284,3,25,-2,0.5,-0.5,-2.5,-,A2Delta
final,39543.804483,5.5,285,3,25,-2,0.5,0.5,-1.5,-,A2Delta
final,39553.81325,5.5,286,5,23,0,0.5,-0.5,-0.5,-,C2Sigma+
final,39692.023096,5.5,287,3,26,-2,0.5,-0.5,-2.5,-,A2Delta
final,39715.759747,5.5,288,3,26,-2,0.5,0.5,-1.5,-,A2Delta
final,39743.169667,5.5,289,5,24,0,0.5,-0.5,-0.5,-,C2Sigma+
final,39871.776151,5.5,290,3,27,-2,0.5,-0.5,-2.5,-,A2Delta
final,39895.936784,5.5,291,3,27,-2,0.5,0.5,-1.5,-,A2Delta
final,39933.439029,5.5,292,5,25,0,0.5,-0.5,-0.5,-,C2Sigma+
final,40059.695267,5.5,293,3,28,-2,0.5,-0.5,-2.5,-,A2Delta
final,40084.268933,5.5,294,3,28,-2,0.5,0.5,-1.5,-,A2Delta
final,40120.609244,5.5,295,5,26,0,0.5,-0.5,-0.5,-,C2Sigma+
final,40255.716344,5.5,296,3,29,-2,0.5,-0.5,-2.5,-,A2Delta
final,40280.69258,5.5,297,3,29,-2,0.5,0.5,-1.5,-,A2Delta
final,40301.967898,5.5,298,5,27,0,0.5,-0.5,-0.5,-,C2Sigma+
final,40459.779357,5.5,299,3,30,-2,0.5,-0.5,-2.5,-,A2Delta
final,40484.896184,5.5,300,5,28,0,0.5,-0.5,-0.5,-,C2Sigma+
final,40485.148059,5.5,301,3,30,-2,0.5,0.5,-1.5,-,A2Delta
final,40671.82802,5.5,302,3,31,-2,0.5,-0.5,-2.5,-,A2Delta
final,40681.236346,5.5,303,5,29,0,0.5,-0.5,-0.5,-,C2Sigma+
final,40697.579997,5.5,304,3,31,-2,0.5,0.5,-1.5,-,A2Delta
final,40891.809181,5.5,305,3,32,-2,0.5,-0.5,-2.5,-,A2Delta
final,40892.735762,5.5,306,5,30,0,0.5,-0.5,-0.5,-,C2Sigma+
final,40917.936261,5.5,307,3,32,-2,0.5,0.5,-1.5,-,A2Delta
final,41116.02197,5.5,308,5,31,0,0.5,-0.5,-0.5,-,C2Sigma+
final,41119.672555,5.5,309,3,33,-2,0.5,-0.5,-2.5,-,A2Delta
final,41146.167202,5.5,310,3,33,-2,0.5,0.5,-1.5,-,A2Delta
final,41348.5658,5.5,311,5,32,0,0.5,-0.5,-0.5,-,C2Sigma+
final,41355.370512,5.5,312,3,34,-2,0.5,-0.5,-2.5,-,A2Delta
final,41382.22551,5.5,313,3,34,-2,0.5,0.5,-1.5,-,A2Delta
final,41589.135557,5.5,314,5,33,0,0.5,-0.5,-0.5,-,C2Sigma+
final,41598.858054,5.5,315,3,35,-2,0.5,-0.5,-2.5,-,A2Delta
final,41626.066802,5.5,316,3,35,-2,0.5,0.5,-1.5,-,A2Delta
final,41837.236824,5.5,317,5,34,0,0.5,-0.5,-0.5,-,C2Sigma+
final,41850.092484,5.5,318,3,36,-2,0.5,-0.5,-2.5,-,A2Delta
final,41877.649329,5.5,319,3,36,-2,0.5,0.5,-1.5,-,A2Delta
final,42092.73478,5.5,320,5,35,0,0.5,-0.5,-0.5,-,C2Sigma+
final,42109.033426,5.5,321,3,37,-2,0.5,-0.5,-2.5,-,A2Delta
final,42136.933987,5.5,322,3,37,-2,0.5,0.5,-1.5,-,A2Delta
final,42355.64621,5.5,323,5,36,0,0.5,-0.5,-0.5,-,C2Sigma+
final,42375.64248,5.5,324,3,38,-2,0.5,-0.5,-2.5,-,A2Delta
final,42403.883441,5.5,325,3,38,-2,0.5,0.5,-1.5,-,A2Delta
final,42626.027098,5.5,326,5,37,0,0.5,-0.5,-0.5,-,C2Sigma+
final,42649.883553,5.5,327,3,39,-2,0.5,-0.5,-2.5,-,A2Delta
final,42678.462999,5.5,328,3,39,-2,0.5,0.5,-1.5,-,A2Delta
final,42903.917634,5.5,329,5,38,0,0.5,-0.5,-0.5,-,C2Sigma+
final,42931.722459,5.5,330,3,40,-2,0.5,-0.5,-2.5,-,A2Delta
final,42960.640061,5.5,331,3,40,-2,0.5,0.5,-1.5,-,A2Delta
final,43189.324798,5.5,332,5,39,0,0.5,-0.5,-0.5,-,C2Sigma+
final,43221.127837,5.5,333,3,41,-2,0.5,-0.5,-2.5,-,A2Delta
final,43250.38644,5.5,334,3,41,-2,0.5,0.5,-1.5,-,A2Delta
final,43482.224444,5.5,335,5,40,0,0.5,-0.5,-0.5,-,C2Sigma+
final,43518.070593,5.5,336,3,42,-2,0.5,-0.5,-2.5,-,A2Delta
final,43547.677094,5.5,337,3,42,-2,0.5,0.5,-1.5,-,A2Delta
final,43782.574,5.5,338,5,41,0,0.5,-0.5,-0.5,-,C2Sigma+
final,43822.526618,5.5,339,3,43,-2,0.5,-0.5,-2.5,-,A2Delta
final,43852.496017,5.5,340,3,43,-2,0.5,0.5,-1.5,-,A2Delta
final,44090.322894,5.5,341,5,42,0,0.5,-0.5,-0.5,-,C2Sigma+
final,44134.476597,5.5,342,3,44,-2,0.5,-0.5,-2.5,-,A2Delta
final,44164.835265,5.5,343,3,44,-2,0.5,0.5,-1.5,-,A2Delta
final,44405.421676,5.5,344,5,43,0,0.5,-0.5,-0.5,-,C2Sigma+
final,44453.916921,5.5,345,3,45,-2,0.5,-0.5,-2.5,-,A2Delta
final,44484.718941,5.5,346,3,45,-2,0.5,0.5,-1.5,-,A2Delta
final,44727.850788,5.5,347,5,44,0,0.5,-0.5,-0.5,-,C2Sigma+
final,44780.867985,5.5,348,3,46,-2,0.5,-0.5,-2.5,-,A2Delta
final,44812.219529,5.5,349,3,46,-2,0.5,0.5,-1.5,-,A2Delta
final,45057.603851,5.5,350,5,45,0,0.5,-0.5,-0.5,-,C2Sigma+
final,45115.456269,5.5,351,3,47,-2,0.5,-0.5,-2.5,-,A2Delta
final,45147.642722,5.5,352,3,47,-2,0.5,0.5,-1.5,-,A2Delta
final,45394.725486,5.5,353,5,46,0,0.5,-0.5,-0.5,-,C2Sigma+
final,45458.154266,5.5,354,3,48,-2,0.5,-0.5,-2.5,-,A2Delta
final,45492.089138,5.5,355,3,48,-2,0.5,0.5,-1.5,-,A2Delta
final,45739.452248,5.5,356,5,47,0,0.5,-0.5,-0.5,-,C2Sigma+
final,45813.652739,5.5,357,3,49,-2,0.5,-0.5,-2.5,-,A2Delta
final,45859.785279,5.5,358,3,49,-2,0.5,0.5,-1.5,-,A2Delta
final,46092.742281,5.5,359,5,48,0,0.5,-0.5,-0.5,-,C2Sigma+
final,46466.605149,5.5,360,5,49,0,0.5,-0.5,-0.5,-,C2Sigma+
